{
    "total": [
        {
            "id": "100019312915078",
            "count": 101
        },
        {
            "id": "100033854560945",
            "count": 579
        },
        {
            "id": "100037211391552",
            "count": 13
        },
        {
            "id": "100045160262582",
            "count": 75
        },
        {
            "id": "100064446734117",
            "count": 15
        },
        {
            "id": "100069574336695",
            "count": 49
        },
        {
            "id": "100074408287107",
            "count": 298
        },
        {
            "id": "100078008560515",
            "count": 0
        },
        {
            "id": "100085012103127",
            "count": 0
        },
        {
            "id": "100094846703855",
            "count": 0
        },
        {
            "id": "100080432073707",
            "count": 6
        },
        {
            "id": "100093231470564",
            "count": 80
        }
    ],
    "week": [
        {
            "id": "100019312915078",
            "count": 101
        },
        {
            "id": "100033854560945",
            "count": 579
        },
        {
            "id": "100037211391552",
            "count": 13
        },
        {
            "id": "100045160262582",
            "count": 75
        },
        {
            "id": "100064446734117",
            "count": 15
        },
        {
            "id": "100069574336695",
            "count": 49
        },
        {
            "id": "100074408287107",
            "count": 298
        },
        {
            "id": "100078008560515",
            "count": 0
        },
        {
            "id": "100085012103127",
            "count": 0
        },
        {
            "id": "100094846703855",
            "count": 0
        },
        {
            "id": "100080432073707",
            "count": 6
        },
        {
            "id": "100093231470564",
            "count": 80
        }
    ],
    "day": [
        {
            "id": "100019312915078",
            "count": 101
        },
        {
            "id": "100033854560945",
            "count": 579
        },
        {
            "id": "100037211391552",
            "count": 13
        },
        {
            "id": "100045160262582",
            "count": 75
        },
        {
            "id": "100064446734117",
            "count": 15
        },
        {
            "id": "100069574336695",
            "count": 49
        },
        {
            "id": "100074408287107",
            "count": 298
        },
        {
            "id": "100078008560515",
            "count": 0
        },
        {
            "id": "100085012103127",
            "count": 0
        },
        {
            "id": "100094846703855",
            "count": 0
        },
        {
            "id": "100080432073707",
            "count": 6
        },
        {
            "id": "100093231470564",
            "count": 80
        }
    ],
    "time": 5
}