{
    "total": [
        {
            "id": "100009355185480",
            "count": 30
        },
        {
            "id": "100037211391552",
            "count": 74
        },
        {
            "id": "100094846703855",
            "count": 0
        }
    ],
    "week": [
        {
            "id": "100009355185480",
            "count": 30
        },
        {
            "id": "100037211391552",
            "count": 74
        },
        {
            "id": "100094846703855",
            "count": 0
        }
    ],
    "day": [
        {
            "id": "100009355185480",
            "count": 30
        },
        {
            "id": "100037211391552",
            "count": 74
        },
        {
            "id": "100094846703855",
            "count": 0
        }
    ],
    "time": 5
}