{
    "total": [
        {
            "id": "1153327407",
            "count": 0
        },
        {
            "id": "1281982024",
            "count": 8
        },
        {
            "id": "1511167863",
            "count": 0
        },
        {
            "id": "100000664756191",
            "count": 0
        },
        {
            "id": "100000749440372",
            "count": 0
        },
        {
            "id": "100001046658840",
            "count": 0
        },
        {
            "id": "100003322160627",
            "count": 0
        },
        {
            "id": "100006393339463",
            "count": 0
        },
        {
            "id": "100007653399051",
            "count": 0
        },
        {
            "id": "100011422572422",
            "count": 10
        },
        {
            "id": "100013143223723",
            "count": 0
        },
        {
            "id": "100014811933322",
            "count": 3
        },
        {
            "id": "100015405975673",
            "count": 0
        },
        {
            "id": "100023847794585",
            "count": 0
        },
        {
            "id": "100026039134645",
            "count": 22
        },
        {
            "id": "100029310527150",
            "count": 0
        },
        {
            "id": "100029977491749",
            "count": 0
        },
        {
            "id": "100032189318161",
            "count": 0
        },
        {
            "id": "100033387692259",
            "count": 0
        },
        {
            "id": "100035731083424",
            "count": 3
        },
        {
            "id": "100036947774673",
            "count": 13
        },
        {
            "id": "100037211391552",
            "count": 0
        },
        {
            "id": "100040255552361",
            "count": 0
        },
        {
            "id": "100040984926932",
            "count": 0
        },
        {
            "id": "100041354865168",
            "count": 0
        },
        {
            "id": "100041673456896",
            "count": 0
        },
        {
            "id": "100043937075088",
            "count": 0
        },
        {
            "id": "100055943906136",
            "count": 0
        },
        {
            "id": "100059538169739",
            "count": 0
        },
        {
            "id": "100060894693968",
            "count": 38
        },
        {
            "id": "100071132537313",
            "count": 0
        },
        {
            "id": "100071778753587",
            "count": 0
        },
        {
            "id": "100075488244842",
            "count": 0
        },
        {
            "id": "100075676857572",
            "count": 0
        },
        {
            "id": "100076407622159",
            "count": 0
        },
        {
            "id": "100076651668677",
            "count": 0
        },
        {
            "id": "100076965934609",
            "count": 0
        },
        {
            "id": "100077259049771",
            "count": 0
        },
        {
            "id": "100077850417035",
            "count": 0
        },
        {
            "id": "100080307767340",
            "count": 0
        },
        {
            "id": "100080629883742",
            "count": 0
        },
        {
            "id": "100081134078080",
            "count": 0
        },
        {
            "id": "100083631244697",
            "count": 0
        },
        {
            "id": "100083903953745",
            "count": 0
        },
        {
            "id": "100084965994363",
            "count": 0
        },
        {
            "id": "100085168546194",
            "count": 0
        },
        {
            "id": "100085863495151",
            "count": 0
        },
        {
            "id": "100086105334175",
            "count": 0
        },
        {
            "id": "100086936080076",
            "count": 0
        },
        {
            "id": "100092952491919",
            "count": 0
        },
        {
            "id": "100092975262452",
            "count": 2
        },
        {
            "id": "100093550402878",
            "count": 0
        },
        {
            "id": "100093997073855",
            "count": 0
        },
        {
            "id": "100094014555667",
            "count": 1
        },
        {
            "id": "100094187658752",
            "count": 0
        },
        {
            "id": "100094280769832",
            "count": 0
        }
    ],
    "week": [
        {
            "id": "1153327407",
            "count": 0
        },
        {
            "id": "1281982024",
            "count": 8
        },
        {
            "id": "1511167863",
            "count": 0
        },
        {
            "id": "100000664756191",
            "count": 0
        },
        {
            "id": "100000749440372",
            "count": 0
        },
        {
            "id": "100001046658840",
            "count": 0
        },
        {
            "id": "100003322160627",
            "count": 0
        },
        {
            "id": "100006393339463",
            "count": 0
        },
        {
            "id": "100007653399051",
            "count": 0
        },
        {
            "id": "100011422572422",
            "count": 10
        },
        {
            "id": "100013143223723",
            "count": 0
        },
        {
            "id": "100014811933322",
            "count": 3
        },
        {
            "id": "100015405975673",
            "count": 0
        },
        {
            "id": "100023847794585",
            "count": 0
        },
        {
            "id": "100026039134645",
            "count": 22
        },
        {
            "id": "100029310527150",
            "count": 0
        },
        {
            "id": "100029977491749",
            "count": 0
        },
        {
            "id": "100032189318161",
            "count": 0
        },
        {
            "id": "100033387692259",
            "count": 0
        },
        {
            "id": "100035731083424",
            "count": 3
        },
        {
            "id": "100036947774673",
            "count": 13
        },
        {
            "id": "100037211391552",
            "count": 0
        },
        {
            "id": "100040255552361",
            "count": 0
        },
        {
            "id": "100040984926932",
            "count": 0
        },
        {
            "id": "100041354865168",
            "count": 0
        },
        {
            "id": "100041673456896",
            "count": 0
        },
        {
            "id": "100043937075088",
            "count": 0
        },
        {
            "id": "100055943906136",
            "count": 0
        },
        {
            "id": "100059538169739",
            "count": 0
        },
        {
            "id": "100060894693968",
            "count": 38
        },
        {
            "id": "100071132537313",
            "count": 0
        },
        {
            "id": "100071778753587",
            "count": 0
        },
        {
            "id": "100075488244842",
            "count": 0
        },
        {
            "id": "100075676857572",
            "count": 0
        },
        {
            "id": "100076407622159",
            "count": 0
        },
        {
            "id": "100076651668677",
            "count": 0
        },
        {
            "id": "100076965934609",
            "count": 0
        },
        {
            "id": "100077259049771",
            "count": 0
        },
        {
            "id": "100077850417035",
            "count": 0
        },
        {
            "id": "100080307767340",
            "count": 0
        },
        {
            "id": "100080629883742",
            "count": 0
        },
        {
            "id": "100081134078080",
            "count": 0
        },
        {
            "id": "100083631244697",
            "count": 0
        },
        {
            "id": "100083903953745",
            "count": 0
        },
        {
            "id": "100084965994363",
            "count": 0
        },
        {
            "id": "100085168546194",
            "count": 0
        },
        {
            "id": "100085863495151",
            "count": 0
        },
        {
            "id": "100086105334175",
            "count": 0
        },
        {
            "id": "100086936080076",
            "count": 0
        },
        {
            "id": "100092952491919",
            "count": 0
        },
        {
            "id": "100092975262452",
            "count": 2
        },
        {
            "id": "100093550402878",
            "count": 0
        },
        {
            "id": "100093997073855",
            "count": 0
        },
        {
            "id": "100094014555667",
            "count": 1
        },
        {
            "id": "100094187658752",
            "count": 0
        },
        {
            "id": "100094280769832",
            "count": 0
        }
    ],
    "day": [
        {
            "id": "1153327407",
            "count": 0
        },
        {
            "id": "1281982024",
            "count": 8
        },
        {
            "id": "1511167863",
            "count": 0
        },
        {
            "id": "100000664756191",
            "count": 0
        },
        {
            "id": "100000749440372",
            "count": 0
        },
        {
            "id": "100001046658840",
            "count": 0
        },
        {
            "id": "100003322160627",
            "count": 0
        },
        {
            "id": "100006393339463",
            "count": 0
        },
        {
            "id": "100007653399051",
            "count": 0
        },
        {
            "id": "100011422572422",
            "count": 10
        },
        {
            "id": "100013143223723",
            "count": 0
        },
        {
            "id": "100014811933322",
            "count": 3
        },
        {
            "id": "100015405975673",
            "count": 0
        },
        {
            "id": "100023847794585",
            "count": 0
        },
        {
            "id": "100026039134645",
            "count": 22
        },
        {
            "id": "100029310527150",
            "count": 0
        },
        {
            "id": "100029977491749",
            "count": 0
        },
        {
            "id": "100032189318161",
            "count": 0
        },
        {
            "id": "100033387692259",
            "count": 0
        },
        {
            "id": "100035731083424",
            "count": 3
        },
        {
            "id": "100036947774673",
            "count": 13
        },
        {
            "id": "100037211391552",
            "count": 0
        },
        {
            "id": "100040255552361",
            "count": 0
        },
        {
            "id": "100040984926932",
            "count": 0
        },
        {
            "id": "100041354865168",
            "count": 0
        },
        {
            "id": "100041673456896",
            "count": 0
        },
        {
            "id": "100043937075088",
            "count": 0
        },
        {
            "id": "100055943906136",
            "count": 0
        },
        {
            "id": "100059538169739",
            "count": 0
        },
        {
            "id": "100060894693968",
            "count": 38
        },
        {
            "id": "100071132537313",
            "count": 0
        },
        {
            "id": "100071778753587",
            "count": 0
        },
        {
            "id": "100075488244842",
            "count": 0
        },
        {
            "id": "100075676857572",
            "count": 0
        },
        {
            "id": "100076407622159",
            "count": 0
        },
        {
            "id": "100076651668677",
            "count": 0
        },
        {
            "id": "100076965934609",
            "count": 0
        },
        {
            "id": "100077259049771",
            "count": 0
        },
        {
            "id": "100077850417035",
            "count": 0
        },
        {
            "id": "100080307767340",
            "count": 0
        },
        {
            "id": "100080629883742",
            "count": 0
        },
        {
            "id": "100081134078080",
            "count": 0
        },
        {
            "id": "100083631244697",
            "count": 0
        },
        {
            "id": "100083903953745",
            "count": 0
        },
        {
            "id": "100084965994363",
            "count": 0
        },
        {
            "id": "100085168546194",
            "count": 0
        },
        {
            "id": "100085863495151",
            "count": 0
        },
        {
            "id": "100086105334175",
            "count": 0
        },
        {
            "id": "100086936080076",
            "count": 0
        },
        {
            "id": "100092952491919",
            "count": 0
        },
        {
            "id": "100092975262452",
            "count": 2
        },
        {
            "id": "100093550402878",
            "count": 0
        },
        {
            "id": "100093997073855",
            "count": 0
        },
        {
            "id": "100094014555667",
            "count": 1
        },
        {
            "id": "100094187658752",
            "count": 0
        },
        {
            "id": "100094280769832",
            "count": 0
        }
    ],
    "time": 5
}