{
    "total": [
        {
            "id": "100009362103346",
            "count": 0
        },
        {
            "id": "100009861544636",
            "count": 0
        },
        {
            "id": "100015410978490",
            "count": 0
        },
        {
            "id": "100020496083636",
            "count": 0
        },
        {
            "id": "100022299367867",
            "count": 0
        },
        {
            "id": "100024669471476",
            "count": 0
        },
        {
            "id": "100024776751511",
            "count": 0
        },
        {
            "id": "100027090360993",
            "count": 0
        },
        {
            "id": "100035159150389",
            "count": 0
        },
        {
            "id": "100035731083424",
            "count": 0
        },
        {
            "id": "100035734683529",
            "count": 0
        },
        {
            "id": "100036813390535",
            "count": 0
        },
        {
            "id": "100037011933556",
            "count": 0
        },
        {
            "id": "100037211391552",
            "count": 10
        },
        {
            "id": "100041464149595",
            "count": 3
        },
        {
            "id": "100043672988286",
            "count": 0
        },
        {
            "id": "100044663432685",
            "count": 0
        },
        {
            "id": "100046325192081",
            "count": 0
        },
        {
            "id": "100048624288317",
            "count": 0
        },
        {
            "id": "100049783956958",
            "count": 5
        },
        {
            "id": "100050135721525",
            "count": 0
        },
        {
            "id": "100051344314266",
            "count": 0
        },
        {
            "id": "100051440781094",
            "count": 0
        },
        {
            "id": "100053365811478",
            "count": 0
        },
        {
            "id": "100053377010478",
            "count": 0
        },
        {
            "id": "100054591240240",
            "count": 0
        },
        {
            "id": "100054605508261",
            "count": 0
        },
        {
            "id": "100056896309995",
            "count": 3
        },
        {
            "id": "100057231662184",
            "count": 0
        },
        {
            "id": "100057907393726",
            "count": 0
        },
        {
            "id": "100058185230110",
            "count": 0
        },
        {
            "id": "100059181249701",
            "count": 0
        },
        {
            "id": "100062119890943",
            "count": 0
        },
        {
            "id": "100063054381088",
            "count": 0
        },
        {
            "id": "100063249638140",
            "count": 0
        },
        {
            "id": "100063995438655",
            "count": 1
        },
        {
            "id": "100064714077277",
            "count": 0
        },
        {
            "id": "100065013195004",
            "count": 0
        },
        {
            "id": "100065308215035",
            "count": 0
        },
        {
            "id": "100065507072202",
            "count": 1
        },
        {
            "id": "100066103208682",
            "count": 0
        },
        {
            "id": "100066103215102",
            "count": 0
        },
        {
            "id": "100066607281933",
            "count": 0
        },
        {
            "id": "100067515525462",
            "count": 0
        },
        {
            "id": "100067808302645",
            "count": 1
        },
        {
            "id": "100068912451538",
            "count": 0
        },
        {
            "id": "100069240233728",
            "count": 5
        },
        {
            "id": "100069460775235",
            "count": 0
        },
        {
            "id": "100069822500142",
            "count": 0
        },
        {
            "id": "100069854192281",
            "count": 0
        },
        {
            "id": "100070309972529",
            "count": 0
        },
        {
            "id": "100071186996929",
            "count": 0
        },
        {
            "id": "100071399587551",
            "count": 0
        },
        {
            "id": "100071597359588",
            "count": 0
        },
        {
            "id": "100071597554386",
            "count": 0
        },
        {
            "id": "100071912554434",
            "count": 0
        },
        {
            "id": "100072678062618",
            "count": 0
        },
        {
            "id": "100072978134050",
            "count": 0
        },
        {
            "id": "100073018587904",
            "count": 0
        },
        {
            "id": "100073224219411",
            "count": 0
        },
        {
            "id": "100073341972659",
            "count": 0
        },
        {
            "id": "100073425450129",
            "count": 0
        },
        {
            "id": "100073728904066",
            "count": 0
        },
        {
            "id": "100073960403072",
            "count": 0
        },
        {
            "id": "100073995214867",
            "count": 0
        },
        {
            "id": "100074018035755",
            "count": 0
        },
        {
            "id": "100074074424628",
            "count": 4
        },
        {
            "id": "100074157323950",
            "count": 0
        },
        {
            "id": "100074176043439",
            "count": 0
        },
        {
            "id": "100074745774768",
            "count": 0
        },
        {
            "id": "100075352158938",
            "count": 0
        },
        {
            "id": "100075579439591",
            "count": 0
        },
        {
            "id": "100075791363197",
            "count": 0
        },
        {
            "id": "100076312328657",
            "count": 0
        },
        {
            "id": "100076363014962",
            "count": 0
        },
        {
            "id": "100076370349820",
            "count": 0
        },
        {
            "id": "100077014453103",
            "count": 0
        },
        {
            "id": "100077170283064",
            "count": 0
        },
        {
            "id": "100077256396139",
            "count": 0
        },
        {
            "id": "100077780224887",
            "count": 0
        },
        {
            "id": "100077961219883",
            "count": 16
        },
        {
            "id": "100078014602648",
            "count": 0
        },
        {
            "id": "100078135901744",
            "count": 39
        },
        {
            "id": "100078248564431",
            "count": 0
        },
        {
            "id": "100078445534198",
            "count": 0
        },
        {
            "id": "100078890376278",
            "count": 1
        },
        {
            "id": "100079069391068",
            "count": 0
        },
        {
            "id": "100079083754038",
            "count": 25
        },
        {
            "id": "100079209776903",
            "count": 0
        },
        {
            "id": "100079294922905",
            "count": 0
        },
        {
            "id": "100079454735070",
            "count": 5
        },
        {
            "id": "100079821196978",
            "count": 0
        },
        {
            "id": "100080146636976",
            "count": 0
        },
        {
            "id": "100080385387754",
            "count": 0
        },
        {
            "id": "100080464268828",
            "count": 0
        },
        {
            "id": "100080567361509",
            "count": 0
        },
        {
            "id": "100080621464454",
            "count": 0
        },
        {
            "id": "100080626263582",
            "count": 0
        },
        {
            "id": "100080630704274",
            "count": 1
        },
        {
            "id": "100080673273114",
            "count": 0
        },
        {
            "id": "100080711454422",
            "count": 0
        },
        {
            "id": "100080936583324",
            "count": 0
        },
        {
            "id": "100081095706595",
            "count": 0
        },
        {
            "id": "100081127221916",
            "count": 0
        },
        {
            "id": "100081152476383",
            "count": 0
        },
        {
            "id": "100081487002898",
            "count": 1
        },
        {
            "id": "100081506738090",
            "count": 0
        },
        {
            "id": "100081574011077",
            "count": 0
        },
        {
            "id": "100081636764369",
            "count": 0
        },
        {
            "id": "100081981829542",
            "count": 0
        },
        {
            "id": "100082066737912",
            "count": 0
        },
        {
            "id": "100082321941023",
            "count": 0
        },
        {
            "id": "100082373048504",
            "count": 12
        },
        {
            "id": "100082412486657",
            "count": 0
        },
        {
            "id": "100082428139572",
            "count": 0
        },
        {
            "id": "100082510342528",
            "count": 0
        },
        {
            "id": "100082550823112",
            "count": 0
        },
        {
            "id": "100082555783509",
            "count": 0
        },
        {
            "id": "100082663537236",
            "count": 0
        },
        {
            "id": "100082772190965",
            "count": 0
        },
        {
            "id": "100082840611243",
            "count": 0
        },
        {
            "id": "100083026595557",
            "count": 0
        },
        {
            "id": "100083030417827",
            "count": 0
        },
        {
            "id": "100083108615956",
            "count": 0
        },
        {
            "id": "100083216083874",
            "count": 1
        },
        {
            "id": "100083335732615",
            "count": 2
        },
        {
            "id": "100083444077380",
            "count": 0
        },
        {
            "id": "100083486262709",
            "count": 0
        },
        {
            "id": "100083915057318",
            "count": 0
        },
        {
            "id": "100083996917306",
            "count": 0
        },
        {
            "id": "100084032424841",
            "count": 0
        },
        {
            "id": "100084074318864",
            "count": 0
        },
        {
            "id": "100084101235449",
            "count": 0
        },
        {
            "id": "100084155006313",
            "count": 0
        },
        {
            "id": "100084180567063",
            "count": 0
        },
        {
            "id": "100084301712712",
            "count": 0
        },
        {
            "id": "100084335231716",
            "count": 0
        },
        {
            "id": "100084354550796",
            "count": 0
        },
        {
            "id": "100084383831325",
            "count": 0
        },
        {
            "id": "100084477000664",
            "count": 0
        },
        {
            "id": "100084594229154",
            "count": 0
        },
        {
            "id": "100084620006943",
            "count": 0
        },
        {
            "id": "100084731283279",
            "count": 0
        },
        {
            "id": "100084759091149",
            "count": 0
        },
        {
            "id": "100084892448245",
            "count": 0
        },
        {
            "id": "100084928165155",
            "count": 0
        },
        {
            "id": "100085023048044",
            "count": 59
        },
        {
            "id": "100085032099082",
            "count": 0
        },
        {
            "id": "100085182411613",
            "count": 0
        },
        {
            "id": "100085192938293",
            "count": 0
        },
        {
            "id": "100085602243926",
            "count": 0
        },
        {
            "id": "100085931686469",
            "count": 0
        },
        {
            "id": "100086218587764",
            "count": 0
        },
        {
            "id": "100086463024290",
            "count": 0
        },
        {
            "id": "100086648777753",
            "count": 0
        },
        {
            "id": "100086905001603",
            "count": 0
        },
        {
            "id": "100087140184621",
            "count": 0
        },
        {
            "id": "100087297285010",
            "count": 0
        },
        {
            "id": "100087427860297",
            "count": 0
        },
        {
            "id": "100087430651754",
            "count": 0
        },
        {
            "id": "100087452246010",
            "count": 0
        },
        {
            "id": "100087706941318",
            "count": 0
        },
        {
            "id": "100087776484742",
            "count": 0
        },
        {
            "id": "100087854333002",
            "count": 0
        },
        {
            "id": "100087911293890",
            "count": 9
        },
        {
            "id": "100088224288516",
            "count": 0
        },
        {
            "id": "100088682853097",
            "count": 21
        },
        {
            "id": "100088809955701",
            "count": 0
        },
        {
            "id": "100088934448415",
            "count": 4
        },
        {
            "id": "100088952222140",
            "count": 0
        },
        {
            "id": "100089560612848",
            "count": 0
        },
        {
            "id": "100089594191113",
            "count": 0
        },
        {
            "id": "100089769686637",
            "count": 0
        },
        {
            "id": "100089823474909",
            "count": 0
        },
        {
            "id": "100089921355476",
            "count": 0
        },
        {
            "id": "100090041490279",
            "count": 0
        },
        {
            "id": "100090104568995",
            "count": 0
        },
        {
            "id": "100090278121344",
            "count": 0
        },
        {
            "id": "100090299846661",
            "count": 0
        },
        {
            "id": "100090387523400",
            "count": 0
        },
        {
            "id": "100090411191953",
            "count": 0
        },
        {
            "id": "100090465609089",
            "count": 0
        },
        {
            "id": "100090526735446",
            "count": 0
        },
        {
            "id": "100090539256598",
            "count": 0
        },
        {
            "id": "100090570933150",
            "count": 0
        },
        {
            "id": "100090583253208",
            "count": 0
        },
        {
            "id": "100090923604837",
            "count": 0
        },
        {
            "id": "100090949629522",
            "count": 0
        },
        {
            "id": "100091121322409",
            "count": 1
        },
        {
            "id": "100091243272968",
            "count": 0
        },
        {
            "id": "100091441746275",
            "count": 0
        },
        {
            "id": "100091545015180",
            "count": 0
        },
        {
            "id": "100091640451151",
            "count": 0
        },
        {
            "id": "100091687959768",
            "count": 0
        },
        {
            "id": "100091748556664",
            "count": 0
        },
        {
            "id": "100091770914577",
            "count": 0
        },
        {
            "id": "100091801006104",
            "count": 0
        },
        {
            "id": "100091874791700",
            "count": 0
        },
        {
            "id": "100091876922663",
            "count": 0
        },
        {
            "id": "100091972963307",
            "count": 0
        },
        {
            "id": "100091973652032",
            "count": 0
        },
        {
            "id": "100092028122107",
            "count": 0
        },
        {
            "id": "100092169613142",
            "count": 0
        },
        {
            "id": "100092250726671",
            "count": 4
        },
        {
            "id": "100092317315227",
            "count": 0
        },
        {
            "id": "100092515779491",
            "count": 0
        },
        {
            "id": "100092585337716",
            "count": 1
        },
        {
            "id": "100092644260054",
            "count": 0
        },
        {
            "id": "100092649700816",
            "count": 0
        },
        {
            "id": "100092720105134",
            "count": 28
        },
        {
            "id": "100092726131360",
            "count": 0
        },
        {
            "id": "100092726152420",
            "count": 0
        },
        {
            "id": "100092899883793",
            "count": 0
        },
        {
            "id": "100093049912882",
            "count": 0
        },
        {
            "id": "100093093344297",
            "count": 19
        },
        {
            "id": "100093151896738",
            "count": 4
        },
        {
            "id": "100093257705463",
            "count": 0
        },
        {
            "id": "100093299306769",
            "count": 0
        },
        {
            "id": "100093367082336",
            "count": 9
        },
        {
            "id": "100093430846839",
            "count": 0
        },
        {
            "id": "100093456320737",
            "count": 0
        },
        {
            "id": "100093459903801",
            "count": 1
        },
        {
            "id": "100093469056769",
            "count": 0
        },
        {
            "id": "100093484598729",
            "count": 0
        },
        {
            "id": "100093550402878",
            "count": 0
        },
        {
            "id": "100093655991303",
            "count": 0
        },
        {
            "id": "100093688375206",
            "count": 0
        },
        {
            "id": "100093799492039",
            "count": 0
        },
        {
            "id": "100094143345736",
            "count": 3
        },
        {
            "id": "100094312235749",
            "count": 0
        },
        {
            "id": "100094318283205",
            "count": 0
        },
        {
            "id": "100094518284124",
            "count": 0
        },
        {
            "id": "100094656343641",
            "count": 0
        },
        {
            "id": "100095060224517",
            "count": 0
        },
        {
            "id": "100095078733827",
            "count": 0
        },
        {
            "id": "100095142488623",
            "count": 0
        },
        {
            "id": "100095187061010",
            "count": 0
        },
        {
            "id": "100085171894653",
            "count": 2
        }
    ],
    "week": [
        {
            "id": "100009362103346",
            "count": 0
        },
        {
            "id": "100009861544636",
            "count": 0
        },
        {
            "id": "100015410978490",
            "count": 0
        },
        {
            "id": "100020496083636",
            "count": 0
        },
        {
            "id": "100022299367867",
            "count": 0
        },
        {
            "id": "100024669471476",
            "count": 0
        },
        {
            "id": "100024776751511",
            "count": 0
        },
        {
            "id": "100027090360993",
            "count": 0
        },
        {
            "id": "100035159150389",
            "count": 0
        },
        {
            "id": "100035731083424",
            "count": 0
        },
        {
            "id": "100035734683529",
            "count": 0
        },
        {
            "id": "100036813390535",
            "count": 0
        },
        {
            "id": "100037011933556",
            "count": 0
        },
        {
            "id": "100037211391552",
            "count": 10
        },
        {
            "id": "100041464149595",
            "count": 3
        },
        {
            "id": "100043672988286",
            "count": 0
        },
        {
            "id": "100044663432685",
            "count": 0
        },
        {
            "id": "100046325192081",
            "count": 0
        },
        {
            "id": "100048624288317",
            "count": 0
        },
        {
            "id": "100049783956958",
            "count": 5
        },
        {
            "id": "100050135721525",
            "count": 0
        },
        {
            "id": "100051344314266",
            "count": 0
        },
        {
            "id": "100051440781094",
            "count": 0
        },
        {
            "id": "100053365811478",
            "count": 0
        },
        {
            "id": "100053377010478",
            "count": 0
        },
        {
            "id": "100054591240240",
            "count": 0
        },
        {
            "id": "100054605508261",
            "count": 0
        },
        {
            "id": "100056896309995",
            "count": 3
        },
        {
            "id": "100057231662184",
            "count": 0
        },
        {
            "id": "100057907393726",
            "count": 0
        },
        {
            "id": "100058185230110",
            "count": 0
        },
        {
            "id": "100059181249701",
            "count": 0
        },
        {
            "id": "100062119890943",
            "count": 0
        },
        {
            "id": "100063054381088",
            "count": 0
        },
        {
            "id": "100063249638140",
            "count": 0
        },
        {
            "id": "100063995438655",
            "count": 1
        },
        {
            "id": "100064714077277",
            "count": 0
        },
        {
            "id": "100065013195004",
            "count": 0
        },
        {
            "id": "100065308215035",
            "count": 0
        },
        {
            "id": "100065507072202",
            "count": 1
        },
        {
            "id": "100066103208682",
            "count": 0
        },
        {
            "id": "100066103215102",
            "count": 0
        },
        {
            "id": "100066607281933",
            "count": 0
        },
        {
            "id": "100067515525462",
            "count": 0
        },
        {
            "id": "100067808302645",
            "count": 1
        },
        {
            "id": "100068912451538",
            "count": 0
        },
        {
            "id": "100069240233728",
            "count": 5
        },
        {
            "id": "100069460775235",
            "count": 0
        },
        {
            "id": "100069822500142",
            "count": 0
        },
        {
            "id": "100069854192281",
            "count": 0
        },
        {
            "id": "100070309972529",
            "count": 0
        },
        {
            "id": "100071186996929",
            "count": 0
        },
        {
            "id": "100071399587551",
            "count": 0
        },
        {
            "id": "100071597359588",
            "count": 0
        },
        {
            "id": "100071597554386",
            "count": 0
        },
        {
            "id": "100071912554434",
            "count": 0
        },
        {
            "id": "100072678062618",
            "count": 0
        },
        {
            "id": "100072978134050",
            "count": 0
        },
        {
            "id": "100073018587904",
            "count": 0
        },
        {
            "id": "100073224219411",
            "count": 0
        },
        {
            "id": "100073341972659",
            "count": 0
        },
        {
            "id": "100073425450129",
            "count": 0
        },
        {
            "id": "100073728904066",
            "count": 0
        },
        {
            "id": "100073960403072",
            "count": 0
        },
        {
            "id": "100073995214867",
            "count": 0
        },
        {
            "id": "100074018035755",
            "count": 0
        },
        {
            "id": "100074074424628",
            "count": 4
        },
        {
            "id": "100074157323950",
            "count": 0
        },
        {
            "id": "100074176043439",
            "count": 0
        },
        {
            "id": "100074745774768",
            "count": 0
        },
        {
            "id": "100075352158938",
            "count": 0
        },
        {
            "id": "100075579439591",
            "count": 0
        },
        {
            "id": "100075791363197",
            "count": 0
        },
        {
            "id": "100076312328657",
            "count": 0
        },
        {
            "id": "100076363014962",
            "count": 0
        },
        {
            "id": "100076370349820",
            "count": 0
        },
        {
            "id": "100077014453103",
            "count": 0
        },
        {
            "id": "100077170283064",
            "count": 0
        },
        {
            "id": "100077256396139",
            "count": 0
        },
        {
            "id": "100077780224887",
            "count": 0
        },
        {
            "id": "100077961219883",
            "count": 16
        },
        {
            "id": "100078014602648",
            "count": 0
        },
        {
            "id": "100078135901744",
            "count": 39
        },
        {
            "id": "100078248564431",
            "count": 0
        },
        {
            "id": "100078445534198",
            "count": 0
        },
        {
            "id": "100078890376278",
            "count": 1
        },
        {
            "id": "100079069391068",
            "count": 0
        },
        {
            "id": "100079083754038",
            "count": 25
        },
        {
            "id": "100079209776903",
            "count": 0
        },
        {
            "id": "100079294922905",
            "count": 0
        },
        {
            "id": "100079454735070",
            "count": 5
        },
        {
            "id": "100079821196978",
            "count": 0
        },
        {
            "id": "100080146636976",
            "count": 0
        },
        {
            "id": "100080385387754",
            "count": 0
        },
        {
            "id": "100080464268828",
            "count": 0
        },
        {
            "id": "100080567361509",
            "count": 0
        },
        {
            "id": "100080621464454",
            "count": 0
        },
        {
            "id": "100080626263582",
            "count": 0
        },
        {
            "id": "100080630704274",
            "count": 1
        },
        {
            "id": "100080673273114",
            "count": 0
        },
        {
            "id": "100080711454422",
            "count": 0
        },
        {
            "id": "100080936583324",
            "count": 0
        },
        {
            "id": "100081095706595",
            "count": 0
        },
        {
            "id": "100081127221916",
            "count": 0
        },
        {
            "id": "100081152476383",
            "count": 0
        },
        {
            "id": "100081487002898",
            "count": 1
        },
        {
            "id": "100081506738090",
            "count": 0
        },
        {
            "id": "100081574011077",
            "count": 0
        },
        {
            "id": "100081636764369",
            "count": 0
        },
        {
            "id": "100081981829542",
            "count": 0
        },
        {
            "id": "100082066737912",
            "count": 0
        },
        {
            "id": "100082321941023",
            "count": 0
        },
        {
            "id": "100082373048504",
            "count": 12
        },
        {
            "id": "100082412486657",
            "count": 0
        },
        {
            "id": "100082428139572",
            "count": 0
        },
        {
            "id": "100082510342528",
            "count": 0
        },
        {
            "id": "100082550823112",
            "count": 0
        },
        {
            "id": "100082555783509",
            "count": 0
        },
        {
            "id": "100082663537236",
            "count": 0
        },
        {
            "id": "100082772190965",
            "count": 0
        },
        {
            "id": "100082840611243",
            "count": 0
        },
        {
            "id": "100083026595557",
            "count": 0
        },
        {
            "id": "100083030417827",
            "count": 0
        },
        {
            "id": "100083108615956",
            "count": 0
        },
        {
            "id": "100083216083874",
            "count": 1
        },
        {
            "id": "100083335732615",
            "count": 2
        },
        {
            "id": "100083444077380",
            "count": 0
        },
        {
            "id": "100083486262709",
            "count": 0
        },
        {
            "id": "100083915057318",
            "count": 0
        },
        {
            "id": "100083996917306",
            "count": 0
        },
        {
            "id": "100084032424841",
            "count": 0
        },
        {
            "id": "100084074318864",
            "count": 0
        },
        {
            "id": "100084101235449",
            "count": 0
        },
        {
            "id": "100084155006313",
            "count": 0
        },
        {
            "id": "100084180567063",
            "count": 0
        },
        {
            "id": "100084301712712",
            "count": 0
        },
        {
            "id": "100084335231716",
            "count": 0
        },
        {
            "id": "100084354550796",
            "count": 0
        },
        {
            "id": "100084383831325",
            "count": 0
        },
        {
            "id": "100084477000664",
            "count": 0
        },
        {
            "id": "100084594229154",
            "count": 0
        },
        {
            "id": "100084620006943",
            "count": 0
        },
        {
            "id": "100084731283279",
            "count": 0
        },
        {
            "id": "100084759091149",
            "count": 0
        },
        {
            "id": "100084892448245",
            "count": 0
        },
        {
            "id": "100084928165155",
            "count": 0
        },
        {
            "id": "100085023048044",
            "count": 59
        },
        {
            "id": "100085032099082",
            "count": 0
        },
        {
            "id": "100085182411613",
            "count": 0
        },
        {
            "id": "100085192938293",
            "count": 0
        },
        {
            "id": "100085602243926",
            "count": 0
        },
        {
            "id": "100085931686469",
            "count": 0
        },
        {
            "id": "100086218587764",
            "count": 0
        },
        {
            "id": "100086463024290",
            "count": 0
        },
        {
            "id": "100086648777753",
            "count": 0
        },
        {
            "id": "100086905001603",
            "count": 0
        },
        {
            "id": "100087140184621",
            "count": 0
        },
        {
            "id": "100087297285010",
            "count": 0
        },
        {
            "id": "100087427860297",
            "count": 0
        },
        {
            "id": "100087430651754",
            "count": 0
        },
        {
            "id": "100087452246010",
            "count": 0
        },
        {
            "id": "100087706941318",
            "count": 0
        },
        {
            "id": "100087776484742",
            "count": 0
        },
        {
            "id": "100087854333002",
            "count": 0
        },
        {
            "id": "100087911293890",
            "count": 9
        },
        {
            "id": "100088224288516",
            "count": 0
        },
        {
            "id": "100088682853097",
            "count": 21
        },
        {
            "id": "100088809955701",
            "count": 0
        },
        {
            "id": "100088934448415",
            "count": 4
        },
        {
            "id": "100088952222140",
            "count": 0
        },
        {
            "id": "100089560612848",
            "count": 0
        },
        {
            "id": "100089594191113",
            "count": 0
        },
        {
            "id": "100089769686637",
            "count": 0
        },
        {
            "id": "100089823474909",
            "count": 0
        },
        {
            "id": "100089921355476",
            "count": 0
        },
        {
            "id": "100090041490279",
            "count": 0
        },
        {
            "id": "100090104568995",
            "count": 0
        },
        {
            "id": "100090278121344",
            "count": 0
        },
        {
            "id": "100090299846661",
            "count": 0
        },
        {
            "id": "100090387523400",
            "count": 0
        },
        {
            "id": "100090411191953",
            "count": 0
        },
        {
            "id": "100090465609089",
            "count": 0
        },
        {
            "id": "100090526735446",
            "count": 0
        },
        {
            "id": "100090539256598",
            "count": 0
        },
        {
            "id": "100090570933150",
            "count": 0
        },
        {
            "id": "100090583253208",
            "count": 0
        },
        {
            "id": "100090923604837",
            "count": 0
        },
        {
            "id": "100090949629522",
            "count": 0
        },
        {
            "id": "100091121322409",
            "count": 1
        },
        {
            "id": "100091243272968",
            "count": 0
        },
        {
            "id": "100091441746275",
            "count": 0
        },
        {
            "id": "100091545015180",
            "count": 0
        },
        {
            "id": "100091640451151",
            "count": 0
        },
        {
            "id": "100091687959768",
            "count": 0
        },
        {
            "id": "100091748556664",
            "count": 0
        },
        {
            "id": "100091770914577",
            "count": 0
        },
        {
            "id": "100091801006104",
            "count": 0
        },
        {
            "id": "100091874791700",
            "count": 0
        },
        {
            "id": "100091876922663",
            "count": 0
        },
        {
            "id": "100091972963307",
            "count": 0
        },
        {
            "id": "100091973652032",
            "count": 0
        },
        {
            "id": "100092028122107",
            "count": 0
        },
        {
            "id": "100092169613142",
            "count": 0
        },
        {
            "id": "100092250726671",
            "count": 4
        },
        {
            "id": "100092317315227",
            "count": 0
        },
        {
            "id": "100092515779491",
            "count": 0
        },
        {
            "id": "100092585337716",
            "count": 1
        },
        {
            "id": "100092644260054",
            "count": 0
        },
        {
            "id": "100092649700816",
            "count": 0
        },
        {
            "id": "100092720105134",
            "count": 28
        },
        {
            "id": "100092726131360",
            "count": 0
        },
        {
            "id": "100092726152420",
            "count": 0
        },
        {
            "id": "100092899883793",
            "count": 0
        },
        {
            "id": "100093049912882",
            "count": 0
        },
        {
            "id": "100093093344297",
            "count": 19
        },
        {
            "id": "100093151896738",
            "count": 4
        },
        {
            "id": "100093257705463",
            "count": 0
        },
        {
            "id": "100093299306769",
            "count": 0
        },
        {
            "id": "100093367082336",
            "count": 9
        },
        {
            "id": "100093430846839",
            "count": 0
        },
        {
            "id": "100093456320737",
            "count": 0
        },
        {
            "id": "100093459903801",
            "count": 1
        },
        {
            "id": "100093469056769",
            "count": 0
        },
        {
            "id": "100093484598729",
            "count": 0
        },
        {
            "id": "100093550402878",
            "count": 0
        },
        {
            "id": "100093655991303",
            "count": 0
        },
        {
            "id": "100093688375206",
            "count": 0
        },
        {
            "id": "100093799492039",
            "count": 0
        },
        {
            "id": "100094143345736",
            "count": 3
        },
        {
            "id": "100094312235749",
            "count": 0
        },
        {
            "id": "100094318283205",
            "count": 0
        },
        {
            "id": "100094518284124",
            "count": 0
        },
        {
            "id": "100094656343641",
            "count": 0
        },
        {
            "id": "100095060224517",
            "count": 0
        },
        {
            "id": "100095078733827",
            "count": 0
        },
        {
            "id": "100095142488623",
            "count": 0
        },
        {
            "id": "100095187061010",
            "count": 0
        },
        {
            "id": "100085171894653",
            "count": 2
        }
    ],
    "day": [
        {
            "id": "100009362103346",
            "count": 0
        },
        {
            "id": "100009861544636",
            "count": 0
        },
        {
            "id": "100015410978490",
            "count": 0
        },
        {
            "id": "100020496083636",
            "count": 0
        },
        {
            "id": "100022299367867",
            "count": 0
        },
        {
            "id": "100024669471476",
            "count": 0
        },
        {
            "id": "100024776751511",
            "count": 0
        },
        {
            "id": "100027090360993",
            "count": 0
        },
        {
            "id": "100035159150389",
            "count": 0
        },
        {
            "id": "100035731083424",
            "count": 0
        },
        {
            "id": "100035734683529",
            "count": 0
        },
        {
            "id": "100036813390535",
            "count": 0
        },
        {
            "id": "100037011933556",
            "count": 0
        },
        {
            "id": "100037211391552",
            "count": 10
        },
        {
            "id": "100041464149595",
            "count": 3
        },
        {
            "id": "100043672988286",
            "count": 0
        },
        {
            "id": "100044663432685",
            "count": 0
        },
        {
            "id": "100046325192081",
            "count": 0
        },
        {
            "id": "100048624288317",
            "count": 0
        },
        {
            "id": "100049783956958",
            "count": 5
        },
        {
            "id": "100050135721525",
            "count": 0
        },
        {
            "id": "100051344314266",
            "count": 0
        },
        {
            "id": "100051440781094",
            "count": 0
        },
        {
            "id": "100053365811478",
            "count": 0
        },
        {
            "id": "100053377010478",
            "count": 0
        },
        {
            "id": "100054591240240",
            "count": 0
        },
        {
            "id": "100054605508261",
            "count": 0
        },
        {
            "id": "100056896309995",
            "count": 3
        },
        {
            "id": "100057231662184",
            "count": 0
        },
        {
            "id": "100057907393726",
            "count": 0
        },
        {
            "id": "100058185230110",
            "count": 0
        },
        {
            "id": "100059181249701",
            "count": 0
        },
        {
            "id": "100062119890943",
            "count": 0
        },
        {
            "id": "100063054381088",
            "count": 0
        },
        {
            "id": "100063249638140",
            "count": 0
        },
        {
            "id": "100063995438655",
            "count": 1
        },
        {
            "id": "100064714077277",
            "count": 0
        },
        {
            "id": "100065013195004",
            "count": 0
        },
        {
            "id": "100065308215035",
            "count": 0
        },
        {
            "id": "100065507072202",
            "count": 1
        },
        {
            "id": "100066103208682",
            "count": 0
        },
        {
            "id": "100066103215102",
            "count": 0
        },
        {
            "id": "100066607281933",
            "count": 0
        },
        {
            "id": "100067515525462",
            "count": 0
        },
        {
            "id": "100067808302645",
            "count": 1
        },
        {
            "id": "100068912451538",
            "count": 0
        },
        {
            "id": "100069240233728",
            "count": 5
        },
        {
            "id": "100069460775235",
            "count": 0
        },
        {
            "id": "100069822500142",
            "count": 0
        },
        {
            "id": "100069854192281",
            "count": 0
        },
        {
            "id": "100070309972529",
            "count": 0
        },
        {
            "id": "100071186996929",
            "count": 0
        },
        {
            "id": "100071399587551",
            "count": 0
        },
        {
            "id": "100071597359588",
            "count": 0
        },
        {
            "id": "100071597554386",
            "count": 0
        },
        {
            "id": "100071912554434",
            "count": 0
        },
        {
            "id": "100072678062618",
            "count": 0
        },
        {
            "id": "100072978134050",
            "count": 0
        },
        {
            "id": "100073018587904",
            "count": 0
        },
        {
            "id": "100073224219411",
            "count": 0
        },
        {
            "id": "100073341972659",
            "count": 0
        },
        {
            "id": "100073425450129",
            "count": 0
        },
        {
            "id": "100073728904066",
            "count": 0
        },
        {
            "id": "100073960403072",
            "count": 0
        },
        {
            "id": "100073995214867",
            "count": 0
        },
        {
            "id": "100074018035755",
            "count": 0
        },
        {
            "id": "100074074424628",
            "count": 4
        },
        {
            "id": "100074157323950",
            "count": 0
        },
        {
            "id": "100074176043439",
            "count": 0
        },
        {
            "id": "100074745774768",
            "count": 0
        },
        {
            "id": "100075352158938",
            "count": 0
        },
        {
            "id": "100075579439591",
            "count": 0
        },
        {
            "id": "100075791363197",
            "count": 0
        },
        {
            "id": "100076312328657",
            "count": 0
        },
        {
            "id": "100076363014962",
            "count": 0
        },
        {
            "id": "100076370349820",
            "count": 0
        },
        {
            "id": "100077014453103",
            "count": 0
        },
        {
            "id": "100077170283064",
            "count": 0
        },
        {
            "id": "100077256396139",
            "count": 0
        },
        {
            "id": "100077780224887",
            "count": 0
        },
        {
            "id": "100077961219883",
            "count": 16
        },
        {
            "id": "100078014602648",
            "count": 0
        },
        {
            "id": "100078135901744",
            "count": 39
        },
        {
            "id": "100078248564431",
            "count": 0
        },
        {
            "id": "100078445534198",
            "count": 0
        },
        {
            "id": "100078890376278",
            "count": 1
        },
        {
            "id": "100079069391068",
            "count": 0
        },
        {
            "id": "100079083754038",
            "count": 25
        },
        {
            "id": "100079209776903",
            "count": 0
        },
        {
            "id": "100079294922905",
            "count": 0
        },
        {
            "id": "100079454735070",
            "count": 5
        },
        {
            "id": "100079821196978",
            "count": 0
        },
        {
            "id": "100080146636976",
            "count": 0
        },
        {
            "id": "100080385387754",
            "count": 0
        },
        {
            "id": "100080464268828",
            "count": 0
        },
        {
            "id": "100080567361509",
            "count": 0
        },
        {
            "id": "100080621464454",
            "count": 0
        },
        {
            "id": "100080626263582",
            "count": 0
        },
        {
            "id": "100080630704274",
            "count": 1
        },
        {
            "id": "100080673273114",
            "count": 0
        },
        {
            "id": "100080711454422",
            "count": 0
        },
        {
            "id": "100080936583324",
            "count": 0
        },
        {
            "id": "100081095706595",
            "count": 0
        },
        {
            "id": "100081127221916",
            "count": 0
        },
        {
            "id": "100081152476383",
            "count": 0
        },
        {
            "id": "100081487002898",
            "count": 1
        },
        {
            "id": "100081506738090",
            "count": 0
        },
        {
            "id": "100081574011077",
            "count": 0
        },
        {
            "id": "100081636764369",
            "count": 0
        },
        {
            "id": "100081981829542",
            "count": 0
        },
        {
            "id": "100082066737912",
            "count": 0
        },
        {
            "id": "100082321941023",
            "count": 0
        },
        {
            "id": "100082373048504",
            "count": 12
        },
        {
            "id": "100082412486657",
            "count": 0
        },
        {
            "id": "100082428139572",
            "count": 0
        },
        {
            "id": "100082510342528",
            "count": 0
        },
        {
            "id": "100082550823112",
            "count": 0
        },
        {
            "id": "100082555783509",
            "count": 0
        },
        {
            "id": "100082663537236",
            "count": 0
        },
        {
            "id": "100082772190965",
            "count": 0
        },
        {
            "id": "100082840611243",
            "count": 0
        },
        {
            "id": "100083026595557",
            "count": 0
        },
        {
            "id": "100083030417827",
            "count": 0
        },
        {
            "id": "100083108615956",
            "count": 0
        },
        {
            "id": "100083216083874",
            "count": 1
        },
        {
            "id": "100083335732615",
            "count": 2
        },
        {
            "id": "100083444077380",
            "count": 0
        },
        {
            "id": "100083486262709",
            "count": 0
        },
        {
            "id": "100083915057318",
            "count": 0
        },
        {
            "id": "100083996917306",
            "count": 0
        },
        {
            "id": "100084032424841",
            "count": 0
        },
        {
            "id": "100084074318864",
            "count": 0
        },
        {
            "id": "100084101235449",
            "count": 0
        },
        {
            "id": "100084155006313",
            "count": 0
        },
        {
            "id": "100084180567063",
            "count": 0
        },
        {
            "id": "100084301712712",
            "count": 0
        },
        {
            "id": "100084335231716",
            "count": 0
        },
        {
            "id": "100084354550796",
            "count": 0
        },
        {
            "id": "100084383831325",
            "count": 0
        },
        {
            "id": "100084477000664",
            "count": 0
        },
        {
            "id": "100084594229154",
            "count": 0
        },
        {
            "id": "100084620006943",
            "count": 0
        },
        {
            "id": "100084731283279",
            "count": 0
        },
        {
            "id": "100084759091149",
            "count": 0
        },
        {
            "id": "100084892448245",
            "count": 0
        },
        {
            "id": "100084928165155",
            "count": 0
        },
        {
            "id": "100085023048044",
            "count": 59
        },
        {
            "id": "100085032099082",
            "count": 0
        },
        {
            "id": "100085182411613",
            "count": 0
        },
        {
            "id": "100085192938293",
            "count": 0
        },
        {
            "id": "100085602243926",
            "count": 0
        },
        {
            "id": "100085931686469",
            "count": 0
        },
        {
            "id": "100086218587764",
            "count": 0
        },
        {
            "id": "100086463024290",
            "count": 0
        },
        {
            "id": "100086648777753",
            "count": 0
        },
        {
            "id": "100086905001603",
            "count": 0
        },
        {
            "id": "100087140184621",
            "count": 0
        },
        {
            "id": "100087297285010",
            "count": 0
        },
        {
            "id": "100087427860297",
            "count": 0
        },
        {
            "id": "100087430651754",
            "count": 0
        },
        {
            "id": "100087452246010",
            "count": 0
        },
        {
            "id": "100087706941318",
            "count": 0
        },
        {
            "id": "100087776484742",
            "count": 0
        },
        {
            "id": "100087854333002",
            "count": 0
        },
        {
            "id": "100087911293890",
            "count": 9
        },
        {
            "id": "100088224288516",
            "count": 0
        },
        {
            "id": "100088682853097",
            "count": 21
        },
        {
            "id": "100088809955701",
            "count": 0
        },
        {
            "id": "100088934448415",
            "count": 4
        },
        {
            "id": "100088952222140",
            "count": 0
        },
        {
            "id": "100089560612848",
            "count": 0
        },
        {
            "id": "100089594191113",
            "count": 0
        },
        {
            "id": "100089769686637",
            "count": 0
        },
        {
            "id": "100089823474909",
            "count": 0
        },
        {
            "id": "100089921355476",
            "count": 0
        },
        {
            "id": "100090041490279",
            "count": 0
        },
        {
            "id": "100090104568995",
            "count": 0
        },
        {
            "id": "100090278121344",
            "count": 0
        },
        {
            "id": "100090299846661",
            "count": 0
        },
        {
            "id": "100090387523400",
            "count": 0
        },
        {
            "id": "100090411191953",
            "count": 0
        },
        {
            "id": "100090465609089",
            "count": 0
        },
        {
            "id": "100090526735446",
            "count": 0
        },
        {
            "id": "100090539256598",
            "count": 0
        },
        {
            "id": "100090570933150",
            "count": 0
        },
        {
            "id": "100090583253208",
            "count": 0
        },
        {
            "id": "100090923604837",
            "count": 0
        },
        {
            "id": "100090949629522",
            "count": 0
        },
        {
            "id": "100091121322409",
            "count": 1
        },
        {
            "id": "100091243272968",
            "count": 0
        },
        {
            "id": "100091441746275",
            "count": 0
        },
        {
            "id": "100091545015180",
            "count": 0
        },
        {
            "id": "100091640451151",
            "count": 0
        },
        {
            "id": "100091687959768",
            "count": 0
        },
        {
            "id": "100091748556664",
            "count": 0
        },
        {
            "id": "100091770914577",
            "count": 0
        },
        {
            "id": "100091801006104",
            "count": 0
        },
        {
            "id": "100091874791700",
            "count": 0
        },
        {
            "id": "100091876922663",
            "count": 0
        },
        {
            "id": "100091972963307",
            "count": 0
        },
        {
            "id": "100091973652032",
            "count": 0
        },
        {
            "id": "100092028122107",
            "count": 0
        },
        {
            "id": "100092169613142",
            "count": 0
        },
        {
            "id": "100092250726671",
            "count": 4
        },
        {
            "id": "100092317315227",
            "count": 0
        },
        {
            "id": "100092515779491",
            "count": 0
        },
        {
            "id": "100092585337716",
            "count": 1
        },
        {
            "id": "100092644260054",
            "count": 0
        },
        {
            "id": "100092649700816",
            "count": 0
        },
        {
            "id": "100092720105134",
            "count": 28
        },
        {
            "id": "100092726131360",
            "count": 0
        },
        {
            "id": "100092726152420",
            "count": 0
        },
        {
            "id": "100092899883793",
            "count": 0
        },
        {
            "id": "100093049912882",
            "count": 0
        },
        {
            "id": "100093093344297",
            "count": 19
        },
        {
            "id": "100093151896738",
            "count": 4
        },
        {
            "id": "100093257705463",
            "count": 0
        },
        {
            "id": "100093299306769",
            "count": 0
        },
        {
            "id": "100093367082336",
            "count": 9
        },
        {
            "id": "100093430846839",
            "count": 0
        },
        {
            "id": "100093456320737",
            "count": 0
        },
        {
            "id": "100093459903801",
            "count": 1
        },
        {
            "id": "100093469056769",
            "count": 0
        },
        {
            "id": "100093484598729",
            "count": 0
        },
        {
            "id": "100093550402878",
            "count": 0
        },
        {
            "id": "100093655991303",
            "count": 0
        },
        {
            "id": "100093688375206",
            "count": 0
        },
        {
            "id": "100093799492039",
            "count": 0
        },
        {
            "id": "100094143345736",
            "count": 3
        },
        {
            "id": "100094312235749",
            "count": 0
        },
        {
            "id": "100094318283205",
            "count": 0
        },
        {
            "id": "100094518284124",
            "count": 0
        },
        {
            "id": "100094656343641",
            "count": 0
        },
        {
            "id": "100095060224517",
            "count": 0
        },
        {
            "id": "100095078733827",
            "count": 0
        },
        {
            "id": "100095142488623",
            "count": 0
        },
        {
            "id": "100095187061010",
            "count": 0
        },
        {
            "id": "100085171894653",
            "count": 2
        }
    ],
    "time": 5
}