{
    "total": [
        {
            "id": "100001503721439",
            "count": 2
        },
        {
            "id": "100003755498490",
            "count": 0
        },
        {
            "id": "100004501240305",
            "count": 0
        },
        {
            "id": "100007155288838",
            "count": 0
        },
        {
            "id": "100007388863099",
            "count": 0
        },
        {
            "id": "100007649501411",
            "count": 7
        },
        {
            "id": "100009002456420",
            "count": 24
        },
        {
            "id": "100010295142855",
            "count": 0
        },
        {
            "id": "100011113962874",
            "count": 0
        },
        {
            "id": "100012150095384",
            "count": 0
        },
        {
            "id": "100013191960811",
            "count": 18
        },
        {
            "id": "100013951950026",
            "count": 21
        },
        {
            "id": "100014910332344",
            "count": 0
        },
        {
            "id": "100016760828982",
            "count": 0
        },
        {
            "id": "100018685625067",
            "count": 0
        },
        {
            "id": "100021521590821",
            "count": 0
        },
        {
            "id": "100022215471442",
            "count": 0
        },
        {
            "id": "100024376754521",
            "count": 0
        },
        {
            "id": "100024580370516",
            "count": 16
        },
        {
            "id": "100025023395445",
            "count": 8
        },
        {
            "id": "100025870094642",
            "count": 8
        },
        {
            "id": "100025878492816",
            "count": 0
        },
        {
            "id": "100027097033692",
            "count": 85
        },
        {
            "id": "100027368267816",
            "count": 0
        },
        {
            "id": "100027677683766",
            "count": 0
        },
        {
            "id": "100028208763775",
            "count": 0
        },
        {
            "id": "100029079976780",
            "count": 0
        },
        {
            "id": "100030510122134",
            "count": 82
        },
        {
            "id": "100031419552392",
            "count": 0
        },
        {
            "id": "100031499627455",
            "count": 0
        },
        {
            "id": "100032679648188",
            "count": 0
        },
        {
            "id": "100034834746754",
            "count": 0
        },
        {
            "id": "100034915781571",
            "count": 0
        },
        {
            "id": "100035200174824",
            "count": 2
        },
        {
            "id": "100035909659586",
            "count": 0
        },
        {
            "id": "100037193537036",
            "count": 0
        },
        {
            "id": "100037211391552",
            "count": 0
        },
        {
            "id": "100038051497334",
            "count": 1
        },
        {
            "id": "100038134241592",
            "count": 0
        },
        {
            "id": "100039835029889",
            "count": 15
        },
        {
            "id": "100040450230297",
            "count": 0
        },
        {
            "id": "100040920997424",
            "count": 0
        },
        {
            "id": "100040946253721",
            "count": 2
        },
        {
            "id": "100041054437414",
            "count": 0
        },
        {
            "id": "100041423661907",
            "count": 0
        },
        {
            "id": "100041952870169",
            "count": 0
        },
        {
            "id": "100042019390293",
            "count": 0
        },
        {
            "id": "100042487688859",
            "count": 0
        },
        {
            "id": "100043203935416",
            "count": 0
        },
        {
            "id": "100050423348163",
            "count": 0
        },
        {
            "id": "100051152223020",
            "count": 0
        },
        {
            "id": "100051493150864",
            "count": 0
        },
        {
            "id": "100051599700872",
            "count": 0
        },
        {
            "id": "100052102113070",
            "count": 0
        },
        {
            "id": "100052349681369",
            "count": 0
        },
        {
            "id": "100053925762643",
            "count": 12
        },
        {
            "id": "100054348441167",
            "count": 0
        },
        {
            "id": "100054612120786",
            "count": 29
        },
        {
            "id": "100054704081356",
            "count": 2
        },
        {
            "id": "100054800951066",
            "count": 0
        },
        {
            "id": "100057072380023",
            "count": 0
        },
        {
            "id": "100058509817784",
            "count": 0
        },
        {
            "id": "100059121049812",
            "count": 2
        },
        {
            "id": "100059615451843",
            "count": 11
        },
        {
            "id": "100061057422305",
            "count": 15
        },
        {
            "id": "100064007957419",
            "count": 0
        },
        {
            "id": "100064071083506",
            "count": 5
        },
        {
            "id": "100064863146787",
            "count": 6
        },
        {
            "id": "100065270143869",
            "count": 0
        },
        {
            "id": "100065440584736",
            "count": 46
        },
        {
            "id": "100067091180133",
            "count": 6
        },
        {
            "id": "100067379635743",
            "count": 0
        },
        {
            "id": "100067804441356",
            "count": 13
        },
        {
            "id": "100069227534644",
            "count": 0
        },
        {
            "id": "100071103330706",
            "count": 0
        },
        {
            "id": "100072689454387",
            "count": 115
        },
        {
            "id": "100073119751969",
            "count": 0
        },
        {
            "id": "100073265065524",
            "count": 0
        },
        {
            "id": "100073456315614",
            "count": 2
        },
        {
            "id": "100074085417903",
            "count": 0
        },
        {
            "id": "100074196829739",
            "count": 0
        },
        {
            "id": "100075066564253",
            "count": 0
        },
        {
            "id": "100075150674545",
            "count": 12
        },
        {
            "id": "100075237896320",
            "count": 2
        },
        {
            "id": "100075405039821",
            "count": 4
        },
        {
            "id": "100076253960850",
            "count": 7
        },
        {
            "id": "100077106194307",
            "count": 1
        },
        {
            "id": "100077465769818",
            "count": 0
        },
        {
            "id": "100077581695552",
            "count": 0
        },
        {
            "id": "100079020519130",
            "count": 0
        },
        {
            "id": "100080503047399",
            "count": 0
        },
        {
            "id": "100080742641282",
            "count": 0
        },
        {
            "id": "100080888744866",
            "count": 0
        },
        {
            "id": "100081160242334",
            "count": 1
        },
        {
            "id": "100082120071822",
            "count": 0
        },
        {
            "id": "100082511745483",
            "count": 0
        },
        {
            "id": "100083219401702",
            "count": 0
        },
        {
            "id": "100083359584779",
            "count": 8
        },
        {
            "id": "100085286934545",
            "count": 0
        },
        {
            "id": "100086792569545",
            "count": 0
        },
        {
            "id": "100088836729379",
            "count": 0
        },
        {
            "id": "100089422020806",
            "count": 3
        },
        {
            "id": "100090621174298",
            "count": 0
        },
        {
            "id": "100090639854534",
            "count": 0
        },
        {
            "id": "100091658274544",
            "count": 0
        },
        {
            "id": "100092654048356",
            "count": 37
        },
        {
            "id": "100093550402878",
            "count": 0
        },
        {
            "id": "100093665559654",
            "count": 0
        }
    ],
    "week": [
        {
            "id": "100001503721439",
            "count": 2
        },
        {
            "id": "100003755498490",
            "count": 0
        },
        {
            "id": "100004501240305",
            "count": 0
        },
        {
            "id": "100007155288838",
            "count": 0
        },
        {
            "id": "100007388863099",
            "count": 0
        },
        {
            "id": "100007649501411",
            "count": 7
        },
        {
            "id": "100009002456420",
            "count": 24
        },
        {
            "id": "100010295142855",
            "count": 0
        },
        {
            "id": "100011113962874",
            "count": 0
        },
        {
            "id": "100012150095384",
            "count": 0
        },
        {
            "id": "100013191960811",
            "count": 18
        },
        {
            "id": "100013951950026",
            "count": 21
        },
        {
            "id": "100014910332344",
            "count": 0
        },
        {
            "id": "100016760828982",
            "count": 0
        },
        {
            "id": "100018685625067",
            "count": 0
        },
        {
            "id": "100021521590821",
            "count": 0
        },
        {
            "id": "100022215471442",
            "count": 0
        },
        {
            "id": "100024376754521",
            "count": 0
        },
        {
            "id": "100024580370516",
            "count": 16
        },
        {
            "id": "100025023395445",
            "count": 8
        },
        {
            "id": "100025870094642",
            "count": 8
        },
        {
            "id": "100025878492816",
            "count": 0
        },
        {
            "id": "100027097033692",
            "count": 85
        },
        {
            "id": "100027368267816",
            "count": 0
        },
        {
            "id": "100027677683766",
            "count": 0
        },
        {
            "id": "100028208763775",
            "count": 0
        },
        {
            "id": "100029079976780",
            "count": 0
        },
        {
            "id": "100030510122134",
            "count": 82
        },
        {
            "id": "100031419552392",
            "count": 0
        },
        {
            "id": "100031499627455",
            "count": 0
        },
        {
            "id": "100032679648188",
            "count": 0
        },
        {
            "id": "100034834746754",
            "count": 0
        },
        {
            "id": "100034915781571",
            "count": 0
        },
        {
            "id": "100035200174824",
            "count": 2
        },
        {
            "id": "100035909659586",
            "count": 0
        },
        {
            "id": "100037193537036",
            "count": 0
        },
        {
            "id": "100037211391552",
            "count": 0
        },
        {
            "id": "100038051497334",
            "count": 1
        },
        {
            "id": "100038134241592",
            "count": 0
        },
        {
            "id": "100039835029889",
            "count": 15
        },
        {
            "id": "100040450230297",
            "count": 0
        },
        {
            "id": "100040920997424",
            "count": 0
        },
        {
            "id": "100040946253721",
            "count": 2
        },
        {
            "id": "100041054437414",
            "count": 0
        },
        {
            "id": "100041423661907",
            "count": 0
        },
        {
            "id": "100041952870169",
            "count": 0
        },
        {
            "id": "100042019390293",
            "count": 0
        },
        {
            "id": "100042487688859",
            "count": 0
        },
        {
            "id": "100043203935416",
            "count": 0
        },
        {
            "id": "100050423348163",
            "count": 0
        },
        {
            "id": "100051152223020",
            "count": 0
        },
        {
            "id": "100051493150864",
            "count": 0
        },
        {
            "id": "100051599700872",
            "count": 0
        },
        {
            "id": "100052102113070",
            "count": 0
        },
        {
            "id": "100052349681369",
            "count": 0
        },
        {
            "id": "100053925762643",
            "count": 12
        },
        {
            "id": "100054348441167",
            "count": 0
        },
        {
            "id": "100054612120786",
            "count": 29
        },
        {
            "id": "100054704081356",
            "count": 2
        },
        {
            "id": "100054800951066",
            "count": 0
        },
        {
            "id": "100057072380023",
            "count": 0
        },
        {
            "id": "100058509817784",
            "count": 0
        },
        {
            "id": "100059121049812",
            "count": 2
        },
        {
            "id": "100059615451843",
            "count": 11
        },
        {
            "id": "100061057422305",
            "count": 15
        },
        {
            "id": "100064007957419",
            "count": 0
        },
        {
            "id": "100064071083506",
            "count": 5
        },
        {
            "id": "100064863146787",
            "count": 6
        },
        {
            "id": "100065270143869",
            "count": 0
        },
        {
            "id": "100065440584736",
            "count": 46
        },
        {
            "id": "100067091180133",
            "count": 6
        },
        {
            "id": "100067379635743",
            "count": 0
        },
        {
            "id": "100067804441356",
            "count": 13
        },
        {
            "id": "100069227534644",
            "count": 0
        },
        {
            "id": "100071103330706",
            "count": 0
        },
        {
            "id": "100072689454387",
            "count": 115
        },
        {
            "id": "100073119751969",
            "count": 0
        },
        {
            "id": "100073265065524",
            "count": 0
        },
        {
            "id": "100073456315614",
            "count": 2
        },
        {
            "id": "100074085417903",
            "count": 0
        },
        {
            "id": "100074196829739",
            "count": 0
        },
        {
            "id": "100075066564253",
            "count": 0
        },
        {
            "id": "100075150674545",
            "count": 12
        },
        {
            "id": "100075237896320",
            "count": 2
        },
        {
            "id": "100075405039821",
            "count": 4
        },
        {
            "id": "100076253960850",
            "count": 7
        },
        {
            "id": "100077106194307",
            "count": 1
        },
        {
            "id": "100077465769818",
            "count": 0
        },
        {
            "id": "100077581695552",
            "count": 0
        },
        {
            "id": "100079020519130",
            "count": 0
        },
        {
            "id": "100080503047399",
            "count": 0
        },
        {
            "id": "100080742641282",
            "count": 0
        },
        {
            "id": "100080888744866",
            "count": 0
        },
        {
            "id": "100081160242334",
            "count": 1
        },
        {
            "id": "100082120071822",
            "count": 0
        },
        {
            "id": "100082511745483",
            "count": 0
        },
        {
            "id": "100083219401702",
            "count": 0
        },
        {
            "id": "100083359584779",
            "count": 8
        },
        {
            "id": "100085286934545",
            "count": 0
        },
        {
            "id": "100086792569545",
            "count": 0
        },
        {
            "id": "100088836729379",
            "count": 0
        },
        {
            "id": "100089422020806",
            "count": 3
        },
        {
            "id": "100090621174298",
            "count": 0
        },
        {
            "id": "100090639854534",
            "count": 0
        },
        {
            "id": "100091658274544",
            "count": 0
        },
        {
            "id": "100092654048356",
            "count": 37
        },
        {
            "id": "100093550402878",
            "count": 0
        },
        {
            "id": "100093665559654",
            "count": 0
        }
    ],
    "day": [
        {
            "id": "100001503721439",
            "count": 2
        },
        {
            "id": "100003755498490",
            "count": 0
        },
        {
            "id": "100004501240305",
            "count": 0
        },
        {
            "id": "100007155288838",
            "count": 0
        },
        {
            "id": "100007388863099",
            "count": 0
        },
        {
            "id": "100007649501411",
            "count": 7
        },
        {
            "id": "100009002456420",
            "count": 24
        },
        {
            "id": "100010295142855",
            "count": 0
        },
        {
            "id": "100011113962874",
            "count": 0
        },
        {
            "id": "100012150095384",
            "count": 0
        },
        {
            "id": "100013191960811",
            "count": 18
        },
        {
            "id": "100013951950026",
            "count": 21
        },
        {
            "id": "100014910332344",
            "count": 0
        },
        {
            "id": "100016760828982",
            "count": 0
        },
        {
            "id": "100018685625067",
            "count": 0
        },
        {
            "id": "100021521590821",
            "count": 0
        },
        {
            "id": "100022215471442",
            "count": 0
        },
        {
            "id": "100024376754521",
            "count": 0
        },
        {
            "id": "100024580370516",
            "count": 16
        },
        {
            "id": "100025023395445",
            "count": 8
        },
        {
            "id": "100025870094642",
            "count": 8
        },
        {
            "id": "100025878492816",
            "count": 0
        },
        {
            "id": "100027097033692",
            "count": 85
        },
        {
            "id": "100027368267816",
            "count": 0
        },
        {
            "id": "100027677683766",
            "count": 0
        },
        {
            "id": "100028208763775",
            "count": 0
        },
        {
            "id": "100029079976780",
            "count": 0
        },
        {
            "id": "100030510122134",
            "count": 82
        },
        {
            "id": "100031419552392",
            "count": 0
        },
        {
            "id": "100031499627455",
            "count": 0
        },
        {
            "id": "100032679648188",
            "count": 0
        },
        {
            "id": "100034834746754",
            "count": 0
        },
        {
            "id": "100034915781571",
            "count": 0
        },
        {
            "id": "100035200174824",
            "count": 2
        },
        {
            "id": "100035909659586",
            "count": 0
        },
        {
            "id": "100037193537036",
            "count": 0
        },
        {
            "id": "100037211391552",
            "count": 0
        },
        {
            "id": "100038051497334",
            "count": 1
        },
        {
            "id": "100038134241592",
            "count": 0
        },
        {
            "id": "100039835029889",
            "count": 15
        },
        {
            "id": "100040450230297",
            "count": 0
        },
        {
            "id": "100040920997424",
            "count": 0
        },
        {
            "id": "100040946253721",
            "count": 2
        },
        {
            "id": "100041054437414",
            "count": 0
        },
        {
            "id": "100041423661907",
            "count": 0
        },
        {
            "id": "100041952870169",
            "count": 0
        },
        {
            "id": "100042019390293",
            "count": 0
        },
        {
            "id": "100042487688859",
            "count": 0
        },
        {
            "id": "100043203935416",
            "count": 0
        },
        {
            "id": "100050423348163",
            "count": 0
        },
        {
            "id": "100051152223020",
            "count": 0
        },
        {
            "id": "100051493150864",
            "count": 0
        },
        {
            "id": "100051599700872",
            "count": 0
        },
        {
            "id": "100052102113070",
            "count": 0
        },
        {
            "id": "100052349681369",
            "count": 0
        },
        {
            "id": "100053925762643",
            "count": 12
        },
        {
            "id": "100054348441167",
            "count": 0
        },
        {
            "id": "100054612120786",
            "count": 29
        },
        {
            "id": "100054704081356",
            "count": 2
        },
        {
            "id": "100054800951066",
            "count": 0
        },
        {
            "id": "100057072380023",
            "count": 0
        },
        {
            "id": "100058509817784",
            "count": 0
        },
        {
            "id": "100059121049812",
            "count": 2
        },
        {
            "id": "100059615451843",
            "count": 11
        },
        {
            "id": "100061057422305",
            "count": 15
        },
        {
            "id": "100064007957419",
            "count": 0
        },
        {
            "id": "100064071083506",
            "count": 5
        },
        {
            "id": "100064863146787",
            "count": 6
        },
        {
            "id": "100065270143869",
            "count": 0
        },
        {
            "id": "100065440584736",
            "count": 46
        },
        {
            "id": "100067091180133",
            "count": 6
        },
        {
            "id": "100067379635743",
            "count": 0
        },
        {
            "id": "100067804441356",
            "count": 13
        },
        {
            "id": "100069227534644",
            "count": 0
        },
        {
            "id": "100071103330706",
            "count": 0
        },
        {
            "id": "100072689454387",
            "count": 115
        },
        {
            "id": "100073119751969",
            "count": 0
        },
        {
            "id": "100073265065524",
            "count": 0
        },
        {
            "id": "100073456315614",
            "count": 2
        },
        {
            "id": "100074085417903",
            "count": 0
        },
        {
            "id": "100074196829739",
            "count": 0
        },
        {
            "id": "100075066564253",
            "count": 0
        },
        {
            "id": "100075150674545",
            "count": 12
        },
        {
            "id": "100075237896320",
            "count": 2
        },
        {
            "id": "100075405039821",
            "count": 4
        },
        {
            "id": "100076253960850",
            "count": 7
        },
        {
            "id": "100077106194307",
            "count": 1
        },
        {
            "id": "100077465769818",
            "count": 0
        },
        {
            "id": "100077581695552",
            "count": 0
        },
        {
            "id": "100079020519130",
            "count": 0
        },
        {
            "id": "100080503047399",
            "count": 0
        },
        {
            "id": "100080742641282",
            "count": 0
        },
        {
            "id": "100080888744866",
            "count": 0
        },
        {
            "id": "100081160242334",
            "count": 1
        },
        {
            "id": "100082120071822",
            "count": 0
        },
        {
            "id": "100082511745483",
            "count": 0
        },
        {
            "id": "100083219401702",
            "count": 0
        },
        {
            "id": "100083359584779",
            "count": 8
        },
        {
            "id": "100085286934545",
            "count": 0
        },
        {
            "id": "100086792569545",
            "count": 0
        },
        {
            "id": "100088836729379",
            "count": 0
        },
        {
            "id": "100089422020806",
            "count": 3
        },
        {
            "id": "100090621174298",
            "count": 0
        },
        {
            "id": "100090639854534",
            "count": 0
        },
        {
            "id": "100091658274544",
            "count": 0
        },
        {
            "id": "100092654048356",
            "count": 37
        },
        {
            "id": "100093550402878",
            "count": 0
        },
        {
            "id": "100093665559654",
            "count": 0
        }
    ],
    "time": 5
}