{
    "total": [
        {
            "id": "100003920470276",
            "count": 0
        },
        {
            "id": "100010323647924",
            "count": 3
        },
        {
            "id": "100010792030772",
            "count": 0
        },
        {
            "id": "100013232740653",
            "count": 0
        },
        {
            "id": "100013295447683",
            "count": 0
        },
        {
            "id": "100013456778220",
            "count": 27
        },
        {
            "id": "100013973475815",
            "count": 0
        },
        {
            "id": "100014108989356",
            "count": 137
        },
        {
            "id": "100014238340308",
            "count": 0
        },
        {
            "id": "100020131782756",
            "count": 0
        },
        {
            "id": "100020649143207",
            "count": 0
        },
        {
            "id": "100021757547466",
            "count": 0
        },
        {
            "id": "100022173349087",
            "count": 0
        },
        {
            "id": "100022716408238",
            "count": 0
        },
        {
            "id": "100024284866524",
            "count": 33
        },
        {
            "id": "100024580370516",
            "count": 5
        },
        {
            "id": "100024590134285",
            "count": 0
        },
        {
            "id": "100024781251065",
            "count": 20
        },
        {
            "id": "100026875027717",
            "count": 0
        },
        {
            "id": "100026895277684",
            "count": 0
        },
        {
            "id": "100027885968824",
            "count": 0
        },
        {
            "id": "100028643325892",
            "count": 0
        },
        {
            "id": "100035006163715",
            "count": 27
        },
        {
            "id": "100035418339716",
            "count": 22
        },
        {
            "id": "100037216304803",
            "count": 0
        },
        {
            "id": "100037911393655",
            "count": 0
        },
        {
            "id": "100040485744006",
            "count": 0
        },
        {
            "id": "100040756461020",
            "count": 0
        },
        {
            "id": "100040997632857",
            "count": 0
        },
        {
            "id": "100041836890467",
            "count": 0
        },
        {
            "id": "100041952870169",
            "count": 0
        },
        {
            "id": "100042179585787",
            "count": 0
        },
        {
            "id": "100043900449234",
            "count": 0
        },
        {
            "id": "100046286322114",
            "count": 107
        },
        {
            "id": "100047511014828",
            "count": 74
        },
        {
            "id": "100048105352757",
            "count": 40
        },
        {
            "id": "100050319812656",
            "count": 0
        },
        {
            "id": "100051501155207",
            "count": 0
        },
        {
            "id": "100053117078257",
            "count": 0
        },
        {
            "id": "100054155234705",
            "count": 9
        },
        {
            "id": "100055088327745",
            "count": 0
        },
        {
            "id": "100055755453609",
            "count": 0
        },
        {
            "id": "100056301853943",
            "count": 0
        },
        {
            "id": "100057437588558",
            "count": 1
        },
        {
            "id": "100057942794427",
            "count": 191
        },
        {
            "id": "100058421014388",
            "count": 0
        },
        {
            "id": "100059212320509",
            "count": 0
        },
        {
            "id": "100060712343904",
            "count": 0
        },
        {
            "id": "100060909784671",
            "count": 0
        },
        {
            "id": "100064468460050",
            "count": 50
        },
        {
            "id": "100065371883176",
            "count": 0
        },
        {
            "id": "100065440584736",
            "count": 16
        },
        {
            "id": "100066272449074",
            "count": 0
        },
        {
            "id": "100066756644379",
            "count": 7
        },
        {
            "id": "100067197609933",
            "count": 0
        },
        {
            "id": "100067529527880",
            "count": 0
        },
        {
            "id": "100068609782778",
            "count": 1
        },
        {
            "id": "100069146561041",
            "count": 0
        },
        {
            "id": "100071424711152",
            "count": 0
        },
        {
            "id": "100071772644901",
            "count": 40
        },
        {
            "id": "100073106266332",
            "count": 1
        },
        {
            "id": "100074167891177",
            "count": 5
        },
        {
            "id": "100075004809501",
            "count": 0
        },
        {
            "id": "100076934424479",
            "count": 0
        },
        {
            "id": "100078999344044",
            "count": 0
        },
        {
            "id": "100080107479425",
            "count": 0
        },
        {
            "id": "100080158846095",
            "count": 15
        },
        {
            "id": "100080179574251",
            "count": 1
        },
        {
            "id": "100080888744866",
            "count": 0
        },
        {
            "id": "100081556338898",
            "count": 0
        },
        {
            "id": "100082702803440",
            "count": 0
        },
        {
            "id": "100088348323579",
            "count": 0
        },
        {
            "id": "100088594940791",
            "count": 0
        },
        {
            "id": "100088679030686",
            "count": 1
        },
        {
            "id": "100089091496671",
            "count": 0
        },
        {
            "id": "100090107920123",
            "count": 0
        },
        {
            "id": "100090161994137",
            "count": 0
        },
        {
            "id": "100092909072974",
            "count": 26
        },
        {
            "id": "100093550402878",
            "count": 0
        },
        {
            "id": "100032007376883",
            "count": 5
        }
    ],
    "week": [
        {
            "id": "100003920470276",
            "count": 0
        },
        {
            "id": "100010323647924",
            "count": 3
        },
        {
            "id": "100010792030772",
            "count": 0
        },
        {
            "id": "100013232740653",
            "count": 0
        },
        {
            "id": "100013295447683",
            "count": 0
        },
        {
            "id": "100013456778220",
            "count": 27
        },
        {
            "id": "100013973475815",
            "count": 0
        },
        {
            "id": "100014108989356",
            "count": 137
        },
        {
            "id": "100014238340308",
            "count": 0
        },
        {
            "id": "100020131782756",
            "count": 0
        },
        {
            "id": "100020649143207",
            "count": 0
        },
        {
            "id": "100021757547466",
            "count": 0
        },
        {
            "id": "100022173349087",
            "count": 0
        },
        {
            "id": "100022716408238",
            "count": 0
        },
        {
            "id": "100024284866524",
            "count": 33
        },
        {
            "id": "100024580370516",
            "count": 5
        },
        {
            "id": "100024590134285",
            "count": 0
        },
        {
            "id": "100024781251065",
            "count": 20
        },
        {
            "id": "100026875027717",
            "count": 0
        },
        {
            "id": "100026895277684",
            "count": 0
        },
        {
            "id": "100027885968824",
            "count": 0
        },
        {
            "id": "100028643325892",
            "count": 0
        },
        {
            "id": "100035006163715",
            "count": 27
        },
        {
            "id": "100035418339716",
            "count": 22
        },
        {
            "id": "100037216304803",
            "count": 0
        },
        {
            "id": "100037911393655",
            "count": 0
        },
        {
            "id": "100040485744006",
            "count": 0
        },
        {
            "id": "100040756461020",
            "count": 0
        },
        {
            "id": "100040997632857",
            "count": 0
        },
        {
            "id": "100041836890467",
            "count": 0
        },
        {
            "id": "100041952870169",
            "count": 0
        },
        {
            "id": "100042179585787",
            "count": 0
        },
        {
            "id": "100043900449234",
            "count": 0
        },
        {
            "id": "100046286322114",
            "count": 107
        },
        {
            "id": "100047511014828",
            "count": 74
        },
        {
            "id": "100048105352757",
            "count": 40
        },
        {
            "id": "100050319812656",
            "count": 0
        },
        {
            "id": "100051501155207",
            "count": 0
        },
        {
            "id": "100053117078257",
            "count": 0
        },
        {
            "id": "100054155234705",
            "count": 9
        },
        {
            "id": "100055088327745",
            "count": 0
        },
        {
            "id": "100055755453609",
            "count": 0
        },
        {
            "id": "100056301853943",
            "count": 0
        },
        {
            "id": "100057437588558",
            "count": 1
        },
        {
            "id": "100057942794427",
            "count": 191
        },
        {
            "id": "100058421014388",
            "count": 0
        },
        {
            "id": "100059212320509",
            "count": 0
        },
        {
            "id": "100060712343904",
            "count": 0
        },
        {
            "id": "100060909784671",
            "count": 0
        },
        {
            "id": "100064468460050",
            "count": 50
        },
        {
            "id": "100065371883176",
            "count": 0
        },
        {
            "id": "100065440584736",
            "count": 16
        },
        {
            "id": "100066272449074",
            "count": 0
        },
        {
            "id": "100066756644379",
            "count": 7
        },
        {
            "id": "100067197609933",
            "count": 0
        },
        {
            "id": "100067529527880",
            "count": 0
        },
        {
            "id": "100068609782778",
            "count": 1
        },
        {
            "id": "100069146561041",
            "count": 0
        },
        {
            "id": "100071424711152",
            "count": 0
        },
        {
            "id": "100071772644901",
            "count": 40
        },
        {
            "id": "100073106266332",
            "count": 1
        },
        {
            "id": "100074167891177",
            "count": 5
        },
        {
            "id": "100075004809501",
            "count": 0
        },
        {
            "id": "100076934424479",
            "count": 0
        },
        {
            "id": "100078999344044",
            "count": 0
        },
        {
            "id": "100080107479425",
            "count": 0
        },
        {
            "id": "100080158846095",
            "count": 15
        },
        {
            "id": "100080179574251",
            "count": 1
        },
        {
            "id": "100080888744866",
            "count": 0
        },
        {
            "id": "100081556338898",
            "count": 0
        },
        {
            "id": "100082702803440",
            "count": 0
        },
        {
            "id": "100088348323579",
            "count": 0
        },
        {
            "id": "100088594940791",
            "count": 0
        },
        {
            "id": "100088679030686",
            "count": 1
        },
        {
            "id": "100089091496671",
            "count": 0
        },
        {
            "id": "100090107920123",
            "count": 0
        },
        {
            "id": "100090161994137",
            "count": 0
        },
        {
            "id": "100092909072974",
            "count": 26
        },
        {
            "id": "100093550402878",
            "count": 0
        },
        {
            "id": "100032007376883",
            "count": 5
        }
    ],
    "day": [
        {
            "id": "100003920470276",
            "count": 0
        },
        {
            "id": "100010323647924",
            "count": 3
        },
        {
            "id": "100010792030772",
            "count": 0
        },
        {
            "id": "100013232740653",
            "count": 0
        },
        {
            "id": "100013295447683",
            "count": 0
        },
        {
            "id": "100013456778220",
            "count": 27
        },
        {
            "id": "100013973475815",
            "count": 0
        },
        {
            "id": "100014108989356",
            "count": 137
        },
        {
            "id": "100014238340308",
            "count": 0
        },
        {
            "id": "100020131782756",
            "count": 0
        },
        {
            "id": "100020649143207",
            "count": 0
        },
        {
            "id": "100021757547466",
            "count": 0
        },
        {
            "id": "100022173349087",
            "count": 0
        },
        {
            "id": "100022716408238",
            "count": 0
        },
        {
            "id": "100024284866524",
            "count": 33
        },
        {
            "id": "100024580370516",
            "count": 5
        },
        {
            "id": "100024590134285",
            "count": 0
        },
        {
            "id": "100024781251065",
            "count": 20
        },
        {
            "id": "100026875027717",
            "count": 0
        },
        {
            "id": "100026895277684",
            "count": 0
        },
        {
            "id": "100027885968824",
            "count": 0
        },
        {
            "id": "100028643325892",
            "count": 0
        },
        {
            "id": "100035006163715",
            "count": 27
        },
        {
            "id": "100035418339716",
            "count": 22
        },
        {
            "id": "100037216304803",
            "count": 0
        },
        {
            "id": "100037911393655",
            "count": 0
        },
        {
            "id": "100040485744006",
            "count": 0
        },
        {
            "id": "100040756461020",
            "count": 0
        },
        {
            "id": "100040997632857",
            "count": 0
        },
        {
            "id": "100041836890467",
            "count": 0
        },
        {
            "id": "100041952870169",
            "count": 0
        },
        {
            "id": "100042179585787",
            "count": 0
        },
        {
            "id": "100043900449234",
            "count": 0
        },
        {
            "id": "100046286322114",
            "count": 107
        },
        {
            "id": "100047511014828",
            "count": 74
        },
        {
            "id": "100048105352757",
            "count": 40
        },
        {
            "id": "100050319812656",
            "count": 0
        },
        {
            "id": "100051501155207",
            "count": 0
        },
        {
            "id": "100053117078257",
            "count": 0
        },
        {
            "id": "100054155234705",
            "count": 9
        },
        {
            "id": "100055088327745",
            "count": 0
        },
        {
            "id": "100055755453609",
            "count": 0
        },
        {
            "id": "100056301853943",
            "count": 0
        },
        {
            "id": "100057437588558",
            "count": 1
        },
        {
            "id": "100057942794427",
            "count": 191
        },
        {
            "id": "100058421014388",
            "count": 0
        },
        {
            "id": "100059212320509",
            "count": 0
        },
        {
            "id": "100060712343904",
            "count": 0
        },
        {
            "id": "100060909784671",
            "count": 0
        },
        {
            "id": "100064468460050",
            "count": 50
        },
        {
            "id": "100065371883176",
            "count": 0
        },
        {
            "id": "100065440584736",
            "count": 16
        },
        {
            "id": "100066272449074",
            "count": 0
        },
        {
            "id": "100066756644379",
            "count": 7
        },
        {
            "id": "100067197609933",
            "count": 0
        },
        {
            "id": "100067529527880",
            "count": 0
        },
        {
            "id": "100068609782778",
            "count": 1
        },
        {
            "id": "100069146561041",
            "count": 0
        },
        {
            "id": "100071424711152",
            "count": 0
        },
        {
            "id": "100071772644901",
            "count": 40
        },
        {
            "id": "100073106266332",
            "count": 1
        },
        {
            "id": "100074167891177",
            "count": 5
        },
        {
            "id": "100075004809501",
            "count": 0
        },
        {
            "id": "100076934424479",
            "count": 0
        },
        {
            "id": "100078999344044",
            "count": 0
        },
        {
            "id": "100080107479425",
            "count": 0
        },
        {
            "id": "100080158846095",
            "count": 15
        },
        {
            "id": "100080179574251",
            "count": 1
        },
        {
            "id": "100080888744866",
            "count": 0
        },
        {
            "id": "100081556338898",
            "count": 0
        },
        {
            "id": "100082702803440",
            "count": 0
        },
        {
            "id": "100088348323579",
            "count": 0
        },
        {
            "id": "100088594940791",
            "count": 0
        },
        {
            "id": "100088679030686",
            "count": 1
        },
        {
            "id": "100089091496671",
            "count": 0
        },
        {
            "id": "100090107920123",
            "count": 0
        },
        {
            "id": "100090161994137",
            "count": 0
        },
        {
            "id": "100092909072974",
            "count": 26
        },
        {
            "id": "100093550402878",
            "count": 0
        },
        {
            "id": "100032007376883",
            "count": 5
        }
    ],
    "time": 5
}