{
    "total": [
        {
            "id": "1294050075",
            "count": 0
        },
        {
            "id": "100018538317217",
            "count": 0
        },
        {
            "id": "100020080466786",
            "count": 2
        },
        {
            "id": "100031227571151",
            "count": 0
        },
        {
            "id": "100037211391552",
            "count": 19
        },
        {
            "id": "100040245370819",
            "count": 0
        },
        {
            "id": "100042660194510",
            "count": 9
        },
        {
            "id": "100046622870477",
            "count": 2
        },
        {
            "id": "100047154907832",
            "count": 0
        },
        {
            "id": "100048078970197",
            "count": 0
        },
        {
            "id": "100058639833199",
            "count": 1
        },
        {
            "id": "100061131182615",
            "count": 65
        },
        {
            "id": "100063405318305",
            "count": 3
        },
        {
            "id": "100063938945591",
            "count": 6
        },
        {
            "id": "100064076232071",
            "count": 10
        },
        {
            "id": "100064939359047",
            "count": 26
        },
        {
            "id": "100067901555787",
            "count": 0
        },
        {
            "id": "100068787935338",
            "count": 0
        },
        {
            "id": "100069101160523",
            "count": 0
        },
        {
            "id": "100071541219772",
            "count": 0
        },
        {
            "id": "100072270661681",
            "count": 0
        },
        {
            "id": "100073945916394",
            "count": 0
        },
        {
            "id": "100074338881385",
            "count": 0
        },
        {
            "id": "100075210531251",
            "count": 300
        },
        {
            "id": "100075300793763",
            "count": 0
        },
        {
            "id": "100075570218311",
            "count": 50
        },
        {
            "id": "100075696961839",
            "count": 0
        },
        {
            "id": "100075923051479",
            "count": 2
        },
        {
            "id": "100076021982234",
            "count": 0
        },
        {
            "id": "100077325325121",
            "count": 37
        },
        {
            "id": "100077927181132",
            "count": 2
        },
        {
            "id": "100078629112608",
            "count": 0
        },
        {
            "id": "100079594854223",
            "count": 0
        },
        {
            "id": "100081640014287",
            "count": 0
        },
        {
            "id": "100081681617110",
            "count": 0
        },
        {
            "id": "100081782456941",
            "count": 1
        },
        {
            "id": "100081921677764",
            "count": 28
        },
        {
            "id": "100083308107076",
            "count": 0
        },
        {
            "id": "100083437413199",
            "count": 0
        },
        {
            "id": "100084100781800",
            "count": 0
        },
        {
            "id": "100084450764572",
            "count": 0
        },
        {
            "id": "100085268263661",
            "count": 14
        },
        {
            "id": "100085628850305",
            "count": 28
        },
        {
            "id": "100086303805297",
            "count": 16
        },
        {
            "id": "100086523102763",
            "count": 4
        },
        {
            "id": "100087186587145",
            "count": 4
        },
        {
            "id": "100087485372854",
            "count": 2
        },
        {
            "id": "100087500791242",
            "count": 0
        },
        {
            "id": "100088071506010",
            "count": 0
        },
        {
            "id": "100088504503223",
            "count": 0
        },
        {
            "id": "100088593272284",
            "count": 0
        },
        {
            "id": "100088595541018",
            "count": 147
        },
        {
            "id": "100088666594345",
            "count": 0
        },
        {
            "id": "100090046595391",
            "count": 1
        },
        {
            "id": "100090090180567",
            "count": 0
        },
        {
            "id": "100090102499329",
            "count": 0
        },
        {
            "id": "100090516543198",
            "count": 0
        },
        {
            "id": "100090887313473",
            "count": 13
        },
        {
            "id": "100091516207106",
            "count": 0
        },
        {
            "id": "100091516527252",
            "count": 0
        },
        {
            "id": "100091623671652",
            "count": 119
        },
        {
            "id": "100091892891736",
            "count": 3
        },
        {
            "id": "100091894884874",
            "count": 0
        },
        {
            "id": "100092241647521",
            "count": 17
        },
        {
            "id": "100093098176283",
            "count": 95
        },
        {
            "id": "100093515745426",
            "count": 0
        },
        {
            "id": "100093524238656",
            "count": 14
        },
        {
            "id": "100093573745442",
            "count": 0
        },
        {
            "id": "100093694097861",
            "count": 9
        },
        {
            "id": "100093750788954",
            "count": 5
        },
        {
            "id": "100093894682499",
            "count": 0
        },
        {
            "id": "100094024696629",
            "count": 3
        },
        {
            "id": "100094182836883",
            "count": 6
        },
        {
            "id": "100094359181940",
            "count": 0
        },
        {
            "id": "100094574133802",
            "count": 9
        },
        {
            "id": "100094605047946",
            "count": 0
        },
        {
            "id": "100094693189102",
            "count": 48
        },
        {
            "id": "100094846703855",
            "count": 0
        },
        {
            "id": "100094857392477",
            "count": 0
        },
        {
            "id": "100095111868281",
            "count": 0
        },
        {
            "id": "100095176021433",
            "count": 0
        },
        {
            "id": "100095237644368",
            "count": 0
        },
        {
            "id": "100077916072855",
            "count": 2
        },
        {
            "id": "100070734232719",
            "count": 28
        },
        {
            "id": "100080631130466",
            "count": 19
        },
        {
            "id": "100080992102224",
            "count": 1
        },
        {
            "id": "100081079059159",
            "count": 3
        },
        {
            "id": "100086280841067",
            "count": 3
        },
        {
            "id": "100092807375868",
            "count": 4
        },
        {
            "id": "61550051902760",
            "count": 7
        },
        {
            "id": "100071148133038",
            "count": 2
        },
        {
            "id": "61550101045184",
            "count": 1
        }
    ],
    "week": [
        {
            "id": "1294050075",
            "count": 0
        },
        {
            "id": "100018538317217",
            "count": 0
        },
        {
            "id": "100020080466786",
            "count": 2
        },
        {
            "id": "100031227571151",
            "count": 0
        },
        {
            "id": "100037211391552",
            "count": 19
        },
        {
            "id": "100040245370819",
            "count": 0
        },
        {
            "id": "100042660194510",
            "count": 9
        },
        {
            "id": "100046622870477",
            "count": 2
        },
        {
            "id": "100047154907832",
            "count": 0
        },
        {
            "id": "100048078970197",
            "count": 0
        },
        {
            "id": "100058639833199",
            "count": 1
        },
        {
            "id": "100061131182615",
            "count": 65
        },
        {
            "id": "100063405318305",
            "count": 3
        },
        {
            "id": "100063938945591",
            "count": 6
        },
        {
            "id": "100064076232071",
            "count": 10
        },
        {
            "id": "100064939359047",
            "count": 26
        },
        {
            "id": "100067901555787",
            "count": 0
        },
        {
            "id": "100068787935338",
            "count": 0
        },
        {
            "id": "100069101160523",
            "count": 0
        },
        {
            "id": "100071541219772",
            "count": 0
        },
        {
            "id": "100072270661681",
            "count": 0
        },
        {
            "id": "100073945916394",
            "count": 0
        },
        {
            "id": "100074338881385",
            "count": 0
        },
        {
            "id": "100075210531251",
            "count": 300
        },
        {
            "id": "100075300793763",
            "count": 0
        },
        {
            "id": "100075570218311",
            "count": 50
        },
        {
            "id": "100075696961839",
            "count": 0
        },
        {
            "id": "100075923051479",
            "count": 2
        },
        {
            "id": "100076021982234",
            "count": 0
        },
        {
            "id": "100077325325121",
            "count": 37
        },
        {
            "id": "100077927181132",
            "count": 2
        },
        {
            "id": "100078629112608",
            "count": 0
        },
        {
            "id": "100079594854223",
            "count": 0
        },
        {
            "id": "100081640014287",
            "count": 0
        },
        {
            "id": "100081681617110",
            "count": 0
        },
        {
            "id": "100081782456941",
            "count": 1
        },
        {
            "id": "100081921677764",
            "count": 28
        },
        {
            "id": "100083308107076",
            "count": 0
        },
        {
            "id": "100083437413199",
            "count": 0
        },
        {
            "id": "100084100781800",
            "count": 0
        },
        {
            "id": "100084450764572",
            "count": 0
        },
        {
            "id": "100085268263661",
            "count": 14
        },
        {
            "id": "100085628850305",
            "count": 28
        },
        {
            "id": "100086303805297",
            "count": 16
        },
        {
            "id": "100086523102763",
            "count": 4
        },
        {
            "id": "100087186587145",
            "count": 4
        },
        {
            "id": "100087485372854",
            "count": 2
        },
        {
            "id": "100087500791242",
            "count": 0
        },
        {
            "id": "100088071506010",
            "count": 0
        },
        {
            "id": "100088504503223",
            "count": 0
        },
        {
            "id": "100088593272284",
            "count": 0
        },
        {
            "id": "100088595541018",
            "count": 147
        },
        {
            "id": "100088666594345",
            "count": 0
        },
        {
            "id": "100090046595391",
            "count": 1
        },
        {
            "id": "100090090180567",
            "count": 0
        },
        {
            "id": "100090102499329",
            "count": 0
        },
        {
            "id": "100090516543198",
            "count": 0
        },
        {
            "id": "100090887313473",
            "count": 13
        },
        {
            "id": "100091516207106",
            "count": 0
        },
        {
            "id": "100091516527252",
            "count": 0
        },
        {
            "id": "100091623671652",
            "count": 119
        },
        {
            "id": "100091892891736",
            "count": 3
        },
        {
            "id": "100091894884874",
            "count": 0
        },
        {
            "id": "100092241647521",
            "count": 17
        },
        {
            "id": "100093098176283",
            "count": 95
        },
        {
            "id": "100093515745426",
            "count": 0
        },
        {
            "id": "100093524238656",
            "count": 14
        },
        {
            "id": "100093573745442",
            "count": 0
        },
        {
            "id": "100093694097861",
            "count": 9
        },
        {
            "id": "100093750788954",
            "count": 5
        },
        {
            "id": "100093894682499",
            "count": 0
        },
        {
            "id": "100094024696629",
            "count": 3
        },
        {
            "id": "100094182836883",
            "count": 6
        },
        {
            "id": "100094359181940",
            "count": 0
        },
        {
            "id": "100094574133802",
            "count": 9
        },
        {
            "id": "100094605047946",
            "count": 0
        },
        {
            "id": "100094693189102",
            "count": 48
        },
        {
            "id": "100094846703855",
            "count": 0
        },
        {
            "id": "100094857392477",
            "count": 0
        },
        {
            "id": "100095111868281",
            "count": 0
        },
        {
            "id": "100095176021433",
            "count": 0
        },
        {
            "id": "100095237644368",
            "count": 0
        },
        {
            "id": "100077916072855",
            "count": 2
        },
        {
            "id": "100070734232719",
            "count": 28
        },
        {
            "id": "100080631130466",
            "count": 19
        },
        {
            "id": "100080992102224",
            "count": 1
        },
        {
            "id": "100081079059159",
            "count": 3
        },
        {
            "id": "100086280841067",
            "count": 3
        },
        {
            "id": "100092807375868",
            "count": 4
        },
        {
            "id": "61550051902760",
            "count": 7
        },
        {
            "id": "100071148133038",
            "count": 2
        },
        {
            "id": "61550101045184",
            "count": 1
        }
    ],
    "day": [
        {
            "id": "1294050075",
            "count": 0
        },
        {
            "id": "100018538317217",
            "count": 0
        },
        {
            "id": "100020080466786",
            "count": 2
        },
        {
            "id": "100031227571151",
            "count": 0
        },
        {
            "id": "100037211391552",
            "count": 19
        },
        {
            "id": "100040245370819",
            "count": 0
        },
        {
            "id": "100042660194510",
            "count": 9
        },
        {
            "id": "100046622870477",
            "count": 2
        },
        {
            "id": "100047154907832",
            "count": 0
        },
        {
            "id": "100048078970197",
            "count": 0
        },
        {
            "id": "100058639833199",
            "count": 1
        },
        {
            "id": "100061131182615",
            "count": 65
        },
        {
            "id": "100063405318305",
            "count": 3
        },
        {
            "id": "100063938945591",
            "count": 6
        },
        {
            "id": "100064076232071",
            "count": 10
        },
        {
            "id": "100064939359047",
            "count": 26
        },
        {
            "id": "100067901555787",
            "count": 0
        },
        {
            "id": "100068787935338",
            "count": 0
        },
        {
            "id": "100069101160523",
            "count": 0
        },
        {
            "id": "100071541219772",
            "count": 0
        },
        {
            "id": "100072270661681",
            "count": 0
        },
        {
            "id": "100073945916394",
            "count": 0
        },
        {
            "id": "100074338881385",
            "count": 0
        },
        {
            "id": "100075210531251",
            "count": 300
        },
        {
            "id": "100075300793763",
            "count": 0
        },
        {
            "id": "100075570218311",
            "count": 50
        },
        {
            "id": "100075696961839",
            "count": 0
        },
        {
            "id": "100075923051479",
            "count": 2
        },
        {
            "id": "100076021982234",
            "count": 0
        },
        {
            "id": "100077325325121",
            "count": 37
        },
        {
            "id": "100077927181132",
            "count": 2
        },
        {
            "id": "100078629112608",
            "count": 0
        },
        {
            "id": "100079594854223",
            "count": 0
        },
        {
            "id": "100081640014287",
            "count": 0
        },
        {
            "id": "100081681617110",
            "count": 0
        },
        {
            "id": "100081782456941",
            "count": 1
        },
        {
            "id": "100081921677764",
            "count": 28
        },
        {
            "id": "100083308107076",
            "count": 0
        },
        {
            "id": "100083437413199",
            "count": 0
        },
        {
            "id": "100084100781800",
            "count": 0
        },
        {
            "id": "100084450764572",
            "count": 0
        },
        {
            "id": "100085268263661",
            "count": 14
        },
        {
            "id": "100085628850305",
            "count": 28
        },
        {
            "id": "100086303805297",
            "count": 16
        },
        {
            "id": "100086523102763",
            "count": 4
        },
        {
            "id": "100087186587145",
            "count": 4
        },
        {
            "id": "100087485372854",
            "count": 2
        },
        {
            "id": "100087500791242",
            "count": 0
        },
        {
            "id": "100088071506010",
            "count": 0
        },
        {
            "id": "100088504503223",
            "count": 0
        },
        {
            "id": "100088593272284",
            "count": 0
        },
        {
            "id": "100088595541018",
            "count": 147
        },
        {
            "id": "100088666594345",
            "count": 0
        },
        {
            "id": "100090046595391",
            "count": 1
        },
        {
            "id": "100090090180567",
            "count": 0
        },
        {
            "id": "100090102499329",
            "count": 0
        },
        {
            "id": "100090516543198",
            "count": 0
        },
        {
            "id": "100090887313473",
            "count": 13
        },
        {
            "id": "100091516207106",
            "count": 0
        },
        {
            "id": "100091516527252",
            "count": 0
        },
        {
            "id": "100091623671652",
            "count": 119
        },
        {
            "id": "100091892891736",
            "count": 3
        },
        {
            "id": "100091894884874",
            "count": 0
        },
        {
            "id": "100092241647521",
            "count": 17
        },
        {
            "id": "100093098176283",
            "count": 95
        },
        {
            "id": "100093515745426",
            "count": 0
        },
        {
            "id": "100093524238656",
            "count": 14
        },
        {
            "id": "100093573745442",
            "count": 0
        },
        {
            "id": "100093694097861",
            "count": 9
        },
        {
            "id": "100093750788954",
            "count": 5
        },
        {
            "id": "100093894682499",
            "count": 0
        },
        {
            "id": "100094024696629",
            "count": 3
        },
        {
            "id": "100094182836883",
            "count": 6
        },
        {
            "id": "100094359181940",
            "count": 0
        },
        {
            "id": "100094574133802",
            "count": 9
        },
        {
            "id": "100094605047946",
            "count": 0
        },
        {
            "id": "100094693189102",
            "count": 48
        },
        {
            "id": "100094846703855",
            "count": 0
        },
        {
            "id": "100094857392477",
            "count": 0
        },
        {
            "id": "100095111868281",
            "count": 0
        },
        {
            "id": "100095176021433",
            "count": 0
        },
        {
            "id": "100095237644368",
            "count": 0
        },
        {
            "id": "100077916072855",
            "count": 2
        },
        {
            "id": "100070734232719",
            "count": 28
        },
        {
            "id": "100080631130466",
            "count": 19
        },
        {
            "id": "100080992102224",
            "count": 1
        },
        {
            "id": "100081079059159",
            "count": 3
        },
        {
            "id": "100086280841067",
            "count": 3
        },
        {
            "id": "100092807375868",
            "count": 4
        },
        {
            "id": "61550051902760",
            "count": 7
        },
        {
            "id": "100071148133038",
            "count": 2
        },
        {
            "id": "61550101045184",
            "count": 1
        }
    ],
    "time": 5
}