{
    "total": [
        {
            "id": "100000225673860",
            "count": 17
        },
        {
            "id": "100037211391552",
            "count": 185
        },
        {
            "id": "100053568250530",
            "count": 129
        },
        {
            "id": "100071778753587",
            "count": 0
        },
        {
            "id": "100093550402878",
            "count": 0
        },
        {
            "id": "100094411714697",
            "count": 0
        },
        {
            "id": "100094701698985",
            "count": 0
        }
    ],
    "week": [
        {
            "id": "100000225673860",
            "count": 17
        },
        {
            "id": "100037211391552",
            "count": 185
        },
        {
            "id": "100053568250530",
            "count": 129
        },
        {
            "id": "100071778753587",
            "count": 0
        },
        {
            "id": "100093550402878",
            "count": 0
        },
        {
            "id": "100094411714697",
            "count": 0
        },
        {
            "id": "100094701698985",
            "count": 0
        }
    ],
    "day": [
        {
            "id": "100000225673860",
            "count": 17
        },
        {
            "id": "100037211391552",
            "count": 185
        },
        {
            "id": "100053568250530",
            "count": 129
        },
        {
            "id": "100071778753587",
            "count": 0
        },
        {
            "id": "100093550402878",
            "count": 0
        },
        {
            "id": "100094411714697",
            "count": 0
        },
        {
            "id": "100094701698985",
            "count": 0
        }
    ],
    "time": 5
}