{
    "total": [
        {
            "id": "543708068",
            "count": 0
        },
        {
            "id": "586539733",
            "count": 0
        },
        {
            "id": "631833393",
            "count": 0
        },
        {
            "id": "1294050075",
            "count": 2
        },
        {
            "id": "1302174459",
            "count": 0
        },
        {
            "id": "100000012770234",
            "count": 0
        },
        {
            "id": "100000551070934",
            "count": 0
        },
        {
            "id": "100000773512616",
            "count": 4
        },
        {
            "id": "100001352627749",
            "count": 3
        },
        {
            "id": "100001535438092",
            "count": 2
        },
        {
            "id": "100003226712514",
            "count": 0
        },
        {
            "id": "100004093014333",
            "count": 0
        },
        {
            "id": "100020573657413",
            "count": 8
        },
        {
            "id": "100027363174269",
            "count": 0
        },
        {
            "id": "100030375112732",
            "count": 2
        },
        {
            "id": "100031490713380",
            "count": 0
        },
        {
            "id": "100032862503623",
            "count": 0
        },
        {
            "id": "100035365091373",
            "count": 0
        },
        {
            "id": "100036916560881",
            "count": 0
        },
        {
            "id": "100037211391552",
            "count": 1
        },
        {
            "id": "100039405794534",
            "count": 0
        },
        {
            "id": "100040245370819",
            "count": 0
        },
        {
            "id": "100041185012711",
            "count": 20
        },
        {
            "id": "100042629089938",
            "count": 3
        },
        {
            "id": "100042660194510",
            "count": 2
        },
        {
            "id": "100047154907832",
            "count": 2
        },
        {
            "id": "100047246267525",
            "count": 0
        },
        {
            "id": "100048078970197",
            "count": 0
        },
        {
            "id": "100050205472246",
            "count": 0
        },
        {
            "id": "100050212400177",
            "count": 1
        },
        {
            "id": "100052896426273",
            "count": 0
        },
        {
            "id": "100054056567968",
            "count": 0
        },
        {
            "id": "100056115758358",
            "count": 0
        },
        {
            "id": "100057896054140",
            "count": 1
        },
        {
            "id": "100059248419453",
            "count": 6
        },
        {
            "id": "100059413434315",
            "count": 0
        },
        {
            "id": "100062223591247",
            "count": 0
        },
        {
            "id": "100063405318305",
            "count": 0
        },
        {
            "id": "100064076232071",
            "count": 5
        },
        {
            "id": "100064670282686",
            "count": 0
        },
        {
            "id": "100067115793706",
            "count": 0
        },
        {
            "id": "100068787935338",
            "count": 0
        },
        {
            "id": "100069514665303",
            "count": 6
        },
        {
            "id": "100073654201338",
            "count": 0
        },
        {
            "id": "100073902974057",
            "count": 0
        },
        {
            "id": "100075098595605",
            "count": 11
        },
        {
            "id": "100075210531251",
            "count": 82
        },
        {
            "id": "100075300793763",
            "count": 0
        },
        {
            "id": "100075570218311",
            "count": 14
        },
        {
            "id": "100075696961839",
            "count": 3
        },
        {
            "id": "100075779331870",
            "count": 0
        },
        {
            "id": "100075913292408",
            "count": 2
        },
        {
            "id": "100075923051479",
            "count": 3
        },
        {
            "id": "100076021982234",
            "count": 0
        },
        {
            "id": "100077453981347",
            "count": 0
        },
        {
            "id": "100077575186891",
            "count": 4
        },
        {
            "id": "100077629971129",
            "count": 0
        },
        {
            "id": "100078101224634",
            "count": 1
        },
        {
            "id": "100078737502612",
            "count": 0
        },
        {
            "id": "100078867297132",
            "count": 0
        },
        {
            "id": "100079346396148",
            "count": 1
        },
        {
            "id": "100079371816592",
            "count": 4
        },
        {
            "id": "100080980150444",
            "count": 0
        },
        {
            "id": "100081686323469",
            "count": 0
        },
        {
            "id": "100082108009386",
            "count": 0
        },
        {
            "id": "100082439223180",
            "count": 0
        },
        {
            "id": "100083437413199",
            "count": 1
        },
        {
            "id": "100084317583679",
            "count": 0
        },
        {
            "id": "100084444153850",
            "count": 3
        },
        {
            "id": "100085879787433",
            "count": 0
        },
        {
            "id": "100086767522362",
            "count": 0
        },
        {
            "id": "100086777757953",
            "count": 5
        },
        {
            "id": "100086932343573",
            "count": 7
        },
        {
            "id": "100087157703302",
            "count": 0
        },
        {
            "id": "100087186587145",
            "count": 1
        },
        {
            "id": "100087500791242",
            "count": 0
        },
        {
            "id": "100087970429811",
            "count": 0
        },
        {
            "id": "100088504503223",
            "count": 0
        },
        {
            "id": "100089692126837",
            "count": 0
        },
        {
            "id": "100090069398341",
            "count": 1
        },
        {
            "id": "100091516527252",
            "count": 0
        },
        {
            "id": "100091892891736",
            "count": 0
        },
        {
            "id": "100092235316589",
            "count": 0
        },
        {
            "id": "100092241647521",
            "count": 16
        },
        {
            "id": "100092319523153",
            "count": 0
        },
        {
            "id": "100092574800462",
            "count": 0
        },
        {
            "id": "100093098176283",
            "count": 9
        },
        {
            "id": "100093207130684",
            "count": 0
        },
        {
            "id": "100093375434502",
            "count": 0
        },
        {
            "id": "100093384397928",
            "count": 0
        },
        {
            "id": "100093515745426",
            "count": 0
        },
        {
            "id": "100093694097861",
            "count": 0
        },
        {
            "id": "100093894682499",
            "count": 0
        },
        {
            "id": "100093970681072",
            "count": 13
        },
        {
            "id": "100094267717187",
            "count": 0
        },
        {
            "id": "100094297238513",
            "count": 0
        },
        {
            "id": "100094399547803",
            "count": 0
        },
        {
            "id": "100094476218207",
            "count": 0
        },
        {
            "id": "100094574133802",
            "count": 14
        },
        {
            "id": "100094605047946",
            "count": 0
        },
        {
            "id": "100094617705504",
            "count": 0
        },
        {
            "id": "100094693189102",
            "count": 29
        },
        {
            "id": "100094846703855",
            "count": 0
        },
        {
            "id": "100095109991746",
            "count": 0
        },
        {
            "id": "100095111868281",
            "count": 0
        },
        {
            "id": "100094435061762",
            "count": 16
        },
        {
            "id": "100074429647039",
            "count": 53
        },
        {
            "id": "100079129852281",
            "count": 2
        }
    ],
    "week": [
        {
            "id": "543708068",
            "count": 0
        },
        {
            "id": "586539733",
            "count": 0
        },
        {
            "id": "631833393",
            "count": 0
        },
        {
            "id": "1294050075",
            "count": 2
        },
        {
            "id": "1302174459",
            "count": 0
        },
        {
            "id": "100000012770234",
            "count": 0
        },
        {
            "id": "100000551070934",
            "count": 0
        },
        {
            "id": "100000773512616",
            "count": 4
        },
        {
            "id": "100001352627749",
            "count": 3
        },
        {
            "id": "100001535438092",
            "count": 2
        },
        {
            "id": "100003226712514",
            "count": 0
        },
        {
            "id": "100004093014333",
            "count": 0
        },
        {
            "id": "100020573657413",
            "count": 8
        },
        {
            "id": "100027363174269",
            "count": 0
        },
        {
            "id": "100030375112732",
            "count": 2
        },
        {
            "id": "100031490713380",
            "count": 0
        },
        {
            "id": "100032862503623",
            "count": 0
        },
        {
            "id": "100035365091373",
            "count": 0
        },
        {
            "id": "100036916560881",
            "count": 0
        },
        {
            "id": "100037211391552",
            "count": 1
        },
        {
            "id": "100039405794534",
            "count": 0
        },
        {
            "id": "100040245370819",
            "count": 0
        },
        {
            "id": "100041185012711",
            "count": 20
        },
        {
            "id": "100042629089938",
            "count": 3
        },
        {
            "id": "100042660194510",
            "count": 2
        },
        {
            "id": "100047154907832",
            "count": 2
        },
        {
            "id": "100047246267525",
            "count": 0
        },
        {
            "id": "100048078970197",
            "count": 0
        },
        {
            "id": "100050205472246",
            "count": 0
        },
        {
            "id": "100050212400177",
            "count": 1
        },
        {
            "id": "100052896426273",
            "count": 0
        },
        {
            "id": "100054056567968",
            "count": 0
        },
        {
            "id": "100056115758358",
            "count": 0
        },
        {
            "id": "100057896054140",
            "count": 1
        },
        {
            "id": "100059248419453",
            "count": 6
        },
        {
            "id": "100059413434315",
            "count": 0
        },
        {
            "id": "100062223591247",
            "count": 0
        },
        {
            "id": "100063405318305",
            "count": 0
        },
        {
            "id": "100064076232071",
            "count": 5
        },
        {
            "id": "100064670282686",
            "count": 0
        },
        {
            "id": "100067115793706",
            "count": 0
        },
        {
            "id": "100068787935338",
            "count": 0
        },
        {
            "id": "100069514665303",
            "count": 6
        },
        {
            "id": "100073654201338",
            "count": 0
        },
        {
            "id": "100073902974057",
            "count": 0
        },
        {
            "id": "100075098595605",
            "count": 11
        },
        {
            "id": "100075210531251",
            "count": 82
        },
        {
            "id": "100075300793763",
            "count": 0
        },
        {
            "id": "100075570218311",
            "count": 14
        },
        {
            "id": "100075696961839",
            "count": 3
        },
        {
            "id": "100075779331870",
            "count": 0
        },
        {
            "id": "100075913292408",
            "count": 2
        },
        {
            "id": "100075923051479",
            "count": 3
        },
        {
            "id": "100076021982234",
            "count": 0
        },
        {
            "id": "100077453981347",
            "count": 0
        },
        {
            "id": "100077575186891",
            "count": 4
        },
        {
            "id": "100077629971129",
            "count": 0
        },
        {
            "id": "100078101224634",
            "count": 1
        },
        {
            "id": "100078737502612",
            "count": 0
        },
        {
            "id": "100078867297132",
            "count": 0
        },
        {
            "id": "100079346396148",
            "count": 1
        },
        {
            "id": "100079371816592",
            "count": 4
        },
        {
            "id": "100080980150444",
            "count": 0
        },
        {
            "id": "100081686323469",
            "count": 0
        },
        {
            "id": "100082108009386",
            "count": 0
        },
        {
            "id": "100082439223180",
            "count": 0
        },
        {
            "id": "100083437413199",
            "count": 1
        },
        {
            "id": "100084317583679",
            "count": 0
        },
        {
            "id": "100084444153850",
            "count": 3
        },
        {
            "id": "100085879787433",
            "count": 0
        },
        {
            "id": "100086767522362",
            "count": 0
        },
        {
            "id": "100086777757953",
            "count": 5
        },
        {
            "id": "100086932343573",
            "count": 7
        },
        {
            "id": "100087157703302",
            "count": 0
        },
        {
            "id": "100087186587145",
            "count": 1
        },
        {
            "id": "100087500791242",
            "count": 0
        },
        {
            "id": "100087970429811",
            "count": 0
        },
        {
            "id": "100088504503223",
            "count": 0
        },
        {
            "id": "100089692126837",
            "count": 0
        },
        {
            "id": "100090069398341",
            "count": 1
        },
        {
            "id": "100091516527252",
            "count": 0
        },
        {
            "id": "100091892891736",
            "count": 0
        },
        {
            "id": "100092235316589",
            "count": 0
        },
        {
            "id": "100092241647521",
            "count": 16
        },
        {
            "id": "100092319523153",
            "count": 0
        },
        {
            "id": "100092574800462",
            "count": 0
        },
        {
            "id": "100093098176283",
            "count": 9
        },
        {
            "id": "100093207130684",
            "count": 0
        },
        {
            "id": "100093375434502",
            "count": 0
        },
        {
            "id": "100093384397928",
            "count": 0
        },
        {
            "id": "100093515745426",
            "count": 0
        },
        {
            "id": "100093694097861",
            "count": 0
        },
        {
            "id": "100093894682499",
            "count": 0
        },
        {
            "id": "100093970681072",
            "count": 13
        },
        {
            "id": "100094267717187",
            "count": 0
        },
        {
            "id": "100094297238513",
            "count": 0
        },
        {
            "id": "100094399547803",
            "count": 0
        },
        {
            "id": "100094476218207",
            "count": 0
        },
        {
            "id": "100094574133802",
            "count": 14
        },
        {
            "id": "100094605047946",
            "count": 0
        },
        {
            "id": "100094617705504",
            "count": 0
        },
        {
            "id": "100094693189102",
            "count": 29
        },
        {
            "id": "100094846703855",
            "count": 0
        },
        {
            "id": "100095109991746",
            "count": 0
        },
        {
            "id": "100095111868281",
            "count": 0
        },
        {
            "id": "100094435061762",
            "count": 16
        },
        {
            "id": "100074429647039",
            "count": 53
        },
        {
            "id": "100079129852281",
            "count": 2
        }
    ],
    "day": [
        {
            "id": "543708068",
            "count": 0
        },
        {
            "id": "586539733",
            "count": 0
        },
        {
            "id": "631833393",
            "count": 0
        },
        {
            "id": "1294050075",
            "count": 2
        },
        {
            "id": "1302174459",
            "count": 0
        },
        {
            "id": "100000012770234",
            "count": 0
        },
        {
            "id": "100000551070934",
            "count": 0
        },
        {
            "id": "100000773512616",
            "count": 4
        },
        {
            "id": "100001352627749",
            "count": 3
        },
        {
            "id": "100001535438092",
            "count": 2
        },
        {
            "id": "100003226712514",
            "count": 0
        },
        {
            "id": "100004093014333",
            "count": 0
        },
        {
            "id": "100020573657413",
            "count": 8
        },
        {
            "id": "100027363174269",
            "count": 0
        },
        {
            "id": "100030375112732",
            "count": 2
        },
        {
            "id": "100031490713380",
            "count": 0
        },
        {
            "id": "100032862503623",
            "count": 0
        },
        {
            "id": "100035365091373",
            "count": 0
        },
        {
            "id": "100036916560881",
            "count": 0
        },
        {
            "id": "100037211391552",
            "count": 1
        },
        {
            "id": "100039405794534",
            "count": 0
        },
        {
            "id": "100040245370819",
            "count": 0
        },
        {
            "id": "100041185012711",
            "count": 20
        },
        {
            "id": "100042629089938",
            "count": 3
        },
        {
            "id": "100042660194510",
            "count": 2
        },
        {
            "id": "100047154907832",
            "count": 2
        },
        {
            "id": "100047246267525",
            "count": 0
        },
        {
            "id": "100048078970197",
            "count": 0
        },
        {
            "id": "100050205472246",
            "count": 0
        },
        {
            "id": "100050212400177",
            "count": 1
        },
        {
            "id": "100052896426273",
            "count": 0
        },
        {
            "id": "100054056567968",
            "count": 0
        },
        {
            "id": "100056115758358",
            "count": 0
        },
        {
            "id": "100057896054140",
            "count": 1
        },
        {
            "id": "100059248419453",
            "count": 6
        },
        {
            "id": "100059413434315",
            "count": 0
        },
        {
            "id": "100062223591247",
            "count": 0
        },
        {
            "id": "100063405318305",
            "count": 0
        },
        {
            "id": "100064076232071",
            "count": 5
        },
        {
            "id": "100064670282686",
            "count": 0
        },
        {
            "id": "100067115793706",
            "count": 0
        },
        {
            "id": "100068787935338",
            "count": 0
        },
        {
            "id": "100069514665303",
            "count": 6
        },
        {
            "id": "100073654201338",
            "count": 0
        },
        {
            "id": "100073902974057",
            "count": 0
        },
        {
            "id": "100075098595605",
            "count": 11
        },
        {
            "id": "100075210531251",
            "count": 82
        },
        {
            "id": "100075300793763",
            "count": 0
        },
        {
            "id": "100075570218311",
            "count": 14
        },
        {
            "id": "100075696961839",
            "count": 3
        },
        {
            "id": "100075779331870",
            "count": 0
        },
        {
            "id": "100075913292408",
            "count": 2
        },
        {
            "id": "100075923051479",
            "count": 3
        },
        {
            "id": "100076021982234",
            "count": 0
        },
        {
            "id": "100077453981347",
            "count": 0
        },
        {
            "id": "100077575186891",
            "count": 4
        },
        {
            "id": "100077629971129",
            "count": 0
        },
        {
            "id": "100078101224634",
            "count": 1
        },
        {
            "id": "100078737502612",
            "count": 0
        },
        {
            "id": "100078867297132",
            "count": 0
        },
        {
            "id": "100079346396148",
            "count": 1
        },
        {
            "id": "100079371816592",
            "count": 4
        },
        {
            "id": "100080980150444",
            "count": 0
        },
        {
            "id": "100081686323469",
            "count": 0
        },
        {
            "id": "100082108009386",
            "count": 0
        },
        {
            "id": "100082439223180",
            "count": 0
        },
        {
            "id": "100083437413199",
            "count": 1
        },
        {
            "id": "100084317583679",
            "count": 0
        },
        {
            "id": "100084444153850",
            "count": 3
        },
        {
            "id": "100085879787433",
            "count": 0
        },
        {
            "id": "100086767522362",
            "count": 0
        },
        {
            "id": "100086777757953",
            "count": 5
        },
        {
            "id": "100086932343573",
            "count": 7
        },
        {
            "id": "100087157703302",
            "count": 0
        },
        {
            "id": "100087186587145",
            "count": 1
        },
        {
            "id": "100087500791242",
            "count": 0
        },
        {
            "id": "100087970429811",
            "count": 0
        },
        {
            "id": "100088504503223",
            "count": 0
        },
        {
            "id": "100089692126837",
            "count": 0
        },
        {
            "id": "100090069398341",
            "count": 1
        },
        {
            "id": "100091516527252",
            "count": 0
        },
        {
            "id": "100091892891736",
            "count": 0
        },
        {
            "id": "100092235316589",
            "count": 0
        },
        {
            "id": "100092241647521",
            "count": 16
        },
        {
            "id": "100092319523153",
            "count": 0
        },
        {
            "id": "100092574800462",
            "count": 0
        },
        {
            "id": "100093098176283",
            "count": 9
        },
        {
            "id": "100093207130684",
            "count": 0
        },
        {
            "id": "100093375434502",
            "count": 0
        },
        {
            "id": "100093384397928",
            "count": 0
        },
        {
            "id": "100093515745426",
            "count": 0
        },
        {
            "id": "100093694097861",
            "count": 0
        },
        {
            "id": "100093894682499",
            "count": 0
        },
        {
            "id": "100093970681072",
            "count": 13
        },
        {
            "id": "100094267717187",
            "count": 0
        },
        {
            "id": "100094297238513",
            "count": 0
        },
        {
            "id": "100094399547803",
            "count": 0
        },
        {
            "id": "100094476218207",
            "count": 0
        },
        {
            "id": "100094574133802",
            "count": 14
        },
        {
            "id": "100094605047946",
            "count": 0
        },
        {
            "id": "100094617705504",
            "count": 0
        },
        {
            "id": "100094693189102",
            "count": 29
        },
        {
            "id": "100094846703855",
            "count": 0
        },
        {
            "id": "100095109991746",
            "count": 0
        },
        {
            "id": "100095111868281",
            "count": 0
        },
        {
            "id": "100094435061762",
            "count": 16
        },
        {
            "id": "100074429647039",
            "count": 53
        },
        {
            "id": "100079129852281",
            "count": 2
        }
    ],
    "time": 5
}