[
  {
    "user_id": "61555809030974",
    "full_name": "Hoàng Quyết Tiến",
    "balance": 0
  },
  {
    "user_id": "100059454822702",
    "full_name": "Le Trung Hieu",
    "balance": 16800000
  },
  {
    "user_id": "61557545543030",
    "full_name": "Tiến",
    "balance": 0,
    "used_giftcodes": [
      "xinanhchotin",
      "khongbtnua",
      "tienbu",
      "tiendeptrai"
    ]
  },
  {
    "user_id": "61551922490382",
    "full_name": "Anh Tuan Duong",
    "balance": 240000,
    "used_giftcodes": [
      "anhdznhat"
    ]
  },
  {
    "user_id": "61560212828103",
    "full_name": "Hoàng Gia Huy",
    "balance": 0
  },
  {
    "user_id": "61558448641094",
    "full_name": "Thanh Danh",
    "balance": 4000000
  },
  {
    "user_id": "100079238392345",
    "full_name": "Diem Quynh",
    "balance": 23600000
  }
]