{
    "total": [
        {
            "id": "621171051",
            "count": 0
        },
        {
            "id": "688718094",
            "count": 0
        },
        {
            "id": "1260180302",
            "count": 0
        },
        {
            "id": "1473645544",
            "count": 0
        },
        {
            "id": "1824557330",
            "count": 0
        },
        {
            "id": "100000306189948",
            "count": 0
        },
        {
            "id": "100000819887755",
            "count": 0
        },
        {
            "id": "100001062073423",
            "count": 0
        },
        {
            "id": "100001679488351",
            "count": 0
        },
        {
            "id": "100002877939156",
            "count": 0
        },
        {
            "id": "100003220616968",
            "count": 0
        },
        {
            "id": "100003322160627",
            "count": 0
        },
        {
            "id": "100004163678511",
            "count": 0
        },
        {
            "id": "100004366982560",
            "count": 0
        },
        {
            "id": "100004682774119",
            "count": 0
        },
        {
            "id": "100006957431314",
            "count": 0
        },
        {
            "id": "100007880912635",
            "count": 13
        },
        {
            "id": "100010618652406",
            "count": 0
        },
        {
            "id": "100011587089449",
            "count": 0
        },
        {
            "id": "100011855520258",
            "count": 16
        },
        {
            "id": "100012199992153",
            "count": 0
        },
        {
            "id": "100014615861042",
            "count": 0
        },
        {
            "id": "100014647573683",
            "count": 0
        },
        {
            "id": "100014897255552",
            "count": 0
        },
        {
            "id": "100018377417356",
            "count": 0
        },
        {
            "id": "100018605363761",
            "count": 0
        },
        {
            "id": "100022418330138",
            "count": 0
        },
        {
            "id": "100024394538258",
            "count": 0
        },
        {
            "id": "100024624939803",
            "count": 0
        },
        {
            "id": "100025713540042",
            "count": 0
        },
        {
            "id": "100026348631060",
            "count": 0
        },
        {
            "id": "100028702822783",
            "count": 0
        },
        {
            "id": "100029330253015",
            "count": 0
        },
        {
            "id": "100030333526092",
            "count": 0
        },
        {
            "id": "100033090834047",
            "count": 0
        },
        {
            "id": "100034008764465",
            "count": 0
        },
        {
            "id": "100034261636200",
            "count": 0
        },
        {
            "id": "100035338401736",
            "count": 0
        },
        {
            "id": "100035341304765",
            "count": 0
        },
        {
            "id": "100037209184113",
            "count": 0
        },
        {
            "id": "100037211391552",
            "count": 3
        },
        {
            "id": "100037565140766",
            "count": 0
        },
        {
            "id": "100037703903292",
            "count": 0
        },
        {
            "id": "100039208597307",
            "count": 0
        },
        {
            "id": "100040761302134",
            "count": 0
        },
        {
            "id": "100040943612815",
            "count": 0
        },
        {
            "id": "100041184706360",
            "count": 0
        },
        {
            "id": "100041354865168",
            "count": 0
        },
        {
            "id": "100041781575498",
            "count": 0
        },
        {
            "id": "100046095326473",
            "count": 2
        },
        {
            "id": "100047898124547",
            "count": 0
        },
        {
            "id": "100048121433546",
            "count": 0
        },
        {
            "id": "100048593391564",
            "count": 0
        },
        {
            "id": "100049162717191",
            "count": 0
        },
        {
            "id": "100049867938128",
            "count": 0
        },
        {
            "id": "100052560273619",
            "count": 0
        },
        {
            "id": "100053568250530",
            "count": 0
        },
        {
            "id": "100055245006536",
            "count": 0
        },
        {
            "id": "100055943906136",
            "count": 0
        },
        {
            "id": "100058313270528",
            "count": 0
        },
        {
            "id": "100058780356778",
            "count": 0
        },
        {
            "id": "100061285663625",
            "count": 0
        },
        {
            "id": "100066121106255",
            "count": 0
        },
        {
            "id": "100066154157005",
            "count": 0
        },
        {
            "id": "100066785243562",
            "count": 0
        },
        {
            "id": "100066990987283",
            "count": 0
        },
        {
            "id": "100068154438111",
            "count": 0
        },
        {
            "id": "100069121036934",
            "count": 0
        },
        {
            "id": "100069659805531",
            "count": 0
        },
        {
            "id": "100070409190480",
            "count": 0
        },
        {
            "id": "100070502703093",
            "count": 0
        },
        {
            "id": "100071778753587",
            "count": 0
        },
        {
            "id": "100071806453319",
            "count": 0
        },
        {
            "id": "100072260359313",
            "count": 0
        },
        {
            "id": "100073785162678",
            "count": 0
        },
        {
            "id": "100073924516982",
            "count": 0
        },
        {
            "id": "100075322512560",
            "count": 0
        },
        {
            "id": "100075355876941",
            "count": 0
        },
        {
            "id": "100075842379385",
            "count": 0
        },
        {
            "id": "100077737496982",
            "count": 0
        },
        {
            "id": "100077870917015",
            "count": 3
        },
        {
            "id": "100078446207191",
            "count": 0
        },
        {
            "id": "100078648562736",
            "count": 0
        },
        {
            "id": "100079086835283",
            "count": 0
        },
        {
            "id": "100079132493558",
            "count": 0
        },
        {
            "id": "100079309934984",
            "count": 0
        },
        {
            "id": "100079801963733",
            "count": 0
        },
        {
            "id": "100080136334956",
            "count": 0
        },
        {
            "id": "100080282356731",
            "count": 0
        },
        {
            "id": "100080637139414",
            "count": 0
        },
        {
            "id": "100080949087232",
            "count": 0
        },
        {
            "id": "100082706263195",
            "count": 0
        },
        {
            "id": "100083316369469",
            "count": 0
        },
        {
            "id": "100083318716908",
            "count": 0
        },
        {
            "id": "100084200704537",
            "count": 0
        },
        {
            "id": "100084915565775",
            "count": 0
        },
        {
            "id": "100086084516072",
            "count": 0
        },
        {
            "id": "100086137884086",
            "count": 0
        },
        {
            "id": "100087818299055",
            "count": 0
        },
        {
            "id": "100088286371303",
            "count": 0
        },
        {
            "id": "100088633806657",
            "count": 0
        },
        {
            "id": "100088843067313",
            "count": 8
        },
        {
            "id": "100089313881739",
            "count": 0
        },
        {
            "id": "100090168070553",
            "count": 0
        },
        {
            "id": "100090180575190",
            "count": 0
        },
        {
            "id": "100090471999304",
            "count": 0
        },
        {
            "id": "100090786763604",
            "count": 0
        },
        {
            "id": "100090788723237",
            "count": 0
        },
        {
            "id": "100092650782810",
            "count": 0
        },
        {
            "id": "100093179157755",
            "count": 0
        },
        {
            "id": "100093308565733",
            "count": 0
        },
        {
            "id": "100093550402878",
            "count": 0
        },
        {
            "id": "100093670658318",
            "count": 0
        },
        {
            "id": "100093699638268",
            "count": 27
        },
        {
            "id": "100094151507926",
            "count": 0
        },
        {
            "id": "100094795807876",
            "count": 12
        },
        {
            "id": "100094839158175",
            "count": 0
        }
    ],
    "week": [
        {
            "id": "621171051",
            "count": 0
        },
        {
            "id": "688718094",
            "count": 0
        },
        {
            "id": "1260180302",
            "count": 0
        },
        {
            "id": "1473645544",
            "count": 0
        },
        {
            "id": "1824557330",
            "count": 0
        },
        {
            "id": "100000306189948",
            "count": 0
        },
        {
            "id": "100000819887755",
            "count": 0
        },
        {
            "id": "100001062073423",
            "count": 0
        },
        {
            "id": "100001679488351",
            "count": 0
        },
        {
            "id": "100002877939156",
            "count": 0
        },
        {
            "id": "100003220616968",
            "count": 0
        },
        {
            "id": "100003322160627",
            "count": 0
        },
        {
            "id": "100004163678511",
            "count": 0
        },
        {
            "id": "100004366982560",
            "count": 0
        },
        {
            "id": "100004682774119",
            "count": 0
        },
        {
            "id": "100006957431314",
            "count": 0
        },
        {
            "id": "100007880912635",
            "count": 13
        },
        {
            "id": "100010618652406",
            "count": 0
        },
        {
            "id": "100011587089449",
            "count": 0
        },
        {
            "id": "100011855520258",
            "count": 16
        },
        {
            "id": "100012199992153",
            "count": 0
        },
        {
            "id": "100014615861042",
            "count": 0
        },
        {
            "id": "100014647573683",
            "count": 0
        },
        {
            "id": "100014897255552",
            "count": 0
        },
        {
            "id": "100018377417356",
            "count": 0
        },
        {
            "id": "100018605363761",
            "count": 0
        },
        {
            "id": "100022418330138",
            "count": 0
        },
        {
            "id": "100024394538258",
            "count": 0
        },
        {
            "id": "100024624939803",
            "count": 0
        },
        {
            "id": "100025713540042",
            "count": 0
        },
        {
            "id": "100026348631060",
            "count": 0
        },
        {
            "id": "100028702822783",
            "count": 0
        },
        {
            "id": "100029330253015",
            "count": 0
        },
        {
            "id": "100030333526092",
            "count": 0
        },
        {
            "id": "100033090834047",
            "count": 0
        },
        {
            "id": "100034008764465",
            "count": 0
        },
        {
            "id": "100034261636200",
            "count": 0
        },
        {
            "id": "100035338401736",
            "count": 0
        },
        {
            "id": "100035341304765",
            "count": 0
        },
        {
            "id": "100037209184113",
            "count": 0
        },
        {
            "id": "100037211391552",
            "count": 3
        },
        {
            "id": "100037565140766",
            "count": 0
        },
        {
            "id": "100037703903292",
            "count": 0
        },
        {
            "id": "100039208597307",
            "count": 0
        },
        {
            "id": "100040761302134",
            "count": 0
        },
        {
            "id": "100040943612815",
            "count": 0
        },
        {
            "id": "100041184706360",
            "count": 0
        },
        {
            "id": "100041354865168",
            "count": 0
        },
        {
            "id": "100041781575498",
            "count": 0
        },
        {
            "id": "100046095326473",
            "count": 2
        },
        {
            "id": "100047898124547",
            "count": 0
        },
        {
            "id": "100048121433546",
            "count": 0
        },
        {
            "id": "100048593391564",
            "count": 0
        },
        {
            "id": "100049162717191",
            "count": 0
        },
        {
            "id": "100049867938128",
            "count": 0
        },
        {
            "id": "100052560273619",
            "count": 0
        },
        {
            "id": "100053568250530",
            "count": 0
        },
        {
            "id": "100055245006536",
            "count": 0
        },
        {
            "id": "100055943906136",
            "count": 0
        },
        {
            "id": "100058313270528",
            "count": 0
        },
        {
            "id": "100058780356778",
            "count": 0
        },
        {
            "id": "100061285663625",
            "count": 0
        },
        {
            "id": "100066121106255",
            "count": 0
        },
        {
            "id": "100066154157005",
            "count": 0
        },
        {
            "id": "100066785243562",
            "count": 0
        },
        {
            "id": "100066990987283",
            "count": 0
        },
        {
            "id": "100068154438111",
            "count": 0
        },
        {
            "id": "100069121036934",
            "count": 0
        },
        {
            "id": "100069659805531",
            "count": 0
        },
        {
            "id": "100070409190480",
            "count": 0
        },
        {
            "id": "100070502703093",
            "count": 0
        },
        {
            "id": "100071778753587",
            "count": 0
        },
        {
            "id": "100071806453319",
            "count": 0
        },
        {
            "id": "100072260359313",
            "count": 0
        },
        {
            "id": "100073785162678",
            "count": 0
        },
        {
            "id": "100073924516982",
            "count": 0
        },
        {
            "id": "100075322512560",
            "count": 0
        },
        {
            "id": "100075355876941",
            "count": 0
        },
        {
            "id": "100075842379385",
            "count": 0
        },
        {
            "id": "100077737496982",
            "count": 0
        },
        {
            "id": "100077870917015",
            "count": 3
        },
        {
            "id": "100078446207191",
            "count": 0
        },
        {
            "id": "100078648562736",
            "count": 0
        },
        {
            "id": "100079086835283",
            "count": 0
        },
        {
            "id": "100079132493558",
            "count": 0
        },
        {
            "id": "100079309934984",
            "count": 0
        },
        {
            "id": "100079801963733",
            "count": 0
        },
        {
            "id": "100080136334956",
            "count": 0
        },
        {
            "id": "100080282356731",
            "count": 0
        },
        {
            "id": "100080637139414",
            "count": 0
        },
        {
            "id": "100080949087232",
            "count": 0
        },
        {
            "id": "100082706263195",
            "count": 0
        },
        {
            "id": "100083316369469",
            "count": 0
        },
        {
            "id": "100083318716908",
            "count": 0
        },
        {
            "id": "100084200704537",
            "count": 0
        },
        {
            "id": "100084915565775",
            "count": 0
        },
        {
            "id": "100086084516072",
            "count": 0
        },
        {
            "id": "100086137884086",
            "count": 0
        },
        {
            "id": "100087818299055",
            "count": 0
        },
        {
            "id": "100088286371303",
            "count": 0
        },
        {
            "id": "100088633806657",
            "count": 0
        },
        {
            "id": "100088843067313",
            "count": 8
        },
        {
            "id": "100089313881739",
            "count": 0
        },
        {
            "id": "100090168070553",
            "count": 0
        },
        {
            "id": "100090180575190",
            "count": 0
        },
        {
            "id": "100090471999304",
            "count": 0
        },
        {
            "id": "100090786763604",
            "count": 0
        },
        {
            "id": "100090788723237",
            "count": 0
        },
        {
            "id": "100092650782810",
            "count": 0
        },
        {
            "id": "100093179157755",
            "count": 0
        },
        {
            "id": "100093308565733",
            "count": 0
        },
        {
            "id": "100093550402878",
            "count": 0
        },
        {
            "id": "100093670658318",
            "count": 0
        },
        {
            "id": "100093699638268",
            "count": 27
        },
        {
            "id": "100094151507926",
            "count": 0
        },
        {
            "id": "100094795807876",
            "count": 12
        },
        {
            "id": "100094839158175",
            "count": 0
        }
    ],
    "day": [
        {
            "id": "621171051",
            "count": 0
        },
        {
            "id": "688718094",
            "count": 0
        },
        {
            "id": "1260180302",
            "count": 0
        },
        {
            "id": "1473645544",
            "count": 0
        },
        {
            "id": "1824557330",
            "count": 0
        },
        {
            "id": "100000306189948",
            "count": 0
        },
        {
            "id": "100000819887755",
            "count": 0
        },
        {
            "id": "100001062073423",
            "count": 0
        },
        {
            "id": "100001679488351",
            "count": 0
        },
        {
            "id": "100002877939156",
            "count": 0
        },
        {
            "id": "100003220616968",
            "count": 0
        },
        {
            "id": "100003322160627",
            "count": 0
        },
        {
            "id": "100004163678511",
            "count": 0
        },
        {
            "id": "100004366982560",
            "count": 0
        },
        {
            "id": "100004682774119",
            "count": 0
        },
        {
            "id": "100006957431314",
            "count": 0
        },
        {
            "id": "100007880912635",
            "count": 13
        },
        {
            "id": "100010618652406",
            "count": 0
        },
        {
            "id": "100011587089449",
            "count": 0
        },
        {
            "id": "100011855520258",
            "count": 16
        },
        {
            "id": "100012199992153",
            "count": 0
        },
        {
            "id": "100014615861042",
            "count": 0
        },
        {
            "id": "100014647573683",
            "count": 0
        },
        {
            "id": "100014897255552",
            "count": 0
        },
        {
            "id": "100018377417356",
            "count": 0
        },
        {
            "id": "100018605363761",
            "count": 0
        },
        {
            "id": "100022418330138",
            "count": 0
        },
        {
            "id": "100024394538258",
            "count": 0
        },
        {
            "id": "100024624939803",
            "count": 0
        },
        {
            "id": "100025713540042",
            "count": 0
        },
        {
            "id": "100026348631060",
            "count": 0
        },
        {
            "id": "100028702822783",
            "count": 0
        },
        {
            "id": "100029330253015",
            "count": 0
        },
        {
            "id": "100030333526092",
            "count": 0
        },
        {
            "id": "100033090834047",
            "count": 0
        },
        {
            "id": "100034008764465",
            "count": 0
        },
        {
            "id": "100034261636200",
            "count": 0
        },
        {
            "id": "100035338401736",
            "count": 0
        },
        {
            "id": "100035341304765",
            "count": 0
        },
        {
            "id": "100037209184113",
            "count": 0
        },
        {
            "id": "100037211391552",
            "count": 3
        },
        {
            "id": "100037565140766",
            "count": 0
        },
        {
            "id": "100037703903292",
            "count": 0
        },
        {
            "id": "100039208597307",
            "count": 0
        },
        {
            "id": "100040761302134",
            "count": 0
        },
        {
            "id": "100040943612815",
            "count": 0
        },
        {
            "id": "100041184706360",
            "count": 0
        },
        {
            "id": "100041354865168",
            "count": 0
        },
        {
            "id": "100041781575498",
            "count": 0
        },
        {
            "id": "100046095326473",
            "count": 2
        },
        {
            "id": "100047898124547",
            "count": 0
        },
        {
            "id": "100048121433546",
            "count": 0
        },
        {
            "id": "100048593391564",
            "count": 0
        },
        {
            "id": "100049162717191",
            "count": 0
        },
        {
            "id": "100049867938128",
            "count": 0
        },
        {
            "id": "100052560273619",
            "count": 0
        },
        {
            "id": "100053568250530",
            "count": 0
        },
        {
            "id": "100055245006536",
            "count": 0
        },
        {
            "id": "100055943906136",
            "count": 0
        },
        {
            "id": "100058313270528",
            "count": 0
        },
        {
            "id": "100058780356778",
            "count": 0
        },
        {
            "id": "100061285663625",
            "count": 0
        },
        {
            "id": "100066121106255",
            "count": 0
        },
        {
            "id": "100066154157005",
            "count": 0
        },
        {
            "id": "100066785243562",
            "count": 0
        },
        {
            "id": "100066990987283",
            "count": 0
        },
        {
            "id": "100068154438111",
            "count": 0
        },
        {
            "id": "100069121036934",
            "count": 0
        },
        {
            "id": "100069659805531",
            "count": 0
        },
        {
            "id": "100070409190480",
            "count": 0
        },
        {
            "id": "100070502703093",
            "count": 0
        },
        {
            "id": "100071778753587",
            "count": 0
        },
        {
            "id": "100071806453319",
            "count": 0
        },
        {
            "id": "100072260359313",
            "count": 0
        },
        {
            "id": "100073785162678",
            "count": 0
        },
        {
            "id": "100073924516982",
            "count": 0
        },
        {
            "id": "100075322512560",
            "count": 0
        },
        {
            "id": "100075355876941",
            "count": 0
        },
        {
            "id": "100075842379385",
            "count": 0
        },
        {
            "id": "100077737496982",
            "count": 0
        },
        {
            "id": "100077870917015",
            "count": 3
        },
        {
            "id": "100078446207191",
            "count": 0
        },
        {
            "id": "100078648562736",
            "count": 0
        },
        {
            "id": "100079086835283",
            "count": 0
        },
        {
            "id": "100079132493558",
            "count": 0
        },
        {
            "id": "100079309934984",
            "count": 0
        },
        {
            "id": "100079801963733",
            "count": 0
        },
        {
            "id": "100080136334956",
            "count": 0
        },
        {
            "id": "100080282356731",
            "count": 0
        },
        {
            "id": "100080637139414",
            "count": 0
        },
        {
            "id": "100080949087232",
            "count": 0
        },
        {
            "id": "100082706263195",
            "count": 0
        },
        {
            "id": "100083316369469",
            "count": 0
        },
        {
            "id": "100083318716908",
            "count": 0
        },
        {
            "id": "100084200704537",
            "count": 0
        },
        {
            "id": "100084915565775",
            "count": 0
        },
        {
            "id": "100086084516072",
            "count": 0
        },
        {
            "id": "100086137884086",
            "count": 0
        },
        {
            "id": "100087818299055",
            "count": 0
        },
        {
            "id": "100088286371303",
            "count": 0
        },
        {
            "id": "100088633806657",
            "count": 0
        },
        {
            "id": "100088843067313",
            "count": 8
        },
        {
            "id": "100089313881739",
            "count": 0
        },
        {
            "id": "100090168070553",
            "count": 0
        },
        {
            "id": "100090180575190",
            "count": 0
        },
        {
            "id": "100090471999304",
            "count": 0
        },
        {
            "id": "100090786763604",
            "count": 0
        },
        {
            "id": "100090788723237",
            "count": 0
        },
        {
            "id": "100092650782810",
            "count": 0
        },
        {
            "id": "100093179157755",
            "count": 0
        },
        {
            "id": "100093308565733",
            "count": 0
        },
        {
            "id": "100093550402878",
            "count": 0
        },
        {
            "id": "100093670658318",
            "count": 0
        },
        {
            "id": "100093699638268",
            "count": 27
        },
        {
            "id": "100094151507926",
            "count": 0
        },
        {
            "id": "100094795807876",
            "count": 12
        },
        {
            "id": "100094839158175",
            "count": 0
        }
    ],
    "time": 5
}