{
    "total": [
        {
            "id": "100037211391552",
            "count": 0
        },
        {
            "id": "100048010717991",
            "count": 0
        },
        {
            "id": "100051577174423",
            "count": 0
        },
        {
            "id": "100054723676360",
            "count": 45
        },
        {
            "id": "100060715461131",
            "count": 0
        },
        {
            "id": "100063456296135",
            "count": 0
        },
        {
            "id": "100064283311716",
            "count": 2
        },
        {
            "id": "100070210254838",
            "count": 0
        },
        {
            "id": "100071302328429",
            "count": 8
        },
        {
            "id": "100071718421710",
            "count": 0
        },
        {
            "id": "100072017886257",
            "count": 0
        },
        {
            "id": "100073005107800",
            "count": 0
        },
        {
            "id": "100075052449664",
            "count": 2
        },
        {
            "id": "100077077981392",
            "count": 43
        },
        {
            "id": "100077260292382",
            "count": 0
        },
        {
            "id": "100077687874236",
            "count": 0
        },
        {
            "id": "100077697650299",
            "count": 0
        },
        {
            "id": "100078164799568",
            "count": 0
        },
        {
            "id": "100079471755888",
            "count": 0
        },
        {
            "id": "100080872839801",
            "count": 0
        },
        {
            "id": "100081110536311",
            "count": 0
        },
        {
            "id": "100083314029202",
            "count": 0
        },
        {
            "id": "100084241914314",
            "count": 0
        },
        {
            "id": "100084303827842",
            "count": 0
        },
        {
            "id": "100084311749185",
            "count": 0
        },
        {
            "id": "100085265702968",
            "count": 2
        },
        {
            "id": "100085535044464",
            "count": 0
        },
        {
            "id": "100086135043219",
            "count": 6
        },
        {
            "id": "100086283344592",
            "count": 0
        },
        {
            "id": "100086588208260",
            "count": 1
        },
        {
            "id": "100086975121758",
            "count": 0
        },
        {
            "id": "100087271533776",
            "count": 0
        },
        {
            "id": "100087571626111",
            "count": 0
        },
        {
            "id": "100087612978351",
            "count": 0
        },
        {
            "id": "100088258876809",
            "count": 0
        },
        {
            "id": "100088311122172",
            "count": 0
        },
        {
            "id": "100088983971191",
            "count": 4
        },
        {
            "id": "100089809775624",
            "count": 3
        },
        {
            "id": "100090402847235",
            "count": 1
        },
        {
            "id": "100090924128129",
            "count": 0
        },
        {
            "id": "100091934506285",
            "count": 0
        },
        {
            "id": "100092333506797",
            "count": 0
        },
        {
            "id": "100092393328210",
            "count": 0
        },
        {
            "id": "100092654215292",
            "count": 0
        },
        {
            "id": "100092900086238",
            "count": 0
        },
        {
            "id": "100093550402878",
            "count": 0
        },
        {
            "id": "100093932034303",
            "count": 0
        },
        {
            "id": "100094134586447",
            "count": 0
        },
        {
            "id": "100094232121245",
            "count": 0
        },
        {
            "id": "100094626888234",
            "count": 0
        },
        {
            "id": "100094630101081",
            "count": 0
        }
    ],
    "week": [
        {
            "id": "100037211391552",
            "count": 0
        },
        {
            "id": "100048010717991",
            "count": 0
        },
        {
            "id": "100051577174423",
            "count": 0
        },
        {
            "id": "100054723676360",
            "count": 45
        },
        {
            "id": "100060715461131",
            "count": 0
        },
        {
            "id": "100063456296135",
            "count": 0
        },
        {
            "id": "100064283311716",
            "count": 2
        },
        {
            "id": "100070210254838",
            "count": 0
        },
        {
            "id": "100071302328429",
            "count": 8
        },
        {
            "id": "100071718421710",
            "count": 0
        },
        {
            "id": "100072017886257",
            "count": 0
        },
        {
            "id": "100073005107800",
            "count": 0
        },
        {
            "id": "100075052449664",
            "count": 2
        },
        {
            "id": "100077077981392",
            "count": 43
        },
        {
            "id": "100077260292382",
            "count": 0
        },
        {
            "id": "100077687874236",
            "count": 0
        },
        {
            "id": "100077697650299",
            "count": 0
        },
        {
            "id": "100078164799568",
            "count": 0
        },
        {
            "id": "100079471755888",
            "count": 0
        },
        {
            "id": "100080872839801",
            "count": 0
        },
        {
            "id": "100081110536311",
            "count": 0
        },
        {
            "id": "100083314029202",
            "count": 0
        },
        {
            "id": "100084241914314",
            "count": 0
        },
        {
            "id": "100084303827842",
            "count": 0
        },
        {
            "id": "100084311749185",
            "count": 0
        },
        {
            "id": "100085265702968",
            "count": 2
        },
        {
            "id": "100085535044464",
            "count": 0
        },
        {
            "id": "100086135043219",
            "count": 6
        },
        {
            "id": "100086283344592",
            "count": 0
        },
        {
            "id": "100086588208260",
            "count": 1
        },
        {
            "id": "100086975121758",
            "count": 0
        },
        {
            "id": "100087271533776",
            "count": 0
        },
        {
            "id": "100087571626111",
            "count": 0
        },
        {
            "id": "100087612978351",
            "count": 0
        },
        {
            "id": "100088258876809",
            "count": 0
        },
        {
            "id": "100088311122172",
            "count": 0
        },
        {
            "id": "100088983971191",
            "count": 4
        },
        {
            "id": "100089809775624",
            "count": 3
        },
        {
            "id": "100090402847235",
            "count": 1
        },
        {
            "id": "100090924128129",
            "count": 0
        },
        {
            "id": "100091934506285",
            "count": 0
        },
        {
            "id": "100092333506797",
            "count": 0
        },
        {
            "id": "100092393328210",
            "count": 0
        },
        {
            "id": "100092654215292",
            "count": 0
        },
        {
            "id": "100092900086238",
            "count": 0
        },
        {
            "id": "100093550402878",
            "count": 0
        },
        {
            "id": "100093932034303",
            "count": 0
        },
        {
            "id": "100094134586447",
            "count": 0
        },
        {
            "id": "100094232121245",
            "count": 0
        },
        {
            "id": "100094626888234",
            "count": 0
        },
        {
            "id": "100094630101081",
            "count": 0
        }
    ],
    "day": [
        {
            "id": "100037211391552",
            "count": 0
        },
        {
            "id": "100048010717991",
            "count": 0
        },
        {
            "id": "100051577174423",
            "count": 0
        },
        {
            "id": "100054723676360",
            "count": 45
        },
        {
            "id": "100060715461131",
            "count": 0
        },
        {
            "id": "100063456296135",
            "count": 0
        },
        {
            "id": "100064283311716",
            "count": 2
        },
        {
            "id": "100070210254838",
            "count": 0
        },
        {
            "id": "100071302328429",
            "count": 8
        },
        {
            "id": "100071718421710",
            "count": 0
        },
        {
            "id": "100072017886257",
            "count": 0
        },
        {
            "id": "100073005107800",
            "count": 0
        },
        {
            "id": "100075052449664",
            "count": 2
        },
        {
            "id": "100077077981392",
            "count": 43
        },
        {
            "id": "100077260292382",
            "count": 0
        },
        {
            "id": "100077687874236",
            "count": 0
        },
        {
            "id": "100077697650299",
            "count": 0
        },
        {
            "id": "100078164799568",
            "count": 0
        },
        {
            "id": "100079471755888",
            "count": 0
        },
        {
            "id": "100080872839801",
            "count": 0
        },
        {
            "id": "100081110536311",
            "count": 0
        },
        {
            "id": "100083314029202",
            "count": 0
        },
        {
            "id": "100084241914314",
            "count": 0
        },
        {
            "id": "100084303827842",
            "count": 0
        },
        {
            "id": "100084311749185",
            "count": 0
        },
        {
            "id": "100085265702968",
            "count": 2
        },
        {
            "id": "100085535044464",
            "count": 0
        },
        {
            "id": "100086135043219",
            "count": 6
        },
        {
            "id": "100086283344592",
            "count": 0
        },
        {
            "id": "100086588208260",
            "count": 1
        },
        {
            "id": "100086975121758",
            "count": 0
        },
        {
            "id": "100087271533776",
            "count": 0
        },
        {
            "id": "100087571626111",
            "count": 0
        },
        {
            "id": "100087612978351",
            "count": 0
        },
        {
            "id": "100088258876809",
            "count": 0
        },
        {
            "id": "100088311122172",
            "count": 0
        },
        {
            "id": "100088983971191",
            "count": 4
        },
        {
            "id": "100089809775624",
            "count": 3
        },
        {
            "id": "100090402847235",
            "count": 1
        },
        {
            "id": "100090924128129",
            "count": 0
        },
        {
            "id": "100091934506285",
            "count": 0
        },
        {
            "id": "100092333506797",
            "count": 0
        },
        {
            "id": "100092393328210",
            "count": 0
        },
        {
            "id": "100092654215292",
            "count": 0
        },
        {
            "id": "100092900086238",
            "count": 0
        },
        {
            "id": "100093550402878",
            "count": 0
        },
        {
            "id": "100093932034303",
            "count": 0
        },
        {
            "id": "100094134586447",
            "count": 0
        },
        {
            "id": "100094232121245",
            "count": 0
        },
        {
            "id": "100094626888234",
            "count": 0
        },
        {
            "id": "100094630101081",
            "count": 0
        }
    ],
    "time": 5
}