{
    "total": [
        {
            "id": "100019312915078",
            "count": 0
        },
        {
            "id": "100019601137327",
            "count": 0
        },
        {
            "id": "100023120673064",
            "count": 0
        },
        {
            "id": "100024818624566",
            "count": 0
        },
        {
            "id": "100026436964847",
            "count": 28
        },
        {
            "id": "100033854560945",
            "count": 120
        },
        {
            "id": "100037211391552",
            "count": 26
        },
        {
            "id": "100037565140766",
            "count": 9
        },
        {
            "id": "100039745942330",
            "count": 36
        },
        {
            "id": "100042031353992",
            "count": 0
        },
        {
            "id": "100046979709460",
            "count": 10
        },
        {
            "id": "100047815010736",
            "count": 0
        },
        {
            "id": "100048687048576",
            "count": 0
        },
        {
            "id": "100048900653761",
            "count": 0
        },
        {
            "id": "100053277541981",
            "count": 0
        },
        {
            "id": "100055236739647",
            "count": 0
        },
        {
            "id": "100056082453547",
            "count": 0
        },
        {
            "id": "100060679930285",
            "count": 0
        },
        {
            "id": "100064446734117",
            "count": 0
        },
        {
            "id": "100064499580406",
            "count": 0
        },
        {
            "id": "100066590441822",
            "count": 51
        },
        {
            "id": "100067370437286",
            "count": 8
        },
        {
            "id": "100069574336695",
            "count": 51
        },
        {
            "id": "100070085087468",
            "count": 0
        },
        {
            "id": "100072830468047",
            "count": 0
        },
        {
            "id": "100073344516412",
            "count": 0
        },
        {
            "id": "100073847382443",
            "count": 0
        },
        {
            "id": "100074408287107",
            "count": 328
        },
        {
            "id": "100074798065752",
            "count": 0
        },
        {
            "id": "100075095757381",
            "count": 0
        },
        {
            "id": "100075460067875",
            "count": 0
        },
        {
            "id": "100075878192986",
            "count": 0
        },
        {
            "id": "100078373868133",
            "count": 0
        },
        {
            "id": "100079015042080",
            "count": 0
        },
        {
            "id": "100080573146058",
            "count": 0
        },
        {
            "id": "100081289247614",
            "count": 36
        },
        {
            "id": "100081961241289",
            "count": 0
        },
        {
            "id": "100082201142099",
            "count": 0
        },
        {
            "id": "100082276330058",
            "count": 0
        },
        {
            "id": "100084612507024",
            "count": 0
        },
        {
            "id": "100084755034612",
            "count": 0
        },
        {
            "id": "100085055236829",
            "count": 0
        },
        {
            "id": "100088146281225",
            "count": 0
        },
        {
            "id": "100088306551006",
            "count": 0
        },
        {
            "id": "100088439076867",
            "count": 0
        },
        {
            "id": "100088714152743",
            "count": 0
        },
        {
            "id": "100089054195483",
            "count": 0
        },
        {
            "id": "100094846703855",
            "count": 0
        },
        {
            "id": "100095118368751",
            "count": 0
        }
    ],
    "week": [
        {
            "id": "100019312915078",
            "count": 0
        },
        {
            "id": "100019601137327",
            "count": 0
        },
        {
            "id": "100023120673064",
            "count": 0
        },
        {
            "id": "100024818624566",
            "count": 0
        },
        {
            "id": "100026436964847",
            "count": 28
        },
        {
            "id": "100033854560945",
            "count": 120
        },
        {
            "id": "100037211391552",
            "count": 26
        },
        {
            "id": "100037565140766",
            "count": 9
        },
        {
            "id": "100039745942330",
            "count": 36
        },
        {
            "id": "100042031353992",
            "count": 0
        },
        {
            "id": "100046979709460",
            "count": 10
        },
        {
            "id": "100047815010736",
            "count": 0
        },
        {
            "id": "100048687048576",
            "count": 0
        },
        {
            "id": "100048900653761",
            "count": 0
        },
        {
            "id": "100053277541981",
            "count": 0
        },
        {
            "id": "100055236739647",
            "count": 0
        },
        {
            "id": "100056082453547",
            "count": 0
        },
        {
            "id": "100060679930285",
            "count": 0
        },
        {
            "id": "100064446734117",
            "count": 0
        },
        {
            "id": "100064499580406",
            "count": 0
        },
        {
            "id": "100066590441822",
            "count": 51
        },
        {
            "id": "100067370437286",
            "count": 8
        },
        {
            "id": "100069574336695",
            "count": 51
        },
        {
            "id": "100070085087468",
            "count": 0
        },
        {
            "id": "100072830468047",
            "count": 0
        },
        {
            "id": "100073344516412",
            "count": 0
        },
        {
            "id": "100073847382443",
            "count": 0
        },
        {
            "id": "100074408287107",
            "count": 328
        },
        {
            "id": "100074798065752",
            "count": 0
        },
        {
            "id": "100075095757381",
            "count": 0
        },
        {
            "id": "100075460067875",
            "count": 0
        },
        {
            "id": "100075878192986",
            "count": 0
        },
        {
            "id": "100078373868133",
            "count": 0
        },
        {
            "id": "100079015042080",
            "count": 0
        },
        {
            "id": "100080573146058",
            "count": 0
        },
        {
            "id": "100081289247614",
            "count": 36
        },
        {
            "id": "100081961241289",
            "count": 0
        },
        {
            "id": "100082201142099",
            "count": 0
        },
        {
            "id": "100082276330058",
            "count": 0
        },
        {
            "id": "100084612507024",
            "count": 0
        },
        {
            "id": "100084755034612",
            "count": 0
        },
        {
            "id": "100085055236829",
            "count": 0
        },
        {
            "id": "100088146281225",
            "count": 0
        },
        {
            "id": "100088306551006",
            "count": 0
        },
        {
            "id": "100088439076867",
            "count": 0
        },
        {
            "id": "100088714152743",
            "count": 0
        },
        {
            "id": "100089054195483",
            "count": 0
        },
        {
            "id": "100094846703855",
            "count": 0
        },
        {
            "id": "100095118368751",
            "count": 0
        }
    ],
    "day": [
        {
            "id": "100019312915078",
            "count": 0
        },
        {
            "id": "100019601137327",
            "count": 0
        },
        {
            "id": "100023120673064",
            "count": 0
        },
        {
            "id": "100024818624566",
            "count": 0
        },
        {
            "id": "100026436964847",
            "count": 28
        },
        {
            "id": "100033854560945",
            "count": 120
        },
        {
            "id": "100037211391552",
            "count": 26
        },
        {
            "id": "100037565140766",
            "count": 9
        },
        {
            "id": "100039745942330",
            "count": 36
        },
        {
            "id": "100042031353992",
            "count": 0
        },
        {
            "id": "100046979709460",
            "count": 10
        },
        {
            "id": "100047815010736",
            "count": 0
        },
        {
            "id": "100048687048576",
            "count": 0
        },
        {
            "id": "100048900653761",
            "count": 0
        },
        {
            "id": "100053277541981",
            "count": 0
        },
        {
            "id": "100055236739647",
            "count": 0
        },
        {
            "id": "100056082453547",
            "count": 0
        },
        {
            "id": "100060679930285",
            "count": 0
        },
        {
            "id": "100064446734117",
            "count": 0
        },
        {
            "id": "100064499580406",
            "count": 0
        },
        {
            "id": "100066590441822",
            "count": 51
        },
        {
            "id": "100067370437286",
            "count": 8
        },
        {
            "id": "100069574336695",
            "count": 51
        },
        {
            "id": "100070085087468",
            "count": 0
        },
        {
            "id": "100072830468047",
            "count": 0
        },
        {
            "id": "100073344516412",
            "count": 0
        },
        {
            "id": "100073847382443",
            "count": 0
        },
        {
            "id": "100074408287107",
            "count": 328
        },
        {
            "id": "100074798065752",
            "count": 0
        },
        {
            "id": "100075095757381",
            "count": 0
        },
        {
            "id": "100075460067875",
            "count": 0
        },
        {
            "id": "100075878192986",
            "count": 0
        },
        {
            "id": "100078373868133",
            "count": 0
        },
        {
            "id": "100079015042080",
            "count": 0
        },
        {
            "id": "100080573146058",
            "count": 0
        },
        {
            "id": "100081289247614",
            "count": 36
        },
        {
            "id": "100081961241289",
            "count": 0
        },
        {
            "id": "100082201142099",
            "count": 0
        },
        {
            "id": "100082276330058",
            "count": 0
        },
        {
            "id": "100084612507024",
            "count": 0
        },
        {
            "id": "100084755034612",
            "count": 0
        },
        {
            "id": "100085055236829",
            "count": 0
        },
        {
            "id": "100088146281225",
            "count": 0
        },
        {
            "id": "100088306551006",
            "count": 0
        },
        {
            "id": "100088439076867",
            "count": 0
        },
        {
            "id": "100088714152743",
            "count": 0
        },
        {
            "id": "100089054195483",
            "count": 0
        },
        {
            "id": "100094846703855",
            "count": 0
        },
        {
            "id": "100095118368751",
            "count": 0
        }
    ],
    "time": 5
}