{
    "total": [
        {
            "id": "100025111939814",
            "count": 124
        },
        {
            "id": "100035956422417",
            "count": 0
        },
        {
            "id": "100044751939946",
            "count": 0
        },
        {
            "id": "100093550402878",
            "count": 0
        }
    ],
    "week": [
        {
            "id": "100025111939814",
            "count": 124
        },
        {
            "id": "100035956422417",
            "count": 0
        },
        {
            "id": "100044751939946",
            "count": 0
        },
        {
            "id": "100093550402878",
            "count": 0
        }
    ],
    "day": [
        {
            "id": "100025111939814",
            "count": 124
        },
        {
            "id": "100035956422417",
            "count": 0
        },
        {
            "id": "100044751939946",
            "count": 0
        },
        {
            "id": "100093550402878",
            "count": 0
        }
    ],
    "time": 5
}