{
    "total": [
        {
            "id": "100028703615970",
            "count": 2
        },
        {
            "id": "100037211391552",
            "count": 2
        },
        {
            "id": "100037617859747",
            "count": 184
        },
        {
            "id": "100041484526817",
            "count": 376
        },
        {
            "id": "100041516408552",
            "count": 87
        },
        {
            "id": "100046510322902",
            "count": 11
        },
        {
            "id": "100047952431123",
            "count": 10
        },
        {
            "id": "100048815610207",
            "count": 48
        },
        {
            "id": "100050910763163",
            "count": 112
        },
        {
            "id": "100052782248803",
            "count": 24
        },
        {
            "id": "100054481631168",
            "count": 32
        },
        {
            "id": "100063611146423",
            "count": 2
        },
        {
            "id": "100069234438130",
            "count": 445
        },
        {
            "id": "100071115441511",
            "count": 16
        },
        {
            "id": "100073010912828",
            "count": 923
        },
        {
            "id": "100073098831738",
            "count": 209
        },
        {
            "id": "100073408560915",
            "count": 1013
        },
        {
            "id": "100074722710992",
            "count": 131
        },
        {
            "id": "100075268951000",
            "count": 914
        },
        {
            "id": "100077549356305",
            "count": 1490
        },
        {
            "id": "100077598536769",
            "count": 0
        },
        {
            "id": "100078348242412",
            "count": 199
        },
        {
            "id": "100079153964834",
            "count": 997
        },
        {
            "id": "100080112802389",
            "count": 516
        },
        {
            "id": "100080465647821",
            "count": 182
        },
        {
            "id": "100081507282406",
            "count": 27
        },
        {
            "id": "100081665093275",
            "count": 29
        },
        {
            "id": "100082122417212",
            "count": 1131
        },
        {
            "id": "100082131564737",
            "count": 170
        },
        {
            "id": "100083708016074",
            "count": 53
        },
        {
            "id": "100088117356197",
            "count": 209
        },
        {
            "id": "100089220971693",
            "count": 150
        },
        {
            "id": "100089388684978",
            "count": 86
        },
        {
            "id": "100089683325470",
            "count": 70
        },
        {
            "id": "100091371095000",
            "count": 0
        },
        {
            "id": "100091575170704",
            "count": 11
        },
        {
            "id": "100092222547626",
            "count": 94
        },
        {
            "id": "100093133960052",
            "count": 54
        },
        {
            "id": "100094846703855",
            "count": 0
        },
        {
            "id": "100095442914077",
            "count": 254
        },
        {
            "id": "100090610212531",
            "count": 51
        },
        {
            "id": "100019138411852",
            "count": 22
        }
    ],
    "week": [
        {
            "id": "100028703615970",
            "count": 2
        },
        {
            "id": "100037211391552",
            "count": 2
        },
        {
            "id": "100037617859747",
            "count": 184
        },
        {
            "id": "100041484526817",
            "count": 376
        },
        {
            "id": "100041516408552",
            "count": 87
        },
        {
            "id": "100046510322902",
            "count": 11
        },
        {
            "id": "100047952431123",
            "count": 10
        },
        {
            "id": "100048815610207",
            "count": 48
        },
        {
            "id": "100050910763163",
            "count": 112
        },
        {
            "id": "100052782248803",
            "count": 24
        },
        {
            "id": "100054481631168",
            "count": 32
        },
        {
            "id": "100063611146423",
            "count": 2
        },
        {
            "id": "100069234438130",
            "count": 445
        },
        {
            "id": "100071115441511",
            "count": 16
        },
        {
            "id": "100073010912828",
            "count": 923
        },
        {
            "id": "100073098831738",
            "count": 209
        },
        {
            "id": "100073408560915",
            "count": 1013
        },
        {
            "id": "100074722710992",
            "count": 131
        },
        {
            "id": "100075268951000",
            "count": 914
        },
        {
            "id": "100077549356305",
            "count": 1490
        },
        {
            "id": "100077598536769",
            "count": 0
        },
        {
            "id": "100078348242412",
            "count": 199
        },
        {
            "id": "100079153964834",
            "count": 997
        },
        {
            "id": "100080112802389",
            "count": 516
        },
        {
            "id": "100080465647821",
            "count": 182
        },
        {
            "id": "100081507282406",
            "count": 27
        },
        {
            "id": "100081665093275",
            "count": 29
        },
        {
            "id": "100082122417212",
            "count": 1131
        },
        {
            "id": "100082131564737",
            "count": 170
        },
        {
            "id": "100083708016074",
            "count": 53
        },
        {
            "id": "100088117356197",
            "count": 209
        },
        {
            "id": "100089220971693",
            "count": 150
        },
        {
            "id": "100089388684978",
            "count": 86
        },
        {
            "id": "100089683325470",
            "count": 70
        },
        {
            "id": "100091371095000",
            "count": 0
        },
        {
            "id": "100091575170704",
            "count": 11
        },
        {
            "id": "100092222547626",
            "count": 94
        },
        {
            "id": "100093133960052",
            "count": 54
        },
        {
            "id": "100094846703855",
            "count": 0
        },
        {
            "id": "100095442914077",
            "count": 254
        },
        {
            "id": "100090610212531",
            "count": 51
        },
        {
            "id": "100019138411852",
            "count": 22
        }
    ],
    "day": [
        {
            "id": "100028703615970",
            "count": 2
        },
        {
            "id": "100037211391552",
            "count": 2
        },
        {
            "id": "100037617859747",
            "count": 184
        },
        {
            "id": "100041484526817",
            "count": 376
        },
        {
            "id": "100041516408552",
            "count": 87
        },
        {
            "id": "100046510322902",
            "count": 11
        },
        {
            "id": "100047952431123",
            "count": 10
        },
        {
            "id": "100048815610207",
            "count": 48
        },
        {
            "id": "100050910763163",
            "count": 112
        },
        {
            "id": "100052782248803",
            "count": 24
        },
        {
            "id": "100054481631168",
            "count": 32
        },
        {
            "id": "100063611146423",
            "count": 2
        },
        {
            "id": "100069234438130",
            "count": 445
        },
        {
            "id": "100071115441511",
            "count": 16
        },
        {
            "id": "100073010912828",
            "count": 923
        },
        {
            "id": "100073098831738",
            "count": 209
        },
        {
            "id": "100073408560915",
            "count": 1013
        },
        {
            "id": "100074722710992",
            "count": 131
        },
        {
            "id": "100075268951000",
            "count": 914
        },
        {
            "id": "100077549356305",
            "count": 1490
        },
        {
            "id": "100077598536769",
            "count": 0
        },
        {
            "id": "100078348242412",
            "count": 199
        },
        {
            "id": "100079153964834",
            "count": 997
        },
        {
            "id": "100080112802389",
            "count": 516
        },
        {
            "id": "100080465647821",
            "count": 182
        },
        {
            "id": "100081507282406",
            "count": 27
        },
        {
            "id": "100081665093275",
            "count": 29
        },
        {
            "id": "100082122417212",
            "count": 1131
        },
        {
            "id": "100082131564737",
            "count": 170
        },
        {
            "id": "100083708016074",
            "count": 53
        },
        {
            "id": "100088117356197",
            "count": 209
        },
        {
            "id": "100089220971693",
            "count": 150
        },
        {
            "id": "100089388684978",
            "count": 86
        },
        {
            "id": "100089683325470",
            "count": 70
        },
        {
            "id": "100091371095000",
            "count": 0
        },
        {
            "id": "100091575170704",
            "count": 11
        },
        {
            "id": "100092222547626",
            "count": 94
        },
        {
            "id": "100093133960052",
            "count": 54
        },
        {
            "id": "100094846703855",
            "count": 0
        },
        {
            "id": "100095442914077",
            "count": 254
        },
        {
            "id": "100090610212531",
            "count": 51
        },
        {
            "id": "100019138411852",
            "count": 22
        }
    ],
    "time": 5
}