[
    {
        "phien": 2,
        "result": "xỉu",
        "dice1": 2,
        "dice2": 1,
        "dice3": 3
    },
    {
        "phien": 3,
        "result": "xỉu",
        "dice1": 2,
        "dice2": 3,
        "dice3": 5
    },
    {
        "phien": 4,
        "result": "xỉu",
        "dice1": 4,
        "dice2": 2,
        "dice3": 4
    },
    {
        "phien": 5,
        "result": "xỉu",
        "dice1": 4,
        "dice2": 4,
        "dice3": 1
    },
    {
        "phien": 6,
        "result": "xỉu",
        "dice1": 1,
        "dice2": 3,
        "dice3": 3
    },
    {
        "phien": 7,
        "result": "tài",
        "dice1": 6,
        "dice2": 5,
        "dice3": 6
    },
    {
        "phien": 8,
        "result": "tài",
        "dice1": 6,
        "dice2": 4,
        "dice3": 6
    },
    {
        "phien": 9,
        "result": "tài",
        "dice1": 2,
        "dice2": 5,
        "dice3": 6
    },
    {
        "phien": 10,
        "result": "tài",
        "dice1": 4,
        "dice2": 6,
        "dice3": 1
    },
    {
        "phien": 11,
        "result": "xỉu",
        "dice1": 5,
        "dice2": 4,
        "dice3": 1
    },
    {
        "phien": 12,
        "result": "xỉu",
        "dice1": 1,
        "dice2": 5,
        "dice3": 4
    },
    {
        "phien": 13,
        "result": "tài",
        "dice1": 6,
        "dice2": 6,
        "dice3": 5
    },
    {
        "phien": 14,
        "result": "xỉu",
        "dice1": 5,
        "dice2": 1,
        "dice3": 2
    },
    {
        "phien": 15,
        "result": "tài",
        "dice1": 6,
        "dice2": 2,
        "dice3": 6
    },
    {
        "phien": 16,
        "result": "tài",
        "dice1": 3,
        "dice2": 5,
        "dice3": 3
    },
    {
        "phien": 17,
        "result": "xỉu",
        "dice1": 2,
        "dice2": 1,
        "dice3": 5
    },
    {
        "phien": 18,
        "result": "xỉu",
        "dice1": 1,
        "dice2": 3,
        "dice3": 1
    },
    {
        "phien": 19,
        "result": "tài",
        "dice1": 3,
        "dice2": 4,
        "dice3": 6
    },
    {
        "phien": 20,
        "result": "tài",
        "dice1": 1,
        "dice2": 5,
        "dice3": 6
    },
    {
        "phien": 21,
        "result": "tài",
        "dice1": 3,
        "dice2": 3,
        "dice3": 5
    },
    {
        "phien": 22,
        "result": "tài",
        "dice1": 4,
        "dice2": 6,
        "dice3": 3
    },
    {
        "phien": 23,
        "result": "xỉu",
        "dice1": 6,
        "dice2": 1,
        "dice3": 3
    },
    {
        "phien": 24,
        "result": "xỉu",
        "dice1": 4,
        "dice2": 5,
        "dice3": 1
    },
    {
        "phien": 25,
        "result": "xỉu",
        "dice1": 6,
        "dice2": 1,
        "dice3": 2
    },
    {
        "phien": 26,
        "result": "tài",
        "dice1": 6,
        "dice2": 4,
        "dice3": 6
    },
    {
        "phien": 27,
        "result": "xỉu",
        "dice1": 3,
        "dice2": 2,
        "dice3": 1
    },
    {
        "phien": 28,
        "result": "tài",
        "dice1": 4,
        "dice2": 4,
        "dice3": 4
    },
    {
        "phien": 29,
        "result": "tài",
        "dice1": 3,
        "dice2": 3,
        "dice3": 6
    },
    {
        "phien": 30,
        "result": "tài",
        "dice1": 6,
        "dice2": 4,
        "dice3": 5
    },
    {
        "phien": 31,
        "result": "tài",
        "dice1": 4,
        "dice2": 6,
        "dice3": 4
    },
    {
        "phien": 32,
        "result": "xỉu",
        "dice1": 3,
        "dice2": 3,
        "dice3": 4
    },
    {
        "phien": 33,
        "result": "tài",
        "dice1": 3,
        "dice2": 6,
        "dice3": 4
    },
    {
        "phien": 34,
        "result": "xỉu",
        "dice1": 1,
        "dice2": 4,
        "dice3": 5
    },
    {
        "phien": 35,
        "result": "tài",
        "dice1": 5,
        "dice2": 4,
        "dice3": 2
    },
    {
        "phien": 36,
        "result": "tài",
        "dice1": 6,
        "dice2": 6,
        "dice3": 5
    },
    {
        "phien": 37,
        "result": "tài",
        "dice1": 1,
        "dice2": 4,
        "dice3": 6
    },
    {
        "phien": 38,
        "result": "xỉu",
        "dice1": 1,
        "dice2": 1,
        "dice3": 6
    },
    {
        "phien": 39,
        "result": "xỉu",
        "dice1": 2,
        "dice2": 3,
        "dice3": 5
    },
    {
        "phien": 40,
        "result": "tài",
        "dice1": 4,
        "dice2": 4,
        "dice3": 4
    },
    {
        "phien": 41,
        "result": "tài",
        "dice1": 2,
        "dice2": 4,
        "dice3": 5
    },
    {
        "phien": 42,
        "result": "tài",
        "dice1": 6,
        "dice2": 6,
        "dice3": 3
    },
    {
        "phien": 43,
        "result": "xỉu",
        "dice1": 2,
        "dice2": 5,
        "dice3": 3
    },
    {
        "phien": 44,
        "result": "xỉu",
        "dice1": 2,
        "dice2": 4,
        "dice3": 4
    },
    {
        "phien": 45,
        "result": "tài",
        "dice1": 5,
        "dice2": 3,
        "dice3": 4
    },
    {
        "phien": 46,
        "result": "xỉu",
        "dice1": 3,
        "dice2": 5,
        "dice3": 2
    },
    {
        "phien": 47,
        "result": "tài",
        "dice1": 5,
        "dice2": 6,
        "dice3": 2
    },
    {
        "phien": 48,
        "result": "xỉu",
        "dice1": 2,
        "dice2": 1,
        "dice3": 4
    }
]