[
    {
        "id": "test",
        "fen": "r1bqkbnr/pPpppppp/8/3n4/8/8/1PPPPPPP/RNBQKBNR w KQkq - 1 5"
    },
    {
        "id": "6245529198893229",
        "fen": "2bqkbnr/2pppp2/B5p1/7p/N3P3/P4N2/2PP1PPP/R1r1K2R w KQk - 0 14"
    },
    {
        "id": "9866439873428983",
        "fen": "1nbqkb2/2ppp1pr/r4n1p/pP1P4/1PP1p3/R7/5PPP/1NBQKBNR w K - 1 9"
    },
    {
        "id": "1",
        "fen": "rnbqkbnr/1ppppppp/8/p7/P7/8/1PPPPPPP/RNBQKBNR w KQkq - 0 2"
    },
    {
        "id": "545",
        "fen": "rnbqkbnr/pppppppp/8/8/8/8/PPPPPPPP/RNBQKBNR w KQkq - 0 1"
    },
    {
        "id": "6100928946673908",
        "fen": "rnbqkb1r/ppp3pp/3p1p2/4p3/4P1nB/P2P1N2/1PP2PPP/RN1QKB1R b KQkq - 1 6"
    },
    {
        "id": "6904536969639710",
        "fen": "rnbqkbnr/pppppppp/8/8/8/8/PPPPPPPP/RNBQKBNR w KQkq - 0 1"
    },
    {
        "id": "7195253510498141",
        "fen": "rnbqkbnr/pppppppp/8/8/8/8/PPPPPPPP/RNBQKBNR w KQkq - 0 1"
    }
]