{
    "name": "Cánh Cụt Không Bay",
    "ID": "100088843067313",
    "mainROD": null,
    "GPS": {
        "locate": null,
        "area": null
    },
    "fishBag": [
        {
            "ID": 0,
            "name": "Đừng bán con cá này ko là lỗi tao đéo chịu trách nhiệm đâu",
            "category": "Unnamed",
            "size": 999999,
            "sell": 0
        }
    ],
    "point": [
        {
            "ID": 0,
            "name": "Đừng bán con cá này ko là lỗi tao đéo chịu trách nhiệm đâu",
            "category": "Unnamed",
            "size": 999999,
            "sell": 0
        }
    ],
    "item": [],
    "timeRegister": "20:01:09, 12/7/2023"
}