{
    "name": "Uyên Phan",
    "ID": "100070331837670",
    "mainROD": null,
    "GPS": {
        "locate": null,
        "area": null
    },
    "fishBag": [
        {
            "ID": 0,
            "name": "Đừng bán con cá này ko là lỗi tao đéo chịu trách nhiệm đâu",
            "category": "Unnamed",
            "size": 999999,
            "sell": 0
        }
    ],
    "point": [
        {
            "ID": 0,
            "name": "Đừng bán con cá này ko là lỗi tao đéo chịu trách nhiệm đâu",
            "category": "Unnamed",
            "size": 999999,
            "sell": 0
        }
    ],
    "item": [],
    "timeRegister": "08:46:22, 13/7/2023"
}