[
    {
        "threadID": "6834871869889629",
        "data": {
            "7": "chó Arie Hasit",
            "10": "Sex",
            "199": "Tiến",
            "666": "Tiến",
            "999": "sex Peter Saldarriaga",
            "1234": "Sex",
            "1604": "sex",
            "61105366": "sex",
            "71700705": "[ • ] • 𝐌 𝐀 𝐕 𝐄 𝐑 𝐈 𝐂 𝐊",
            "509484270": "Chó Vũ Tấn Dũng",
            "509981420": "Sex",
            "512037995": "Ngô Trung Anh 🦉 kiên",
            "513965902": "Tiến",
            "527284309": "Tiến",
            "535335875": "Tiến",
            "537846897": "Nguyễn Võ Ngọc Hiếu kiên",
            "547418108": "sex",
            "557378754": "Ngô Trung Kiên 𝘼𝙡𝙤𝙣𝙚",
            "588693182": "sex",
            "593577006": "Chó Trung Kiênツ",
            "602547329": "sex",
            "625477812": "Tiến",
            "638798036": "sex",
            "643812703": "Tiến",
            "727201807": "Trịnh Quốc Đại Ngô Trung Kiên",
            "752785699": "Tiến",
            "757649544": "Sex",
            "769104336": "sex",
            "782670380": "Chó Charla Mackay",
            "797099377": "Tiến",
            "1042421675": "Chó Carlos Andrade",
            "1117110308": "sex",
            "1200882671": "« . « rác",
            "1215854362": "Nguyễn Lợi kiên",
            "1215894120": "[ - ] • BotMirai v2",
            "1341717166": "sex",
            "1366897441": "sex",
            "1390219802": "Tiến",
            "1453132976": "Tiến",
            "1463439470": "Sex",
            "1479597038": "Chó Minh Khanh",
            "1489675800": "Tiến",
            "1703607721": "sex",
            "100000020957957": "Chó Lan Anhh",
            "100000119118474": "Tiến",
            "100000147407179": "[》 . 《]➺ 𝐁𝐨𝐭•𝐇𝐚𝐫𝐢𝐧 × 𝐌𝐢𝐤𝐚",
            "100000170959123": "sex",
            "100000172545955": "Tiến",
            "100000180546782": "Rin Tohsaka",
            "100000190849715": "『 / 』 ⪼  owen",
            "100000395661197": "Sex",
            "100000483013954": "sex",
            "100000488585951": "sex",
            "100000542968113": "sex Trương Đăng Khoa",
            "100000562120780": "sex",
            "100000653642818": "Tiến",
            "100000661752086": "Chó Người dùng Facebook",
            "100000664756191": "Tiến",
            "100000705098256": "Tiến",
            "100000710492810": "『 / 』 ⪼ 𝙱𝙾𝚃 𝙳𝚘𝚗𝚐𝙳𝚎𝚟👾",
            "100000732833159": "Tiến",
            "100000770029423": "sex",
            "100000792226479": "Tiến",
            "100001040725572": "Chó Đường Tăng",
            "100001134374202": "Tiến",
            "100001135520262": "chó Nazifa Aktar Nazifa",
            "100001180529002": "Tiến",
            "100001321713049": "〈 . 〉♡ 𝐊𝐚𝐢",
            "100001378940139": "𝑁𝑔𝑜̂ 𝑇𝑟𝑢𝑛𝑔 𝐾𝑖𝑒̂𝑛 kiên",
            "100001465626831": "sex",
            "100001567768894": "🐿️",
            "100001599530779": "Chó 𝐷𝑢𝑦 𝑄𝑢𝑜̂́𝑐",
            "100001650842736": "Chó Kiên ᰔ",
            "100001660884634": "sex Châu Anh Đạt ✓",
            "100001677811174": "sex Jet Lee",
            "100001694557118": "Chó Hue Hue Hue",
            "100001721315009": "vô danh",
            "100001917453768": "Chó Trung Hiếu",
            "100002145667378": "sex Alex Austin",
            "100002547976379": "Tiến",
            "100002582420471": "sex",
            "100003166292264": "Chó Wuynhh Chii",
            "100003587599261": "sex",
            "100003615799450": "Tiến",
            "100003751271146": "sex",
            "100003897548166": "Tiến",
            "100003898516827": "Chó T.H. Babu",
            "100004126482068": "Sex",
            "100004163821846": "sex Huy Lưu",
            "100004366982560": "Chó  Đoàn Văn Hậu",
            "100004434344115": "Ngô Trung Kiên Nguyễn Hoàng Anh",
            "100004458484369": "ok",
            "100004851372518": "[ - ] • BotMirai v2",
            "100004918328687": "Ngô Trung Kiên Aziz Jr Abdou",
            "100005017110495": "sex 𝑳𝒆 𝑻𝒓𝒖𝒏𝒈 𝑯𝒊𝒆𝒖",
            "100005483413745": "Sex",
            "100005529751371": "『 . 』 • bot",
            "100005615199550": "Tiến",
            "100005867493194": "sex",
            "100005950921867": "chó Con Chó",
            "100006312541833": "Chó Chó Con",
            "100006341281590": "Chó 𝑵𝒈𝒖𝒚𝒆̂̃𝒏 𝑻𝒊𝒆̂́𝒏 𝑫𝒖̃𝒏𝒈",
            "100006350618730": "sex",
            "100006390490851": "[ . ] • Rin Tohsaka",
            "100006533643185": "Tiến",
            "100006863131707": "Sex",
            "100006963641907": "Chó মাদারঅপ আফীফ",
            "100007078273025": "sex Phạm Minh Hiếu",
            "100007117144532": "Ngô Trung Kiên chó",
            "100007694914439": "Sex",
            "100008092327437": "Sex",
            "100008176866573": "Chó Minh Nguyễn",
            "100008273622071": "Chó Nguyễn Hữu Nhân",
            "100008956686793": "Chó Nguyen Thao Vy",
            "100009317148335": "Sex",
            "100009410324115": "K F H Muhit chó",
            "100009506462641": "sex",
            "100010759788880": "sex",
            "100010855748942": "Sex",
            "100011032986751": "Chó Hamoudi Nizar",
            "100011194711177": "Chó Kiên ヅ",
            "100011195839633": "[ ! ] GBOT - CHIẾN THẦN SÀN WAR 4.0",
            "100011349257661": "sex",
            "100011600288835": "Sex",
            "100011642073266": "sex",
            "100011669003755": "Chó Nicole Montgomery RN",
            "100011802791771": "Chó Ahammed Ebne Sumshuddin",
            "100012006070579": "sex",
            "100012467552887": "sex",
            "100012637508032": "sex",
            "100012688561991": "sex",
            "100012973545764": "Sex",
            "100013510690099": "Doraa - صلوحي العقوري",
            "100014179959472": "Sex",
            "100014403257449": "sex",
            "100014720263699": "Chó كيان الباش الباش",
            "100014860842823": "sex",
            "100015069883378": "Sex",
            "100015134504941": "sex",
            "100015708247902": "Tiến",
            "100016695791997": "quyền lực",
            "100016988027365": "Sex",
            "100018577489619": "Sex",
            "100018663901688": "Sex",
            "100019103419710": "Chó Võ Hoàng Đạt",
            "100020460654779": "Tiến",
            "100020908143321": "Chó Đặng Hoài Thanh",
            "100021151011879": "Le Trung Hieu",
            "100022310684613": "〖 . 〗• 𝐁𝐚𝐬𝐢𝐥 𝐯𝟐🍀",
            "100022376349973": "Chó Đinh Mạnh Cường",
            "100022606391009": "Tiến",
            "100022826342228": "Sex",
            "100023226822186": "Tiến",
            "100023414019365": "Sex",
            "100023720092367": "Sex",
            "100024033126066": "sex",
            "100024115147480": "chó Rakibul Islam Hridoy",
            "100024496402306": "Sex",
            "100024855364619": "sex",
            "100025356905110": "sex",
            "100025474327881": "Tiến",
            "100025932904830": "Sex",
            "100025994632120": "sex",
            "100026242121703": "Chó Trần Hoàng Huy",
            "100026389051003": "sex",
            "100026439672665": "Sex",
            "100026707747289": "Chó Phạm Thoại",
            "100027624335048": "sex",
            "100027783853987": "Tiến",
            "100029887088956": "Tiến",
            "100029968750539": "sex",
            "100030259834679": "Tiến",
            "100030533762592": "Mitu Afrin Mim Ngô Trung Kiên",
            "100030967444445": "Chó Nguyễn Duy Khánh",
            "100031344960888": "Tiến",
            "100031450986837": "Tiến",
            "100031501313171": "Tiến",
            "100032192491536": "Tiến",
            "100032831212296": "Sex",
            "100033620260563": "sex",
            "100033766822548": "Tiến",
            "100034234249116": "Chó Thàng Thắng",
            "100034901205597": "Chó Thằng Điên",
            "100035036564348": "Sex",
            "100035467933771": "Tiến",
            "100035495722459": "Sex",
            "100035718671407": "[ . ] • rac",
            "100037211391552": "Tiến",
            "100037290936127": "Tiến",
            "100037712930100": "chó Shuvam Varma ER",
            "100038132954217": "sex",
            "100039511546979": "Chó Nguyễn Nhật Long",
            "100040008812269": "Sex",
            "100040156573052": "sex",
            "100040461800609": "Tiến",
            "100040761302134": "sex",
            "100040823612386": "Sex",
            "100041565787400": "Sex",
            "100041665380629": "Tiến",
            "100041711768147": "Sex",
            "100042116170535": "Tiến",
            "100042321832469": "sex",
            "100043091470597": "sex",
            "100043148370401": "Sex",
            "100043231094169": "Chó Vinh Nguyễn YM",
            "100044193158545": "Sex",
            "100045304601411": "Tiến",
            "100045500177337": "Tiến",
            "100045543864092": "Tiến",
            "100045901177681": "Sex",
            "100046557546767": "chó Rimuru Tempest",
            "100046622204630": "Sex",
            "100047157346580": "Sex",
            "100047886010196": "sex",
            "100048271850961": "sex",
            "100048286966787": "nino cuti",
            "100049372544572": "sex",
            "100050745694155": "Sex",
            "100050999371837": "sex Thanh Vũ",
            "100051426302092": "Tiến",
            "100051431273324": "Tiến",
            "100052068767770": "Chó Phạm Minh Thành",
            "100052256557063": "sex",
            "100052559349982": "sex Hết Vị",
            "100053324123780": "Tiến",
            "100053419878673": "Tiến",
            "100053484099314": "sex",
            "100053502912594": "Sex",
            "100053776001336": "Tiến",
            "100053846350361": "sex",
            "100054205374024": "Tiến",
            "100054359859318": "Le Trung Hieu",
            "100054434745321": "sex",
            "100054488719720": "sex",
            "100054766360520": "Chó Ka Iên Kiên",
            "100054866881900": "sex Vânn Hươngg",
            "100054934341182": "sex",
            "100054952592637": "Chó Kieu Dao Khanh Duy",
            "100055137831738": "sex",
            "100055154154050": "Tiến Bi-A",
            "100055212672768": "Tiến",
            "100055693160336": "sex",
            "100055701781948": "chó Rem Beo",
            "100055970342291": "Sex",
            "100056027214977": "sex",
            "100056385116028": "Sex",
            "100056683926218": "sex",
            "100056729690800": "Tiến",
            "100056775617898": "Tiến",
            "100057134509387": "sex",
            "100057574179838": "Tiến",
            "100058374220154": "Chó Pan Huy",
            "100058548293549": "Sex",
            "100058837200509": "sex",
            "100058872170057": "Chó Người dùng Facebook",
            "100059028470310": "Ngô Trung Kiên Trần Dũng Vương",
            "100059038973467": "sex",
            "100059454822702": "đã chết cấm tag",
            "100059502624945": "sex",
            "100059573477503": "sex",
            "100059609580261": "sex",
            "100059953981036": "Tiến",
            "100059968770491": "chó Phạm Thị Trang",
            "100059997651652": "Tiến",
            "100060359533169": "chó Lý V. Mạch",
            "100060566464738": "👨‍🦯👨‍🦯👨‍🦯👨‍🦯👨‍🦯👨‍🦯👨‍🦯👨‍🦯",
            "100060863806074": "Tiến",
            "100062147867898": "Tiến",
            "100062316164269": "Tiến",
            "100062504525257": "sex",
            "100062823557883": "Tiến",
            "100063453975045": "sex",
            "100063470889361": "[  . ] ➺ 𝐇𝐨𝐚̀𝐧𝐠 𝐇𝐮𝐲",
            "100063547123523": "Tiến",
            "100063726428758": "sex",
            "100063784565391": "sex",
            "100063801462480": "sex",
            "100063837304018": "sex",
            "100063907732668": "Sex",
            "100063985701215": "Sex",
            "100064002999298": "Tiến",
            "100064152266586": "Tiến",
            "100064857780306": "sex",
            "100064916576503": "Tiến",
            "100065240454988": "Tiến",
            "100065367781493": "sex",
            "100065371361214": "Tiến",
            "100065697476335": "Sex",
            "100065755832761": "Tiến",
            "100065814030686": "Sex",
            "100066491185685": "Sex",
            "100066545962036": "Chó Ng Thi Kim Thoa",
            "100066632970425": "Sex",
            "100066826628836": "Tiến",
            "100067018163421": "Tiến",
            "100067109660136": "sex",
            "100067508386723": "Sex",
            "100067848937650": "Le Trung Hieu",
            "100067924555438": "Tiến",
            "100067991922553": "sex",
            "100068094188928": "sex",
            "100068304190661": "Tiến",
            "100068437002675": "thich choi ems",
            "100068785495470": "sex",
            "100068803249439": "Chó Chuồn Chuồn Bay Thấp",
            "100068939585350": "Sex",
            "100069496654202": "Chó 𝑵𝒈𝒖𝒚𝒆𝒏 𝑻𝒉𝒊 𝑻𝒉𝒖 𝑻𝒉𝒖𝒚",
            "100069950744131": "Sex",
            "100070324090843": "sex",
            "100070367622275": "Chó Long Bô",
            "100070592752322": "Sex",
            "100070639016663": "sex",
            "100070804998141": "Tiến",
            "100070815402204": "Tiến",
            "100070860603309": "cc",
            "100070978874662": "Doraa - Hồ Lan Anh",
            "100071025684380": "Sex",
            "100071068270864": "sex",
            "100071079451486": "sex",
            "100071181053996": "Sex",
            "100071343739773": "sex",
            "100071628805722": "Tiến",
            "100072230917428": "sex",
            "100072608601909": "sex",
            "100072626567303": "Tiến",
            "100072691786892": "Sex",
            "100072745040188": "Sex",
            "100072900513635": "Tiến",
            "100073105685278": "Sex",
            "100073123455752": "sex",
            "100073136272613": "Tiến",
            "100073156043507": "Tiến",
            "100073173380398": "Tiến",
            "100073264293335": "sex",
            "100073311773326": "Tiến",
            "100073317758245": "Sex",
            "100073332305483": "Tiến",
            "100073337230161": "Chó Trần Hoàng Nam",
            "100073437316955": "sex",
            "100073473880018": "Le Trung Hieu",
            "100073530616731": "Tiến",
            "100073591477969": "chó Đặng Minh",
            "100073616599261": "Tiến",
            "100073633500368": "Tiến",
            "100073930272299": "Tiến",
            "100074018742993": "sex",
            "100074085504572": "Le Trung Hieu",
            "100074148951625": "sex",
            "100074213469451": "Sex",
            "100074293234284": "Tiến",
            "100074485740415": "[ - ] • bot miraiv2",
            "100074499681790": "Tiến",
            "100074598032956": "sex",
            "100074669405535": "Tiến",
            "100074797972197": "Sex",
            "100074837514941": "Tiến",
            "100074952459476": "Sex",
            "100074978165235": "Chó Gremory Memories",
            "100075128955450": "sex",
            "100075134222278": "Chó Thiên Vinh",
            "100075185498345": "Sex",
            "100075194235920": "Sex",
            "100075216610999": "[  ! ] • 𝒖𝒄𝒉𝒊𝒉𝒂 𝒐𝒃𝒊𝒕𝒐",
            "100075368238102": "sex",
            "100075548513577": "sex",
            "100075596319166": "Sex",
            "100075668160276": "Sex",
            "100075750231583": "Sex",
            "100075868390187": "Sex",
            "100076200815180": "Tiến",
            "100076267814403": "Chó Cào Cào",
            "100076341962481": "Tiến",
            "100076388661987": "Tiến",
            "100076416444956": "sex Nhím Sadboy ❤️",
            "100076476492113": "Chó Con Thỏ",
            "100076733164600": "Doraa - Golden Jugger Naut",
            "100076815297998": "Le Trung Hieu",
            "100076817028193": "Sex",
            "100077471151852": "Chó Nahid Khan",
            "100077474027783": "dươgw",
            "100077649590510": "Tiến",
            "100077748364412": "sex",
            "100077794350777": "Tiến",
            "100077942177018": "sex",
            "100077980504363": "Sex",
            "100078102294712": "sex",
            "100078222346793": "Sex",
            "100078259421828": "Chó Truong Bao Vy",
            "100078278492565": "Tiến",
            "100078379076573": "Tiến",
            "100078409172746": "sex",
            "100078517861991": "Sex",
            "100078596360727": "sex",
            "100078860461324": "Sex",
            "100078912878262": "Sex",
            "100078952747452": "sex",
            "100079086835283": "Sex",
            "100079224941452": "chó Hà Duy Hiếu",
            "100079557714787": "[ ₫ ] • Mirai",
            "100079741406687": "Le Trung Hieu",
            "100079749876023": "Sex",
            "100080269527896": "Chó Sitrum Sitrum Sitrum",
            "100080366384737": "sex",
            "100080371909329": "Sex",
            "100080380572576": "Rin Tohsaka",
            "100080443663192": "Sex",
            "100080647629698": "Sex",
            "100080955597471": "Sex",
            "100080969661061": "Sex",
            "100081081191428": "Tiến",
            "100081153434754": "Chó duong ng quynh vy",
            "100081171788674": "sex",
            "100081202096659": "Mary Nakayama Ngô Trung Kiên",
            "100081204913622": "Tiến",
            "100081349845592": "Tiến",
            "100081503401135": "sex",
            "100081542345114": "Sex",
            "100081572731180": "Tiến",
            "100081797352234": "Chó Nguyễn Trọng🧸",
            "100081807823827": "Tiến",
            "100081928783326": "Sex",
            "100081955286227": "Sex",
            "100081958202455": "Chó Ngô Trung Kiên",
            "100082108527886": "Sex",
            "100082118292050": "Chó Hoàng Khả Vi",
            "100082138778908": "chó Gái Alime",
            "100082226856931": "Chó Trịnh Mạnh🎐",
            "100082592281642": "Chó Dao Thii Baoo An",
            "100082668132301": "đã tag cấm chết",
            "100082866872863": "Con Vật kiên",
            "100082873536462": "Sex",
            "100082981371090": "sex",
            "100083031240957": "sex",
            "100083048044862": "Chó Abid Bin Aziz",
            "100083166338312": "Tiến",
            "100083181447449": "Tiến",
            "100083232846956": "sex",
            "100083436203190": "Tiến",
            "100083550202683": "Sex",
            "100083600198678": "Tiến",
            "100083628037203": "Tiến",
            "100083800479975": "sex",
            "100083810152572": "Chó Con Cho",
            "100084006503009": "sex",
            "100084028623489": "Tiến",
            "100084136689183": "Sex",
            "100084162290765": "Sex",
            "100084298437574": "Chó Thiên Gin",
            "100084311229950": "Tiến",
            "100084352268373": "Tiến",
            "100084368146211": "Tiến",
            "100084409818967": "Facebook user chó",
            "100084472341776": "sex",
            "100084535861206": "『 ! 』  ➜ 『 𝐁𝐨𝐭 𝐘𝐓 』 • ꧂",
            "100084555134550": "Doraa - Nguyễn Quân",
            "100084682574393": "sex",
            "100084742497586": "Chó Bọ Ngựa",
            "100084850656078": "Tiến",
            "100084886208067": "Sex",
            "100084954372565": "Sex",
            "100085007341663": "Tiến",
            "100085027250622": "sex",
            "100085046196691": "Le Trung Hieu",
            "100085070598864": "sex",
            "100085073240621": "Trùm bot",
            "100085082869613": "Tiến",
            "100085095013374": "Sex",
            "100085095162865": "Tiến",
            "100085112430343": "Tiến",
            "100085133052172": "Sex",
            "100085226852399": "Sex",
            "100085227457061": "Sex",
            "100085285287791": "Sex",
            "100085342716116": "sex",
            "100085410237817": "sex",
            "100085421391940": "Sex",
            "100085454991680": "Chó Thanh Thùy",
            "100085553081949": "Tiến",
            "100085592920615": "Sex",
            "100085769233340": "Sex",
            "100085900660415": "sex",
            "100085958558110": "Tiến",
            "100086064095660": "Tiến",
            "100086284985142": "Sex",
            "100086415765506": "︎ ︎ ︎ ︎ ︎︎ ︎ ︎ ︎ ︎ ︎ ︎︎ ︎ ︎ chó",
            "100086612046130": "sex",
            "100086649792848": "Tiến",
            "100086664812066": "Sex",
            "100086675697835": "chó Chi Kiet",
            "100086700092643": "Chó Thuy Duong",
            "100086738343049": "sex",
            "100086960117197": "sex",
            "100086974227275": "Tiến",
            "100086999232572": "Tiến",
            "100087110984376": "Tiến",
            "100087120915868": "Sex",
            "100087151188980": "sex",
            "100087168110466": "sex",
            "100087176321322": "huee mann💝",
            "100087355120197": "Sex",
            "100087399078313": "Chó Bảo Nguyên",
            "100087438951039": "PT",
            "100087501473743": "sex",
            "100087549540906": "sex",
            "100087551753028": "Tiến",
            "100087752194795": "Sex",
            "100087762024208": "[ / ] • Thjhn",
            "100087793942073": "𝘙𝘪𝘯 𝘛𝘰𝘩𝘴𝘢𝘬𝘢",
            "100087812484451": "sex",
            "100087869959628": "Tiến",
            "100087895417507": "Tiến",
            "100087921257710": "sex",
            "100087926032284": "Chó Hiếu Ryo",
            "100087938424028": "Tiến",
            "100088018028419": "sex",
            "100088022286564": "Sex",
            "100088210301117": "『 / 』 Khải Hoàn 𝗟𝘂𝘅𝘂𝗿𝘆 💎",
            "100088258134528": "sex Baoo YH Luongg",
            "100088336343438": "sex",
            "100088336562580": "Tiến",
            "100088410702108": "Tiến",
            "100088451026262": "sex",
            "100088475436374": "sex",
            "100088480929711": "sex",
            "100088507428187": "anh trum box👉👈",
            "100088526351487": "Tiến",
            "100088669755436": "Le Trung Hieu",
            "100088675346146": "sex",
            "100088732122682": "Tiến",
            "100088810391459": "Sex",
            "100088833572607": "sex",
            "100088840031388": "sex Hoang Tuan Nam 🐾",
            "100088867884823": "Tiến",
            "100088878245216": "sex",
            "100088903205249": "Sex",
            "100088950446041": "sex",
            "100089033040313": "Tiến",
            "100089036718093": "sex",
            "100089071303086": "chó Gia Huy",
            "100089092663877": "Sex",
            "100089134449709": "Trà My chó",
            "100089161038325": "𝐃𝐓𝐓-𝐂𝐡𝐢𝐞̂́𝐧 𝐓𝐡𝐚̂̀𝐧 𝐒𝐚̀𝐧 𝐖𝐚𝐫👹",
            "100089182548507": "Sex",
            "100089195796584": "Tiến",
            "100089270477853": "Tiến",
            "100089343511237": "Tiến",
            "100089369898080": "Sex",
            "100089378633294": "Tiến",
            "100089475192396": "sex",
            "100089619009011": "Nguyễn Phong (TVM)",
            "100089648167643": "Sex",
            "100089709307480": "sex Nguyễn Đức Tài",
            "100089718018284": "Tiến",
            "100089727784253": "Tiến",
            "100089750653080": "Tiến",
            "100089809816928": "sex",
            "100089825645445": "Sex",
            "100089908645770": "sex",
            "100089911686201": "sex",
            "100089912947002": "Sex",
            "100090002826239": "sex",
            "100090006436420": "Sex",
            "100090050137931": "Sex",
            "100090055959970": "Tiến",
            "100090107956192": "Tiến",
            "100090133215551": "sex",
            "100090220953517": "sex",
            "100090357558318": "sex",
            "100090458979503": "Tiến",
            "100090678722714": "Tiến",
            "100090679773625": "sex",
            "100090806125392": "sex Ruka Myluv",
            "100090877571610": "sex",
            "100091069914208": "Chó Người dùng Facebook",
            "100091356283847": "Tiến",
            "100091417512185": "Tiến",
            "100091440636596": "Tiến",
            "100091453496619": "Sex",
            "100091462937904": "Sex",
            "100091611750857": "Tiến",
            "100091649030980": "Sex",
            "100091765609314": "Cẩm Ly chó",
            "100091846746659": "Chó Hồ Phương",
            "100091876633687": "sex",
            "100091891485289": "sex 𓂄𓆩𑁍𓆪𓂁 𝑵𝒈𝒖𝒚𝒆𝒏 𑁍 𝑫𝒖𝒄 𑁍 𝑻𝒂𝒊 𓂄𓆩𑁍𓆪𓂁",
            "100091894751513": "Sex",
            "100091931633460": "sex Ma Xuân Trường",
            "100092169435485": "Sex",
            "100092183613661": "Tiến",
            "100092239973961": "Sex",
            "100092293773968": "Sex",
            "100092307363218": "Sex",
            "100092540384127": "Tiến",
            "100092544912719": "Chó Kẻ Điên",
            "100092544965975": "sex",
            "100092599864912": "sex",
            "100093033669162": "sex",
            "100093092841305": "Le Trung Hieu",
            "100093106206280": "Tiến",
            "100093143182465": "sex",
            "100093230580004": "Tiến",
            "100093277906579": "Thịt Bò chó",
            "100093566903850": "Le Trung Hieu",
            "100093569694840": "Sex",
            "100093600253932": "sex",
            "100093646004457": "Chó Liêu Bảo Duy w Private.Com",
            "100093667201992": "Sex",
            "100093672644713": "Sex",
            "100093782386237": "Sex",
            "100093957345184": "Chó Con Chó",
            "100093971365268": "Sex",
            "100094003569990": "[ . ] ➺ 𝐒𝐞𝐫𝐫𝐲𝐁𝐨𝐭",
            "100094173622627": "Sex",
            "100094243270901": "Sex",
            "100094411714697": "▷ % ◁ • ∀Rkadia",
            "100094500553452": "Sex",
            "100094537022920": "『 $ 』• 𝑫𝒐𝒓𝒂𝒂-𝑪𝒉𝒂𝒏 ❤",
            "100094543053210": "『 - 』• 𝑫𝑾𝑬𝑵 𝑩𝑶𝑻 🐼",
            "100094544345364": "sex",
            "100094753720724": "Sex",
            "100094764781809": "Xuân Nhii Sex",
            "100094870383734": "Sex",
            "100094929355217": "[ - ] • BotMirai v2.5",
            "100094941207915": "Sex",
            "100095096222418": "chó Thư Lê",
            "100095187225436": "sex",
            "100095208343896": "Sex",
            "100095345866411": "Chó Bui Quynh Nhu",
            "100095391904552": "Chó Con Bò",
            "100095407783589": "『 . 』• 𝐁𝐨𝐭 𝐯𝐭 🥨",
            "100095423580619": "Chó Châu Chấu",
            "61550004488674": "Chó سامي محمد",
            "61550007037964": "Tiến",
            "61550030563401": "『 Z 』• 🔰BOT LỎ🔰",
            "61550043779979": "Chó حمودي ككو",
            "61550044831916": "Sex",
            "61550083044156": "[ . ] 𝐄𝐢𝐳𝐌𝐢𝐥",
            "61550083421806": "Tiến",
            "61550115075008": "Tiến",
            "61550296503212": "Sex",
            "61550320989843": "Sex",
            "61550330849421": "Chó طارق طوفان",
            "61550349193524": "[ . ] • rac",
            "61550478000392": "Chó Bianca Sage",
            "61550496723901": "Chó AS RO",
            "61550527262489": "Le Trung Hieu",
            "61550553504270": "Chó عنون ككاوي",
            "61550572904508": "sex Hoàng Ngọc Tuyền",
            "61550595831122": "Chó حسوني الخالدي",
            "61550615879566": "Tuan Tran kiên",
            "61550666363086": "sex",
            "61550710187756": "Tiến",
            "61550791781370": "Sex",
            "61550796569341": "Chó Thảo Nguyên",
            "61550817615637": "Chó مهموم مهموم",
            "61550820663472": "Tiến",
            "61550842652725": "sex",
            "61550887130759": "Tiến",
            "61550904929676": "『 / 』 ⪼ ʙᴏᴛ ɢᴀᴜ (ʙᴇᴛᴀ)",
            "61550933682248": "Chó Lee Duong",
            "61551045091472": "Sex",
            "61551051624578": "Tiến",
            "61551067356393": "『 / 』  ➜ bot",
            "61551083211228": "Sex",
            "61551085254089": "Tiến",
            "61551207236488": "x𝙏𝙧𝙪𝙨𝙩.ϟ",
            "61551236885439": "Chó ＭＡＲＫ ＺＵＣＫＥＲＢＥＲＧ",
            "61551408366799": "『 3 』 ⪼  𝐙𝐲𝐨",
            "61551445616420": "Chó علوش ۦٰﮧﹾ٭",
            "61551452669335": "Tiến",
            "61551483307144": "Chó Mode Mode",
            "61551483354512": "Chó محمد علي",
            "61551489817933": "[ - ] • Bot miraiv2",
            "61551490155778": "sex",
            "61551572636130": "Sex",
            "61551605469939": "Chó Cơm Gà",
            "61551629024196": "sex",
            "61551858002030": "Gia Bảo Nguyễn kiên",
            "61551861967130": "Chó حدودي الإمريكي",
            "61551872168200": "Chó Ngoc Nii",
            "61551879239498": "Tiến",
            "61551948578103": "Tiến",
            "61551980833306": "Chó خالد لفرخ",
            "61551984862955": "【 / 】 ➻ 𝙃𝙚𝙯𝙤𝙣 𝙎𝙡𝙚𝙚𝙥 😪 🕊️",
            "61551987380223": "sex Tricker VietNam Nguyen Van Duy",
            "61552086506835": "Chó قاسم الدليمي",
            "61552156418951": "Chó كنعان النعيمي",
            "61552169698644": "Sex",
            "61552194388364": "sex",
            "61552218024288": "Chó أبو الروض أبو الروض",
            "61552249349604": "Sex",
            "61552325536181": "chó Con Chó Rẻ Rách",
            "61552348252202": "Le Nhi chó",
            "61552395106573": "Chó Ali Khan",
            "61552402360030": "Sex",
            "61552544542759": "Chó صو في",
            "61552580572253": "نيمار kiên",
            "61552602159362": "Dũng Trương kiên",
            "61552606936022": "Tiến",
            "61552664233138": "sex",
            "61552676201683": "ما ميتو kiên",
            "61552774500893": "Sex",
            "61552801685968": "Tiến",
            "61552833749908": "『 0 』 • 𝗖𝗼̂ 𝗚𝗶𝗮́𝗼 𝗹𝗼𝗹𝗶",
            "61552905596262": "sex",
            "61552936872891": "Tiến",
            "61553085257995": "FA:)",
            "61553217685977": "Tiến",
            "61553234016589": "sex",
            "61553314901540": "Sex",
            "61553377597343": "حسن الحجامي kiên",
            "61553381745298": "[ ? ] bot",
            "61553499442261": "Chó Ng Nguyên",
            "61553605190038": "sex",
            "61553653936734": "Chó Anh Tuan",
            "61553659746067": "sex",
            "61553698444446": "Chó Vu Hai Hue",
            "61553831844972": "Tiến",
            "61553934837939": "bách bú file",
            "61554092856454": "chó RÈM Cửa ĐẸP CHỢ GÒ BỒI",
            "61554141496876": "『 | 』 •  𝑵𝒊𝒏𝒐 𝑲𝒂𝒘𝒂𝒊🧸",
            "61554317192173": "Tiến",
            "61554337990266": "Sex",
            "61554345561245": "Le Trung Hieu",
            "61554444538159": "Chó اميرعلي المالكي",
            "61554463547147": "𝑵𝒊𝒏𝒐 𝑲𝒂𝒘𝒂𝒊🧸",
            "61554714986569": "Chó Táo Tàu",
            "61554779294309": "Mark  chó",
            "61554818776782": "Chó Tôn Ngộ Không",
            "61554916150369": "[ . ] ➺ 𖣘𖣐𖠺𝑻𝒓𝒂̂̀𝒏 𝑲𝒉𝒂́𝒏𝒉 𝑫𝒖𝒚𖠺𖤍𖣐𖣘",
            "61555253219012": "[ , ] • rac",
            "61555313668969": "Sex",
            "61555402523979": "Chó Chu Gia Uyên Nhi",
            "61555730200097": "Sex",
            "61555738127126": "Tiến",
            "61555803519490": "〖 . 〗• 🎊🎀𝙔𝙪𝙧𝙮 𝘽𝙤𝙩 𝘽𝙮 𝙆𝙙𝙪𝙮🎐🎊",
            "61555809030974": "Doraa - Hoàng Quyết Tiến",
            "61555927277041": "Chó Hà Linh",
            "61555961554075": "Tiến",
            "61555986604449": "Chó Con Vịt",
            "61556122702176": "Tiến",
            "61556164266086": "Chó nnlunl",
            "61556202612142": "Le Trung Hieu",
            "61556325433381": "Tiến",
            "61556331045372": "Le Trung Hieu",
            "61556378285540": "Tiến",
            "61556514196633": "Tiến",
            "61556541921390": "[ - ] • bot miraiv2",
            "61556638590949": "Tiến",
            "61556645603466": "Tiến",
            "61556699069402": "Tiến",
            "61556837975780": "Le Trung Hieu",
            "61556883507713": "〖 . 〗• 𝐁𝐨𝐭 𝐯𝐭 🥨",
            "61556902692726": "Tiến",
            "61556934831876": "Chó Con Bò Biết Nói",
            "61557028895899": "Tiến",
            "61557088086624": "Tiến",
            "61557110925798": "Le Trung Hieu",
            "61557354523380": "Tiến",
            "61557435616880": "Tiến",
            "61557458065697": "Tiến",
            "61557481427381": "Chó محمد ال فاهم",
            "61557545543030": "Doraa - Tiến",
            "61557872474217": "Sex",
            "61557989638246": "Sex",
            "61557991419750": "Sex",
            "61558255101726": "Tiến",
            "61558397488331": "Sex",
            "61558524526441": "Chó Hiếu",
            "61558639900676": "Rin Tohsaka",
            "61558646297970": "Tiến",
            "61558678804369": "Chó Con Cặc",
            "61558726919113": "Tiến",
            "61558740718763": "Kiên kiên",
            "61558741454686": "Tiến",
            "61558789217400": "Chó Nguyễn Thị Minh Thư",
            "61558920574573": "BOT CUA QUYEN",
            "61558989555606": "Tiến",
            "61558995689166": "Tiến",
            "61559115984002": "Sex",
            "61559118124038": "Sex",
            "61559141435743": "Tùng Tự Tử Bán File",
            "61559226011644": "Phạm Thanh Phong kiên",
            "61559226894462": "Tiến",
            "61559237974321": "Tiến",
            "61559278200017": "Chó                             ʚninoɞ",
            "61559298737218": "『 ) 』 • beta ♫",
            "61559307555678": "Chó Mai Quỳnh Anh",
            "61559466388494": "Tiến",
            "61559619842966": "Tiến",
            "61559666519327": "Delano Annie Ngô Trung Kiên",
            "61559673773913": "BOT CUA QUYEN",
            "61559721731316": "Chó cmt dạo",
            "61559791946211": "Tiến",
            "61559812227985": "『 ! 』 ⪼  𝑵𝒊𝒏𝒐 𝑲𝒂𝒘𝒂𝒊🧸",
            "61559887678955": "Bạch Thần Ngô Trung Kiên",
            "61559915022277": "Tiến",
            "61560056462579": "Helloccáccbạntôitênlà Bat Ci Ti kiên",
            "61560214168695": "Tiến",
            "61560299746623": "Chó AE Trường Minh Hưng",
            "61560335429283": "Tiến",
            "61560562555923": "Tiến",
            "61560565831976": "Con Dơi Tiến 🦇",
            "61560757761291": "Chó cô ba sài gòn",
            "61560883576418": "Fukada Emi chó",
            "61561188157456": "Tiến",
            "61561328107344": "『 + 』 •  𝑵𝒊𝒏𝒐 𝑲𝒂𝒘𝒂𝒊🧸",
            "61561340067301": "Tiến",
            "61561482763717": "Chó Vdang Bot",
            "61561504684695": "♡N-đăng꧂",
            "61561513001772": "Tiến",
            "61561621966474": "Chó Ranger Golden",
            "61561704454457": "Doraa - Người Phán Xử",
            "61561894881833": "八重 みこ chó",
            "61562154216062": "Doraa - Đặng Thiên Khánh"
        }
    }
]