[
  {
    "user_id": "61555809030974",
    "full_name": "Hoàng Quyết Tiến",
    "balance": 0
  },
  {
    "user_id": "100059454822702",
    "full_name": "Le Trung Hieu",
    "balance": 16800000
  },
  {
    "user_id": "61557545543030",
    "full_name": "Tiến",
    "balance": 7840000141120000,
    "used_giftcodes": [
      "xinanhchotin",
      "khongbtnua",
      "tienbu",
      "tiendeptrai",
      "daikho",
      "tienlaaiii"
    ]
  },
  {
    "user_id": "61551922490382",
    "full_name": "Anh Tuan Duong",
    "balance": 240000,
    "used_giftcodes": [
      "anhdznhat"
    ]
  },
  {
    "user_id": "61560212828103",
    "full_name": "Hoàng Gia Huy",
    "balance": 0
  },
  {
    "user_id": "61558448641094",
    "full_name": "Thanh Danh",
    "balance": 4000000
  },
  {
    "user_id": "100079238392345",
    "full_name": "Diem Quynh",
    "balance": 23600000
  },
  {
    "user_id": "100085515350448",
    "full_name": "Pé Tuấn",
    "balance": 1598108221406889,
    "used_giftcodes": [
      "tienbu"
    ]
  },
  {
    "user_id": "100082341605370",
    "full_name": "Ng Tuấn Kiệt",
    "balance": 0
  },
  {
    "user_id": "100075784943859",
    "full_name": "An Huỳnh",
    "balance": 6087998
  }
]