[
    {
        "threadID": "6834871869889629",
        "shortcuts": [
            {
                "input_type": "autosend",
                "output": "Ok",
                "hours": "12:30:00",
                "uri": "random"
            },
            {
                "input": "🏅",
                "output": "ok",
                "uri": "random"
            },
            {
                "input_type": "autosend",
                "output": "Buổi chiều vui vẻ🚬",
                "hours": "13:00:00",
                "uri": "random"
            },
            {
                "input_type": "autosend",
                "output": "Chào",
                "hours": "12:40:00",
                "uri": "random"
            },
            {
                "input_type": "autosend",
                "output": "LŨ CHÓ",
                "hours": "12:50:00",
                "uri": "random"
            },
            {
                "input_type": "autosend",
                "output": "locoe",
                "hours": "13:05:00",
                "uri": "random"
            },
            {
                "input_type": "autosend",
                "output": "dờ ke lu từn",
                "hours": "13:10:00",
                "uri": "random"
            },
            {
                "input_type": "autosend",
                "output": "🏃‍♀️",
                "hours": "13:20:00",
                "uri": "random"
            },
            {
                "input_type": "autosend",
                "output": "ooo",
                "hours": "13:15:00",
                "uri": "random"
            },
            {
                "input_type": "autosend",
                "output": "vjp",
                "hours": "13:30:00",
                "uri": "random"
            },
            {
                "input_type": "autosend",
                "output": "hello",
                "hours": "18:10:00",
                "uri": "random"
            },
            {
                "input_type": "autosend",
                "output": "hi | ho",
                "hours": "18:15:00",
                "uri": "random"
            },
            {
                "input_type": "autosend",
                "output": "😞",
                "hours": "18:20:00",
                "uri": "random"
            },
            {
                "input_type": "autosend",
                "output": "🚬",
                "hours": "18:25:00",
                "uri": "random"
            },
            {
                "input_type": "autosend",
                "output": "🫀",
                "hours": "18:30:00",
                "uri": "random"
            },
            {
                "input_type": "autosend",
                "output": "❓",
                "hours": "18:35:00",
                "uri": "random"
            },
            {
                "input_type": "autosend",
                "output": "😱",
                "hours": "18:40:00",
                "uri": "random"
            },
            {
                "input_type": "autosend",
                "output": "😭",
                "hours": "18:45:00",
                "uri": "random"
            },
            {
                "input_type": "autosend",
                "output": "😖",
                "hours": "18:50:00",
                "uri": "random"
            },
            {
                "input_type": "autosend",
                "output": "😞",
                "hours": "18:55:00",
                "uri": "random"
            },
            {
                "input_type": "autosend",
                "output": "🥺",
                "hours": "19:00:00",
                "uri": "random"
            },
            {
                "output": "Tag dau buoi {name}",
                "uri": "random",
                "input_type": "tag",
                "tag_id": "61557545543030"
            },
            {
                "input": "🚻",
                "output": "Ok",
                "uri": "random"
            },
            {
                "input_type": "autosend",
                "output": "🫀",
                "hours": "09:54:00",
                "uri": "random"
            },
            {
                "input_type": "autosend",
                "output": "hlooooo",
                "hours": "10:00:00",
                "uri": "random"
            },
            {
                "input_type": "autosend",
                "output": "🌚",
                "hours": "10:05:00",
                "uri": "random"
            },
            {
                "input_type": "autosend",
                "output": "Chào",
                "hours": "10:25:00",
                "uri": "random"
            },
            {
                "input_type": "autosend",
                "output": "chao xin",
                "hours": "10:35:00",
                "uri": "random"
            },
            {
                "input_type": "autosend",
                "output": "chào bạn nhé",
                "hours": "10:45:00",
                "uri": "random"
            },
            {
                "input_type": "autosend",
                "output": "🌝",
                "hours": "10:50:00",
                "uri": "random"
            },
            {
                "input_type": "autosend",
                "output": "🤫",
                "hours": "11:00:00",
                "uri": "random"
            },
            {
                "input_type": "autosend",
                "output": "Hi",
                "hours": "00:25:00",
                "uri": "random"
            },
            {
                "input_type": "autosend",
                "output": "Hiloo",
                "hours": "00:51:00",
                "uri": "random"
            },
            {
                "input_type": "autosend",
                "output": "helloooo",
                "hours": "01:35:00",
                "uri": "random"
            },
            {
                "input_type": "autosend",
                "output": "🤷‍♀️",
                "hours": "18:50:00",
                "uri": "random"
            },
            {
                "input": "vdgai",
                "output": "im",
                "uri": "random"
            },
            {
                "input_type": "autosend",
                "output": "🦴",
                "hours": "01:00:00",
                "uri": "random"
            },
            {
                "input_type": "autosend",
                "output": "random",
                "hours": "01:17:00",
                "uri": "random"
            },
            {
                "input_type": "autosend",
                "output": "",
                "hours": "01:25:00",
                "uri": "https://files.catbox.moe/fbfva3.mp4"
            },
            {
                "input_type": "autosend",
                "output": "🥸",
                "hours": "01:29:00",
                "uri": "https://files.catbox.moe/fbfva3.mp4"
            },
            {
                "input_type": "join",
                "output": "thằng nguu mới vào {name}",
                "uri": "random"
            },
            {
                "input_type": "leave",
                "output": "Con Chó {name}\n{trangThai}",
                "uri": "https://files.catbox.moe/odnc0w.mp4"
            },
            {
                "output": "Tag con cặc {name}",
                "uri": "random",
                "input_type": "tag",
                "tag_id": "61555809030974"
            },
            {
                "output": "{name} tag con cặc",
                "uri": "https://files.catbox.moe/odnc0w.mp4",
                "input_type": "tag",
                "tag_id": "100059454822702"
            },
            {
                "output": "{name} imlangnaocobe",
                "uri": "https://files.catbox.moe/nrctry.mp4",
                "input_type": "tag",
                "tag_id": "61562161232125"
            },
            {
                "input": "hiếu",
                "output": "là 1 procode đời đầu của làng cfc",
                "uri": "https://files.catbox.moe/r9ke9o.mp4"
            },
            {
                "input": "minh dái",
                "output": "là 1 procode đời đầu của làng cfc",
                "uri": "random"
            },
            {
                "input_type": "autosend",
                "output": "Cùng lăn vào bếp ăn sáng thôi",
                "hours": "05:00:00",
                "uri": "https://files.catbox.moe/rgbjt5.mp4"
            }
        ],
        "customJoin": "Con Chó {name} Mới Vào Box",
        "customLeave": "Thằng ngu out {name}"
    },
    {
        "threadID": "7262452050531872",
        "shortcuts": [
            {
                "input": "🏅",
                "output": "ok",
                "uri": "random"
            }
        ],
        "customJoin": ""
    },
    {
        "threadID": "8144544918913255",
        "shortcuts": [],
        "customJoin": "Thằng ngu vừa vào {name}",
        "customLeave": "thằng ngu vừa out box {name}"
    },
    {
        "threadID": "7820577341370288",
        "shortcuts": [],
        "customJoin": "thằng ngu vừa vào {name} box {threadName}",
        "customLeave": "thằng ngu mới out {name}"
    },
    {
        "threadID": "25999066269740100",
        "shortcuts": [],
        "customJoin": "thằng ngu vừa vào box {name}"
    },
    {
        "threadID": "7707259519357761",
        "shortcuts": [],
        "customJoin": "Thằng ngu {name} vừa vào box vào lúc {time} Thằng thêm {author}",
        "customLeave": "[ Thành Viên Rời Nhóm ]\nTên {name}\nLí Do {type}\n{time}"
    },
    {
        "threadID": "7519651594723638",
        "shortcuts": [
            {
                "input_type": "autosend",
                "output": "👥",
                "hours": "20:20:00",
                "uri": "random"
            },
            {
                "input_type": "autosend",
                "output": "sex",
                "hours": "22:05:00",
                "uri": "random"
            },
            {
                "input": "👥",
                "output": "mai",
                "uri": "random"
            },
            {
                "output": "thang ngu {name} tag cc",
                "uri": "random",
                "input_type": "tag",
                "tag_id": "61557545543030"
            }
        ],
        "customJoin": "thằng ngu vào {name} vào lúc {time} thằng thêm {author}"
    },
    {
        "threadID": "8098861613508205",
        "shortcuts": [],
        "customJoin": "Thằng ngu vừa vào box {name}",
        "customLeave": "Thằng ngu vừa out {name}"
    },
    {
        "threadID": "25926588370318479",
        "shortcuts": [
            {
                "input_type": "autosend",
                "output": "🏅",
                "hours": "15:21:00",
                "uri": "random"
            },
            {
                "input_type": "autosend",
                "output": "Helo",
                "hours": "15:22:00",
                "uri": "random"
            },
            {
                "input_type": "autosend",
                "output": "Hi",
                "hours": "15:24:00",
                "uri": "random"
            },
            {
                "input_type": "autosend",
                "output": "Helo",
                "hours": "03:25:00",
                "uri": "random"
            },
            {
                "input_type": "autosend",
                "output": "❓",
                "hours": "10:15:00",
                "uri": "random"
            },
            {
                "input_type": "autosend",
                "output": "chào",
                "hours": "10:20:00",
                "uri": "random"
            },
            {
                "input_type": "autosend",
                "output": "chào buổi tối",
                "hours": "10:33:00",
                "uri": "random"
            },
            {
                "input": "🏅",
                "output": "Ok",
                "uri": "random"
            },
            {
                "output": "Tag db",
                "uri": "random",
                "input_type": "tag",
                "tag_id": "61557545543030"
            },
            {
                "input_type": "join",
                "output": "Chào mày {name}",
                "uri": "random"
            },
            {
                "input_type": "autosend",
                "output": "Lo",
                "input": "00:35:00",
                "uri": "random"
            },
            {
                "input": "Ok",
                "output": "🏅",
                "uri": "random"
            }
        ]
    },
    {
        "threadID": "7331884746915896",
        "shortcuts": [
            {
                "input": "gái",
                "output": "🔥",
                "uri": "random"
            }
        ]
    },
    {
        "threadID": "7626449210814266",
        "shortcuts": [
            {
                "input": "☁️",
                "output": "ok",
                "uri": "random"
            }
        ]
    },
    {
        "threadID": "8624199180943346",
        "shortcuts": [
            {
                "input": "gái",
                "output": "🐸",
                "uri": "random"
            }
        ]
    }
]