[
    {
        "senderID": "100059454822702",
        "name": "🦛",
        "age": "🦛",
        "gender": "Nam",
        "hobbies": "🦛",
        "hometown": "🦛",
        "photoUrl": "https://scontent.xx.fbcdn.net/v/t1.15752-9/387637212_192399570475964_1981609180939734037_n.jpg?stp=dst-jpg_p480x480&_nc_cat=107&ccb=1-7&_nc_sid=9f807c&_nc_eui2=AeGR2ibjJyECyECxjrytjLxH8EJpIQ2PVorwQmkhDY9WignrJCmXQ7tgB5LCzEnsqy50SVykJnpPEl3t8kJbN1pC&_nc_ohc=Ob31lUhwxUYQ7kNvgGb9YcL&_nc_ad=z-m&_nc_cid=0&_nc_ht=scontent.xx&cb_e2o_trans=q&oh=03_Q7cD1QGRYOG76LZASMoxa-nyeybND3xri_Or8hgdU4_bUsWRdQ&oe=66BC3B8F"
    },
    {
        "senderID": "100066178113482",
        "name": "yang kai",
        "age": "20",
        "gender": "LGBT",
        "hobbies": "thích @Ghetnhatmaydua Datendaivocolo",
        "hometown": "hà giang",
        "photoUrl": "https://scontent.xx.fbcdn.net/v/t1.15752-9/449326280_458098940334639_6962563592497106337_n.jpg?stp=dst-jpg_p480x480&_nc_cat=106&ccb=1-7&_nc_sid=9f807c&_nc_eui2=AeFOAQSGrL1S9XsIjBxSECi8vfnGzHIqj9e9-cbMciqP13FStocD-CGe9Fj8cHh1kJBgFbrhA-so0i5EhuIGoShX&_nc_ohc=e2kaJaOLT0QQ7kNvgHJ7xSK&_nc_ad=z-m&_nc_cid=0&_nc_ht=scontent.xx&cb_e2o_trans=q&oh=03_Q7cD1QG0bqfvPN9hEQckjugWtWjDFtc_fpxGXBgxyrweVeeFDg&oe=66C2068B"
    },
    {
        "senderID": "61555809030974",
        "name": "tiến",
        "age": "1 tỉ",
        "gender": "Nam",
        "hobbies": "ok",
        "hometown": "hà nam"
    },
    {
        "senderID": "61551763396420",
        "name": "🦴",
        "age": "🦴",
        "gender": "Nam",
        "hobbies": "🦴",
        "hometown": "🦴"
    }
]