{
    "account_number": "384147",
    "uid": "61551763396420",
    "balance": "10100000",
    "created_at": 1722390302564,
    "debt": "99059639",
    "count_debt": 1,
    "status": 0,
    "history": [
        {
            "type": "borrow",
            "amount": "10000000",
            "author": "61551763396420",
            "time": 1722390422068
        }
    ],
    "logins": [],
    "settings": {
        "_2fa": true
    },
    "expired_ban": {
        "time": 1725155222460,
        "reason": "Qua 2 ngày chưa trả hết số nợ"
    },
    "interest_period": {
        "balance": 1722563222462,
        "debt": 1722564153860
    },
    "pass": "7223",
    "timestamp_due_repay": 1722563222068
}