{
    "100073314472691": {
        "car": [],
        "cup": 0
    },
    "100089660286854": {
        "car": [],
        "cup": 0
    },
    "100089951187370": {
        "car": [
            {
                "machXe": 1,
                "locNhot": 1,
                "bugi": 1,
                "locGio": 1,
                "name": "Yamaha-YZF-R1",
                "speed": 100
            }
        ],
        "cup": 0
    },
    "100085184140090": {
        "car": [
            {
                "machXe": 1,
                "locNhot": 1,
                "bugi": 1,
                "locGio": 1,
                "name": "CBR-650R",
                "speed": 100
            }
        ],
        "cup": 0
    },
    "100078064548354": {
        "car": [
            {
                "machXe": 1,
                "locNhot": 1,
                "bugi": 1,
                "locGio": 1,
                "name": "Ducati-Monster-795",
                "speed": 100
            }
        ],
        "cup": 0
    },
    "100052375350518": {
        "car": [],
        "cup": 0
    },
    "100037211391552": {
        "car": [],
        "cup": 0
    },
    "100000225673860": {
        "car": [],
        "cup": 0
    },
    "100077077981392": {
        "car": [
            {
                "machXe": 1,
                "locNhot": 1,
                "bugi": 1,
                "locGio": 1,
                "name": "Yamaha-YZF-R1",
                "speed": 100
            }
        ],
        "cup": 0
    },
    "100054723676360": {
        "car": [
            {
                "machXe": 1,
                "locNhot": 1,
                "bugi": 1,
                "locGio": 1,
                "name": "CBR-650R",
                "speed": 100
            }
        ],
        "cup": 0
    },
    "100075210531251": {
        "car": [],
        "cup": 0
    },
    "61551585200995": {
        "car": [],
        "cup": 0
    },
    "100066649894577": {
        "car": [],
        "cup": 0
    },
    "61552285143400": {
        "car": [],
        "cup": 0
    }
}