{
    "total": [
        {
            "id": "100074559431684",
            "count": 21
        },
        {
            "id": "100077267607167",
            "count": 4
        },
        {
            "id": "100085493114918",
            "count": 1
        },
        {
            "id": "100012533700432",
            "count": 3
        },
        {
            "id": "100091380698837",
            "count": 0
        },
        {
            "id": "61550842991655",
            "count": 0
        },
        {
            "id": "100064275010733",
            "count": 0
        },
        {
            "id": "100086982245179",
            "count": 3
        },
        {
            "id": "556085633",
            "count": 0
        },
        {
            "id": "100092290671228",
            "count": 0
        },
        {
            "id": "100066372780113",
            "count": 0
        },
        {
            "id": "100079623597700",
            "count": 20
        },
        {
            "id": "100077436124907",
            "count": 0
        },
        {
            "id": "61554165831779",
            "count": 0
        },
        {
            "id": "100072549190548",
            "count": 3
        },
        {
            "id": "100067887469593",
            "count": 6
        },
        {
            "id": "61550248473607",
            "count": 107
        },
        {
            "id": "100091677521632",
            "count": 43
        },
        {
            "id": "100048896387734",
            "count": 2
        },
        {
            "id": "100076761371896",
            "count": 1
        },
        {
            "id": "100073375309639",
            "count": 0
        },
        {
            "id": "100058924350277",
            "count": 2
        },
        {
            "id": "100077980504363",
            "count": 32
        },
        {
            "id": "508572728",
            "count": 0
        },
        {
            "id": "100083573903403",
            "count": 0
        },
        {
            "id": "100067105236755",
            "count": 0
        },
        {
            "id": "100089235186283",
            "count": 6
        },
        {
            "id": "100087218113949",
            "count": 0
        },
        {
            "id": "100063648401552",
            "count": 7
        },
        {
            "id": "100064357043296",
            "count": 11
        },
        {
            "id": "100068341566218",
            "count": 8
        },
        {
            "id": "100076183240657",
            "count": 2
        },
        {
            "id": "100083833935477",
            "count": 0
        },
        {
            "id": "100074579980618",
            "count": 29
        },
        {
            "id": "100089609131410",
            "count": 0
        },
        {
            "id": "100086258420460",
            "count": 0
        },
        {
            "id": "100070678992757",
            "count": 7
        },
        {
            "id": "61552475893145",
            "count": 1
        },
        {
            "id": "61552794568333",
            "count": 6
        },
        {
            "id": "100005742603760",
            "count": 0
        },
        {
            "id": "100077775547658",
            "count": 2
        },
        {
            "id": "100069594530790",
            "count": 0
        },
        {
            "id": "100049366368220",
            "count": 0
        },
        {
            "id": "100052042958264",
            "count": 62
        },
        {
            "id": "100087655790613",
            "count": 108
        },
        {
            "id": "100084437366804",
            "count": 30
        },
        {
            "id": "100088123996107",
            "count": 15
        }
    ],
    "week": [
        {
            "id": "100074559431684",
            "count": 21
        },
        {
            "id": "100077267607167",
            "count": 4
        },
        {
            "id": "100085493114918",
            "count": 1
        },
        {
            "id": "100012533700432",
            "count": 3
        },
        {
            "id": "100091380698837",
            "count": 0
        },
        {
            "id": "61550842991655",
            "count": 0
        },
        {
            "id": "100064275010733",
            "count": 0
        },
        {
            "id": "100086982245179",
            "count": 3
        },
        {
            "id": "556085633",
            "count": 0
        },
        {
            "id": "100092290671228",
            "count": 0
        },
        {
            "id": "100066372780113",
            "count": 0
        },
        {
            "id": "100079623597700",
            "count": 20
        },
        {
            "id": "100077436124907",
            "count": 0
        },
        {
            "id": "61554165831779",
            "count": 0
        },
        {
            "id": "100072549190548",
            "count": 3
        },
        {
            "id": "100067887469593",
            "count": 6
        },
        {
            "id": "61550248473607",
            "count": 107
        },
        {
            "id": "100091677521632",
            "count": 43
        },
        {
            "id": "100048896387734",
            "count": 2
        },
        {
            "id": "100076761371896",
            "count": 1
        },
        {
            "id": "100073375309639",
            "count": 0
        },
        {
            "id": "100058924350277",
            "count": 2
        },
        {
            "id": "100077980504363",
            "count": 32
        },
        {
            "id": "508572728",
            "count": 0
        },
        {
            "id": "100083573903403",
            "count": 0
        },
        {
            "id": "100067105236755",
            "count": 0
        },
        {
            "id": "100089235186283",
            "count": 6
        },
        {
            "id": "100087218113949",
            "count": 0
        },
        {
            "id": "100063648401552",
            "count": 7
        },
        {
            "id": "100064357043296",
            "count": 11
        },
        {
            "id": "100068341566218",
            "count": 8
        },
        {
            "id": "100076183240657",
            "count": 2
        },
        {
            "id": "100083833935477",
            "count": 0
        },
        {
            "id": "100074579980618",
            "count": 29
        },
        {
            "id": "100089609131410",
            "count": 0
        },
        {
            "id": "100086258420460",
            "count": 0
        },
        {
            "id": "100070678992757",
            "count": 7
        },
        {
            "id": "61552475893145",
            "count": 1
        },
        {
            "id": "61552794568333",
            "count": 6
        },
        {
            "id": "100005742603760",
            "count": 0
        },
        {
            "id": "100077775547658",
            "count": 2
        },
        {
            "id": "100069594530790",
            "count": 0
        },
        {
            "id": "100049366368220",
            "count": 0
        },
        {
            "id": "100052042958264",
            "count": 62
        },
        {
            "id": "100087655790613",
            "count": 108
        },
        {
            "id": "100084437366804",
            "count": 30
        },
        {
            "id": "100088123996107",
            "count": 15
        }
    ],
    "day": [
        {
            "id": "100074559431684",
            "count": 21
        },
        {
            "id": "100077267607167",
            "count": 4
        },
        {
            "id": "100085493114918",
            "count": 1
        },
        {
            "id": "100012533700432",
            "count": 3
        },
        {
            "id": "100091380698837",
            "count": 0
        },
        {
            "id": "61550842991655",
            "count": 0
        },
        {
            "id": "100064275010733",
            "count": 0
        },
        {
            "id": "100086982245179",
            "count": 3
        },
        {
            "id": "556085633",
            "count": 0
        },
        {
            "id": "100092290671228",
            "count": 0
        },
        {
            "id": "100066372780113",
            "count": 0
        },
        {
            "id": "100079623597700",
            "count": 20
        },
        {
            "id": "100077436124907",
            "count": 0
        },
        {
            "id": "61554165831779",
            "count": 0
        },
        {
            "id": "100072549190548",
            "count": 3
        },
        {
            "id": "100067887469593",
            "count": 6
        },
        {
            "id": "61550248473607",
            "count": 107
        },
        {
            "id": "100091677521632",
            "count": 43
        },
        {
            "id": "100048896387734",
            "count": 2
        },
        {
            "id": "100076761371896",
            "count": 1
        },
        {
            "id": "100073375309639",
            "count": 0
        },
        {
            "id": "100058924350277",
            "count": 2
        },
        {
            "id": "100077980504363",
            "count": 32
        },
        {
            "id": "508572728",
            "count": 0
        },
        {
            "id": "100083573903403",
            "count": 0
        },
        {
            "id": "100067105236755",
            "count": 0
        },
        {
            "id": "100089235186283",
            "count": 6
        },
        {
            "id": "100087218113949",
            "count": 0
        },
        {
            "id": "100063648401552",
            "count": 7
        },
        {
            "id": "100064357043296",
            "count": 11
        },
        {
            "id": "100068341566218",
            "count": 8
        },
        {
            "id": "100076183240657",
            "count": 2
        },
        {
            "id": "100083833935477",
            "count": 0
        },
        {
            "id": "100074579980618",
            "count": 29
        },
        {
            "id": "100089609131410",
            "count": 0
        },
        {
            "id": "100086258420460",
            "count": 0
        },
        {
            "id": "100070678992757",
            "count": 7
        },
        {
            "id": "61552475893145",
            "count": 1
        },
        {
            "id": "61552794568333",
            "count": 6
        },
        {
            "id": "100005742603760",
            "count": 0
        },
        {
            "id": "100077775547658",
            "count": 2
        },
        {
            "id": "100069594530790",
            "count": 0
        },
        {
            "id": "100049366368220",
            "count": 0
        },
        {
            "id": "100052042958264",
            "count": 62
        },
        {
            "id": "100087655790613",
            "count": 108
        },
        {
            "id": "100084437366804",
            "count": 30
        },
        {
            "id": "100088123996107",
            "count": 15
        }
    ],
    "time": 2,
    "last": {
        "time": 4,
        "day": [
            {
                "id": "100074559431684",
                "count": 0
            },
            {
                "id": "100077267607167",
                "count": 0
            },
            {
                "id": "100085493114918",
                "count": 0
            },
            {
                "id": "100012533700432",
                "count": 0
            },
            {
                "id": "100061351448725",
                "count": 0
            },
            {
                "id": "100091380698837",
                "count": 0
            },
            {
                "id": "61550842991655",
                "count": 0
            },
            {
                "id": "100064275010733",
                "count": 0
            },
            {
                "id": "100086982245179",
                "count": 0
            },
            {
                "id": "556085633",
                "count": 0
            },
            {
                "id": "100092290671228",
                "count": 0
            },
            {
                "id": "100066372780113",
                "count": 0
            },
            {
                "id": "100079623597700",
                "count": 0
            },
            {
                "id": "100095228658770",
                "count": 0
            },
            {
                "id": "100077436124907",
                "count": 0
            },
            {
                "id": "61554165831779",
                "count": 0
            },
            {
                "id": "100072549190548",
                "count": 0
            },
            {
                "id": "100067887469593",
                "count": 0
            },
            {
                "id": "61550248473607",
                "count": 0
            },
            {
                "id": "100091677521632",
                "count": 0
            },
            {
                "id": "100048896387734",
                "count": 0
            },
            {
                "id": "100076761371896",
                "count": 0
            },
            {
                "id": "100023092595010",
                "count": 0
            },
            {
                "id": "100073375309639",
                "count": 0
            },
            {
                "id": "100058924350277",
                "count": 0
            },
            {
                "id": "100018290259543",
                "count": 0
            },
            {
                "id": "100077980504363",
                "count": 0
            },
            {
                "id": "508572728",
                "count": 0
            },
            {
                "id": "100083573903403",
                "count": 0
            },
            {
                "id": "100067105236755",
                "count": 0
            },
            {
                "id": "100089235186283",
                "count": 0
            },
            {
                "id": "100087218113949",
                "count": 0
            },
            {
                "id": "100063648401552",
                "count": 0
            },
            {
                "id": "100064357043296",
                "count": 0
            },
            {
                "id": "100068341566218",
                "count": 0
            },
            {
                "id": "100076183240657",
                "count": 0
            },
            {
                "id": "100083833935477",
                "count": 0
            },
            {
                "id": "100074579980618",
                "count": 0
            },
            {
                "id": "100059165917752",
                "count": 0
            },
            {
                "id": "100089609131410",
                "count": 0
            },
            {
                "id": "100067001846957",
                "count": 0
            },
            {
                "id": "100086258420460",
                "count": 0
            },
            {
                "id": "100070678992757",
                "count": 0
            },
            {
                "id": "61552475893145",
                "count": 0
            },
            {
                "id": "61552794568333",
                "count": 0
            },
            {
                "id": "100074832226544",
                "count": 0
            },
            {
                "id": "100005742603760",
                "count": 0
            },
            {
                "id": "61551416401141",
                "count": 0
            },
            {
                "id": "100077775547658",
                "count": 0
            },
            {
                "id": "100069594530790",
                "count": 0
            },
            {
                "id": "100049366368220",
                "count": 0
            },
            {
                "id": "100052042958264",
                "count": 0
            },
            {
                "id": "100087655790613",
                "count": 0
            },
            {
                "id": "100084437366804",
                "count": 0
            },
            {
                "id": "100088123996107",
                "count": 0
            },
            {
                "id": "61550548806511",
                "count": 0
            },
            {
                "id": "100092675100641",
                "count": 0
            }
        ],
        "week": [
            {
                "id": "100074559431684",
                "count": 0
            },
            {
                "id": "100077267607167",
                "count": 0
            },
            {
                "id": "100085493114918",
                "count": 0
            },
            {
                "id": "100012533700432",
                "count": 0
            },
            {
                "id": "100061351448725",
                "count": 0
            },
            {
                "id": "100091380698837",
                "count": 0
            },
            {
                "id": "61550842991655",
                "count": 0
            },
            {
                "id": "100064275010733",
                "count": 0
            },
            {
                "id": "100086982245179",
                "count": 0
            },
            {
                "id": "556085633",
                "count": 0
            },
            {
                "id": "100092290671228",
                "count": 0
            },
            {
                "id": "100066372780113",
                "count": 0
            },
            {
                "id": "100079623597700",
                "count": 0
            },
            {
                "id": "100095228658770",
                "count": 0
            },
            {
                "id": "100077436124907",
                "count": 0
            },
            {
                "id": "61554165831779",
                "count": 0
            },
            {
                "id": "100072549190548",
                "count": 0
            },
            {
                "id": "100067887469593",
                "count": 0
            },
            {
                "id": "61550248473607",
                "count": 0
            },
            {
                "id": "100091677521632",
                "count": 0
            },
            {
                "id": "100048896387734",
                "count": 0
            },
            {
                "id": "100076761371896",
                "count": 0
            },
            {
                "id": "100023092595010",
                "count": 0
            },
            {
                "id": "100073375309639",
                "count": 0
            },
            {
                "id": "100058924350277",
                "count": 0
            },
            {
                "id": "100018290259543",
                "count": 0
            },
            {
                "id": "100077980504363",
                "count": 0
            },
            {
                "id": "508572728",
                "count": 0
            },
            {
                "id": "100083573903403",
                "count": 0
            },
            {
                "id": "100067105236755",
                "count": 0
            },
            {
                "id": "100089235186283",
                "count": 0
            },
            {
                "id": "100087218113949",
                "count": 0
            },
            {
                "id": "100063648401552",
                "count": 0
            },
            {
                "id": "100064357043296",
                "count": 0
            },
            {
                "id": "100068341566218",
                "count": 0
            },
            {
                "id": "100076183240657",
                "count": 0
            },
            {
                "id": "100083833935477",
                "count": 0
            },
            {
                "id": "100074579980618",
                "count": 0
            },
            {
                "id": "100059165917752",
                "count": 0
            },
            {
                "id": "100089609131410",
                "count": 0
            },
            {
                "id": "100067001846957",
                "count": 0
            },
            {
                "id": "100086258420460",
                "count": 0
            },
            {
                "id": "100070678992757",
                "count": 0
            },
            {
                "id": "61552475893145",
                "count": 0
            },
            {
                "id": "61552794568333",
                "count": 0
            },
            {
                "id": "100074832226544",
                "count": 0
            },
            {
                "id": "100005742603760",
                "count": 0
            },
            {
                "id": "61551416401141",
                "count": 0
            },
            {
                "id": "100077775547658",
                "count": 0
            },
            {
                "id": "100069594530790",
                "count": 0
            },
            {
                "id": "100049366368220",
                "count": 0
            },
            {
                "id": "100052042958264",
                "count": 0
            },
            {
                "id": "100087655790613",
                "count": 0
            },
            {
                "id": "100084437366804",
                "count": 0
            },
            {
                "id": "100088123996107",
                "count": 0
            },
            {
                "id": "61550548806511",
                "count": 0
            },
            {
                "id": "100092675100641",
                "count": 0
            }
        ]
    }
}