{
    "total": [
        {
            "id": "100095474942295",
            "count": 0
        },
        {
            "id": "100093469771471",
            "count": 0
        },
        {
            "id": "100085714803631",
            "count": 0
        },
        {
            "id": "100093216241347",
            "count": 1
        },
        {
            "id": "100028535023910",
            "count": 0
        },
        {
            "id": "100053741481467",
            "count": 0
        },
        {
            "id": "61554975665945",
            "count": 5
        },
        {
            "id": "100081458634556",
            "count": 9
        },
        {
            "id": "61554470497072",
            "count": 0
        }
    ],
    "week": [
        {
            "id": "100095474942295",
            "count": 0
        },
        {
            "id": "100093469771471",
            "count": 0
        },
        {
            "id": "100085714803631",
            "count": 0
        },
        {
            "id": "100093216241347",
            "count": 1
        },
        {
            "id": "100028535023910",
            "count": 0
        },
        {
            "id": "100053741481467",
            "count": 0
        },
        {
            "id": "61554975665945",
            "count": 5
        },
        {
            "id": "100081458634556",
            "count": 9
        },
        {
            "id": "61554470497072",
            "count": 0
        }
    ],
    "day": [
        {
            "id": "100095474942295",
            "count": 0
        },
        {
            "id": "100093469771471",
            "count": 0
        },
        {
            "id": "100085714803631",
            "count": 0
        },
        {
            "id": "100093216241347",
            "count": 1
        },
        {
            "id": "100028535023910",
            "count": 0
        },
        {
            "id": "100053741481467",
            "count": 0
        },
        {
            "id": "61554975665945",
            "count": 5
        },
        {
            "id": "100081458634556",
            "count": 9
        },
        {
            "id": "61554470497072",
            "count": 0
        }
    ],
    "time": 2,
    "last": {
        "time": 3,
        "day": [
            {
                "id": "100095474942295",
                "count": 0
            },
            {
                "id": "100093469771471",
                "count": 0
            },
            {
                "id": "100085714803631",
                "count": 0
            },
            {
                "id": "100093216241347",
                "count": 0
            },
            {
                "id": "100028535023910",
                "count": 0
            },
            {
                "id": "100053741481467",
                "count": 0
            },
            {
                "id": "61554975665945",
                "count": 0
            },
            {
                "id": "100081458634556",
                "count": 0
            },
            {
                "id": "61554470497072",
                "count": 0
            }
        ],
        "week": [
            {
                "id": "100095474942295",
                "count": 0
            },
            {
                "id": "100093469771471",
                "count": 0
            },
            {
                "id": "100085714803631",
                "count": 0
            },
            {
                "id": "100093216241347",
                "count": 0
            },
            {
                "id": "100028535023910",
                "count": 0
            },
            {
                "id": "100053741481467",
                "count": 0
            },
            {
                "id": "61554975665945",
                "count": 0
            },
            {
                "id": "100081458634556",
                "count": 0
            },
            {
                "id": "61554470497072",
                "count": 0
            }
        ]
    }
}