{
    "total": [
        {
            "id": "100086062086600",
            "count": 33
        },
        {
            "id": "100094210284908",
            "count": 0
        },
        {
            "id": "61560032375849",
            "count": 0
        },
        {
            "id": "100041990810683",
            "count": 61
        },
        {
            "id": "100080143280849",
            "count": 0
        },
        {
            "id": "100091784937892",
            "count": 1
        },
        {
            "id": "100088722604148",
            "count": 0
        },
        {
            "id": "61558701390822",
            "count": 0
        },
        {
            "id": "100049834230532",
            "count": 0
        },
        {
            "id": "100054238185744",
            "count": 0
        },
        {
            "id": "61555809030974",
            "count": 721
        },
        {
            "id": "61558448641094",
            "count": 232
        },
        {
            "id": "61554492070584",
            "count": 0
        },
        {
            "id": "61554205032093",
            "count": 0
        },
        {
            "id": "61561317806130",
            "count": 0
        },
        {
            "id": "61550227622108",
            "count": 0
        },
        {
            "id": "100092486716371",
            "count": 2
        },
        {
            "id": "61558579632932",
            "count": 0
        },
        {
            "id": "100094908729473",
            "count": 3
        },
        {
            "id": "61551922490382",
            "count": 288
        },
        {
            "id": "100006353463078",
            "count": 23
        },
        {
            "id": "100093327192874",
            "count": 17
        },
        {
            "id": "100089528557230",
            "count": 1
        },
        {
            "id": "61559915243799",
            "count": 0
        },
        {
            "id": "61560212828103",
            "count": 320
        },
        {
            "id": "100093702377858",
            "count": 0
        },
        {
            "id": "61561423643351",
            "count": 48
        },
        {
            "id": "61557545543030",
            "count": 263
        },
        {
            "id": "100079238392345",
            "count": 94
        },
        {
            "id": "61555806615328",
            "count": 33
        },
        {
            "id": "100079514079328",
            "count": 85
        },
        {
            "id": "61555896003523",
            "count": 42
        },
        {
            "id": "100082311921756",
            "count": 1
        },
        {
            "id": "100047424143018",
            "count": 1
        },
        {
            "id": "100082858161901",
            "count": 4
        },
        {
            "id": "100073810399948",
            "count": 3
        },
        {
            "id": "100075505346056",
            "count": 11
        }
    ],
    "week": [
        {
            "id": "100086062086600",
            "count": 33
        },
        {
            "id": "100094210284908",
            "count": 0
        },
        {
            "id": "61560032375849",
            "count": 0
        },
        {
            "id": "100041990810683",
            "count": 61
        },
        {
            "id": "100080143280849",
            "count": 0
        },
        {
            "id": "100091784937892",
            "count": 1
        },
        {
            "id": "100088722604148",
            "count": 0
        },
        {
            "id": "61558701390822",
            "count": 0
        },
        {
            "id": "100049834230532",
            "count": 0
        },
        {
            "id": "100054238185744",
            "count": 0
        },
        {
            "id": "61555809030974",
            "count": 721
        },
        {
            "id": "61558448641094",
            "count": 232
        },
        {
            "id": "61554492070584",
            "count": 0
        },
        {
            "id": "61554205032093",
            "count": 0
        },
        {
            "id": "61561317806130",
            "count": 0
        },
        {
            "id": "61550227622108",
            "count": 0
        },
        {
            "id": "100092486716371",
            "count": 2
        },
        {
            "id": "61558579632932",
            "count": 0
        },
        {
            "id": "100094908729473",
            "count": 3
        },
        {
            "id": "61551922490382",
            "count": 288
        },
        {
            "id": "100006353463078",
            "count": 23
        },
        {
            "id": "100093327192874",
            "count": 17
        },
        {
            "id": "100089528557230",
            "count": 1
        },
        {
            "id": "61559915243799",
            "count": 0
        },
        {
            "id": "61560212828103",
            "count": 320
        },
        {
            "id": "100093702377858",
            "count": 0
        },
        {
            "id": "61561423643351",
            "count": 48
        },
        {
            "id": "61557545543030",
            "count": 263
        },
        {
            "id": "100079238392345",
            "count": 94
        },
        {
            "id": "61555806615328",
            "count": 33
        },
        {
            "id": "100079514079328",
            "count": 85
        },
        {
            "id": "61555896003523",
            "count": 42
        },
        {
            "id": "100082311921756",
            "count": 1
        },
        {
            "id": "100047424143018",
            "count": 1
        },
        {
            "id": "100082858161901",
            "count": 4
        },
        {
            "id": "100073810399948",
            "count": 3
        },
        {
            "id": "100075505346056",
            "count": 11
        }
    ],
    "day": [
        {
            "id": "100086062086600",
            "count": 0
        },
        {
            "id": "100094210284908",
            "count": 0
        },
        {
            "id": "61560032375849",
            "count": 0
        },
        {
            "id": "100041990810683",
            "count": 0
        },
        {
            "id": "100080143280849",
            "count": 0
        },
        {
            "id": "100091784937892",
            "count": 0
        },
        {
            "id": "100088722604148",
            "count": 0
        },
        {
            "id": "61558701390822",
            "count": 0
        },
        {
            "id": "100049834230532",
            "count": 0
        },
        {
            "id": "100054238185744",
            "count": 0
        },
        {
            "id": "61555809030974",
            "count": 0
        },
        {
            "id": "61558448641094",
            "count": 0
        },
        {
            "id": "61554492070584",
            "count": 0
        },
        {
            "id": "61554205032093",
            "count": 0
        },
        {
            "id": "61561317806130",
            "count": 0
        },
        {
            "id": "61550227622108",
            "count": 0
        },
        {
            "id": "100092486716371",
            "count": 0
        },
        {
            "id": "61558579632932",
            "count": 0
        },
        {
            "id": "100094908729473",
            "count": 0
        },
        {
            "id": "61551922490382",
            "count": 0
        },
        {
            "id": "100006353463078",
            "count": 0
        },
        {
            "id": "100093327192874",
            "count": 0
        },
        {
            "id": "100089528557230",
            "count": 0
        },
        {
            "id": "61559915243799",
            "count": 0
        },
        {
            "id": "61560212828103",
            "count": 0
        },
        {
            "id": "100093702377858",
            "count": 0
        },
        {
            "id": "61561423643351",
            "count": 0
        },
        {
            "id": "61557545543030",
            "count": 2
        },
        {
            "id": "100079238392345",
            "count": 0
        },
        {
            "id": "61555806615328",
            "count": 0
        },
        {
            "id": "100079514079328",
            "count": 1
        },
        {
            "id": "61555896003523",
            "count": 0
        },
        {
            "id": "100082311921756",
            "count": 0
        },
        {
            "id": "100047424143018",
            "count": 0
        },
        {
            "id": "100082858161901",
            "count": 0
        },
        {
            "id": "100073810399948",
            "count": 0
        },
        {
            "id": "100075505346056",
            "count": 0
        }
    ],
    "time": 4,
    "last": {
        "time": 1,
        "day": [
            {
                "id": "100086062086600",
                "count": 0
            },
            {
                "id": "100094210284908",
                "count": 0
            },
            {
                "id": "61560032375849",
                "count": 0
            },
            {
                "id": "100041990810683",
                "count": 0
            },
            {
                "id": "100080143280849",
                "count": 0
            },
            {
                "id": "100091784937892",
                "count": 0
            },
            {
                "id": "100088722604148",
                "count": 0
            },
            {
                "id": "61558701390822",
                "count": 0
            },
            {
                "id": "100049834230532",
                "count": 0
            },
            {
                "id": "100054238185744",
                "count": 0
            },
            {
                "id": "61555809030974",
                "count": 0
            },
            {
                "id": "61558448641094",
                "count": 0
            },
            {
                "id": "61554492070584",
                "count": 0
            },
            {
                "id": "61554205032093",
                "count": 0
            },
            {
                "id": "61561317806130",
                "count": 0
            },
            {
                "id": "61550227622108",
                "count": 0
            },
            {
                "id": "100092486716371",
                "count": 0
            },
            {
                "id": "61558579632932",
                "count": 0
            },
            {
                "id": "100094908729473",
                "count": 0
            },
            {
                "id": "61551922490382",
                "count": 0
            },
            {
                "id": "100006353463078",
                "count": 0
            },
            {
                "id": "100093327192874",
                "count": 0
            },
            {
                "id": "100089528557230",
                "count": 0
            },
            {
                "id": "61559915243799",
                "count": 0
            },
            {
                "id": "61560212828103",
                "count": 0
            },
            {
                "id": "100093702377858",
                "count": 0
            },
            {
                "id": "61561423643351",
                "count": 0
            },
            {
                "id": "61557545543030",
                "count": 0
            }
        ],
        "week": [
            {
                "id": "100086062086600",
                "count": 0
            },
            {
                "id": "100094210284908",
                "count": 0
            },
            {
                "id": "61560032375849",
                "count": 0
            },
            {
                "id": "100041990810683",
                "count": 0
            },
            {
                "id": "100080143280849",
                "count": 0
            },
            {
                "id": "100091784937892",
                "count": 0
            },
            {
                "id": "100088722604148",
                "count": 0
            },
            {
                "id": "61558701390822",
                "count": 0
            },
            {
                "id": "100049834230532",
                "count": 0
            },
            {
                "id": "100054238185744",
                "count": 0
            },
            {
                "id": "61555809030974",
                "count": 0
            },
            {
                "id": "61558448641094",
                "count": 0
            },
            {
                "id": "61554492070584",
                "count": 0
            },
            {
                "id": "61554205032093",
                "count": 0
            },
            {
                "id": "61561317806130",
                "count": 0
            },
            {
                "id": "61550227622108",
                "count": 0
            },
            {
                "id": "100092486716371",
                "count": 0
            },
            {
                "id": "61558579632932",
                "count": 0
            },
            {
                "id": "100094908729473",
                "count": 0
            },
            {
                "id": "61551922490382",
                "count": 0
            },
            {
                "id": "100006353463078",
                "count": 0
            },
            {
                "id": "100093327192874",
                "count": 0
            },
            {
                "id": "100089528557230",
                "count": 0
            },
            {
                "id": "61559915243799",
                "count": 0
            },
            {
                "id": "61560212828103",
                "count": 0
            },
            {
                "id": "100093702377858",
                "count": 0
            },
            {
                "id": "61561423643351",
                "count": 0
            },
            {
                "id": "61557545543030",
                "count": 0
            }
        ]
    }
}