{
    "total": [
        {
            "id": "100090987576608",
            "count": 12
        },
        {
            "id": "61560883576418",
            "count": 29
        },
        {
            "id": "100060687103752",
            "count": 35
        },
        {
            "id": "61555809030974",
            "count": 41
        }
    ],
    "week": [
        {
            "id": "100090987576608",
            "count": 12
        },
        {
            "id": "61560883576418",
            "count": 29
        },
        {
            "id": "100060687103752",
            "count": 35
        },
        {
            "id": "61555809030974",
            "count": 41
        }
    ],
    "day": [
        {
            "id": "100090987576608",
            "count": 12
        },
        {
            "id": "61560883576418",
            "count": 29
        },
        {
            "id": "100060687103752",
            "count": 35
        },
        {
            "id": "61555809030974",
            "count": 41
        }
    ],
    "time": 2,
    "last": {
        "time": 0,
        "day": [
            {
                "id": "100090987576608",
                "count": 0
            },
            {
                "id": "61560883576418",
                "count": 0
            },
            {
                "id": "100060687103752",
                "count": 0
            },
            {
                "id": "61558141887235",
                "count": 0
            },
            {
                "id": "61555809030974",
                "count": 0
            }
        ],
        "week": [
            {
                "id": "100090987576608",
                "count": 0
            },
            {
                "id": "61560883576418",
                "count": 0
            },
            {
                "id": "100060687103752",
                "count": 0
            },
            {
                "id": "61558141887235",
                "count": 0
            },
            {
                "id": "61555809030974",
                "count": 0
            }
        ]
    }
}