{
    "total": [
        {
            "id": "100079111467877",
            "count": 0
        },
        {
            "id": "100025332871889",
            "count": 0
        },
        {
            "id": "61551072416177",
            "count": 0
        },
        {
            "id": "100037039312387",
            "count": 0
        },
        {
            "id": "100093694392653",
            "count": 0
        },
        {
            "id": "100083897637232",
            "count": 0
        },
        {
            "id": "61551112897723",
            "count": 0
        },
        {
            "id": "100091819936180",
            "count": 0
        },
        {
            "id": "100000503317605",
            "count": 0
        },
        {
            "id": "100063621456193",
            "count": 0
        },
        {
            "id": "100077980504363",
            "count": 10
        },
        {
            "id": "100083174347639",
            "count": 0
        },
        {
            "id": "100088449372985",
            "count": 0
        },
        {
            "id": "100094236391871",
            "count": 0
        },
        {
            "id": "100081770718349",
            "count": 0
        },
        {
            "id": "100090890911231",
            "count": 0
        },
        {
            "id": "100093307538331",
            "count": 0
        },
        {
            "id": "61550927198648",
            "count": 0
        },
        {
            "id": "100041355022852",
            "count": 0
        },
        {
            "id": "100003717317472",
            "count": 0
        },
        {
            "id": "100000842871603",
            "count": 0
        },
        {
            "id": "100094043574093",
            "count": 0
        },
        {
            "id": "100094651158664",
            "count": 0
        },
        {
            "id": "61550743840507",
            "count": 0
        },
        {
            "id": "100094418455378",
            "count": 0
        },
        {
            "id": "100094320574769",
            "count": 0
        },
        {
            "id": "100084679098298",
            "count": 0
        },
        {
            "id": "100087432696130",
            "count": 0
        },
        {
            "id": "100045848572477",
            "count": 0
        },
        {
            "id": "61552223334921",
            "count": 0
        },
        {
            "id": "100089217652140",
            "count": 0
        },
        {
            "id": "100086233883381",
            "count": 0
        },
        {
            "id": "61552175343055",
            "count": 0
        },
        {
            "id": "100001691890354",
            "count": 0
        },
        {
            "id": "100092218832928",
            "count": 0
        },
        {
            "id": "100062837881940",
            "count": 0
        },
        {
            "id": "100029904845642",
            "count": 0
        },
        {
            "id": "100063470889361",
            "count": 0
        },
        {
            "id": "100090996681380",
            "count": 0
        },
        {
            "id": "61551021461199",
            "count": 0
        },
        {
            "id": "100079473087204",
            "count": 0
        },
        {
            "id": "100004615683443",
            "count": 0
        },
        {
            "id": "61552406220173",
            "count": 0
        },
        {
            "id": "100010073237462",
            "count": 0
        },
        {
            "id": "100031336838360",
            "count": 0
        },
        {
            "id": "100077667677278",
            "count": 0
        },
        {
            "id": "100029198175178",
            "count": 0
        },
        {
            "id": "100081478052432",
            "count": 0
        },
        {
            "id": "100090204294234",
            "count": 0
        },
        {
            "id": "100038678414010",
            "count": 0
        },
        {
            "id": "100070536697790",
            "count": 0
        },
        {
            "id": "100001366241438",
            "count": 0
        },
        {
            "id": "100079245319249",
            "count": 0
        },
        {
            "id": "100040820214070",
            "count": 0
        },
        {
            "id": "100089888905746",
            "count": 0
        },
        {
            "id": "61551096545466",
            "count": 0
        },
        {
            "id": "710603453",
            "count": 0
        },
        {
            "id": "100008893115166",
            "count": 0
        },
        {
            "id": "100046635003135",
            "count": 0
        },
        {
            "id": "100015134504941",
            "count": 0
        },
        {
            "id": "100093986210918",
            "count": 0
        },
        {
            "id": "100093434242904",
            "count": 0
        },
        {
            "id": "1606654797",
            "count": 0
        },
        {
            "id": "100041600164073",
            "count": 1
        },
        {
            "id": "61550941926291",
            "count": 0
        },
        {
            "id": "100087979397864",
            "count": 0
        },
        {
            "id": "100088507428187",
            "count": 1
        },
        {
            "id": "100084015934186",
            "count": 0
        },
        {
            "id": "100073785162678",
            "count": 0
        },
        {
            "id": "100072696458960",
            "count": 0
        },
        {
            "id": "61552004121558",
            "count": 0
        },
        {
            "id": "1153327407",
            "count": 0
        },
        {
            "id": "100090182165174",
            "count": 0
        },
        {
            "id": "61551821668601",
            "count": 0
        },
        {
            "id": "100093261053942",
            "count": 0
        },
        {
            "id": "61552226897318",
            "count": 0
        },
        {
            "id": "1712601204",
            "count": 0
        },
        {
            "id": "100083727994682",
            "count": 0
        },
        {
            "id": "100091943745105",
            "count": 0
        },
        {
            "id": "100003897548166",
            "count": 0
        },
        {
            "id": "100092835121125",
            "count": 0
        },
        {
            "id": "61551034089018",
            "count": 0
        },
        {
            "id": "100014360941585",
            "count": 0
        }
    ],
    "week": [
        {
            "id": "100079111467877",
            "count": 0
        },
        {
            "id": "100025332871889",
            "count": 0
        },
        {
            "id": "61551072416177",
            "count": 0
        },
        {
            "id": "100037039312387",
            "count": 0
        },
        {
            "id": "100093694392653",
            "count": 0
        },
        {
            "id": "100083897637232",
            "count": 0
        },
        {
            "id": "61551112897723",
            "count": 0
        },
        {
            "id": "100091819936180",
            "count": 0
        },
        {
            "id": "100000503317605",
            "count": 0
        },
        {
            "id": "100063621456193",
            "count": 0
        },
        {
            "id": "100077980504363",
            "count": 10
        },
        {
            "id": "100083174347639",
            "count": 0
        },
        {
            "id": "100088449372985",
            "count": 0
        },
        {
            "id": "100094236391871",
            "count": 0
        },
        {
            "id": "100081770718349",
            "count": 0
        },
        {
            "id": "100090890911231",
            "count": 0
        },
        {
            "id": "100093307538331",
            "count": 0
        },
        {
            "id": "61550927198648",
            "count": 0
        },
        {
            "id": "100041355022852",
            "count": 0
        },
        {
            "id": "100003717317472",
            "count": 0
        },
        {
            "id": "100000842871603",
            "count": 0
        },
        {
            "id": "100094043574093",
            "count": 0
        },
        {
            "id": "100094651158664",
            "count": 0
        },
        {
            "id": "61550743840507",
            "count": 0
        },
        {
            "id": "100094418455378",
            "count": 0
        },
        {
            "id": "100094320574769",
            "count": 0
        },
        {
            "id": "100084679098298",
            "count": 0
        },
        {
            "id": "100087432696130",
            "count": 0
        },
        {
            "id": "100045848572477",
            "count": 0
        },
        {
            "id": "61552223334921",
            "count": 0
        },
        {
            "id": "100089217652140",
            "count": 0
        },
        {
            "id": "100086233883381",
            "count": 0
        },
        {
            "id": "61552175343055",
            "count": 0
        },
        {
            "id": "100001691890354",
            "count": 0
        },
        {
            "id": "100092218832928",
            "count": 0
        },
        {
            "id": "100062837881940",
            "count": 0
        },
        {
            "id": "100029904845642",
            "count": 0
        },
        {
            "id": "100063470889361",
            "count": 0
        },
        {
            "id": "100090996681380",
            "count": 0
        },
        {
            "id": "61551021461199",
            "count": 0
        },
        {
            "id": "100079473087204",
            "count": 0
        },
        {
            "id": "100004615683443",
            "count": 0
        },
        {
            "id": "61552406220173",
            "count": 0
        },
        {
            "id": "100010073237462",
            "count": 0
        },
        {
            "id": "100031336838360",
            "count": 0
        },
        {
            "id": "100077667677278",
            "count": 0
        },
        {
            "id": "100029198175178",
            "count": 0
        },
        {
            "id": "100081478052432",
            "count": 0
        },
        {
            "id": "100090204294234",
            "count": 0
        },
        {
            "id": "100038678414010",
            "count": 0
        },
        {
            "id": "100070536697790",
            "count": 0
        },
        {
            "id": "100001366241438",
            "count": 0
        },
        {
            "id": "100079245319249",
            "count": 0
        },
        {
            "id": "100040820214070",
            "count": 0
        },
        {
            "id": "100089888905746",
            "count": 0
        },
        {
            "id": "61551096545466",
            "count": 0
        },
        {
            "id": "710603453",
            "count": 0
        },
        {
            "id": "100008893115166",
            "count": 0
        },
        {
            "id": "100046635003135",
            "count": 0
        },
        {
            "id": "100015134504941",
            "count": 0
        },
        {
            "id": "100093986210918",
            "count": 0
        },
        {
            "id": "100093434242904",
            "count": 0
        },
        {
            "id": "1606654797",
            "count": 0
        },
        {
            "id": "100041600164073",
            "count": 1
        },
        {
            "id": "61550941926291",
            "count": 0
        },
        {
            "id": "100087979397864",
            "count": 0
        },
        {
            "id": "100088507428187",
            "count": 1
        },
        {
            "id": "100084015934186",
            "count": 0
        },
        {
            "id": "100073785162678",
            "count": 0
        },
        {
            "id": "100072696458960",
            "count": 0
        },
        {
            "id": "61552004121558",
            "count": 0
        },
        {
            "id": "1153327407",
            "count": 0
        },
        {
            "id": "100090182165174",
            "count": 0
        },
        {
            "id": "61551821668601",
            "count": 0
        },
        {
            "id": "100093261053942",
            "count": 0
        },
        {
            "id": "61552226897318",
            "count": 0
        },
        {
            "id": "1712601204",
            "count": 0
        },
        {
            "id": "100083727994682",
            "count": 0
        },
        {
            "id": "100091943745105",
            "count": 0
        },
        {
            "id": "100003897548166",
            "count": 0
        },
        {
            "id": "100092835121125",
            "count": 0
        },
        {
            "id": "61551034089018",
            "count": 0
        },
        {
            "id": "100014360941585",
            "count": 0
        }
    ],
    "day": [
        {
            "id": "100079111467877",
            "count": 0
        },
        {
            "id": "100025332871889",
            "count": 0
        },
        {
            "id": "61551072416177",
            "count": 0
        },
        {
            "id": "100037039312387",
            "count": 0
        },
        {
            "id": "100093694392653",
            "count": 0
        },
        {
            "id": "100083897637232",
            "count": 0
        },
        {
            "id": "61551112897723",
            "count": 0
        },
        {
            "id": "100091819936180",
            "count": 0
        },
        {
            "id": "100000503317605",
            "count": 0
        },
        {
            "id": "100063621456193",
            "count": 0
        },
        {
            "id": "100077980504363",
            "count": 10
        },
        {
            "id": "100083174347639",
            "count": 0
        },
        {
            "id": "100088449372985",
            "count": 0
        },
        {
            "id": "100094236391871",
            "count": 0
        },
        {
            "id": "100081770718349",
            "count": 0
        },
        {
            "id": "100090890911231",
            "count": 0
        },
        {
            "id": "100093307538331",
            "count": 0
        },
        {
            "id": "61550927198648",
            "count": 0
        },
        {
            "id": "100041355022852",
            "count": 0
        },
        {
            "id": "100003717317472",
            "count": 0
        },
        {
            "id": "100000842871603",
            "count": 0
        },
        {
            "id": "100094043574093",
            "count": 0
        },
        {
            "id": "100094651158664",
            "count": 0
        },
        {
            "id": "61550743840507",
            "count": 0
        },
        {
            "id": "100094418455378",
            "count": 0
        },
        {
            "id": "100094320574769",
            "count": 0
        },
        {
            "id": "100084679098298",
            "count": 0
        },
        {
            "id": "100087432696130",
            "count": 0
        },
        {
            "id": "100045848572477",
            "count": 0
        },
        {
            "id": "61552223334921",
            "count": 0
        },
        {
            "id": "100089217652140",
            "count": 0
        },
        {
            "id": "100086233883381",
            "count": 0
        },
        {
            "id": "61552175343055",
            "count": 0
        },
        {
            "id": "100001691890354",
            "count": 0
        },
        {
            "id": "100092218832928",
            "count": 0
        },
        {
            "id": "100062837881940",
            "count": 0
        },
        {
            "id": "100029904845642",
            "count": 0
        },
        {
            "id": "100063470889361",
            "count": 0
        },
        {
            "id": "100090996681380",
            "count": 0
        },
        {
            "id": "61551021461199",
            "count": 0
        },
        {
            "id": "100079473087204",
            "count": 0
        },
        {
            "id": "100004615683443",
            "count": 0
        },
        {
            "id": "61552406220173",
            "count": 0
        },
        {
            "id": "100010073237462",
            "count": 0
        },
        {
            "id": "100031336838360",
            "count": 0
        },
        {
            "id": "100077667677278",
            "count": 0
        },
        {
            "id": "100029198175178",
            "count": 0
        },
        {
            "id": "100081478052432",
            "count": 0
        },
        {
            "id": "100090204294234",
            "count": 0
        },
        {
            "id": "100038678414010",
            "count": 0
        },
        {
            "id": "100070536697790",
            "count": 0
        },
        {
            "id": "100001366241438",
            "count": 0
        },
        {
            "id": "100079245319249",
            "count": 0
        },
        {
            "id": "100040820214070",
            "count": 0
        },
        {
            "id": "100089888905746",
            "count": 0
        },
        {
            "id": "61551096545466",
            "count": 0
        },
        {
            "id": "710603453",
            "count": 0
        },
        {
            "id": "100008893115166",
            "count": 0
        },
        {
            "id": "100046635003135",
            "count": 0
        },
        {
            "id": "100015134504941",
            "count": 0
        },
        {
            "id": "100093986210918",
            "count": 0
        },
        {
            "id": "100093434242904",
            "count": 0
        },
        {
            "id": "1606654797",
            "count": 0
        },
        {
            "id": "100041600164073",
            "count": 1
        },
        {
            "id": "61550941926291",
            "count": 0
        },
        {
            "id": "100087979397864",
            "count": 0
        },
        {
            "id": "100088507428187",
            "count": 1
        },
        {
            "id": "100084015934186",
            "count": 0
        },
        {
            "id": "100073785162678",
            "count": 0
        },
        {
            "id": "100072696458960",
            "count": 0
        },
        {
            "id": "61552004121558",
            "count": 0
        },
        {
            "id": "1153327407",
            "count": 0
        },
        {
            "id": "100090182165174",
            "count": 0
        },
        {
            "id": "61551821668601",
            "count": 0
        },
        {
            "id": "100093261053942",
            "count": 0
        },
        {
            "id": "61552226897318",
            "count": 0
        },
        {
            "id": "1712601204",
            "count": 0
        },
        {
            "id": "100083727994682",
            "count": 0
        },
        {
            "id": "100091943745105",
            "count": 0
        },
        {
            "id": "100003897548166",
            "count": 0
        },
        {
            "id": "100092835121125",
            "count": 0
        },
        {
            "id": "61551034089018",
            "count": 0
        },
        {
            "id": "100014360941585",
            "count": 0
        }
    ],
    "time": 2,
    "last": {
        "time": 4,
        "day": [
            {
                "id": "100079111467877",
                "count": 0
            },
            {
                "id": "100025332871889",
                "count": 0
            },
            {
                "id": "61551072416177",
                "count": 0
            },
            {
                "id": "100037039312387",
                "count": 0
            },
            {
                "id": "100093694392653",
                "count": 0
            },
            {
                "id": "100083897637232",
                "count": 0
            },
            {
                "id": "61551112897723",
                "count": 0
            },
            {
                "id": "100091819936180",
                "count": 0
            },
            {
                "id": "100000503317605",
                "count": 0
            },
            {
                "id": "100063621456193",
                "count": 0
            },
            {
                "id": "100077980504363",
                "count": 0
            },
            {
                "id": "100083174347639",
                "count": 0
            },
            {
                "id": "100088449372985",
                "count": 0
            },
            {
                "id": "100094236391871",
                "count": 0
            },
            {
                "id": "100081770718349",
                "count": 0
            },
            {
                "id": "100090890911231",
                "count": 0
            },
            {
                "id": "100093307538331",
                "count": 0
            },
            {
                "id": "61550927198648",
                "count": 0
            },
            {
                "id": "100041355022852",
                "count": 0
            },
            {
                "id": "100049305409105",
                "count": 0
            },
            {
                "id": "100003717317472",
                "count": 0
            },
            {
                "id": "100000842871603",
                "count": 0
            },
            {
                "id": "100094043574093",
                "count": 0
            },
            {
                "id": "100094651158664",
                "count": 0
            },
            {
                "id": "61550743840507",
                "count": 0
            },
            {
                "id": "100094418455378",
                "count": 0
            },
            {
                "id": "100094320574769",
                "count": 0
            },
            {
                "id": "100084679098298",
                "count": 0
            },
            {
                "id": "100087432696130",
                "count": 0
            },
            {
                "id": "100045848572477",
                "count": 0
            },
            {
                "id": "61552223334921",
                "count": 0
            },
            {
                "id": "100089217652140",
                "count": 0
            },
            {
                "id": "100086233883381",
                "count": 0
            },
            {
                "id": "61552175343055",
                "count": 0
            },
            {
                "id": "100001691890354",
                "count": 0
            },
            {
                "id": "100092218832928",
                "count": 0
            },
            {
                "id": "100062837881940",
                "count": 0
            },
            {
                "id": "100029904845642",
                "count": 0
            },
            {
                "id": "100063470889361",
                "count": 0
            },
            {
                "id": "100090996681380",
                "count": 0
            },
            {
                "id": "61551021461199",
                "count": 0
            },
            {
                "id": "100079473087204",
                "count": 0
            },
            {
                "id": "100004615683443",
                "count": 0
            },
            {
                "id": "61552406220173",
                "count": 0
            },
            {
                "id": "100010073237462",
                "count": 0
            },
            {
                "id": "100031336838360",
                "count": 0
            },
            {
                "id": "100077667677278",
                "count": 0
            },
            {
                "id": "100029198175178",
                "count": 0
            },
            {
                "id": "100081478052432",
                "count": 0
            },
            {
                "id": "100090204294234",
                "count": 0
            },
            {
                "id": "100038678414010",
                "count": 0
            },
            {
                "id": "100070536697790",
                "count": 0
            },
            {
                "id": "100001366241438",
                "count": 0
            },
            {
                "id": "100079245319249",
                "count": 0
            },
            {
                "id": "100040820214070",
                "count": 0
            },
            {
                "id": "100089888905746",
                "count": 0
            },
            {
                "id": "61551096545466",
                "count": 0
            },
            {
                "id": "710603453",
                "count": 0
            },
            {
                "id": "100008893115166",
                "count": 0
            },
            {
                "id": "100046635003135",
                "count": 0
            },
            {
                "id": "100015134504941",
                "count": 0
            },
            {
                "id": "100093986210918",
                "count": 0
            },
            {
                "id": "100093434242904",
                "count": 0
            },
            {
                "id": "1606654797",
                "count": 0
            },
            {
                "id": "100041600164073",
                "count": 0
            },
            {
                "id": "61550941926291",
                "count": 0
            },
            {
                "id": "100087979397864",
                "count": 0
            },
            {
                "id": "100088507428187",
                "count": 0
            },
            {
                "id": "100084015934186",
                "count": 0
            },
            {
                "id": "100073785162678",
                "count": 0
            },
            {
                "id": "100072696458960",
                "count": 0
            },
            {
                "id": "61552004121558",
                "count": 0
            },
            {
                "id": "100078239856304",
                "count": 0
            },
            {
                "id": "1153327407",
                "count": 0
            },
            {
                "id": "100090182165174",
                "count": 0
            },
            {
                "id": "61551821668601",
                "count": 0
            },
            {
                "id": "100093261053942",
                "count": 0
            },
            {
                "id": "61552226897318",
                "count": 0
            },
            {
                "id": "1712601204",
                "count": 0
            },
            {
                "id": "100083727994682",
                "count": 0
            },
            {
                "id": "100091943745105",
                "count": 0
            },
            {
                "id": "100003897548166",
                "count": 0
            },
            {
                "id": "100092835121125",
                "count": 0
            },
            {
                "id": "61551034089018",
                "count": 0
            },
            {
                "id": "100014360941585",
                "count": 0
            }
        ],
        "week": [
            {
                "id": "100079111467877",
                "count": 0
            },
            {
                "id": "100025332871889",
                "count": 0
            },
            {
                "id": "61551072416177",
                "count": 0
            },
            {
                "id": "100037039312387",
                "count": 0
            },
            {
                "id": "100093694392653",
                "count": 0
            },
            {
                "id": "100083897637232",
                "count": 0
            },
            {
                "id": "61551112897723",
                "count": 0
            },
            {
                "id": "100091819936180",
                "count": 0
            },
            {
                "id": "100000503317605",
                "count": 0
            },
            {
                "id": "100063621456193",
                "count": 0
            },
            {
                "id": "100077980504363",
                "count": 0
            },
            {
                "id": "100083174347639",
                "count": 0
            },
            {
                "id": "100088449372985",
                "count": 0
            },
            {
                "id": "100094236391871",
                "count": 0
            },
            {
                "id": "100081770718349",
                "count": 0
            },
            {
                "id": "100090890911231",
                "count": 0
            },
            {
                "id": "100093307538331",
                "count": 0
            },
            {
                "id": "61550927198648",
                "count": 0
            },
            {
                "id": "100041355022852",
                "count": 0
            },
            {
                "id": "100049305409105",
                "count": 0
            },
            {
                "id": "100003717317472",
                "count": 0
            },
            {
                "id": "100000842871603",
                "count": 0
            },
            {
                "id": "100094043574093",
                "count": 0
            },
            {
                "id": "100094651158664",
                "count": 0
            },
            {
                "id": "61550743840507",
                "count": 0
            },
            {
                "id": "100094418455378",
                "count": 0
            },
            {
                "id": "100094320574769",
                "count": 0
            },
            {
                "id": "100084679098298",
                "count": 0
            },
            {
                "id": "100087432696130",
                "count": 0
            },
            {
                "id": "100045848572477",
                "count": 0
            },
            {
                "id": "61552223334921",
                "count": 0
            },
            {
                "id": "100089217652140",
                "count": 0
            },
            {
                "id": "100086233883381",
                "count": 0
            },
            {
                "id": "61552175343055",
                "count": 0
            },
            {
                "id": "100001691890354",
                "count": 0
            },
            {
                "id": "100092218832928",
                "count": 0
            },
            {
                "id": "100062837881940",
                "count": 0
            },
            {
                "id": "100029904845642",
                "count": 0
            },
            {
                "id": "100063470889361",
                "count": 0
            },
            {
                "id": "100090996681380",
                "count": 0
            },
            {
                "id": "61551021461199",
                "count": 0
            },
            {
                "id": "100079473087204",
                "count": 0
            },
            {
                "id": "100004615683443",
                "count": 0
            },
            {
                "id": "61552406220173",
                "count": 0
            },
            {
                "id": "100010073237462",
                "count": 0
            },
            {
                "id": "100031336838360",
                "count": 0
            },
            {
                "id": "100077667677278",
                "count": 0
            },
            {
                "id": "100029198175178",
                "count": 0
            },
            {
                "id": "100081478052432",
                "count": 0
            },
            {
                "id": "100090204294234",
                "count": 0
            },
            {
                "id": "100038678414010",
                "count": 0
            },
            {
                "id": "100070536697790",
                "count": 0
            },
            {
                "id": "100001366241438",
                "count": 0
            },
            {
                "id": "100079245319249",
                "count": 0
            },
            {
                "id": "100040820214070",
                "count": 0
            },
            {
                "id": "100089888905746",
                "count": 0
            },
            {
                "id": "61551096545466",
                "count": 0
            },
            {
                "id": "710603453",
                "count": 0
            },
            {
                "id": "100008893115166",
                "count": 0
            },
            {
                "id": "100046635003135",
                "count": 0
            },
            {
                "id": "100015134504941",
                "count": 0
            },
            {
                "id": "100093986210918",
                "count": 0
            },
            {
                "id": "100093434242904",
                "count": 0
            },
            {
                "id": "1606654797",
                "count": 0
            },
            {
                "id": "100041600164073",
                "count": 0
            },
            {
                "id": "61550941926291",
                "count": 0
            },
            {
                "id": "100087979397864",
                "count": 0
            },
            {
                "id": "100088507428187",
                "count": 0
            },
            {
                "id": "100084015934186",
                "count": 0
            },
            {
                "id": "100073785162678",
                "count": 0
            },
            {
                "id": "100072696458960",
                "count": 0
            },
            {
                "id": "61552004121558",
                "count": 0
            },
            {
                "id": "100078239856304",
                "count": 0
            },
            {
                "id": "1153327407",
                "count": 0
            },
            {
                "id": "100090182165174",
                "count": 0
            },
            {
                "id": "61551821668601",
                "count": 0
            },
            {
                "id": "100093261053942",
                "count": 0
            },
            {
                "id": "61552226897318",
                "count": 0
            },
            {
                "id": "1712601204",
                "count": 0
            },
            {
                "id": "100083727994682",
                "count": 0
            },
            {
                "id": "100091943745105",
                "count": 0
            },
            {
                "id": "100003897548166",
                "count": 0
            },
            {
                "id": "100092835121125",
                "count": 0
            },
            {
                "id": "61551034089018",
                "count": 0
            },
            {
                "id": "100014360941585",
                "count": 0
            }
        ]
    }
}