{
    "total": [
        {
            "id": "100088162593575",
            "count": 0
        },
        {
            "id": "100087304210031",
            "count": 0
        },
        {
            "id": "100092386685973",
            "count": 1
        },
        {
            "id": "100013020960970",
            "count": 0
        },
        {
            "id": "100090019820389",
            "count": 0
        },
        {
            "id": "100069615517197",
            "count": 0
        },
        {
            "id": "100068041482609",
            "count": 0
        },
        {
            "id": "100044588597466",
            "count": 0
        },
        {
            "id": "100071292092147",
            "count": 0
        },
        {
            "id": "100078278101106",
            "count": 0
        },
        {
            "id": "100075878343251",
            "count": 0
        },
        {
            "id": "100072168947866",
            "count": 0
        },
        {
            "id": "100088845770374",
            "count": 0
        },
        {
            "id": "100069291556566",
            "count": 0
        },
        {
            "id": "100055631615740",
            "count": 0
        },
        {
            "id": "100086740630173",
            "count": 0
        },
        {
            "id": "100083727994682",
            "count": 0
        },
        {
            "id": "100080014253711",
            "count": 0
        },
        {
            "id": "100065084449084",
            "count": 5
        },
        {
            "id": "100074188156200",
            "count": 0
        },
        {
            "id": "100089466821981",
            "count": 0
        },
        {
            "id": "100088886695444",
            "count": 0
        },
        {
            "id": "100072407529414",
            "count": 2
        },
        {
            "id": "100049341283079",
            "count": 0
        },
        {
            "id": "100074155621505",
            "count": 0
        },
        {
            "id": "100058416497941",
            "count": 0
        },
        {
            "id": "100054816790377",
            "count": 0
        },
        {
            "id": "100074889207161",
            "count": 0
        },
        {
            "id": "100022136445300",
            "count": 0
        },
        {
            "id": "100075202783131",
            "count": 2
        },
        {
            "id": "100076636516504",
            "count": 0
        },
        {
            "id": "100071575183469",
            "count": 0
        },
        {
            "id": "61554261837686",
            "count": 0
        },
        {
            "id": "61554245852620",
            "count": 0
        },
        {
            "id": "100082580843320",
            "count": 0
        },
        {
            "id": "100015614650311",
            "count": 0
        },
        {
            "id": "61554374420491",
            "count": 0
        },
        {
            "id": "100089992819251",
            "count": 0
        },
        {
            "id": "100070553651539",
            "count": 0
        },
        {
            "id": "100015133066370",
            "count": 1
        },
        {
            "id": "61554375812101",
            "count": 0
        },
        {
            "id": "100069515736280",
            "count": 0
        },
        {
            "id": "100051329000139",
            "count": 91
        },
        {
            "id": "61554147737053",
            "count": 0
        },
        {
            "id": "100077980504363",
            "count": 91
        },
        {
            "id": "100085241593198",
            "count": 2
        },
        {
            "id": "100083153822246",
            "count": 0
        },
        {
            "id": "61555605412425",
            "count": 62
        },
        {
            "id": "61554975665945",
            "count": 17
        },
        {
            "id": "100027344345572",
            "count": 0
        },
        {
            "id": "100010656123792",
            "count": 1
        },
        {
            "id": "100093399207717",
            "count": 0
        },
        {
            "id": "100042687823036",
            "count": 1
        },
        {
            "id": "100013718950705",
            "count": 0
        },
        {
            "id": "100058707135158",
            "count": 0
        },
        {
            "id": "100020296472616",
            "count": 0
        },
        {
            "id": "100091246999273",
            "count": 0
        },
        {
            "id": "100078358914149",
            "count": 0
        },
        {
            "id": "100024314220831",
            "count": 0
        },
        {
            "id": "100080627469498",
            "count": 0
        },
        {
            "id": "100054159007593",
            "count": 0
        },
        {
            "id": "61555563466583",
            "count": 0
        },
        {
            "id": "100035530456587",
            "count": 0
        },
        {
            "id": "100030525634975",
            "count": 0
        },
        {
            "id": "100082216037971",
            "count": 0
        },
        {
            "id": "100080681282611",
            "count": 0
        },
        {
            "id": "100023410043559",
            "count": 0
        },
        {
            "id": "100088859692499",
            "count": 0
        },
        {
            "id": "100076722891517",
            "count": 0
        },
        {
            "id": "100047839772411",
            "count": 0
        },
        {
            "id": "100051704510778",
            "count": 1
        },
        {
            "id": "100089670625526",
            "count": 4
        },
        {
            "id": "100045060306510",
            "count": 0
        },
        {
            "id": "61556222276821",
            "count": 31
        },
        {
            "id": "100093106778520",
            "count": 0
        },
        {
            "id": "100094689424533",
            "count": 1
        },
        {
            "id": "100083548028468",
            "count": 0
        },
        {
            "id": "100083718600811",
            "count": 0
        },
        {
            "id": "61555393416824",
            "count": 0
        },
        {
            "id": "61553737900713",
            "count": 0
        },
        {
            "id": "100041841881488",
            "count": 6
        },
        {
            "id": "100020699087706",
            "count": 0
        },
        {
            "id": "100065040470774",
            "count": 0
        },
        {
            "id": "100065187131234",
            "count": 0
        },
        {
            "id": "100045609279531",
            "count": 2
        },
        {
            "id": "100031446391714",
            "count": 9
        },
        {
            "id": "61556588936240",
            "count": 0
        }
    ],
    "week": [
        {
            "id": "100088162593575",
            "count": 0
        },
        {
            "id": "100087304210031",
            "count": 0
        },
        {
            "id": "100092386685973",
            "count": 1
        },
        {
            "id": "100013020960970",
            "count": 0
        },
        {
            "id": "100090019820389",
            "count": 0
        },
        {
            "id": "100069615517197",
            "count": 0
        },
        {
            "id": "100068041482609",
            "count": 0
        },
        {
            "id": "100044588597466",
            "count": 0
        },
        {
            "id": "100071292092147",
            "count": 0
        },
        {
            "id": "100078278101106",
            "count": 0
        },
        {
            "id": "100075878343251",
            "count": 0
        },
        {
            "id": "100072168947866",
            "count": 0
        },
        {
            "id": "100088845770374",
            "count": 0
        },
        {
            "id": "100069291556566",
            "count": 0
        },
        {
            "id": "100055631615740",
            "count": 0
        },
        {
            "id": "100086740630173",
            "count": 0
        },
        {
            "id": "100083727994682",
            "count": 0
        },
        {
            "id": "100080014253711",
            "count": 0
        },
        {
            "id": "100065084449084",
            "count": 5
        },
        {
            "id": "100074188156200",
            "count": 0
        },
        {
            "id": "100089466821981",
            "count": 0
        },
        {
            "id": "100088886695444",
            "count": 0
        },
        {
            "id": "100072407529414",
            "count": 2
        },
        {
            "id": "100049341283079",
            "count": 0
        },
        {
            "id": "100074155621505",
            "count": 0
        },
        {
            "id": "100058416497941",
            "count": 0
        },
        {
            "id": "100054816790377",
            "count": 0
        },
        {
            "id": "100074889207161",
            "count": 0
        },
        {
            "id": "100022136445300",
            "count": 0
        },
        {
            "id": "100075202783131",
            "count": 2
        },
        {
            "id": "100076636516504",
            "count": 0
        },
        {
            "id": "100071575183469",
            "count": 0
        },
        {
            "id": "61554261837686",
            "count": 0
        },
        {
            "id": "61554245852620",
            "count": 0
        },
        {
            "id": "100082580843320",
            "count": 0
        },
        {
            "id": "100015614650311",
            "count": 0
        },
        {
            "id": "61554374420491",
            "count": 0
        },
        {
            "id": "100089992819251",
            "count": 0
        },
        {
            "id": "100070553651539",
            "count": 0
        },
        {
            "id": "100015133066370",
            "count": 1
        },
        {
            "id": "61554375812101",
            "count": 0
        },
        {
            "id": "100069515736280",
            "count": 0
        },
        {
            "id": "100051329000139",
            "count": 91
        },
        {
            "id": "61554147737053",
            "count": 0
        },
        {
            "id": "100077980504363",
            "count": 91
        },
        {
            "id": "100085241593198",
            "count": 2
        },
        {
            "id": "100083153822246",
            "count": 0
        },
        {
            "id": "61555605412425",
            "count": 62
        },
        {
            "id": "61554975665945",
            "count": 17
        },
        {
            "id": "100027344345572",
            "count": 0
        },
        {
            "id": "100010656123792",
            "count": 1
        },
        {
            "id": "100093399207717",
            "count": 0
        },
        {
            "id": "100042687823036",
            "count": 1
        },
        {
            "id": "100013718950705",
            "count": 0
        },
        {
            "id": "100058707135158",
            "count": 0
        },
        {
            "id": "100020296472616",
            "count": 0
        },
        {
            "id": "100091246999273",
            "count": 0
        },
        {
            "id": "100078358914149",
            "count": 0
        },
        {
            "id": "100024314220831",
            "count": 0
        },
        {
            "id": "100080627469498",
            "count": 0
        },
        {
            "id": "100054159007593",
            "count": 0
        },
        {
            "id": "61555563466583",
            "count": 0
        },
        {
            "id": "100035530456587",
            "count": 0
        },
        {
            "id": "100030525634975",
            "count": 0
        },
        {
            "id": "100082216037971",
            "count": 0
        },
        {
            "id": "100080681282611",
            "count": 0
        },
        {
            "id": "100023410043559",
            "count": 0
        },
        {
            "id": "100088859692499",
            "count": 0
        },
        {
            "id": "100076722891517",
            "count": 0
        },
        {
            "id": "100047839772411",
            "count": 0
        },
        {
            "id": "100051704510778",
            "count": 1
        },
        {
            "id": "100089670625526",
            "count": 4
        },
        {
            "id": "100045060306510",
            "count": 0
        },
        {
            "id": "61556222276821",
            "count": 31
        },
        {
            "id": "100093106778520",
            "count": 0
        },
        {
            "id": "100094689424533",
            "count": 1
        },
        {
            "id": "100083548028468",
            "count": 0
        },
        {
            "id": "100083718600811",
            "count": 0
        },
        {
            "id": "61555393416824",
            "count": 0
        },
        {
            "id": "61553737900713",
            "count": 0
        },
        {
            "id": "100041841881488",
            "count": 6
        },
        {
            "id": "100020699087706",
            "count": 0
        },
        {
            "id": "100065040470774",
            "count": 0
        },
        {
            "id": "100065187131234",
            "count": 0
        },
        {
            "id": "100045609279531",
            "count": 2
        },
        {
            "id": "100031446391714",
            "count": 9
        },
        {
            "id": "61556588936240",
            "count": 0
        }
    ],
    "day": [
        {
            "id": "100088162593575",
            "count": 0
        },
        {
            "id": "100087304210031",
            "count": 0
        },
        {
            "id": "100092386685973",
            "count": 1
        },
        {
            "id": "100013020960970",
            "count": 0
        },
        {
            "id": "100090019820389",
            "count": 0
        },
        {
            "id": "100069615517197",
            "count": 0
        },
        {
            "id": "100068041482609",
            "count": 0
        },
        {
            "id": "100044588597466",
            "count": 0
        },
        {
            "id": "100071292092147",
            "count": 0
        },
        {
            "id": "100078278101106",
            "count": 0
        },
        {
            "id": "100075878343251",
            "count": 0
        },
        {
            "id": "100072168947866",
            "count": 0
        },
        {
            "id": "100088845770374",
            "count": 0
        },
        {
            "id": "100069291556566",
            "count": 0
        },
        {
            "id": "100055631615740",
            "count": 0
        },
        {
            "id": "100086740630173",
            "count": 0
        },
        {
            "id": "100083727994682",
            "count": 0
        },
        {
            "id": "100080014253711",
            "count": 0
        },
        {
            "id": "100065084449084",
            "count": 5
        },
        {
            "id": "100074188156200",
            "count": 0
        },
        {
            "id": "100089466821981",
            "count": 0
        },
        {
            "id": "100088886695444",
            "count": 0
        },
        {
            "id": "100072407529414",
            "count": 2
        },
        {
            "id": "100049341283079",
            "count": 0
        },
        {
            "id": "100074155621505",
            "count": 0
        },
        {
            "id": "100058416497941",
            "count": 0
        },
        {
            "id": "100054816790377",
            "count": 0
        },
        {
            "id": "100074889207161",
            "count": 0
        },
        {
            "id": "100022136445300",
            "count": 0
        },
        {
            "id": "100075202783131",
            "count": 2
        },
        {
            "id": "100076636516504",
            "count": 0
        },
        {
            "id": "100071575183469",
            "count": 0
        },
        {
            "id": "61554261837686",
            "count": 0
        },
        {
            "id": "61554245852620",
            "count": 0
        },
        {
            "id": "100082580843320",
            "count": 0
        },
        {
            "id": "100015614650311",
            "count": 0
        },
        {
            "id": "61554374420491",
            "count": 0
        },
        {
            "id": "100089992819251",
            "count": 0
        },
        {
            "id": "100070553651539",
            "count": 0
        },
        {
            "id": "100015133066370",
            "count": 1
        },
        {
            "id": "61554375812101",
            "count": 0
        },
        {
            "id": "100069515736280",
            "count": 0
        },
        {
            "id": "100051329000139",
            "count": 91
        },
        {
            "id": "61554147737053",
            "count": 0
        },
        {
            "id": "100077980504363",
            "count": 91
        },
        {
            "id": "100085241593198",
            "count": 2
        },
        {
            "id": "100083153822246",
            "count": 0
        },
        {
            "id": "61555605412425",
            "count": 62
        },
        {
            "id": "61554975665945",
            "count": 17
        },
        {
            "id": "100027344345572",
            "count": 0
        },
        {
            "id": "100010656123792",
            "count": 1
        },
        {
            "id": "100093399207717",
            "count": 0
        },
        {
            "id": "100042687823036",
            "count": 1
        },
        {
            "id": "100013718950705",
            "count": 0
        },
        {
            "id": "100058707135158",
            "count": 0
        },
        {
            "id": "100020296472616",
            "count": 0
        },
        {
            "id": "100091246999273",
            "count": 0
        },
        {
            "id": "100078358914149",
            "count": 0
        },
        {
            "id": "100024314220831",
            "count": 0
        },
        {
            "id": "100080627469498",
            "count": 0
        },
        {
            "id": "100054159007593",
            "count": 0
        },
        {
            "id": "61555563466583",
            "count": 0
        },
        {
            "id": "100035530456587",
            "count": 0
        },
        {
            "id": "100030525634975",
            "count": 0
        },
        {
            "id": "100082216037971",
            "count": 0
        },
        {
            "id": "100080681282611",
            "count": 0
        },
        {
            "id": "100023410043559",
            "count": 0
        },
        {
            "id": "100088859692499",
            "count": 0
        },
        {
            "id": "100076722891517",
            "count": 0
        },
        {
            "id": "100047839772411",
            "count": 0
        },
        {
            "id": "100051704510778",
            "count": 1
        },
        {
            "id": "100089670625526",
            "count": 4
        },
        {
            "id": "100045060306510",
            "count": 0
        },
        {
            "id": "61556222276821",
            "count": 31
        },
        {
            "id": "100093106778520",
            "count": 0
        },
        {
            "id": "100094689424533",
            "count": 1
        },
        {
            "id": "100083548028468",
            "count": 0
        },
        {
            "id": "100083718600811",
            "count": 0
        },
        {
            "id": "61555393416824",
            "count": 0
        },
        {
            "id": "61553737900713",
            "count": 0
        },
        {
            "id": "100041841881488",
            "count": 6
        },
        {
            "id": "100020699087706",
            "count": 0
        },
        {
            "id": "100065040470774",
            "count": 0
        },
        {
            "id": "100065187131234",
            "count": 0
        },
        {
            "id": "100045609279531",
            "count": 2
        },
        {
            "id": "100031446391714",
            "count": 9
        },
        {
            "id": "61556588936240",
            "count": 0
        }
    ],
    "time": 2,
    "last": {
        "time": 6,
        "day": [
            {
                "id": "100088162593575",
                "count": 0
            },
            {
                "id": "100087304210031",
                "count": 0
            },
            {
                "id": "100092386685973",
                "count": 0
            },
            {
                "id": "100013020960970",
                "count": 0
            },
            {
                "id": "100090879814247",
                "count": 0
            },
            {
                "id": "100090019820389",
                "count": 0
            },
            {
                "id": "100069615517197",
                "count": 0
            },
            {
                "id": "100068041482609",
                "count": 0
            },
            {
                "id": "100044588597466",
                "count": 0
            },
            {
                "id": "61550280362044",
                "count": 0
            },
            {
                "id": "61552679161101",
                "count": 0
            },
            {
                "id": "100071292092147",
                "count": 0
            },
            {
                "id": "100078278101106",
                "count": 0
            },
            {
                "id": "61552012021512",
                "count": 0
            },
            {
                "id": "100075878343251",
                "count": 0
            },
            {
                "id": "100072168947866",
                "count": 0
            },
            {
                "id": "100088845770374",
                "count": 0
            },
            {
                "id": "100069291556566",
                "count": 0
            },
            {
                "id": "100055631615740",
                "count": 0
            },
            {
                "id": "100086740630173",
                "count": 0
            },
            {
                "id": "100083727994682",
                "count": 0
            },
            {
                "id": "100080014253711",
                "count": 0
            },
            {
                "id": "100065084449084",
                "count": 0
            },
            {
                "id": "100074188156200",
                "count": 0
            },
            {
                "id": "100089466821981",
                "count": 0
            },
            {
                "id": "100088886695444",
                "count": 0
            },
            {
                "id": "100072407529414",
                "count": 0
            },
            {
                "id": "100049341283079",
                "count": 0
            },
            {
                "id": "100074155621505",
                "count": 0
            },
            {
                "id": "100058416497941",
                "count": 0
            },
            {
                "id": "100054816790377",
                "count": 0
            },
            {
                "id": "100074889207161",
                "count": 0
            },
            {
                "id": "100022136445300",
                "count": 0
            },
            {
                "id": "100075202783131",
                "count": 0
            },
            {
                "id": "100076636516504",
                "count": 0
            },
            {
                "id": "100071575183469",
                "count": 0
            },
            {
                "id": "61554261837686",
                "count": 0
            },
            {
                "id": "61554245852620",
                "count": 0
            },
            {
                "id": "100082580843320",
                "count": 0
            },
            {
                "id": "100015614650311",
                "count": 0
            },
            {
                "id": "61554374420491",
                "count": 0
            },
            {
                "id": "100095152174872",
                "count": 0
            },
            {
                "id": "100089992819251",
                "count": 0
            },
            {
                "id": "100070553651539",
                "count": 0
            },
            {
                "id": "100015133066370",
                "count": 0
            },
            {
                "id": "61554360746159",
                "count": 0
            },
            {
                "id": "61554375812101",
                "count": 0
            },
            {
                "id": "100069515736280",
                "count": 0
            },
            {
                "id": "61550707240123",
                "count": 0
            },
            {
                "id": "61552759405423",
                "count": 0
            },
            {
                "id": "61552109345840",
                "count": 0
            },
            {
                "id": "61551218121180",
                "count": 0
            },
            {
                "id": "100051329000139",
                "count": 0
            },
            {
                "id": "61554183195298",
                "count": 0
            },
            {
                "id": "61553124433567",
                "count": 0
            },
            {
                "id": "61550084998935",
                "count": 0
            },
            {
                "id": "61554147737053",
                "count": 0
            },
            {
                "id": "100077980504363",
                "count": 0
            },
            {
                "id": "100053586885851",
                "count": 0
            },
            {
                "id": "100085241593198",
                "count": 0
            },
            {
                "id": "100083153822246",
                "count": 0
            },
            {
                "id": "61553670189094",
                "count": 0
            },
            {
                "id": "61553680732804",
                "count": 0
            },
            {
                "id": "61553737190634",
                "count": 0
            },
            {
                "id": "61550826891708",
                "count": 0
            },
            {
                "id": "61555271618020",
                "count": 0
            },
            {
                "id": "61555605412425",
                "count": 0
            },
            {
                "id": "61554975665945",
                "count": 0
            },
            {
                "id": "61555293989219",
                "count": 0
            },
            {
                "id": "100027344345572",
                "count": 0
            },
            {
                "id": "100010656123792",
                "count": 0
            },
            {
                "id": "100093399207717",
                "count": 0
            },
            {
                "id": "100042687823036",
                "count": 0
            },
            {
                "id": "100013718950705",
                "count": 0
            },
            {
                "id": "100058707135158",
                "count": 0
            },
            {
                "id": "100020296472616",
                "count": 0
            },
            {
                "id": "100091246999273",
                "count": 0
            },
            {
                "id": "100078358914149",
                "count": 0
            },
            {
                "id": "100024314220831",
                "count": 0
            },
            {
                "id": "100080627469498",
                "count": 0
            },
            {
                "id": "100054159007593",
                "count": 0
            },
            {
                "id": "61555563466583",
                "count": 0
            },
            {
                "id": "100035530456587",
                "count": 0
            },
            {
                "id": "100057434659259",
                "count": 0
            },
            {
                "id": "100030525634975",
                "count": 0
            },
            {
                "id": "100082216037971",
                "count": 0
            },
            {
                "id": "100080681282611",
                "count": 0
            },
            {
                "id": "100023410043559",
                "count": 0
            },
            {
                "id": "100088859692499",
                "count": 0
            },
            {
                "id": "100076722891517",
                "count": 0
            },
            {
                "id": "100047839772411",
                "count": 0
            },
            {
                "id": "100051704510778",
                "count": 0
            },
            {
                "id": "100089670625526",
                "count": 0
            },
            {
                "id": "100045060306510",
                "count": 0
            },
            {
                "id": "61556222276821",
                "count": 0
            },
            {
                "id": "100093106778520",
                "count": 0
            },
            {
                "id": "100094689424533",
                "count": 0
            },
            {
                "id": "61556355472195",
                "count": 0
            },
            {
                "id": "100083548028468",
                "count": 0
            },
            {
                "id": "100083718600811",
                "count": 0
            },
            {
                "id": "61555393416824",
                "count": 0
            },
            {
                "id": "61553737900713",
                "count": 0
            },
            {
                "id": "100041841881488",
                "count": 0
            },
            {
                "id": "100020699087706",
                "count": 0
            },
            {
                "id": "100065040470774",
                "count": 0
            },
            {
                "id": "100065187131234",
                "count": 0
            },
            {
                "id": "100045609279531",
                "count": 0
            },
            {
                "id": "100031446391714",
                "count": 0
            },
            {
                "id": "61556588936240",
                "count": 0
            }
        ],
        "week": [
            {
                "id": "100088162593575",
                "count": 0
            },
            {
                "id": "100087304210031",
                "count": 0
            },
            {
                "id": "100092386685973",
                "count": 0
            },
            {
                "id": "100013020960970",
                "count": 0
            },
            {
                "id": "100090879814247",
                "count": 0
            },
            {
                "id": "100090019820389",
                "count": 0
            },
            {
                "id": "100069615517197",
                "count": 0
            },
            {
                "id": "100068041482609",
                "count": 0
            },
            {
                "id": "100044588597466",
                "count": 0
            },
            {
                "id": "61550280362044",
                "count": 0
            },
            {
                "id": "61552679161101",
                "count": 0
            },
            {
                "id": "100071292092147",
                "count": 0
            },
            {
                "id": "100078278101106",
                "count": 0
            },
            {
                "id": "61552012021512",
                "count": 0
            },
            {
                "id": "100075878343251",
                "count": 0
            },
            {
                "id": "100072168947866",
                "count": 0
            },
            {
                "id": "100088845770374",
                "count": 0
            },
            {
                "id": "100069291556566",
                "count": 0
            },
            {
                "id": "100055631615740",
                "count": 0
            },
            {
                "id": "100086740630173",
                "count": 0
            },
            {
                "id": "100083727994682",
                "count": 0
            },
            {
                "id": "100080014253711",
                "count": 0
            },
            {
                "id": "100065084449084",
                "count": 0
            },
            {
                "id": "100074188156200",
                "count": 0
            },
            {
                "id": "100089466821981",
                "count": 0
            },
            {
                "id": "100088886695444",
                "count": 0
            },
            {
                "id": "100072407529414",
                "count": 0
            },
            {
                "id": "100049341283079",
                "count": 0
            },
            {
                "id": "100074155621505",
                "count": 0
            },
            {
                "id": "100058416497941",
                "count": 0
            },
            {
                "id": "100054816790377",
                "count": 0
            },
            {
                "id": "100074889207161",
                "count": 0
            },
            {
                "id": "100022136445300",
                "count": 0
            },
            {
                "id": "100075202783131",
                "count": 0
            },
            {
                "id": "100076636516504",
                "count": 0
            },
            {
                "id": "100071575183469",
                "count": 0
            },
            {
                "id": "61554261837686",
                "count": 0
            },
            {
                "id": "61554245852620",
                "count": 0
            },
            {
                "id": "100082580843320",
                "count": 0
            },
            {
                "id": "100015614650311",
                "count": 0
            },
            {
                "id": "61554374420491",
                "count": 0
            },
            {
                "id": "100095152174872",
                "count": 0
            },
            {
                "id": "100089992819251",
                "count": 0
            },
            {
                "id": "100070553651539",
                "count": 0
            },
            {
                "id": "100015133066370",
                "count": 0
            },
            {
                "id": "61554360746159",
                "count": 0
            },
            {
                "id": "61554375812101",
                "count": 0
            },
            {
                "id": "100069515736280",
                "count": 0
            },
            {
                "id": "61550707240123",
                "count": 0
            },
            {
                "id": "61552759405423",
                "count": 0
            },
            {
                "id": "61552109345840",
                "count": 0
            },
            {
                "id": "61551218121180",
                "count": 0
            },
            {
                "id": "100051329000139",
                "count": 0
            },
            {
                "id": "61554183195298",
                "count": 0
            },
            {
                "id": "61553124433567",
                "count": 0
            },
            {
                "id": "61550084998935",
                "count": 0
            },
            {
                "id": "61554147737053",
                "count": 0
            },
            {
                "id": "100077980504363",
                "count": 0
            },
            {
                "id": "100053586885851",
                "count": 0
            },
            {
                "id": "100085241593198",
                "count": 0
            },
            {
                "id": "100083153822246",
                "count": 0
            },
            {
                "id": "61553670189094",
                "count": 0
            },
            {
                "id": "61553680732804",
                "count": 0
            },
            {
                "id": "61553737190634",
                "count": 0
            },
            {
                "id": "61550826891708",
                "count": 0
            },
            {
                "id": "61555271618020",
                "count": 0
            },
            {
                "id": "61555605412425",
                "count": 0
            },
            {
                "id": "61554975665945",
                "count": 0
            },
            {
                "id": "61555293989219",
                "count": 0
            },
            {
                "id": "100027344345572",
                "count": 0
            },
            {
                "id": "100010656123792",
                "count": 0
            },
            {
                "id": "100093399207717",
                "count": 0
            },
            {
                "id": "100042687823036",
                "count": 0
            },
            {
                "id": "100013718950705",
                "count": 0
            },
            {
                "id": "100058707135158",
                "count": 0
            },
            {
                "id": "100020296472616",
                "count": 0
            },
            {
                "id": "100091246999273",
                "count": 0
            },
            {
                "id": "100078358914149",
                "count": 0
            },
            {
                "id": "100024314220831",
                "count": 0
            },
            {
                "id": "100080627469498",
                "count": 0
            },
            {
                "id": "100054159007593",
                "count": 0
            },
            {
                "id": "61555563466583",
                "count": 0
            },
            {
                "id": "100035530456587",
                "count": 0
            },
            {
                "id": "100057434659259",
                "count": 0
            },
            {
                "id": "100030525634975",
                "count": 0
            },
            {
                "id": "100082216037971",
                "count": 0
            },
            {
                "id": "100080681282611",
                "count": 0
            },
            {
                "id": "100023410043559",
                "count": 0
            },
            {
                "id": "100088859692499",
                "count": 0
            },
            {
                "id": "100076722891517",
                "count": 0
            },
            {
                "id": "100047839772411",
                "count": 0
            },
            {
                "id": "100051704510778",
                "count": 0
            },
            {
                "id": "100089670625526",
                "count": 0
            },
            {
                "id": "100045060306510",
                "count": 0
            },
            {
                "id": "61556222276821",
                "count": 0
            },
            {
                "id": "100093106778520",
                "count": 0
            },
            {
                "id": "100094689424533",
                "count": 0
            },
            {
                "id": "61556355472195",
                "count": 0
            },
            {
                "id": "100083548028468",
                "count": 0
            },
            {
                "id": "100083718600811",
                "count": 0
            },
            {
                "id": "61555393416824",
                "count": 0
            },
            {
                "id": "61553737900713",
                "count": 0
            },
            {
                "id": "100041841881488",
                "count": 0
            },
            {
                "id": "100020699087706",
                "count": 0
            },
            {
                "id": "100065040470774",
                "count": 0
            },
            {
                "id": "100065187131234",
                "count": 0
            },
            {
                "id": "100045609279531",
                "count": 0
            },
            {
                "id": "100031446391714",
                "count": 0
            },
            {
                "id": "61556588936240",
                "count": 0
            }
        ]
    }
}