{
    "total": [
        {
            "id": "100067912535915",
            "count": 0
        },
        {
            "id": "100079742485644",
            "count": 0
        },
        {
            "id": "100079247594307",
            "count": 0
        },
        {
            "id": "100080664904734",
            "count": 0
        },
        {
            "id": "100085876051646",
            "count": 0
        },
        {
            "id": "61550796059068",
            "count": 0
        },
        {
            "id": "100052113134070",
            "count": 0
        },
        {
            "id": "100008445915998",
            "count": 0
        },
        {
            "id": "100091408574256",
            "count": 0
        },
        {
            "id": "100074285826811",
            "count": 0
        },
        {
            "id": "100093372666424",
            "count": 0
        },
        {
            "id": "100093199933554",
            "count": 0
        },
        {
            "id": "61552758808842",
            "count": 0
        },
        {
            "id": "100088128739170",
            "count": 0
        },
        {
            "id": "61553920556021",
            "count": 0
        },
        {
            "id": "100087950593940",
            "count": 0
        },
        {
            "id": "100083271345311",
            "count": 0
        },
        {
            "id": "100027236779917",
            "count": 0
        },
        {
            "id": "100078195021826",
            "count": 0
        },
        {
            "id": "100041798775051",
            "count": 0
        },
        {
            "id": "100095440442975",
            "count": 0
        },
        {
            "id": "100034029642676",
            "count": 0
        },
        {
            "id": "100084588394121",
            "count": 0
        },
        {
            "id": "61553858154928",
            "count": 0
        },
        {
            "id": "100011873722480",
            "count": 0
        },
        {
            "id": "100090455831342",
            "count": 0
        },
        {
            "id": "100049836276734",
            "count": 0
        },
        {
            "id": "100093205971577",
            "count": 0
        },
        {
            "id": "100090216427612",
            "count": 0
        },
        {
            "id": "100009357724128",
            "count": 0
        },
        {
            "id": "100086721846912",
            "count": 0
        },
        {
            "id": "61553727256329",
            "count": 0
        },
        {
            "id": "100086637254634",
            "count": 0
        },
        {
            "id": "100088110297447",
            "count": 0
        },
        {
            "id": "100083150777927",
            "count": 0
        },
        {
            "id": "100086353137408",
            "count": 0
        },
        {
            "id": "100087956738981",
            "count": 0
        },
        {
            "id": "100095409370686",
            "count": 0
        },
        {
            "id": "100074106459009",
            "count": 0
        },
        {
            "id": "100004015322553",
            "count": 0
        },
        {
            "id": "61551401124097",
            "count": 10
        },
        {
            "id": "61553961852954",
            "count": 0
        },
        {
            "id": "100055927082331",
            "count": 0
        },
        {
            "id": "61550464267574",
            "count": 0
        },
        {
            "id": "61552010887275",
            "count": 0
        },
        {
            "id": "61551874751720",
            "count": 0
        },
        {
            "id": "100087443692910",
            "count": 0
        },
        {
            "id": "100010015024631",
            "count": 0
        },
        {
            "id": "61554605481490",
            "count": 0
        },
        {
            "id": "100089841934566",
            "count": 0
        },
        {
            "id": "100070991395657",
            "count": 0
        },
        {
            "id": "100090041468416",
            "count": 0
        },
        {
            "id": "100081229170633",
            "count": 0
        },
        {
            "id": "61550240745056",
            "count": 0
        },
        {
            "id": "61552580586837",
            "count": 0
        },
        {
            "id": "100086238491916",
            "count": 0
        },
        {
            "id": "100078629551188",
            "count": 0
        },
        {
            "id": "61552951353016",
            "count": 0
        },
        {
            "id": "61552765452675",
            "count": 0
        },
        {
            "id": "100095336979765",
            "count": 0
        },
        {
            "id": "61551625780581",
            "count": 0
        },
        {
            "id": "61552731477762",
            "count": 0
        },
        {
            "id": "100084827460305",
            "count": 0
        },
        {
            "id": "100071279194018",
            "count": 0
        },
        {
            "id": "100089164634879",
            "count": 0
        },
        {
            "id": "100075570830273",
            "count": 0
        },
        {
            "id": "100053186555779",
            "count": 0
        },
        {
            "id": "100080329970087",
            "count": 0
        },
        {
            "id": "100089185296076",
            "count": 0
        },
        {
            "id": "100087674436196",
            "count": 0
        },
        {
            "id": "100080101204796",
            "count": 0
        },
        {
            "id": "100082160617135",
            "count": 0
        },
        {
            "id": "100077951331098",
            "count": 0
        },
        {
            "id": "100031109076356",
            "count": 0
        },
        {
            "id": "100039063152780",
            "count": 0
        },
        {
            "id": "100076558331320",
            "count": 0
        },
        {
            "id": "100010179195532",
            "count": 0
        },
        {
            "id": "100089764808624",
            "count": 0
        },
        {
            "id": "100040475139325",
            "count": 0
        },
        {
            "id": "100089805074830",
            "count": 0
        },
        {
            "id": "100088903647804",
            "count": 0
        },
        {
            "id": "61550235934139",
            "count": 0
        },
        {
            "id": "100094515811362",
            "count": 0
        },
        {
            "id": "100088371882866",
            "count": 0
        },
        {
            "id": "100090451430559",
            "count": 0
        },
        {
            "id": "100091861256225",
            "count": 0
        },
        {
            "id": "100027539522401",
            "count": 0
        },
        {
            "id": "100042450741682",
            "count": 0
        },
        {
            "id": "61554924507018",
            "count": 0
        },
        {
            "id": "100082510413107",
            "count": 0
        },
        {
            "id": "100074859521895",
            "count": 0
        },
        {
            "id": "100085497085662",
            "count": 0
        },
        {
            "id": "100089605777144",
            "count": 0
        },
        {
            "id": "61552108530235",
            "count": 0
        },
        {
            "id": "100058564102162",
            "count": 0
        },
        {
            "id": "61551583652760",
            "count": 0
        },
        {
            "id": "100002138710651",
            "count": 0
        },
        {
            "id": "61552239517505",
            "count": 0
        },
        {
            "id": "100093219207134",
            "count": 0
        },
        {
            "id": "61554651231488",
            "count": 0
        },
        {
            "id": "61554723276637",
            "count": 0
        },
        {
            "id": "100085836409833",
            "count": 0
        },
        {
            "id": "100092380274798",
            "count": 0
        },
        {
            "id": "100046634093373",
            "count": 0
        },
        {
            "id": "100023947188822",
            "count": 0
        },
        {
            "id": "100077648675204",
            "count": 0
        },
        {
            "id": "100022713870177",
            "count": 0
        },
        {
            "id": "100082902871952",
            "count": 0
        },
        {
            "id": "100093765939239",
            "count": 0
        },
        {
            "id": "100051105770824",
            "count": 0
        },
        {
            "id": "100093297664029",
            "count": 0
        },
        {
            "id": "61554786429998",
            "count": 0
        },
        {
            "id": "100071648765317",
            "count": 0
        },
        {
            "id": "61550623880684",
            "count": 0
        },
        {
            "id": "100083145082790",
            "count": 0
        },
        {
            "id": "100077907593245",
            "count": 0
        },
        {
            "id": "100090508565126",
            "count": 0
        },
        {
            "id": "100083532781234",
            "count": 0
        },
        {
            "id": "100069512148276",
            "count": 0
        },
        {
            "id": "61550051532614",
            "count": 0
        },
        {
            "id": "100090449800993",
            "count": 0
        },
        {
            "id": "100080088163789",
            "count": 0
        },
        {
            "id": "100080012092715",
            "count": 0
        },
        {
            "id": "100076682862427",
            "count": 0
        },
        {
            "id": "100083931740332",
            "count": 0
        },
        {
            "id": "100094381827988",
            "count": 0
        },
        {
            "id": "100063307779381",
            "count": 0
        },
        {
            "id": "61554242134799",
            "count": 0
        },
        {
            "id": "61554357754059",
            "count": 0
        },
        {
            "id": "61554515969750",
            "count": 0
        },
        {
            "id": "61553951799602",
            "count": 0
        },
        {
            "id": "100081539394917",
            "count": 7
        },
        {
            "id": "100083546708581",
            "count": 0
        },
        {
            "id": "61550605092910",
            "count": 0
        },
        {
            "id": "100022568984861",
            "count": 0
        },
        {
            "id": "100092205474181",
            "count": 0
        },
        {
            "id": "100092195370826",
            "count": 0
        },
        {
            "id": "100076193265552",
            "count": 0
        },
        {
            "id": "61554297722921",
            "count": 0
        },
        {
            "id": "61551367887820",
            "count": 0
        },
        {
            "id": "100095100763922",
            "count": 0
        },
        {
            "id": "100084614757126",
            "count": 0
        },
        {
            "id": "61550221220587",
            "count": 0
        },
        {
            "id": "61554940106501",
            "count": 0
        },
        {
            "id": "100077966405992",
            "count": 0
        },
        {
            "id": "100095294043255",
            "count": 0
        },
        {
            "id": "61554770548878",
            "count": 0
        },
        {
            "id": "61554285512196",
            "count": 0
        },
        {
            "id": "100073812853349",
            "count": 0
        },
        {
            "id": "100078022950086",
            "count": 0
        },
        {
            "id": "61554321917082",
            "count": 0
        },
        {
            "id": "61554763715651",
            "count": 0
        },
        {
            "id": "100079328841075",
            "count": 0
        },
        {
            "id": "100066498619775",
            "count": 0
        },
        {
            "id": "100036480334526",
            "count": 0
        },
        {
            "id": "100058560095210",
            "count": 0
        },
        {
            "id": "100011625520476",
            "count": 0
        },
        {
            "id": "100047457918570",
            "count": 0
        },
        {
            "id": "100055737022041",
            "count": 0
        },
        {
            "id": "100057068080559",
            "count": 0
        },
        {
            "id": "100094732320738",
            "count": 0
        },
        {
            "id": "61552800670842",
            "count": 0
        },
        {
            "id": "100067668995589",
            "count": 0
        },
        {
            "id": "61554223500805",
            "count": 0
        },
        {
            "id": "100009504657825",
            "count": 0
        },
        {
            "id": "100051687917355",
            "count": 0
        },
        {
            "id": "100091757380548",
            "count": 0
        },
        {
            "id": "61555435382663",
            "count": 0
        },
        {
            "id": "100095654164212",
            "count": 0
        },
        {
            "id": "61554933386467",
            "count": 0
        },
        {
            "id": "100076349776360",
            "count": 0
        },
        {
            "id": "100082271723332",
            "count": 0
        },
        {
            "id": "61552101804952",
            "count": 0
        },
        {
            "id": "100080936809370",
            "count": 0
        },
        {
            "id": "61554322976849",
            "count": 0
        },
        {
            "id": "61553475461486",
            "count": 0
        },
        {
            "id": "61555335933783",
            "count": 0
        },
        {
            "id": "100081621523313",
            "count": 0
        },
        {
            "id": "100072118110225",
            "count": 0
        },
        {
            "id": "100069276950949",
            "count": 0
        },
        {
            "id": "100068364072839",
            "count": 0
        },
        {
            "id": "100052761251287",
            "count": 0
        },
        {
            "id": "100091137651314",
            "count": 0
        },
        {
            "id": "61551748359461",
            "count": 0
        },
        {
            "id": "100012403745735",
            "count": 0
        },
        {
            "id": "100088571876749",
            "count": 0
        },
        {
            "id": "100000213546685",
            "count": 0
        },
        {
            "id": "61555140669175",
            "count": 0
        },
        {
            "id": "61551731532454",
            "count": 0
        },
        {
            "id": "100092335605353",
            "count": 0
        },
        {
            "id": "61555138407822",
            "count": 0
        },
        {
            "id": "100086018945305",
            "count": 0
        },
        {
            "id": "61552050734386",
            "count": 0
        },
        {
            "id": "100032963136732",
            "count": 0
        },
        {
            "id": "100090321901418",
            "count": 0
        },
        {
            "id": "61550447683501",
            "count": 0
        },
        {
            "id": "61553784477880",
            "count": 0
        },
        {
            "id": "61554581416935",
            "count": 0
        },
        {
            "id": "61553835870899",
            "count": 0
        },
        {
            "id": "61554883535457",
            "count": 0
        },
        {
            "id": "100093844601274",
            "count": 0
        },
        {
            "id": "100093942811260",
            "count": 0
        },
        {
            "id": "100094475087907",
            "count": 0
        },
        {
            "id": "100070070130535",
            "count": 8
        },
        {
            "id": "61552653652156",
            "count": 0
        },
        {
            "id": "100082850055125",
            "count": 0
        },
        {
            "id": "61555425278768",
            "count": 0
        },
        {
            "id": "61555341192379",
            "count": 0
        },
        {
            "id": "61550754075249",
            "count": 0
        },
        {
            "id": "100025485212719",
            "count": 10
        },
        {
            "id": "100089844505461",
            "count": 0
        },
        {
            "id": "61555756589720",
            "count": 0
        },
        {
            "id": "61555132291215",
            "count": 0
        },
        {
            "id": "100077357839298",
            "count": 0
        },
        {
            "id": "100085725953334",
            "count": 0
        },
        {
            "id": "61552157940235",
            "count": 0
        },
        {
            "id": "100049149761818",
            "count": 0
        },
        {
            "id": "100088556503701",
            "count": 0
        },
        {
            "id": "61554424006672",
            "count": 0
        },
        {
            "id": "61553177352116",
            "count": 0
        },
        {
            "id": "61555323495356",
            "count": 0
        },
        {
            "id": "61554849850882",
            "count": 2
        },
        {
            "id": "61554418096221",
            "count": 8
        },
        {
            "id": "100027386833563",
            "count": 6
        }
    ],
    "week": [
        {
            "id": "100067912535915",
            "count": 0
        },
        {
            "id": "100079742485644",
            "count": 0
        },
        {
            "id": "100079247594307",
            "count": 0
        },
        {
            "id": "100080664904734",
            "count": 0
        },
        {
            "id": "100085876051646",
            "count": 0
        },
        {
            "id": "61550796059068",
            "count": 0
        },
        {
            "id": "100052113134070",
            "count": 0
        },
        {
            "id": "100008445915998",
            "count": 0
        },
        {
            "id": "100091408574256",
            "count": 0
        },
        {
            "id": "100074285826811",
            "count": 0
        },
        {
            "id": "100093372666424",
            "count": 0
        },
        {
            "id": "100093199933554",
            "count": 0
        },
        {
            "id": "61552758808842",
            "count": 0
        },
        {
            "id": "100088128739170",
            "count": 0
        },
        {
            "id": "61553920556021",
            "count": 0
        },
        {
            "id": "100087950593940",
            "count": 0
        },
        {
            "id": "100083271345311",
            "count": 0
        },
        {
            "id": "100027236779917",
            "count": 0
        },
        {
            "id": "100078195021826",
            "count": 0
        },
        {
            "id": "100041798775051",
            "count": 0
        },
        {
            "id": "100095440442975",
            "count": 0
        },
        {
            "id": "100034029642676",
            "count": 0
        },
        {
            "id": "100084588394121",
            "count": 0
        },
        {
            "id": "61553858154928",
            "count": 0
        },
        {
            "id": "100011873722480",
            "count": 0
        },
        {
            "id": "100090455831342",
            "count": 0
        },
        {
            "id": "100049836276734",
            "count": 0
        },
        {
            "id": "100093205971577",
            "count": 0
        },
        {
            "id": "100090216427612",
            "count": 0
        },
        {
            "id": "100009357724128",
            "count": 0
        },
        {
            "id": "100086721846912",
            "count": 0
        },
        {
            "id": "61553727256329",
            "count": 0
        },
        {
            "id": "100086637254634",
            "count": 0
        },
        {
            "id": "100088110297447",
            "count": 0
        },
        {
            "id": "100083150777927",
            "count": 0
        },
        {
            "id": "100086353137408",
            "count": 0
        },
        {
            "id": "100087956738981",
            "count": 0
        },
        {
            "id": "100095409370686",
            "count": 0
        },
        {
            "id": "100074106459009",
            "count": 0
        },
        {
            "id": "100004015322553",
            "count": 0
        },
        {
            "id": "61551401124097",
            "count": 10
        },
        {
            "id": "61553961852954",
            "count": 0
        },
        {
            "id": "100055927082331",
            "count": 0
        },
        {
            "id": "61550464267574",
            "count": 0
        },
        {
            "id": "61552010887275",
            "count": 0
        },
        {
            "id": "61551874751720",
            "count": 0
        },
        {
            "id": "100087443692910",
            "count": 0
        },
        {
            "id": "100010015024631",
            "count": 0
        },
        {
            "id": "61554605481490",
            "count": 0
        },
        {
            "id": "100089841934566",
            "count": 0
        },
        {
            "id": "100070991395657",
            "count": 0
        },
        {
            "id": "100090041468416",
            "count": 0
        },
        {
            "id": "100081229170633",
            "count": 0
        },
        {
            "id": "61550240745056",
            "count": 0
        },
        {
            "id": "61552580586837",
            "count": 0
        },
        {
            "id": "100086238491916",
            "count": 0
        },
        {
            "id": "100078629551188",
            "count": 0
        },
        {
            "id": "61552951353016",
            "count": 0
        },
        {
            "id": "61552765452675",
            "count": 0
        },
        {
            "id": "100095336979765",
            "count": 0
        },
        {
            "id": "61551625780581",
            "count": 0
        },
        {
            "id": "61552731477762",
            "count": 0
        },
        {
            "id": "100084827460305",
            "count": 0
        },
        {
            "id": "100071279194018",
            "count": 0
        },
        {
            "id": "100089164634879",
            "count": 0
        },
        {
            "id": "100075570830273",
            "count": 0
        },
        {
            "id": "100053186555779",
            "count": 0
        },
        {
            "id": "100080329970087",
            "count": 0
        },
        {
            "id": "100089185296076",
            "count": 0
        },
        {
            "id": "100087674436196",
            "count": 0
        },
        {
            "id": "100080101204796",
            "count": 0
        },
        {
            "id": "100082160617135",
            "count": 0
        },
        {
            "id": "100077951331098",
            "count": 0
        },
        {
            "id": "100031109076356",
            "count": 0
        },
        {
            "id": "100039063152780",
            "count": 0
        },
        {
            "id": "100076558331320",
            "count": 0
        },
        {
            "id": "100010179195532",
            "count": 0
        },
        {
            "id": "100089764808624",
            "count": 0
        },
        {
            "id": "100040475139325",
            "count": 0
        },
        {
            "id": "100089805074830",
            "count": 0
        },
        {
            "id": "100088903647804",
            "count": 0
        },
        {
            "id": "61550235934139",
            "count": 0
        },
        {
            "id": "100094515811362",
            "count": 0
        },
        {
            "id": "100088371882866",
            "count": 0
        },
        {
            "id": "100090451430559",
            "count": 0
        },
        {
            "id": "100091861256225",
            "count": 0
        },
        {
            "id": "100027539522401",
            "count": 0
        },
        {
            "id": "100042450741682",
            "count": 0
        },
        {
            "id": "61554924507018",
            "count": 0
        },
        {
            "id": "100082510413107",
            "count": 0
        },
        {
            "id": "100074859521895",
            "count": 0
        },
        {
            "id": "100085497085662",
            "count": 0
        },
        {
            "id": "100089605777144",
            "count": 0
        },
        {
            "id": "61552108530235",
            "count": 0
        },
        {
            "id": "100058564102162",
            "count": 0
        },
        {
            "id": "61551583652760",
            "count": 0
        },
        {
            "id": "100002138710651",
            "count": 0
        },
        {
            "id": "61552239517505",
            "count": 0
        },
        {
            "id": "100093219207134",
            "count": 0
        },
        {
            "id": "61554651231488",
            "count": 0
        },
        {
            "id": "61554723276637",
            "count": 0
        },
        {
            "id": "100085836409833",
            "count": 0
        },
        {
            "id": "100092380274798",
            "count": 0
        },
        {
            "id": "100046634093373",
            "count": 0
        },
        {
            "id": "100023947188822",
            "count": 0
        },
        {
            "id": "100077648675204",
            "count": 0
        },
        {
            "id": "100022713870177",
            "count": 0
        },
        {
            "id": "100082902871952",
            "count": 0
        },
        {
            "id": "100093765939239",
            "count": 0
        },
        {
            "id": "100051105770824",
            "count": 0
        },
        {
            "id": "100093297664029",
            "count": 0
        },
        {
            "id": "61554786429998",
            "count": 0
        },
        {
            "id": "100071648765317",
            "count": 0
        },
        {
            "id": "61550623880684",
            "count": 0
        },
        {
            "id": "100083145082790",
            "count": 0
        },
        {
            "id": "100077907593245",
            "count": 0
        },
        {
            "id": "100090508565126",
            "count": 0
        },
        {
            "id": "100083532781234",
            "count": 0
        },
        {
            "id": "100069512148276",
            "count": 0
        },
        {
            "id": "61550051532614",
            "count": 0
        },
        {
            "id": "100090449800993",
            "count": 0
        },
        {
            "id": "100080088163789",
            "count": 0
        },
        {
            "id": "100080012092715",
            "count": 0
        },
        {
            "id": "100076682862427",
            "count": 0
        },
        {
            "id": "100083931740332",
            "count": 0
        },
        {
            "id": "100094381827988",
            "count": 0
        },
        {
            "id": "100063307779381",
            "count": 0
        },
        {
            "id": "61554242134799",
            "count": 0
        },
        {
            "id": "61554357754059",
            "count": 0
        },
        {
            "id": "61554515969750",
            "count": 0
        },
        {
            "id": "61553951799602",
            "count": 0
        },
        {
            "id": "100081539394917",
            "count": 7
        },
        {
            "id": "100083546708581",
            "count": 0
        },
        {
            "id": "61550605092910",
            "count": 0
        },
        {
            "id": "100022568984861",
            "count": 0
        },
        {
            "id": "100092205474181",
            "count": 0
        },
        {
            "id": "100092195370826",
            "count": 0
        },
        {
            "id": "100076193265552",
            "count": 0
        },
        {
            "id": "61554297722921",
            "count": 0
        },
        {
            "id": "61551367887820",
            "count": 0
        },
        {
            "id": "100095100763922",
            "count": 0
        },
        {
            "id": "100084614757126",
            "count": 0
        },
        {
            "id": "61550221220587",
            "count": 0
        },
        {
            "id": "61554940106501",
            "count": 0
        },
        {
            "id": "100077966405992",
            "count": 0
        },
        {
            "id": "100095294043255",
            "count": 0
        },
        {
            "id": "61554770548878",
            "count": 0
        },
        {
            "id": "61554285512196",
            "count": 0
        },
        {
            "id": "100073812853349",
            "count": 0
        },
        {
            "id": "100078022950086",
            "count": 0
        },
        {
            "id": "61554321917082",
            "count": 0
        },
        {
            "id": "61554763715651",
            "count": 0
        },
        {
            "id": "100079328841075",
            "count": 0
        },
        {
            "id": "100066498619775",
            "count": 0
        },
        {
            "id": "100036480334526",
            "count": 0
        },
        {
            "id": "100058560095210",
            "count": 0
        },
        {
            "id": "100011625520476",
            "count": 0
        },
        {
            "id": "100047457918570",
            "count": 0
        },
        {
            "id": "100055737022041",
            "count": 0
        },
        {
            "id": "100057068080559",
            "count": 0
        },
        {
            "id": "100094732320738",
            "count": 0
        },
        {
            "id": "61552800670842",
            "count": 0
        },
        {
            "id": "100067668995589",
            "count": 0
        },
        {
            "id": "61554223500805",
            "count": 0
        },
        {
            "id": "100009504657825",
            "count": 0
        },
        {
            "id": "100051687917355",
            "count": 0
        },
        {
            "id": "100091757380548",
            "count": 0
        },
        {
            "id": "61555435382663",
            "count": 0
        },
        {
            "id": "100095654164212",
            "count": 0
        },
        {
            "id": "61554933386467",
            "count": 0
        },
        {
            "id": "100076349776360",
            "count": 0
        },
        {
            "id": "100082271723332",
            "count": 0
        },
        {
            "id": "61552101804952",
            "count": 0
        },
        {
            "id": "100080936809370",
            "count": 0
        },
        {
            "id": "61554322976849",
            "count": 0
        },
        {
            "id": "61553475461486",
            "count": 0
        },
        {
            "id": "61555335933783",
            "count": 0
        },
        {
            "id": "100081621523313",
            "count": 0
        },
        {
            "id": "100072118110225",
            "count": 0
        },
        {
            "id": "100069276950949",
            "count": 0
        },
        {
            "id": "100068364072839",
            "count": 0
        },
        {
            "id": "100052761251287",
            "count": 0
        },
        {
            "id": "100091137651314",
            "count": 0
        },
        {
            "id": "61551748359461",
            "count": 0
        },
        {
            "id": "100012403745735",
            "count": 0
        },
        {
            "id": "100088571876749",
            "count": 0
        },
        {
            "id": "100000213546685",
            "count": 0
        },
        {
            "id": "61555140669175",
            "count": 0
        },
        {
            "id": "61551731532454",
            "count": 0
        },
        {
            "id": "100092335605353",
            "count": 0
        },
        {
            "id": "61555138407822",
            "count": 0
        },
        {
            "id": "100086018945305",
            "count": 0
        },
        {
            "id": "61552050734386",
            "count": 0
        },
        {
            "id": "100032963136732",
            "count": 0
        },
        {
            "id": "100090321901418",
            "count": 0
        },
        {
            "id": "61550447683501",
            "count": 0
        },
        {
            "id": "61553784477880",
            "count": 0
        },
        {
            "id": "61554581416935",
            "count": 0
        },
        {
            "id": "61553835870899",
            "count": 0
        },
        {
            "id": "61554883535457",
            "count": 0
        },
        {
            "id": "100093844601274",
            "count": 0
        },
        {
            "id": "100093942811260",
            "count": 0
        },
        {
            "id": "100094475087907",
            "count": 0
        },
        {
            "id": "100070070130535",
            "count": 8
        },
        {
            "id": "61552653652156",
            "count": 0
        },
        {
            "id": "100082850055125",
            "count": 0
        },
        {
            "id": "61555425278768",
            "count": 0
        },
        {
            "id": "61555341192379",
            "count": 0
        },
        {
            "id": "61550754075249",
            "count": 0
        },
        {
            "id": "100025485212719",
            "count": 10
        },
        {
            "id": "100089844505461",
            "count": 0
        },
        {
            "id": "61555756589720",
            "count": 0
        },
        {
            "id": "61555132291215",
            "count": 0
        },
        {
            "id": "100077357839298",
            "count": 0
        },
        {
            "id": "100085725953334",
            "count": 0
        },
        {
            "id": "61552157940235",
            "count": 0
        },
        {
            "id": "100049149761818",
            "count": 0
        },
        {
            "id": "100088556503701",
            "count": 0
        },
        {
            "id": "61554424006672",
            "count": 0
        },
        {
            "id": "61553177352116",
            "count": 0
        },
        {
            "id": "61555323495356",
            "count": 0
        },
        {
            "id": "61554849850882",
            "count": 2
        },
        {
            "id": "61554418096221",
            "count": 8
        },
        {
            "id": "100027386833563",
            "count": 6
        }
    ],
    "day": [
        {
            "id": "100067912535915",
            "count": 0
        },
        {
            "id": "100079742485644",
            "count": 0
        },
        {
            "id": "100079247594307",
            "count": 0
        },
        {
            "id": "100080664904734",
            "count": 0
        },
        {
            "id": "100085876051646",
            "count": 0
        },
        {
            "id": "61550796059068",
            "count": 0
        },
        {
            "id": "100052113134070",
            "count": 0
        },
        {
            "id": "100008445915998",
            "count": 0
        },
        {
            "id": "100091408574256",
            "count": 0
        },
        {
            "id": "100074285826811",
            "count": 0
        },
        {
            "id": "100093372666424",
            "count": 0
        },
        {
            "id": "100093199933554",
            "count": 0
        },
        {
            "id": "61552758808842",
            "count": 0
        },
        {
            "id": "100088128739170",
            "count": 0
        },
        {
            "id": "61553920556021",
            "count": 0
        },
        {
            "id": "100087950593940",
            "count": 0
        },
        {
            "id": "100083271345311",
            "count": 0
        },
        {
            "id": "100027236779917",
            "count": 0
        },
        {
            "id": "100078195021826",
            "count": 0
        },
        {
            "id": "100041798775051",
            "count": 0
        },
        {
            "id": "100095440442975",
            "count": 0
        },
        {
            "id": "100034029642676",
            "count": 0
        },
        {
            "id": "100084588394121",
            "count": 0
        },
        {
            "id": "61553858154928",
            "count": 0
        },
        {
            "id": "100011873722480",
            "count": 0
        },
        {
            "id": "100090455831342",
            "count": 0
        },
        {
            "id": "100049836276734",
            "count": 0
        },
        {
            "id": "100093205971577",
            "count": 0
        },
        {
            "id": "100090216427612",
            "count": 0
        },
        {
            "id": "100009357724128",
            "count": 0
        },
        {
            "id": "100086721846912",
            "count": 0
        },
        {
            "id": "61553727256329",
            "count": 0
        },
        {
            "id": "100086637254634",
            "count": 0
        },
        {
            "id": "100088110297447",
            "count": 0
        },
        {
            "id": "100083150777927",
            "count": 0
        },
        {
            "id": "100086353137408",
            "count": 0
        },
        {
            "id": "100087956738981",
            "count": 0
        },
        {
            "id": "100095409370686",
            "count": 0
        },
        {
            "id": "100074106459009",
            "count": 0
        },
        {
            "id": "100004015322553",
            "count": 0
        },
        {
            "id": "61551401124097",
            "count": 10
        },
        {
            "id": "61553961852954",
            "count": 0
        },
        {
            "id": "100055927082331",
            "count": 0
        },
        {
            "id": "61550464267574",
            "count": 0
        },
        {
            "id": "61552010887275",
            "count": 0
        },
        {
            "id": "61551874751720",
            "count": 0
        },
        {
            "id": "100087443692910",
            "count": 0
        },
        {
            "id": "100010015024631",
            "count": 0
        },
        {
            "id": "61554605481490",
            "count": 0
        },
        {
            "id": "100089841934566",
            "count": 0
        },
        {
            "id": "100070991395657",
            "count": 0
        },
        {
            "id": "100090041468416",
            "count": 0
        },
        {
            "id": "100081229170633",
            "count": 0
        },
        {
            "id": "61550240745056",
            "count": 0
        },
        {
            "id": "61552580586837",
            "count": 0
        },
        {
            "id": "100086238491916",
            "count": 0
        },
        {
            "id": "100078629551188",
            "count": 0
        },
        {
            "id": "61552951353016",
            "count": 0
        },
        {
            "id": "61552765452675",
            "count": 0
        },
        {
            "id": "100095336979765",
            "count": 0
        },
        {
            "id": "61551625780581",
            "count": 0
        },
        {
            "id": "61552731477762",
            "count": 0
        },
        {
            "id": "100084827460305",
            "count": 0
        },
        {
            "id": "100071279194018",
            "count": 0
        },
        {
            "id": "100089164634879",
            "count": 0
        },
        {
            "id": "100075570830273",
            "count": 0
        },
        {
            "id": "100053186555779",
            "count": 0
        },
        {
            "id": "100080329970087",
            "count": 0
        },
        {
            "id": "100089185296076",
            "count": 0
        },
        {
            "id": "100087674436196",
            "count": 0
        },
        {
            "id": "100080101204796",
            "count": 0
        },
        {
            "id": "100082160617135",
            "count": 0
        },
        {
            "id": "100077951331098",
            "count": 0
        },
        {
            "id": "100031109076356",
            "count": 0
        },
        {
            "id": "100039063152780",
            "count": 0
        },
        {
            "id": "100076558331320",
            "count": 0
        },
        {
            "id": "100010179195532",
            "count": 0
        },
        {
            "id": "100089764808624",
            "count": 0
        },
        {
            "id": "100040475139325",
            "count": 0
        },
        {
            "id": "100089805074830",
            "count": 0
        },
        {
            "id": "100088903647804",
            "count": 0
        },
        {
            "id": "61550235934139",
            "count": 0
        },
        {
            "id": "100094515811362",
            "count": 0
        },
        {
            "id": "100088371882866",
            "count": 0
        },
        {
            "id": "100090451430559",
            "count": 0
        },
        {
            "id": "100091861256225",
            "count": 0
        },
        {
            "id": "100027539522401",
            "count": 0
        },
        {
            "id": "100042450741682",
            "count": 0
        },
        {
            "id": "61554924507018",
            "count": 0
        },
        {
            "id": "100082510413107",
            "count": 0
        },
        {
            "id": "100074859521895",
            "count": 0
        },
        {
            "id": "100085497085662",
            "count": 0
        },
        {
            "id": "100089605777144",
            "count": 0
        },
        {
            "id": "61552108530235",
            "count": 0
        },
        {
            "id": "100058564102162",
            "count": 0
        },
        {
            "id": "61551583652760",
            "count": 0
        },
        {
            "id": "100002138710651",
            "count": 0
        },
        {
            "id": "61552239517505",
            "count": 0
        },
        {
            "id": "100093219207134",
            "count": 0
        },
        {
            "id": "61554651231488",
            "count": 0
        },
        {
            "id": "61554723276637",
            "count": 0
        },
        {
            "id": "100085836409833",
            "count": 0
        },
        {
            "id": "100092380274798",
            "count": 0
        },
        {
            "id": "100046634093373",
            "count": 0
        },
        {
            "id": "100023947188822",
            "count": 0
        },
        {
            "id": "100077648675204",
            "count": 0
        },
        {
            "id": "100022713870177",
            "count": 0
        },
        {
            "id": "100082902871952",
            "count": 0
        },
        {
            "id": "100093765939239",
            "count": 0
        },
        {
            "id": "100051105770824",
            "count": 0
        },
        {
            "id": "100093297664029",
            "count": 0
        },
        {
            "id": "61554786429998",
            "count": 0
        },
        {
            "id": "100071648765317",
            "count": 0
        },
        {
            "id": "61550623880684",
            "count": 0
        },
        {
            "id": "100083145082790",
            "count": 0
        },
        {
            "id": "100077907593245",
            "count": 0
        },
        {
            "id": "100090508565126",
            "count": 0
        },
        {
            "id": "100083532781234",
            "count": 0
        },
        {
            "id": "100069512148276",
            "count": 0
        },
        {
            "id": "61550051532614",
            "count": 0
        },
        {
            "id": "100090449800993",
            "count": 0
        },
        {
            "id": "100080088163789",
            "count": 0
        },
        {
            "id": "100080012092715",
            "count": 0
        },
        {
            "id": "100076682862427",
            "count": 0
        },
        {
            "id": "100083931740332",
            "count": 0
        },
        {
            "id": "100094381827988",
            "count": 0
        },
        {
            "id": "100063307779381",
            "count": 0
        },
        {
            "id": "61554242134799",
            "count": 0
        },
        {
            "id": "61554357754059",
            "count": 0
        },
        {
            "id": "61554515969750",
            "count": 0
        },
        {
            "id": "61553951799602",
            "count": 0
        },
        {
            "id": "100081539394917",
            "count": 7
        },
        {
            "id": "100083546708581",
            "count": 0
        },
        {
            "id": "61550605092910",
            "count": 0
        },
        {
            "id": "100022568984861",
            "count": 0
        },
        {
            "id": "100092205474181",
            "count": 0
        },
        {
            "id": "100092195370826",
            "count": 0
        },
        {
            "id": "100076193265552",
            "count": 0
        },
        {
            "id": "61554297722921",
            "count": 0
        },
        {
            "id": "61551367887820",
            "count": 0
        },
        {
            "id": "100095100763922",
            "count": 0
        },
        {
            "id": "100084614757126",
            "count": 0
        },
        {
            "id": "61550221220587",
            "count": 0
        },
        {
            "id": "61554940106501",
            "count": 0
        },
        {
            "id": "100077966405992",
            "count": 0
        },
        {
            "id": "100095294043255",
            "count": 0
        },
        {
            "id": "61554770548878",
            "count": 0
        },
        {
            "id": "61554285512196",
            "count": 0
        },
        {
            "id": "100073812853349",
            "count": 0
        },
        {
            "id": "100078022950086",
            "count": 0
        },
        {
            "id": "61554321917082",
            "count": 0
        },
        {
            "id": "61554763715651",
            "count": 0
        },
        {
            "id": "100079328841075",
            "count": 0
        },
        {
            "id": "100066498619775",
            "count": 0
        },
        {
            "id": "100036480334526",
            "count": 0
        },
        {
            "id": "100058560095210",
            "count": 0
        },
        {
            "id": "100011625520476",
            "count": 0
        },
        {
            "id": "100047457918570",
            "count": 0
        },
        {
            "id": "100055737022041",
            "count": 0
        },
        {
            "id": "100057068080559",
            "count": 0
        },
        {
            "id": "100094732320738",
            "count": 0
        },
        {
            "id": "61552800670842",
            "count": 0
        },
        {
            "id": "100067668995589",
            "count": 0
        },
        {
            "id": "61554223500805",
            "count": 0
        },
        {
            "id": "100009504657825",
            "count": 0
        },
        {
            "id": "100051687917355",
            "count": 0
        },
        {
            "id": "100091757380548",
            "count": 0
        },
        {
            "id": "61555435382663",
            "count": 0
        },
        {
            "id": "100095654164212",
            "count": 0
        },
        {
            "id": "61554933386467",
            "count": 0
        },
        {
            "id": "100076349776360",
            "count": 0
        },
        {
            "id": "100082271723332",
            "count": 0
        },
        {
            "id": "61552101804952",
            "count": 0
        },
        {
            "id": "100080936809370",
            "count": 0
        },
        {
            "id": "61554322976849",
            "count": 0
        },
        {
            "id": "61553475461486",
            "count": 0
        },
        {
            "id": "61555335933783",
            "count": 0
        },
        {
            "id": "100081621523313",
            "count": 0
        },
        {
            "id": "100072118110225",
            "count": 0
        },
        {
            "id": "100069276950949",
            "count": 0
        },
        {
            "id": "100068364072839",
            "count": 0
        },
        {
            "id": "100052761251287",
            "count": 0
        },
        {
            "id": "100091137651314",
            "count": 0
        },
        {
            "id": "61551748359461",
            "count": 0
        },
        {
            "id": "100012403745735",
            "count": 0
        },
        {
            "id": "100088571876749",
            "count": 0
        },
        {
            "id": "100000213546685",
            "count": 0
        },
        {
            "id": "61555140669175",
            "count": 0
        },
        {
            "id": "61551731532454",
            "count": 0
        },
        {
            "id": "100092335605353",
            "count": 0
        },
        {
            "id": "61555138407822",
            "count": 0
        },
        {
            "id": "100086018945305",
            "count": 0
        },
        {
            "id": "61552050734386",
            "count": 0
        },
        {
            "id": "100032963136732",
            "count": 0
        },
        {
            "id": "100090321901418",
            "count": 0
        },
        {
            "id": "61550447683501",
            "count": 0
        },
        {
            "id": "61553784477880",
            "count": 0
        },
        {
            "id": "61554581416935",
            "count": 0
        },
        {
            "id": "61553835870899",
            "count": 0
        },
        {
            "id": "61554883535457",
            "count": 0
        },
        {
            "id": "100093844601274",
            "count": 0
        },
        {
            "id": "100093942811260",
            "count": 0
        },
        {
            "id": "100094475087907",
            "count": 0
        },
        {
            "id": "100070070130535",
            "count": 8
        },
        {
            "id": "61552653652156",
            "count": 0
        },
        {
            "id": "100082850055125",
            "count": 0
        },
        {
            "id": "61555425278768",
            "count": 0
        },
        {
            "id": "61555341192379",
            "count": 0
        },
        {
            "id": "61550754075249",
            "count": 0
        },
        {
            "id": "100025485212719",
            "count": 10
        },
        {
            "id": "100089844505461",
            "count": 0
        },
        {
            "id": "61555756589720",
            "count": 0
        },
        {
            "id": "61555132291215",
            "count": 0
        },
        {
            "id": "100077357839298",
            "count": 0
        },
        {
            "id": "100085725953334",
            "count": 0
        },
        {
            "id": "61552157940235",
            "count": 0
        },
        {
            "id": "100049149761818",
            "count": 0
        },
        {
            "id": "100088556503701",
            "count": 0
        },
        {
            "id": "61554424006672",
            "count": 0
        },
        {
            "id": "61553177352116",
            "count": 0
        },
        {
            "id": "61555323495356",
            "count": 0
        },
        {
            "id": "61554849850882",
            "count": 2
        },
        {
            "id": "61554418096221",
            "count": 8
        },
        {
            "id": "100027386833563",
            "count": 6
        }
    ],
    "time": 2,
    "last": {
        "time": 5,
        "day": [
            {
                "id": "100067912535915",
                "count": 0
            },
            {
                "id": "100079742485644",
                "count": 0
            },
            {
                "id": "100079247594307",
                "count": 0
            },
            {
                "id": "100080664904734",
                "count": 0
            },
            {
                "id": "100085876051646",
                "count": 0
            },
            {
                "id": "61550796059068",
                "count": 0
            },
            {
                "id": "100052113134070",
                "count": 0
            },
            {
                "id": "100008445915998",
                "count": 0
            },
            {
                "id": "100091408574256",
                "count": 0
            },
            {
                "id": "100074285826811",
                "count": 0
            },
            {
                "id": "100093372666424",
                "count": 0
            },
            {
                "id": "100093199933554",
                "count": 0
            },
            {
                "id": "61552758808842",
                "count": 0
            },
            {
                "id": "100088128739170",
                "count": 0
            },
            {
                "id": "61553920556021",
                "count": 0
            },
            {
                "id": "100087950593940",
                "count": 0
            },
            {
                "id": "100083271345311",
                "count": 0
            },
            {
                "id": "100027236779917",
                "count": 0
            },
            {
                "id": "100078195021826",
                "count": 0
            },
            {
                "id": "100041798775051",
                "count": 0
            },
            {
                "id": "100095440442975",
                "count": 0
            },
            {
                "id": "100034029642676",
                "count": 0
            },
            {
                "id": "100084588394121",
                "count": 0
            },
            {
                "id": "61553858154928",
                "count": 0
            },
            {
                "id": "100011873722480",
                "count": 0
            },
            {
                "id": "100090455831342",
                "count": 0
            },
            {
                "id": "100049836276734",
                "count": 0
            },
            {
                "id": "100093205971577",
                "count": 0
            },
            {
                "id": "100090216427612",
                "count": 0
            },
            {
                "id": "100009357724128",
                "count": 0
            },
            {
                "id": "100086721846912",
                "count": 0
            },
            {
                "id": "61553727256329",
                "count": 0
            },
            {
                "id": "100086637254634",
                "count": 0
            },
            {
                "id": "100088110297447",
                "count": 0
            },
            {
                "id": "100083150777927",
                "count": 0
            },
            {
                "id": "100086353137408",
                "count": 0
            },
            {
                "id": "100087956738981",
                "count": 0
            },
            {
                "id": "100095409370686",
                "count": 0
            },
            {
                "id": "100074106459009",
                "count": 0
            },
            {
                "id": "100004015322553",
                "count": 0
            },
            {
                "id": "61551401124097",
                "count": 0
            },
            {
                "id": "61553961852954",
                "count": 0
            },
            {
                "id": "100055927082331",
                "count": 0
            },
            {
                "id": "61550464267574",
                "count": 0
            },
            {
                "id": "61552010887275",
                "count": 0
            },
            {
                "id": "61551874751720",
                "count": 0
            },
            {
                "id": "100087443692910",
                "count": 0
            },
            {
                "id": "100010015024631",
                "count": 0
            },
            {
                "id": "61554605481490",
                "count": 0
            },
            {
                "id": "100089841934566",
                "count": 0
            },
            {
                "id": "100070991395657",
                "count": 0
            },
            {
                "id": "100090041468416",
                "count": 0
            },
            {
                "id": "100081229170633",
                "count": 0
            },
            {
                "id": "61550240745056",
                "count": 0
            },
            {
                "id": "61552580586837",
                "count": 0
            },
            {
                "id": "100086238491916",
                "count": 0
            },
            {
                "id": "100078629551188",
                "count": 0
            },
            {
                "id": "61552951353016",
                "count": 0
            },
            {
                "id": "61552765452675",
                "count": 0
            },
            {
                "id": "100095336979765",
                "count": 0
            },
            {
                "id": "61551625780581",
                "count": 0
            },
            {
                "id": "61552731477762",
                "count": 0
            },
            {
                "id": "100084827460305",
                "count": 0
            },
            {
                "id": "100071279194018",
                "count": 0
            },
            {
                "id": "100089164634879",
                "count": 0
            },
            {
                "id": "100075570830273",
                "count": 0
            },
            {
                "id": "100053186555779",
                "count": 0
            },
            {
                "id": "100080329970087",
                "count": 0
            },
            {
                "id": "100089185296076",
                "count": 0
            },
            {
                "id": "100087674436196",
                "count": 0
            },
            {
                "id": "100080101204796",
                "count": 0
            },
            {
                "id": "100082160617135",
                "count": 0
            },
            {
                "id": "100077951331098",
                "count": 0
            },
            {
                "id": "100031109076356",
                "count": 0
            },
            {
                "id": "100039063152780",
                "count": 0
            },
            {
                "id": "100076558331320",
                "count": 0
            },
            {
                "id": "100010179195532",
                "count": 0
            },
            {
                "id": "100089764808624",
                "count": 0
            },
            {
                "id": "100040475139325",
                "count": 0
            },
            {
                "id": "100089805074830",
                "count": 0
            },
            {
                "id": "100088903647804",
                "count": 0
            },
            {
                "id": "61550235934139",
                "count": 0
            },
            {
                "id": "100094515811362",
                "count": 0
            },
            {
                "id": "100088371882866",
                "count": 0
            },
            {
                "id": "100090451430559",
                "count": 0
            },
            {
                "id": "100091861256225",
                "count": 0
            },
            {
                "id": "100027539522401",
                "count": 0
            },
            {
                "id": "100042450741682",
                "count": 0
            },
            {
                "id": "61554924507018",
                "count": 0
            },
            {
                "id": "100082510413107",
                "count": 0
            },
            {
                "id": "100074859521895",
                "count": 0
            },
            {
                "id": "100085497085662",
                "count": 0
            },
            {
                "id": "100089605777144",
                "count": 0
            },
            {
                "id": "61552108530235",
                "count": 0
            },
            {
                "id": "100058564102162",
                "count": 0
            },
            {
                "id": "61551583652760",
                "count": 0
            },
            {
                "id": "100002138710651",
                "count": 0
            },
            {
                "id": "61552239517505",
                "count": 0
            },
            {
                "id": "100093219207134",
                "count": 0
            },
            {
                "id": "61554651231488",
                "count": 0
            },
            {
                "id": "61554723276637",
                "count": 0
            },
            {
                "id": "100085836409833",
                "count": 0
            },
            {
                "id": "100092380274798",
                "count": 0
            },
            {
                "id": "100046634093373",
                "count": 0
            },
            {
                "id": "100023947188822",
                "count": 0
            },
            {
                "id": "100077648675204",
                "count": 0
            },
            {
                "id": "100022713870177",
                "count": 0
            },
            {
                "id": "100082902871952",
                "count": 0
            },
            {
                "id": "100093765939239",
                "count": 0
            },
            {
                "id": "100051105770824",
                "count": 0
            },
            {
                "id": "100093297664029",
                "count": 0
            },
            {
                "id": "61554786429998",
                "count": 0
            },
            {
                "id": "100071648765317",
                "count": 0
            },
            {
                "id": "61550623880684",
                "count": 0
            },
            {
                "id": "100083145082790",
                "count": 0
            },
            {
                "id": "100077907593245",
                "count": 0
            },
            {
                "id": "100090508565126",
                "count": 0
            },
            {
                "id": "100083532781234",
                "count": 0
            },
            {
                "id": "100069512148276",
                "count": 0
            },
            {
                "id": "61550051532614",
                "count": 0
            },
            {
                "id": "100090449800993",
                "count": 0
            },
            {
                "id": "100080088163789",
                "count": 0
            },
            {
                "id": "100080012092715",
                "count": 0
            },
            {
                "id": "100076682862427",
                "count": 0
            },
            {
                "id": "100083931740332",
                "count": 0
            },
            {
                "id": "100094381827988",
                "count": 0
            },
            {
                "id": "100063307779381",
                "count": 0
            },
            {
                "id": "61554242134799",
                "count": 0
            },
            {
                "id": "61554357754059",
                "count": 0
            },
            {
                "id": "61554515969750",
                "count": 0
            },
            {
                "id": "61553951799602",
                "count": 0
            },
            {
                "id": "100081539394917",
                "count": 0
            },
            {
                "id": "100083546708581",
                "count": 0
            },
            {
                "id": "61550605092910",
                "count": 0
            },
            {
                "id": "100022568984861",
                "count": 0
            },
            {
                "id": "100092205474181",
                "count": 0
            },
            {
                "id": "100092195370826",
                "count": 0
            },
            {
                "id": "100076193265552",
                "count": 0
            },
            {
                "id": "61554297722921",
                "count": 0
            },
            {
                "id": "61551367887820",
                "count": 0
            },
            {
                "id": "100095100763922",
                "count": 0
            },
            {
                "id": "100084614757126",
                "count": 0
            },
            {
                "id": "61550221220587",
                "count": 0
            },
            {
                "id": "61554940106501",
                "count": 0
            },
            {
                "id": "100077966405992",
                "count": 0
            },
            {
                "id": "100095294043255",
                "count": 0
            },
            {
                "id": "61554770548878",
                "count": 0
            },
            {
                "id": "61554285512196",
                "count": 0
            },
            {
                "id": "100073812853349",
                "count": 0
            },
            {
                "id": "100078022950086",
                "count": 0
            },
            {
                "id": "61554321917082",
                "count": 0
            },
            {
                "id": "61554763715651",
                "count": 0
            },
            {
                "id": "100079328841075",
                "count": 0
            },
            {
                "id": "100066498619775",
                "count": 0
            },
            {
                "id": "100036480334526",
                "count": 0
            },
            {
                "id": "100058560095210",
                "count": 0
            },
            {
                "id": "100011625520476",
                "count": 0
            },
            {
                "id": "100047457918570",
                "count": 0
            },
            {
                "id": "100055737022041",
                "count": 0
            },
            {
                "id": "100057068080559",
                "count": 0
            },
            {
                "id": "100094732320738",
                "count": 0
            },
            {
                "id": "61552800670842",
                "count": 0
            },
            {
                "id": "100067668995589",
                "count": 0
            },
            {
                "id": "61554223500805",
                "count": 0
            },
            {
                "id": "100009504657825",
                "count": 0
            },
            {
                "id": "100051687917355",
                "count": 0
            },
            {
                "id": "100091757380548",
                "count": 0
            },
            {
                "id": "61555435382663",
                "count": 0
            },
            {
                "id": "100095654164212",
                "count": 0
            },
            {
                "id": "61554933386467",
                "count": 0
            },
            {
                "id": "100076349776360",
                "count": 0
            },
            {
                "id": "100082271723332",
                "count": 0
            },
            {
                "id": "61552101804952",
                "count": 0
            },
            {
                "id": "100080936809370",
                "count": 0
            },
            {
                "id": "61554322976849",
                "count": 0
            },
            {
                "id": "61553475461486",
                "count": 0
            },
            {
                "id": "61555335933783",
                "count": 0
            },
            {
                "id": "100081621523313",
                "count": 0
            },
            {
                "id": "100072118110225",
                "count": 0
            },
            {
                "id": "100069276950949",
                "count": 0
            },
            {
                "id": "100068364072839",
                "count": 0
            },
            {
                "id": "100052761251287",
                "count": 0
            },
            {
                "id": "100091137651314",
                "count": 0
            },
            {
                "id": "61551748359461",
                "count": 0
            },
            {
                "id": "100012403745735",
                "count": 0
            },
            {
                "id": "100088571876749",
                "count": 0
            },
            {
                "id": "100000213546685",
                "count": 0
            },
            {
                "id": "61555140669175",
                "count": 0
            },
            {
                "id": "61551731532454",
                "count": 0
            },
            {
                "id": "100092335605353",
                "count": 0
            },
            {
                "id": "61555138407822",
                "count": 0
            },
            {
                "id": "100086018945305",
                "count": 0
            },
            {
                "id": "61552050734386",
                "count": 0
            },
            {
                "id": "100032963136732",
                "count": 0
            },
            {
                "id": "100090321901418",
                "count": 0
            },
            {
                "id": "61550447683501",
                "count": 0
            },
            {
                "id": "61553784477880",
                "count": 0
            },
            {
                "id": "61554581416935",
                "count": 0
            },
            {
                "id": "61553835870899",
                "count": 0
            },
            {
                "id": "61554883535457",
                "count": 0
            },
            {
                "id": "100093844601274",
                "count": 0
            },
            {
                "id": "100093942811260",
                "count": 0
            },
            {
                "id": "100094475087907",
                "count": 0
            },
            {
                "id": "100070070130535",
                "count": 0
            },
            {
                "id": "61552653652156",
                "count": 0
            },
            {
                "id": "100082850055125",
                "count": 0
            },
            {
                "id": "61555425278768",
                "count": 0
            },
            {
                "id": "61555341192379",
                "count": 0
            },
            {
                "id": "61550754075249",
                "count": 0
            },
            {
                "id": "100025485212719",
                "count": 0
            },
            {
                "id": "100089844505461",
                "count": 0
            },
            {
                "id": "61555756589720",
                "count": 0
            },
            {
                "id": "61555132291215",
                "count": 0
            },
            {
                "id": "100077357839298",
                "count": 0
            },
            {
                "id": "100085725953334",
                "count": 0
            },
            {
                "id": "61552157940235",
                "count": 0
            },
            {
                "id": "100049149761818",
                "count": 0
            },
            {
                "id": "100088556503701",
                "count": 0
            },
            {
                "id": "61554424006672",
                "count": 0
            },
            {
                "id": "61553177352116",
                "count": 0
            },
            {
                "id": "61555323495356",
                "count": 0
            },
            {
                "id": "61554849850882",
                "count": 0
            },
            {
                "id": "61554418096221",
                "count": 0
            },
            {
                "id": "100027386833563",
                "count": 0
            }
        ],
        "week": [
            {
                "id": "100067912535915",
                "count": 0
            },
            {
                "id": "100079742485644",
                "count": 0
            },
            {
                "id": "100079247594307",
                "count": 0
            },
            {
                "id": "100080664904734",
                "count": 0
            },
            {
                "id": "100085876051646",
                "count": 0
            },
            {
                "id": "61550796059068",
                "count": 0
            },
            {
                "id": "100052113134070",
                "count": 0
            },
            {
                "id": "100008445915998",
                "count": 0
            },
            {
                "id": "100091408574256",
                "count": 0
            },
            {
                "id": "100074285826811",
                "count": 0
            },
            {
                "id": "100093372666424",
                "count": 0
            },
            {
                "id": "100093199933554",
                "count": 0
            },
            {
                "id": "61552758808842",
                "count": 0
            },
            {
                "id": "100088128739170",
                "count": 0
            },
            {
                "id": "61553920556021",
                "count": 0
            },
            {
                "id": "100087950593940",
                "count": 0
            },
            {
                "id": "100083271345311",
                "count": 0
            },
            {
                "id": "100027236779917",
                "count": 0
            },
            {
                "id": "100078195021826",
                "count": 0
            },
            {
                "id": "100041798775051",
                "count": 0
            },
            {
                "id": "100095440442975",
                "count": 0
            },
            {
                "id": "100034029642676",
                "count": 0
            },
            {
                "id": "100084588394121",
                "count": 0
            },
            {
                "id": "61553858154928",
                "count": 0
            },
            {
                "id": "100011873722480",
                "count": 0
            },
            {
                "id": "100090455831342",
                "count": 0
            },
            {
                "id": "100049836276734",
                "count": 0
            },
            {
                "id": "100093205971577",
                "count": 0
            },
            {
                "id": "100090216427612",
                "count": 0
            },
            {
                "id": "100009357724128",
                "count": 0
            },
            {
                "id": "100086721846912",
                "count": 0
            },
            {
                "id": "61553727256329",
                "count": 0
            },
            {
                "id": "100086637254634",
                "count": 0
            },
            {
                "id": "100088110297447",
                "count": 0
            },
            {
                "id": "100083150777927",
                "count": 0
            },
            {
                "id": "100086353137408",
                "count": 0
            },
            {
                "id": "100087956738981",
                "count": 0
            },
            {
                "id": "100095409370686",
                "count": 0
            },
            {
                "id": "100074106459009",
                "count": 0
            },
            {
                "id": "100004015322553",
                "count": 0
            },
            {
                "id": "61551401124097",
                "count": 0
            },
            {
                "id": "61553961852954",
                "count": 0
            },
            {
                "id": "100055927082331",
                "count": 0
            },
            {
                "id": "61550464267574",
                "count": 0
            },
            {
                "id": "61552010887275",
                "count": 0
            },
            {
                "id": "61551874751720",
                "count": 0
            },
            {
                "id": "100087443692910",
                "count": 0
            },
            {
                "id": "100010015024631",
                "count": 0
            },
            {
                "id": "61554605481490",
                "count": 0
            },
            {
                "id": "100089841934566",
                "count": 0
            },
            {
                "id": "100070991395657",
                "count": 0
            },
            {
                "id": "100090041468416",
                "count": 0
            },
            {
                "id": "100081229170633",
                "count": 0
            },
            {
                "id": "61550240745056",
                "count": 0
            },
            {
                "id": "61552580586837",
                "count": 0
            },
            {
                "id": "100086238491916",
                "count": 0
            },
            {
                "id": "100078629551188",
                "count": 0
            },
            {
                "id": "61552951353016",
                "count": 0
            },
            {
                "id": "61552765452675",
                "count": 0
            },
            {
                "id": "100095336979765",
                "count": 0
            },
            {
                "id": "61551625780581",
                "count": 0
            },
            {
                "id": "61552731477762",
                "count": 0
            },
            {
                "id": "100084827460305",
                "count": 0
            },
            {
                "id": "100071279194018",
                "count": 0
            },
            {
                "id": "100089164634879",
                "count": 0
            },
            {
                "id": "100075570830273",
                "count": 0
            },
            {
                "id": "100053186555779",
                "count": 0
            },
            {
                "id": "100080329970087",
                "count": 0
            },
            {
                "id": "100089185296076",
                "count": 0
            },
            {
                "id": "100087674436196",
                "count": 0
            },
            {
                "id": "100080101204796",
                "count": 0
            },
            {
                "id": "100082160617135",
                "count": 0
            },
            {
                "id": "100077951331098",
                "count": 0
            },
            {
                "id": "100031109076356",
                "count": 0
            },
            {
                "id": "100039063152780",
                "count": 0
            },
            {
                "id": "100076558331320",
                "count": 0
            },
            {
                "id": "100010179195532",
                "count": 0
            },
            {
                "id": "100089764808624",
                "count": 0
            },
            {
                "id": "100040475139325",
                "count": 0
            },
            {
                "id": "100089805074830",
                "count": 0
            },
            {
                "id": "100088903647804",
                "count": 0
            },
            {
                "id": "61550235934139",
                "count": 0
            },
            {
                "id": "100094515811362",
                "count": 0
            },
            {
                "id": "100088371882866",
                "count": 0
            },
            {
                "id": "100090451430559",
                "count": 0
            },
            {
                "id": "100091861256225",
                "count": 0
            },
            {
                "id": "100027539522401",
                "count": 0
            },
            {
                "id": "100042450741682",
                "count": 0
            },
            {
                "id": "61554924507018",
                "count": 0
            },
            {
                "id": "100082510413107",
                "count": 0
            },
            {
                "id": "100074859521895",
                "count": 0
            },
            {
                "id": "100085497085662",
                "count": 0
            },
            {
                "id": "100089605777144",
                "count": 0
            },
            {
                "id": "61552108530235",
                "count": 0
            },
            {
                "id": "100058564102162",
                "count": 0
            },
            {
                "id": "61551583652760",
                "count": 0
            },
            {
                "id": "100002138710651",
                "count": 0
            },
            {
                "id": "61552239517505",
                "count": 0
            },
            {
                "id": "100093219207134",
                "count": 0
            },
            {
                "id": "61554651231488",
                "count": 0
            },
            {
                "id": "61554723276637",
                "count": 0
            },
            {
                "id": "100085836409833",
                "count": 0
            },
            {
                "id": "100092380274798",
                "count": 0
            },
            {
                "id": "100046634093373",
                "count": 0
            },
            {
                "id": "100023947188822",
                "count": 0
            },
            {
                "id": "100077648675204",
                "count": 0
            },
            {
                "id": "100022713870177",
                "count": 0
            },
            {
                "id": "100082902871952",
                "count": 0
            },
            {
                "id": "100093765939239",
                "count": 0
            },
            {
                "id": "100051105770824",
                "count": 0
            },
            {
                "id": "100093297664029",
                "count": 0
            },
            {
                "id": "61554786429998",
                "count": 0
            },
            {
                "id": "100071648765317",
                "count": 0
            },
            {
                "id": "61550623880684",
                "count": 0
            },
            {
                "id": "100083145082790",
                "count": 0
            },
            {
                "id": "100077907593245",
                "count": 0
            },
            {
                "id": "100090508565126",
                "count": 0
            },
            {
                "id": "100083532781234",
                "count": 0
            },
            {
                "id": "100069512148276",
                "count": 0
            },
            {
                "id": "61550051532614",
                "count": 0
            },
            {
                "id": "100090449800993",
                "count": 0
            },
            {
                "id": "100080088163789",
                "count": 0
            },
            {
                "id": "100080012092715",
                "count": 0
            },
            {
                "id": "100076682862427",
                "count": 0
            },
            {
                "id": "100083931740332",
                "count": 0
            },
            {
                "id": "100094381827988",
                "count": 0
            },
            {
                "id": "100063307779381",
                "count": 0
            },
            {
                "id": "61554242134799",
                "count": 0
            },
            {
                "id": "61554357754059",
                "count": 0
            },
            {
                "id": "61554515969750",
                "count": 0
            },
            {
                "id": "61553951799602",
                "count": 0
            },
            {
                "id": "100081539394917",
                "count": 0
            },
            {
                "id": "100083546708581",
                "count": 0
            },
            {
                "id": "61550605092910",
                "count": 0
            },
            {
                "id": "100022568984861",
                "count": 0
            },
            {
                "id": "100092205474181",
                "count": 0
            },
            {
                "id": "100092195370826",
                "count": 0
            },
            {
                "id": "100076193265552",
                "count": 0
            },
            {
                "id": "61554297722921",
                "count": 0
            },
            {
                "id": "61551367887820",
                "count": 0
            },
            {
                "id": "100095100763922",
                "count": 0
            },
            {
                "id": "100084614757126",
                "count": 0
            },
            {
                "id": "61550221220587",
                "count": 0
            },
            {
                "id": "61554940106501",
                "count": 0
            },
            {
                "id": "100077966405992",
                "count": 0
            },
            {
                "id": "100095294043255",
                "count": 0
            },
            {
                "id": "61554770548878",
                "count": 0
            },
            {
                "id": "61554285512196",
                "count": 0
            },
            {
                "id": "100073812853349",
                "count": 0
            },
            {
                "id": "100078022950086",
                "count": 0
            },
            {
                "id": "61554321917082",
                "count": 0
            },
            {
                "id": "61554763715651",
                "count": 0
            },
            {
                "id": "100079328841075",
                "count": 0
            },
            {
                "id": "100066498619775",
                "count": 0
            },
            {
                "id": "100036480334526",
                "count": 0
            },
            {
                "id": "100058560095210",
                "count": 0
            },
            {
                "id": "100011625520476",
                "count": 0
            },
            {
                "id": "100047457918570",
                "count": 0
            },
            {
                "id": "100055737022041",
                "count": 0
            },
            {
                "id": "100057068080559",
                "count": 0
            },
            {
                "id": "100094732320738",
                "count": 0
            },
            {
                "id": "61552800670842",
                "count": 0
            },
            {
                "id": "100067668995589",
                "count": 0
            },
            {
                "id": "61554223500805",
                "count": 0
            },
            {
                "id": "100009504657825",
                "count": 0
            },
            {
                "id": "100051687917355",
                "count": 0
            },
            {
                "id": "100091757380548",
                "count": 0
            },
            {
                "id": "61555435382663",
                "count": 0
            },
            {
                "id": "100095654164212",
                "count": 0
            },
            {
                "id": "61554933386467",
                "count": 0
            },
            {
                "id": "100076349776360",
                "count": 0
            },
            {
                "id": "100082271723332",
                "count": 0
            },
            {
                "id": "61552101804952",
                "count": 0
            },
            {
                "id": "100080936809370",
                "count": 0
            },
            {
                "id": "61554322976849",
                "count": 0
            },
            {
                "id": "61553475461486",
                "count": 0
            },
            {
                "id": "61555335933783",
                "count": 0
            },
            {
                "id": "100081621523313",
                "count": 0
            },
            {
                "id": "100072118110225",
                "count": 0
            },
            {
                "id": "100069276950949",
                "count": 0
            },
            {
                "id": "100068364072839",
                "count": 0
            },
            {
                "id": "100052761251287",
                "count": 0
            },
            {
                "id": "100091137651314",
                "count": 0
            },
            {
                "id": "61551748359461",
                "count": 0
            },
            {
                "id": "100012403745735",
                "count": 0
            },
            {
                "id": "100088571876749",
                "count": 0
            },
            {
                "id": "100000213546685",
                "count": 0
            },
            {
                "id": "61555140669175",
                "count": 0
            },
            {
                "id": "61551731532454",
                "count": 0
            },
            {
                "id": "100092335605353",
                "count": 0
            },
            {
                "id": "61555138407822",
                "count": 0
            },
            {
                "id": "100086018945305",
                "count": 0
            },
            {
                "id": "61552050734386",
                "count": 0
            },
            {
                "id": "100032963136732",
                "count": 0
            },
            {
                "id": "100090321901418",
                "count": 0
            },
            {
                "id": "61550447683501",
                "count": 0
            },
            {
                "id": "61553784477880",
                "count": 0
            },
            {
                "id": "61554581416935",
                "count": 0
            },
            {
                "id": "61553835870899",
                "count": 0
            },
            {
                "id": "61554883535457",
                "count": 0
            },
            {
                "id": "100093844601274",
                "count": 0
            },
            {
                "id": "100093942811260",
                "count": 0
            },
            {
                "id": "100094475087907",
                "count": 0
            },
            {
                "id": "100070070130535",
                "count": 0
            },
            {
                "id": "61552653652156",
                "count": 0
            },
            {
                "id": "100082850055125",
                "count": 0
            },
            {
                "id": "61555425278768",
                "count": 0
            },
            {
                "id": "61555341192379",
                "count": 0
            },
            {
                "id": "61550754075249",
                "count": 0
            },
            {
                "id": "100025485212719",
                "count": 0
            },
            {
                "id": "100089844505461",
                "count": 0
            },
            {
                "id": "61555756589720",
                "count": 0
            },
            {
                "id": "61555132291215",
                "count": 0
            },
            {
                "id": "100077357839298",
                "count": 0
            },
            {
                "id": "100085725953334",
                "count": 0
            },
            {
                "id": "61552157940235",
                "count": 0
            },
            {
                "id": "100049149761818",
                "count": 0
            },
            {
                "id": "100088556503701",
                "count": 0
            },
            {
                "id": "61554424006672",
                "count": 0
            },
            {
                "id": "61553177352116",
                "count": 0
            },
            {
                "id": "61555323495356",
                "count": 0
            },
            {
                "id": "61554849850882",
                "count": 0
            },
            {
                "id": "61554418096221",
                "count": 0
            },
            {
                "id": "100027386833563",
                "count": 0
            }
        ]
    }
}