{
    "total": [
        {
            "id": "100042061308110",
            "count": 1
        },
        {
            "id": "100045813307249",
            "count": 0
        },
        {
            "id": "100062884394094",
            "count": 14
        },
        {
            "id": "100077359540697",
            "count": 3
        },
        {
            "id": "100095247546230",
            "count": 0
        },
        {
            "id": "100083616108905",
            "count": 0
        },
        {
            "id": "100081082389059",
            "count": 0
        },
        {
            "id": "100087453066799",
            "count": 6
        },
        {
            "id": "100073422662160",
            "count": 0
        },
        {
            "id": "61554568286246",
            "count": 2
        },
        {
            "id": "100077980504363",
            "count": 31
        },
        {
            "id": "100071554563656",
            "count": 18
        },
        {
            "id": "100080142848314",
            "count": 36
        },
        {
            "id": "100067605464701",
            "count": 14
        },
        {
            "id": "100090269082930",
            "count": 12
        },
        {
            "id": "100077641565675",
            "count": 0
        },
        {
            "id": "100090188760458",
            "count": 8
        },
        {
            "id": "61551529191789",
            "count": 35
        },
        {
            "id": "100094016679341",
            "count": 51
        },
        {
            "id": "61556049631606",
            "count": 0
        }
    ],
    "week": [
        {
            "id": "100042061308110",
            "count": 1
        },
        {
            "id": "100045813307249",
            "count": 0
        },
        {
            "id": "100062884394094",
            "count": 14
        },
        {
            "id": "100077359540697",
            "count": 3
        },
        {
            "id": "100095247546230",
            "count": 0
        },
        {
            "id": "100083616108905",
            "count": 0
        },
        {
            "id": "100081082389059",
            "count": 0
        },
        {
            "id": "100087453066799",
            "count": 6
        },
        {
            "id": "100073422662160",
            "count": 0
        },
        {
            "id": "61554568286246",
            "count": 2
        },
        {
            "id": "100077980504363",
            "count": 31
        },
        {
            "id": "100071554563656",
            "count": 18
        },
        {
            "id": "100080142848314",
            "count": 36
        },
        {
            "id": "100067605464701",
            "count": 14
        },
        {
            "id": "100090269082930",
            "count": 12
        },
        {
            "id": "100077641565675",
            "count": 0
        },
        {
            "id": "100090188760458",
            "count": 8
        },
        {
            "id": "61551529191789",
            "count": 35
        },
        {
            "id": "100094016679341",
            "count": 51
        },
        {
            "id": "61556049631606",
            "count": 0
        }
    ],
    "day": [
        {
            "id": "100042061308110",
            "count": 1
        },
        {
            "id": "100045813307249",
            "count": 0
        },
        {
            "id": "100062884394094",
            "count": 14
        },
        {
            "id": "100077359540697",
            "count": 3
        },
        {
            "id": "100095247546230",
            "count": 0
        },
        {
            "id": "100083616108905",
            "count": 0
        },
        {
            "id": "100081082389059",
            "count": 0
        },
        {
            "id": "100087453066799",
            "count": 6
        },
        {
            "id": "100073422662160",
            "count": 0
        },
        {
            "id": "61554568286246",
            "count": 2
        },
        {
            "id": "100077980504363",
            "count": 31
        },
        {
            "id": "100071554563656",
            "count": 18
        },
        {
            "id": "100080142848314",
            "count": 36
        },
        {
            "id": "100067605464701",
            "count": 14
        },
        {
            "id": "100090269082930",
            "count": 12
        },
        {
            "id": "100077641565675",
            "count": 0
        },
        {
            "id": "100090188760458",
            "count": 8
        },
        {
            "id": "61551529191789",
            "count": 35
        },
        {
            "id": "100094016679341",
            "count": 51
        },
        {
            "id": "61556049631606",
            "count": 0
        }
    ],
    "time": 2,
    "last": {
        "time": 5,
        "day": [
            {
                "id": "100042061308110",
                "count": 0
            },
            {
                "id": "100045813307249",
                "count": 0
            },
            {
                "id": "100062884394094",
                "count": 0
            },
            {
                "id": "100077359540697",
                "count": 0
            },
            {
                "id": "100095247546230",
                "count": 0
            },
            {
                "id": "100083616108905",
                "count": 0
            },
            {
                "id": "100081082389059",
                "count": 0
            },
            {
                "id": "100087453066799",
                "count": 0
            },
            {
                "id": "100073422662160",
                "count": 0
            },
            {
                "id": "61554568286246",
                "count": 0
            },
            {
                "id": "100077980504363",
                "count": 0
            },
            {
                "id": "100071554563656",
                "count": 0
            },
            {
                "id": "100080142848314",
                "count": 0
            },
            {
                "id": "100067605464701",
                "count": 0
            },
            {
                "id": "100090269082930",
                "count": 0
            },
            {
                "id": "100093614413775",
                "count": 0
            },
            {
                "id": "100077641565675",
                "count": 0
            },
            {
                "id": "100090188760458",
                "count": 0
            },
            {
                "id": "61551529191789",
                "count": 0
            },
            {
                "id": "100094016679341",
                "count": 0
            },
            {
                "id": "61556049631606",
                "count": 0
            }
        ],
        "week": [
            {
                "id": "100042061308110",
                "count": 0
            },
            {
                "id": "100045813307249",
                "count": 0
            },
            {
                "id": "100062884394094",
                "count": 0
            },
            {
                "id": "100077359540697",
                "count": 0
            },
            {
                "id": "100095247546230",
                "count": 0
            },
            {
                "id": "100083616108905",
                "count": 0
            },
            {
                "id": "100081082389059",
                "count": 0
            },
            {
                "id": "100087453066799",
                "count": 0
            },
            {
                "id": "100073422662160",
                "count": 0
            },
            {
                "id": "61554568286246",
                "count": 0
            },
            {
                "id": "100077980504363",
                "count": 0
            },
            {
                "id": "100071554563656",
                "count": 0
            },
            {
                "id": "100080142848314",
                "count": 0
            },
            {
                "id": "100067605464701",
                "count": 0
            },
            {
                "id": "100090269082930",
                "count": 0
            },
            {
                "id": "100093614413775",
                "count": 0
            },
            {
                "id": "100077641565675",
                "count": 0
            },
            {
                "id": "100090188760458",
                "count": 0
            },
            {
                "id": "61551529191789",
                "count": 0
            },
            {
                "id": "100094016679341",
                "count": 0
            },
            {
                "id": "61556049631606",
                "count": 0
            }
        ]
    }
}