{
    "total": [
        {
            "id": "100048033791608",
            "count": 31
        },
        {
            "id": "100085342716116",
            "count": 27
        },
        {
            "id": "100092744481406",
            "count": 14
        },
        {
            "id": "100074293234284",
            "count": 28
        },
        {
            "id": "100000732833159",
            "count": 162
        },
        {
            "id": "100041600164073",
            "count": 63
        },
        {
            "id": "100075940538217",
            "count": 16
        },
        {
            "id": "100050480566983",
            "count": 7
        },
        {
            "id": "100061160525111",
            "count": 437
        },
        {
            "id": "100075885595966",
            "count": 8
        },
        {
            "id": "100022448225417",
            "count": 12
        },
        {
            "id": "100083502499869",
            "count": 13
        },
        {
            "id": "709145693",
            "count": 63
        },
        {
            "id": "100078168302063",
            "count": 82
        },
        {
            "id": "593577006",
            "count": 120
        },
        {
            "id": "100041183227239",
            "count": 208
        },
        {
            "id": "100000542968113",
            "count": 2
        },
        {
            "id": "100091864710801",
            "count": 45
        },
        {
            "id": "100048505611574",
            "count": 4
        },
        {
            "id": "100078644937656",
            "count": 10
        },
        {
            "id": "100071764641574",
            "count": 0
        },
        {
            "id": "100050671301677",
            "count": 56
        },
        {
            "id": "512037995",
            "count": 1
        },
        {
            "id": "100091891485289",
            "count": 0
        },
        {
            "id": "1074491699",
            "count": 50
        },
        {
            "id": "100024871212620",
            "count": 17
        },
        {
            "id": "100073137742165",
            "count": 3
        },
        {
            "id": "100008522174196",
            "count": 0
        },
        {
            "id": "728710916",
            "count": 0
        },
        {
            "id": "756782449",
            "count": 0
        },
        {
            "id": "100000038959241",
            "count": 0
        },
        {
            "id": "100004989570567",
            "count": 11
        },
        {
            "id": "100074761890146",
            "count": 0
        },
        {
            "id": "61552799013338",
            "count": 0
        },
        {
            "id": "61555644442347",
            "count": 19
        },
        {
            "id": "61554975665945",
            "count": 130
        },
        {
            "id": "100089954813684",
            "count": 1
        },
        {
            "id": "100093163953498",
            "count": 0
        },
        {
            "id": "61554619410068",
            "count": 51
        },
        {
            "id": "100055943906136",
            "count": 5
        },
        {
            "id": "100054884351496",
            "count": 0
        },
        {
            "id": "100048151153768",
            "count": 7
        },
        {
            "id": "100094027641630",
            "count": 11
        },
        {
            "id": "100060686425949",
            "count": 1
        },
        {
            "id": "100030236827904",
            "count": 0
        }
    ],
    "week": [
        {
            "id": "100048033791608",
            "count": 31
        },
        {
            "id": "100085342716116",
            "count": 27
        },
        {
            "id": "100092744481406",
            "count": 14
        },
        {
            "id": "100074293234284",
            "count": 28
        },
        {
            "id": "100000732833159",
            "count": 162
        },
        {
            "id": "100041600164073",
            "count": 63
        },
        {
            "id": "100075940538217",
            "count": 16
        },
        {
            "id": "100050480566983",
            "count": 7
        },
        {
            "id": "100061160525111",
            "count": 437
        },
        {
            "id": "100075885595966",
            "count": 8
        },
        {
            "id": "100022448225417",
            "count": 12
        },
        {
            "id": "100083502499869",
            "count": 13
        },
        {
            "id": "709145693",
            "count": 63
        },
        {
            "id": "100078168302063",
            "count": 82
        },
        {
            "id": "593577006",
            "count": 120
        },
        {
            "id": "100041183227239",
            "count": 208
        },
        {
            "id": "100000542968113",
            "count": 2
        },
        {
            "id": "100091864710801",
            "count": 45
        },
        {
            "id": "100048505611574",
            "count": 4
        },
        {
            "id": "100078644937656",
            "count": 10
        },
        {
            "id": "100071764641574",
            "count": 0
        },
        {
            "id": "100050671301677",
            "count": 56
        },
        {
            "id": "512037995",
            "count": 1
        },
        {
            "id": "100091891485289",
            "count": 0
        },
        {
            "id": "1074491699",
            "count": 50
        },
        {
            "id": "100024871212620",
            "count": 17
        },
        {
            "id": "100073137742165",
            "count": 3
        },
        {
            "id": "100008522174196",
            "count": 0
        },
        {
            "id": "728710916",
            "count": 0
        },
        {
            "id": "756782449",
            "count": 0
        },
        {
            "id": "100000038959241",
            "count": 0
        },
        {
            "id": "100004989570567",
            "count": 11
        },
        {
            "id": "100074761890146",
            "count": 0
        },
        {
            "id": "61552799013338",
            "count": 0
        },
        {
            "id": "61555644442347",
            "count": 19
        },
        {
            "id": "61554975665945",
            "count": 130
        },
        {
            "id": "100089954813684",
            "count": 1
        },
        {
            "id": "100093163953498",
            "count": 0
        },
        {
            "id": "61554619410068",
            "count": 51
        },
        {
            "id": "100055943906136",
            "count": 5
        },
        {
            "id": "100054884351496",
            "count": 0
        },
        {
            "id": "100048151153768",
            "count": 7
        },
        {
            "id": "100094027641630",
            "count": 11
        },
        {
            "id": "100060686425949",
            "count": 1
        },
        {
            "id": "100030236827904",
            "count": 0
        }
    ],
    "day": [
        {
            "id": "100048033791608",
            "count": 31
        },
        {
            "id": "100085342716116",
            "count": 27
        },
        {
            "id": "100092744481406",
            "count": 14
        },
        {
            "id": "100074293234284",
            "count": 28
        },
        {
            "id": "100000732833159",
            "count": 162
        },
        {
            "id": "100041600164073",
            "count": 63
        },
        {
            "id": "100075940538217",
            "count": 16
        },
        {
            "id": "100050480566983",
            "count": 7
        },
        {
            "id": "100061160525111",
            "count": 437
        },
        {
            "id": "100075885595966",
            "count": 8
        },
        {
            "id": "100022448225417",
            "count": 12
        },
        {
            "id": "100083502499869",
            "count": 13
        },
        {
            "id": "709145693",
            "count": 63
        },
        {
            "id": "100078168302063",
            "count": 82
        },
        {
            "id": "593577006",
            "count": 120
        },
        {
            "id": "100041183227239",
            "count": 208
        },
        {
            "id": "100000542968113",
            "count": 2
        },
        {
            "id": "100091864710801",
            "count": 45
        },
        {
            "id": "100048505611574",
            "count": 4
        },
        {
            "id": "100078644937656",
            "count": 10
        },
        {
            "id": "100071764641574",
            "count": 0
        },
        {
            "id": "100050671301677",
            "count": 56
        },
        {
            "id": "512037995",
            "count": 1
        },
        {
            "id": "100091891485289",
            "count": 0
        },
        {
            "id": "1074491699",
            "count": 50
        },
        {
            "id": "100024871212620",
            "count": 17
        },
        {
            "id": "100073137742165",
            "count": 3
        },
        {
            "id": "100008522174196",
            "count": 0
        },
        {
            "id": "728710916",
            "count": 0
        },
        {
            "id": "756782449",
            "count": 0
        },
        {
            "id": "100000038959241",
            "count": 0
        },
        {
            "id": "100004989570567",
            "count": 11
        },
        {
            "id": "100074761890146",
            "count": 0
        },
        {
            "id": "61552799013338",
            "count": 0
        },
        {
            "id": "61555644442347",
            "count": 19
        },
        {
            "id": "61554975665945",
            "count": 130
        },
        {
            "id": "100089954813684",
            "count": 1
        },
        {
            "id": "100093163953498",
            "count": 0
        },
        {
            "id": "61554619410068",
            "count": 51
        },
        {
            "id": "100055943906136",
            "count": 5
        },
        {
            "id": "100054884351496",
            "count": 0
        },
        {
            "id": "100048151153768",
            "count": 7
        },
        {
            "id": "100094027641630",
            "count": 11
        },
        {
            "id": "100060686425949",
            "count": 1
        },
        {
            "id": "100030236827904",
            "count": 0
        }
    ],
    "time": 2,
    "last": {
        "time": 0,
        "day": [
            {
                "id": "509484270",
                "count": 0
            },
            {
                "id": "100048033791608",
                "count": 0
            },
            {
                "id": "100077980504363",
                "count": 0
            },
            {
                "id": "100083205727767",
                "count": 0
            },
            {
                "id": "100085073240621",
                "count": 0
            },
            {
                "id": "100085342716116",
                "count": 0
            },
            {
                "id": "100086705375024",
                "count": 0
            },
            {
                "id": "100068310261131",
                "count": 0
            },
            {
                "id": "100092744481406",
                "count": 0
            },
            {
                "id": "100074142183168",
                "count": 0
            },
            {
                "id": "100085625258201",
                "count": 0
            },
            {
                "id": "100004458484369",
                "count": 0
            },
            {
                "id": "100040761302134",
                "count": 0
            },
            {
                "id": "100074293234284",
                "count": 0
            },
            {
                "id": "1824557330",
                "count": 0
            },
            {
                "id": "100000732833159",
                "count": 0
            },
            {
                "id": "100031845708228",
                "count": 0
            },
            {
                "id": "100090135878284",
                "count": 0
            },
            {
                "id": "100080647629698",
                "count": 0
            },
            {
                "id": "100082055229744",
                "count": 0
            },
            {
                "id": "100076162129824",
                "count": 0
            },
            {
                "id": "100051241563318",
                "count": 0
            },
            {
                "id": "100000661752086",
                "count": 0
            },
            {
                "id": "100090260659479",
                "count": 0
            },
            {
                "id": "100037211391552",
                "count": 0
            },
            {
                "id": "100053800224181",
                "count": 0
            },
            {
                "id": "100027187763993",
                "count": 0
            },
            {
                "id": "100056385116028",
                "count": 0
            },
            {
                "id": "100041600164073",
                "count": 0
            },
            {
                "id": "100006684545503",
                "count": 0
            },
            {
                "id": "100084329895588",
                "count": 0
            },
            {
                "id": "100048505611574",
                "count": 0
            },
            {
                "id": "100075940538217",
                "count": 0
            },
            {
                "id": "100079629185519",
                "count": 0
            },
            {
                "id": "61554952705292",
                "count": 0
            },
            {
                "id": "61552157895988",
                "count": 0
            },
            {
                "id": "100042575622073",
                "count": 0
            },
            {
                "id": "100050480566983",
                "count": 0
            },
            {
                "id": "61550582710187",
                "count": 0
            },
            {
                "id": "100088286371303",
                "count": 0
            },
            {
                "id": "100037465932663",
                "count": 0
            },
            {
                "id": "100088737923043",
                "count": 0
            },
            {
                "id": "100061160525111",
                "count": 0
            },
            {
                "id": "100025452960563",
                "count": 0
            },
            {
                "id": "593146350",
                "count": 0
            },
            {
                "id": "100018088576695",
                "count": 0
            },
            {
                "id": "100088817988946",
                "count": 0
            },
            {
                "id": "100040139298179",
                "count": 0
            },
            {
                "id": "100025818829763",
                "count": 0
            },
            {
                "id": "100038791595043",
                "count": 0
            },
            {
                "id": "61552777084227",
                "count": 0
            },
            {
                "id": "100075885595966",
                "count": 0
            },
            {
                "id": "100061172506707",
                "count": 0
            },
            {
                "id": "100088911317039",
                "count": 0
            },
            {
                "id": "100022448225417",
                "count": 0
            },
            {
                "id": "100078641677432",
                "count": 0
            },
            {
                "id": "100069864945865",
                "count": 0
            },
            {
                "id": "100067508386723",
                "count": 0
            },
            {
                "id": "61550043721647",
                "count": 0
            },
            {
                "id": "100083174347639",
                "count": 0
            },
            {
                "id": "100092996132773",
                "count": 0
            },
            {
                "id": "100089235302587",
                "count": 0
            },
            {
                "id": "61553885116833",
                "count": 0
            },
            {
                "id": "100080195806723",
                "count": 0
            },
            {
                "id": "1831058374",
                "count": 0
            },
            {
                "id": "100083502499869",
                "count": 0
            },
            {
                "id": "61554942840114",
                "count": 0
            },
            {
                "id": "100011082583640",
                "count": 0
            },
            {
                "id": "709145693",
                "count": 0
            },
            {
                "id": "61552479907169",
                "count": 0
            },
            {
                "id": "61554835708572",
                "count": 0
            },
            {
                "id": "100008225821165",
                "count": 0
            },
            {
                "id": "100063690017657",
                "count": 0
            },
            {
                "id": "100079199973533",
                "count": 0
            },
            {
                "id": "100081610877963",
                "count": 0
            },
            {
                "id": "100089059676631",
                "count": 0
            },
            {
                "id": "100091864710801",
                "count": 0
            },
            {
                "id": "100036058101855",
                "count": 0
            },
            {
                "id": "61552123057620",
                "count": 0
            },
            {
                "id": "100054884351496",
                "count": 0
            },
            {
                "id": "100052651182915",
                "count": 0
            },
            {
                "id": "100078159843511",
                "count": 0
            },
            {
                "id": "100014811933322",
                "count": 0
            },
            {
                "id": "61551315316500",
                "count": 0
            },
            {
                "id": "100083897637232",
                "count": 0
            },
            {
                "id": "100074278195157",
                "count": 0
            },
            {
                "id": "100051894861505",
                "count": 0
            },
            {
                "id": "61554932013755",
                "count": 0
            },
            {
                "id": "61555227230925",
                "count": 0
            },
            {
                "id": "100020908143321",
                "count": 0
            },
            {
                "id": "100075233017178",
                "count": 0
            },
            {
                "id": "100090168070553",
                "count": 0
            },
            {
                "id": "100078505905203",
                "count": 0
            },
            {
                "id": "100093177673164",
                "count": 0
            },
            {
                "id": "100045924584506",
                "count": 0
            },
            {
                "id": "100087126503731",
                "count": 0
            },
            {
                "id": "100076388661987",
                "count": 0
            },
            {
                "id": "100078168302063",
                "count": 0
            },
            {
                "id": "100001691890354",
                "count": 0
            },
            {
                "id": "61551779831282",
                "count": 0
            },
            {
                "id": "100081162464683",
                "count": 0
            },
            {
                "id": "100015708247902",
                "count": 0
            },
            {
                "id": "100093834681242",
                "count": 0
            },
            {
                "id": "100035421814099",
                "count": 0
            },
            {
                "id": "100048593391564",
                "count": 0
            },
            {
                "id": "593577006",
                "count": 0
            },
            {
                "id": "100068154438111",
                "count": 0
            },
            {
                "id": "100053094052786",
                "count": 0
            },
            {
                "id": "61552377212077",
                "count": 0
            },
            {
                "id": "61555244666519",
                "count": 0
            },
            {
                "id": "61555061284528",
                "count": 0
            },
            {
                "id": "61554533647809",
                "count": 0
            },
            {
                "id": "100082341605370",
                "count": 0
            },
            {
                "id": "100015445752258",
                "count": 0
            },
            {
                "id": "100041183227239",
                "count": 0
            },
            {
                "id": "61554102537426",
                "count": 0
            },
            {
                "id": "61551489817933",
                "count": 0
            },
            {
                "id": "100000542968113",
                "count": 0
            },
            {
                "id": "100002323834540",
                "count": 0
            },
            {
                "id": "100067655090795",
                "count": 0
            },
            {
                "id": "100076591981636",
                "count": 0
            },
            {
                "id": "61555118013952",
                "count": 0
            },
            {
                "id": "100080827355510",
                "count": 0
            },
            {
                "id": "100089212997967",
                "count": 0
            },
            {
                "id": "100022535566546",
                "count": 0
            },
            {
                "id": "100090983800496",
                "count": 0
            },
            {
                "id": "100076769911099",
                "count": 0
            },
            {
                "id": "100000154104641",
                "count": 0
            },
            {
                "id": "100056101540630",
                "count": 0
            },
            {
                "id": "100048509610460",
                "count": 0
            },
            {
                "id": "1290157550",
                "count": 0
            },
            {
                "id": "61551310973345",
                "count": 0
            },
            {
                "id": "61555007011944",
                "count": 0
            },
            {
                "id": "100077014194257",
                "count": 0
            },
            {
                "id": "100004901017789",
                "count": 0
            },
            {
                "id": "61551911307108",
                "count": 0
            },
            {
                "id": "61555367366255",
                "count": 0
            },
            {
                "id": "61555500860360",
                "count": 0
            },
            {
                "id": "100007078273025",
                "count": 0
            },
            {
                "id": "100078644937656",
                "count": 0
            },
            {
                "id": "100031177811759",
                "count": 0
            },
            {
                "id": "100047152010637",
                "count": 0
            },
            {
                "id": "61553028037010",
                "count": 0
            },
            {
                "id": "100071764641574",
                "count": 0
            },
            {
                "id": "100051277189546",
                "count": 0
            },
            {
                "id": "100065792003559",
                "count": 0
            },
            {
                "id": "61554663056874",
                "count": 0
            },
            {
                "id": "100038375760006",
                "count": 0
            },
            {
                "id": "100050671301677",
                "count": 0
            },
            {
                "id": "100092178885052",
                "count": 0
            },
            {
                "id": "512037995",
                "count": 0
            },
            {
                "id": "100091891485289",
                "count": 0
            },
            {
                "id": "100047157346580",
                "count": 0
            },
            {
                "id": "1074491699",
                "count": 0
            },
            {
                "id": "100024871212620",
                "count": 0
            },
            {
                "id": "100088261501563",
                "count": 0
            },
            {
                "id": "100029378752728",
                "count": 0
            },
            {
                "id": "100074007695250",
                "count": 0
            },
            {
                "id": "61553725497078",
                "count": 0
            },
            {
                "id": "100073137742165",
                "count": 0
            },
            {
                "id": "100008522174196",
                "count": 0
            },
            {
                "id": "100002331443326",
                "count": 0
            },
            {
                "id": "728710916",
                "count": 0
            },
            {
                "id": "756782449",
                "count": 0
            },
            {
                "id": "100000038959241",
                "count": 0
            },
            {
                "id": "61550521925292",
                "count": 0
            },
            {
                "id": "100004989570567",
                "count": 0
            },
            {
                "id": "100074761890146",
                "count": 0
            },
            {
                "id": "61552799013338",
                "count": 0
            },
            {
                "id": "61555644442347",
                "count": 0
            },
            {
                "id": "61554679196942",
                "count": 0
            },
            {
                "id": "100068672101423",
                "count": 0
            },
            {
                "id": "100049767664608",
                "count": 0
            },
            {
                "id": "61554975665945",
                "count": 0
            },
            {
                "id": "61553987609533",
                "count": 0
            },
            {
                "id": "100089954813684",
                "count": 0
            },
            {
                "id": "100093163953498",
                "count": 0
            },
            {
                "id": "61552952912632",
                "count": 0
            },
            {
                "id": "729257476",
                "count": 0
            },
            {
                "id": "61554619410068",
                "count": 0
            },
            {
                "id": "100055943906136",
                "count": 0
            },
            {
                "id": "100003179507332",
                "count": 0
            },
            {
                "id": "100087308922408",
                "count": 0
            },
            {
                "id": "100071858438412",
                "count": 0
            },
            {
                "id": "100090880981407",
                "count": 0
            },
            {
                "id": "100048151153768",
                "count": 0
            },
            {
                "id": "100094027641630",
                "count": 0
            },
            {
                "id": "100080949890526",
                "count": 0
            },
            {
                "id": "100060686425949",
                "count": 0
            },
            {
                "id": "100030236827904",
                "count": 0
            }
        ],
        "week": [
            {
                "id": "509484270",
                "count": 0
            },
            {
                "id": "100048033791608",
                "count": 0
            },
            {
                "id": "100077980504363",
                "count": 0
            },
            {
                "id": "100083205727767",
                "count": 0
            },
            {
                "id": "100085073240621",
                "count": 0
            },
            {
                "id": "100085342716116",
                "count": 0
            },
            {
                "id": "100086705375024",
                "count": 0
            },
            {
                "id": "100068310261131",
                "count": 0
            },
            {
                "id": "100092744481406",
                "count": 0
            },
            {
                "id": "100074142183168",
                "count": 0
            },
            {
                "id": "100085625258201",
                "count": 0
            },
            {
                "id": "100004458484369",
                "count": 0
            },
            {
                "id": "100040761302134",
                "count": 0
            },
            {
                "id": "100074293234284",
                "count": 0
            },
            {
                "id": "1824557330",
                "count": 0
            },
            {
                "id": "100000732833159",
                "count": 0
            },
            {
                "id": "100031845708228",
                "count": 0
            },
            {
                "id": "100090135878284",
                "count": 0
            },
            {
                "id": "100080647629698",
                "count": 0
            },
            {
                "id": "100082055229744",
                "count": 0
            },
            {
                "id": "100076162129824",
                "count": 0
            },
            {
                "id": "100051241563318",
                "count": 0
            },
            {
                "id": "100000661752086",
                "count": 0
            },
            {
                "id": "100090260659479",
                "count": 0
            },
            {
                "id": "100037211391552",
                "count": 0
            },
            {
                "id": "100053800224181",
                "count": 0
            },
            {
                "id": "100027187763993",
                "count": 0
            },
            {
                "id": "100056385116028",
                "count": 0
            },
            {
                "id": "100041600164073",
                "count": 0
            },
            {
                "id": "100006684545503",
                "count": 0
            },
            {
                "id": "100084329895588",
                "count": 0
            },
            {
                "id": "100048505611574",
                "count": 0
            },
            {
                "id": "100075940538217",
                "count": 0
            },
            {
                "id": "100079629185519",
                "count": 0
            },
            {
                "id": "61554952705292",
                "count": 0
            },
            {
                "id": "61552157895988",
                "count": 0
            },
            {
                "id": "100042575622073",
                "count": 0
            },
            {
                "id": "100050480566983",
                "count": 0
            },
            {
                "id": "61550582710187",
                "count": 0
            },
            {
                "id": "100088286371303",
                "count": 0
            },
            {
                "id": "100037465932663",
                "count": 0
            },
            {
                "id": "100088737923043",
                "count": 0
            },
            {
                "id": "100061160525111",
                "count": 0
            },
            {
                "id": "100025452960563",
                "count": 0
            },
            {
                "id": "593146350",
                "count": 0
            },
            {
                "id": "100018088576695",
                "count": 0
            },
            {
                "id": "100088817988946",
                "count": 0
            },
            {
                "id": "100040139298179",
                "count": 0
            },
            {
                "id": "100025818829763",
                "count": 0
            },
            {
                "id": "100038791595043",
                "count": 0
            },
            {
                "id": "61552777084227",
                "count": 0
            },
            {
                "id": "100075885595966",
                "count": 0
            },
            {
                "id": "100061172506707",
                "count": 0
            },
            {
                "id": "100088911317039",
                "count": 0
            },
            {
                "id": "100022448225417",
                "count": 0
            },
            {
                "id": "100078641677432",
                "count": 0
            },
            {
                "id": "100069864945865",
                "count": 0
            },
            {
                "id": "100067508386723",
                "count": 0
            },
            {
                "id": "61550043721647",
                "count": 0
            },
            {
                "id": "100083174347639",
                "count": 0
            },
            {
                "id": "100092996132773",
                "count": 0
            },
            {
                "id": "100089235302587",
                "count": 0
            },
            {
                "id": "61553885116833",
                "count": 0
            },
            {
                "id": "100080195806723",
                "count": 0
            },
            {
                "id": "1831058374",
                "count": 0
            },
            {
                "id": "100083502499869",
                "count": 0
            },
            {
                "id": "61554942840114",
                "count": 0
            },
            {
                "id": "100011082583640",
                "count": 0
            },
            {
                "id": "709145693",
                "count": 0
            },
            {
                "id": "61552479907169",
                "count": 0
            },
            {
                "id": "61554835708572",
                "count": 0
            },
            {
                "id": "100008225821165",
                "count": 0
            },
            {
                "id": "100063690017657",
                "count": 0
            },
            {
                "id": "100079199973533",
                "count": 0
            },
            {
                "id": "100081610877963",
                "count": 0
            },
            {
                "id": "100089059676631",
                "count": 0
            },
            {
                "id": "100091864710801",
                "count": 0
            },
            {
                "id": "100036058101855",
                "count": 0
            },
            {
                "id": "61552123057620",
                "count": 0
            },
            {
                "id": "100054884351496",
                "count": 0
            },
            {
                "id": "100052651182915",
                "count": 0
            },
            {
                "id": "100078159843511",
                "count": 0
            },
            {
                "id": "100014811933322",
                "count": 0
            },
            {
                "id": "61551315316500",
                "count": 0
            },
            {
                "id": "100083897637232",
                "count": 0
            },
            {
                "id": "100074278195157",
                "count": 0
            },
            {
                "id": "100051894861505",
                "count": 0
            },
            {
                "id": "61554932013755",
                "count": 0
            },
            {
                "id": "61555227230925",
                "count": 0
            },
            {
                "id": "100020908143321",
                "count": 0
            },
            {
                "id": "100075233017178",
                "count": 0
            },
            {
                "id": "100090168070553",
                "count": 0
            },
            {
                "id": "100078505905203",
                "count": 0
            },
            {
                "id": "100093177673164",
                "count": 0
            },
            {
                "id": "100045924584506",
                "count": 0
            },
            {
                "id": "100087126503731",
                "count": 0
            },
            {
                "id": "100076388661987",
                "count": 0
            },
            {
                "id": "100078168302063",
                "count": 0
            },
            {
                "id": "100001691890354",
                "count": 0
            },
            {
                "id": "61551779831282",
                "count": 0
            },
            {
                "id": "100081162464683",
                "count": 0
            },
            {
                "id": "100015708247902",
                "count": 0
            },
            {
                "id": "100093834681242",
                "count": 0
            },
            {
                "id": "100035421814099",
                "count": 0
            },
            {
                "id": "100048593391564",
                "count": 0
            },
            {
                "id": "593577006",
                "count": 0
            },
            {
                "id": "100068154438111",
                "count": 0
            },
            {
                "id": "100053094052786",
                "count": 0
            },
            {
                "id": "61552377212077",
                "count": 0
            },
            {
                "id": "61555244666519",
                "count": 0
            },
            {
                "id": "61555061284528",
                "count": 0
            },
            {
                "id": "61554533647809",
                "count": 0
            },
            {
                "id": "100082341605370",
                "count": 0
            },
            {
                "id": "100015445752258",
                "count": 0
            },
            {
                "id": "100041183227239",
                "count": 0
            },
            {
                "id": "61554102537426",
                "count": 0
            },
            {
                "id": "61551489817933",
                "count": 0
            },
            {
                "id": "100000542968113",
                "count": 0
            },
            {
                "id": "100002323834540",
                "count": 0
            },
            {
                "id": "100067655090795",
                "count": 0
            },
            {
                "id": "100076591981636",
                "count": 0
            },
            {
                "id": "61555118013952",
                "count": 0
            },
            {
                "id": "100080827355510",
                "count": 0
            },
            {
                "id": "100089212997967",
                "count": 0
            },
            {
                "id": "100022535566546",
                "count": 0
            },
            {
                "id": "100090983800496",
                "count": 0
            },
            {
                "id": "100076769911099",
                "count": 0
            },
            {
                "id": "100000154104641",
                "count": 0
            },
            {
                "id": "100056101540630",
                "count": 0
            },
            {
                "id": "100048509610460",
                "count": 0
            },
            {
                "id": "1290157550",
                "count": 0
            },
            {
                "id": "61551310973345",
                "count": 0
            },
            {
                "id": "61555007011944",
                "count": 0
            },
            {
                "id": "100077014194257",
                "count": 0
            },
            {
                "id": "100004901017789",
                "count": 0
            },
            {
                "id": "61551911307108",
                "count": 0
            },
            {
                "id": "61555367366255",
                "count": 0
            },
            {
                "id": "61555500860360",
                "count": 0
            },
            {
                "id": "100007078273025",
                "count": 0
            },
            {
                "id": "100078644937656",
                "count": 0
            },
            {
                "id": "100031177811759",
                "count": 0
            },
            {
                "id": "100047152010637",
                "count": 0
            },
            {
                "id": "61553028037010",
                "count": 0
            },
            {
                "id": "100071764641574",
                "count": 0
            },
            {
                "id": "100051277189546",
                "count": 0
            },
            {
                "id": "100065792003559",
                "count": 0
            },
            {
                "id": "61554663056874",
                "count": 0
            },
            {
                "id": "100038375760006",
                "count": 0
            },
            {
                "id": "100050671301677",
                "count": 0
            },
            {
                "id": "100092178885052",
                "count": 0
            },
            {
                "id": "512037995",
                "count": 0
            },
            {
                "id": "100091891485289",
                "count": 0
            },
            {
                "id": "100047157346580",
                "count": 0
            },
            {
                "id": "1074491699",
                "count": 0
            },
            {
                "id": "100024871212620",
                "count": 0
            },
            {
                "id": "100088261501563",
                "count": 0
            },
            {
                "id": "100029378752728",
                "count": 0
            },
            {
                "id": "100074007695250",
                "count": 0
            },
            {
                "id": "61553725497078",
                "count": 0
            },
            {
                "id": "100073137742165",
                "count": 0
            },
            {
                "id": "100008522174196",
                "count": 0
            },
            {
                "id": "100002331443326",
                "count": 0
            },
            {
                "id": "728710916",
                "count": 0
            },
            {
                "id": "756782449",
                "count": 0
            },
            {
                "id": "100000038959241",
                "count": 0
            },
            {
                "id": "61550521925292",
                "count": 0
            },
            {
                "id": "100004989570567",
                "count": 0
            },
            {
                "id": "100074761890146",
                "count": 0
            },
            {
                "id": "61552799013338",
                "count": 0
            },
            {
                "id": "61555644442347",
                "count": 0
            },
            {
                "id": "61554679196942",
                "count": 0
            },
            {
                "id": "100068672101423",
                "count": 0
            },
            {
                "id": "100049767664608",
                "count": 0
            },
            {
                "id": "61554975665945",
                "count": 0
            },
            {
                "id": "61553987609533",
                "count": 0
            },
            {
                "id": "100089954813684",
                "count": 0
            },
            {
                "id": "100093163953498",
                "count": 0
            },
            {
                "id": "61552952912632",
                "count": 0
            },
            {
                "id": "729257476",
                "count": 0
            },
            {
                "id": "61554619410068",
                "count": 0
            },
            {
                "id": "100055943906136",
                "count": 0
            },
            {
                "id": "100003179507332",
                "count": 0
            },
            {
                "id": "100087308922408",
                "count": 0
            },
            {
                "id": "100071858438412",
                "count": 0
            },
            {
                "id": "100090880981407",
                "count": 0
            },
            {
                "id": "100048151153768",
                "count": 0
            },
            {
                "id": "100094027641630",
                "count": 0
            },
            {
                "id": "100080949890526",
                "count": 0
            },
            {
                "id": "100060686425949",
                "count": 0
            },
            {
                "id": "100030236827904",
                "count": 0
            }
        ]
    }
}