{
    "total": [
        {
            "id": "61551045471750",
            "count": 0
        },
        {
            "id": "100086416152046",
            "count": 0
        },
        {
            "id": "100011499420332",
            "count": 0
        },
        {
            "id": "100022656633485",
            "count": 0
        },
        {
            "id": "100082139677232",
            "count": 169
        },
        {
            "id": "100022744157990",
            "count": 0
        },
        {
            "id": "100046817960974",
            "count": 0
        },
        {
            "id": "100027437822850",
            "count": 0
        },
        {
            "id": "100053415413897",
            "count": 0
        },
        {
            "id": "100032523486761",
            "count": 0
        },
        {
            "id": "100045105979228",
            "count": 0
        },
        {
            "id": "100077550130632",
            "count": 2
        },
        {
            "id": "100086260192539",
            "count": 0
        },
        {
            "id": "100092373246670",
            "count": 0
        },
        {
            "id": "100062380286638",
            "count": 89
        },
        {
            "id": "100009740975557",
            "count": 0
        },
        {
            "id": "100090077000589",
            "count": 0
        },
        {
            "id": "100027965603562",
            "count": 32
        },
        {
            "id": "100073712035625",
            "count": 0
        },
        {
            "id": "100083126659492",
            "count": 67
        },
        {
            "id": "100054827705183",
            "count": 0
        },
        {
            "id": "100090377351383",
            "count": 0
        },
        {
            "id": "100092349812132",
            "count": 0
        },
        {
            "id": "100095282958545",
            "count": 0
        },
        {
            "id": "100084002701649",
            "count": 18
        },
        {
            "id": "100062195088300",
            "count": 0
        },
        {
            "id": "100083072171722",
            "count": 11
        },
        {
            "id": "100073670599962",
            "count": 0
        },
        {
            "id": "100089967387443",
            "count": 0
        },
        {
            "id": "100050164265357",
            "count": 0
        },
        {
            "id": "100018201425058",
            "count": 0
        },
        {
            "id": "100085119168377",
            "count": 4
        },
        {
            "id": "100074068454058",
            "count": 0
        },
        {
            "id": "100070707052978",
            "count": 1
        },
        {
            "id": "100080954981372",
            "count": 1
        },
        {
            "id": "100023391211149",
            "count": 1
        },
        {
            "id": "100049058292105",
            "count": 0
        },
        {
            "id": "100082112157666",
            "count": 0
        },
        {
            "id": "61552635263838",
            "count": 0
        },
        {
            "id": "100071441073701",
            "count": 0
        },
        {
            "id": "100076341997577",
            "count": 0
        },
        {
            "id": "100082437107531",
            "count": 2
        },
        {
            "id": "100050576299680",
            "count": 0
        },
        {
            "id": "100088139371625",
            "count": 0
        },
        {
            "id": "100068041340910",
            "count": 0
        },
        {
            "id": "61552961301095",
            "count": 2
        },
        {
            "id": "61553601328393",
            "count": 0
        },
        {
            "id": "100034076781919",
            "count": 0
        },
        {
            "id": "100070606125347",
            "count": 1
        },
        {
            "id": "100056925062876",
            "count": 0
        },
        {
            "id": "100090687450038",
            "count": 0
        },
        {
            "id": "100081845686462",
            "count": 0
        },
        {
            "id": "100038941520193",
            "count": 1
        },
        {
            "id": "100090459019254",
            "count": 0
        },
        {
            "id": "100081570890425",
            "count": 0
        },
        {
            "id": "100024712241604",
            "count": 0
        },
        {
            "id": "100089467392488",
            "count": 3
        },
        {
            "id": "100059107054808",
            "count": 0
        },
        {
            "id": "100057101936221",
            "count": 0
        },
        {
            "id": "100073073284750",
            "count": 28
        },
        {
            "id": "100065568197699",
            "count": 0
        },
        {
            "id": "100078252437176",
            "count": 2
        },
        {
            "id": "100036020413797",
            "count": 0
        },
        {
            "id": "100090875214310",
            "count": 0
        },
        {
            "id": "100091217203624",
            "count": 2
        },
        {
            "id": "100092258625402",
            "count": 0
        },
        {
            "id": "100089751020816",
            "count": 0
        },
        {
            "id": "100081591145722",
            "count": 0
        },
        {
            "id": "100061347707297",
            "count": 0
        },
        {
            "id": "100078972037627",
            "count": 0
        },
        {
            "id": "100072238886140",
            "count": 1
        },
        {
            "id": "100088227083165",
            "count": 62
        },
        {
            "id": "100073043213869",
            "count": 0
        },
        {
            "id": "100073696953603",
            "count": 0
        },
        {
            "id": "100070799794950",
            "count": 0
        },
        {
            "id": "100082554214562",
            "count": 4
        },
        {
            "id": "100070043532777",
            "count": 0
        },
        {
            "id": "100037921101628",
            "count": 0
        },
        {
            "id": "100025451894129",
            "count": 0
        },
        {
            "id": "100035599427404",
            "count": 0
        },
        {
            "id": "100091976004424",
            "count": 0
        },
        {
            "id": "100064026703593",
            "count": 0
        },
        {
            "id": "100076538291928",
            "count": 0
        },
        {
            "id": "100041641873072",
            "count": 0
        },
        {
            "id": "100041883072538",
            "count": 0
        },
        {
            "id": "100075982309710",
            "count": 0
        },
        {
            "id": "100084431224772",
            "count": 0
        },
        {
            "id": "100090517086726",
            "count": 0
        },
        {
            "id": "100048760429540",
            "count": 0
        },
        {
            "id": "100060286395509",
            "count": 0
        },
        {
            "id": "100087339146913",
            "count": 0
        },
        {
            "id": "100017584819438",
            "count": 0
        },
        {
            "id": "100010292886336",
            "count": 1
        },
        {
            "id": "100071854196911",
            "count": 0
        },
        {
            "id": "100091747059087",
            "count": 0
        },
        {
            "id": "100080993553037",
            "count": 0
        },
        {
            "id": "100034674734119",
            "count": 0
        },
        {
            "id": "100085316896753",
            "count": 9
        },
        {
            "id": "100057682244240",
            "count": 0
        },
        {
            "id": "100022722555825",
            "count": 0
        },
        {
            "id": "100089306460572",
            "count": 0
        },
        {
            "id": "100025511886516",
            "count": 0
        },
        {
            "id": "100079246712492",
            "count": 0
        },
        {
            "id": "100067757674904",
            "count": 0
        },
        {
            "id": "100029590321547",
            "count": 0
        },
        {
            "id": "100072016965569",
            "count": 0
        },
        {
            "id": "100076850386851",
            "count": 0
        },
        {
            "id": "100060222300781",
            "count": 0
        },
        {
            "id": "100016760739675",
            "count": 0
        },
        {
            "id": "100095377312149",
            "count": 5
        },
        {
            "id": "100082875415079",
            "count": 1
        },
        {
            "id": "100009448085593",
            "count": 0
        },
        {
            "id": "100057187441597",
            "count": 4
        },
        {
            "id": "100093193801767",
            "count": 0
        },
        {
            "id": "100010535828992",
            "count": 0
        },
        {
            "id": "100019416631576",
            "count": 3
        },
        {
            "id": "100045930682986",
            "count": 0
        },
        {
            "id": "100001956663836",
            "count": 0
        },
        {
            "id": "100073815385650",
            "count": 0
        },
        {
            "id": "100048893658584",
            "count": 0
        },
        {
            "id": "100041673456896",
            "count": 0
        },
        {
            "id": "100049324508101",
            "count": 0
        },
        {
            "id": "100057053962262",
            "count": 1
        },
        {
            "id": "100083011509094",
            "count": 12
        },
        {
            "id": "100051208216422",
            "count": 0
        },
        {
            "id": "100094211000419",
            "count": 11
        },
        {
            "id": "100058958742802",
            "count": 0
        },
        {
            "id": "100052963322692",
            "count": 0
        },
        {
            "id": "100080166616762",
            "count": 39
        },
        {
            "id": "100070230247796",
            "count": 9
        },
        {
            "id": "100061361386122",
            "count": 0
        },
        {
            "id": "100058175676468",
            "count": 1
        },
        {
            "id": "100047865881763",
            "count": 0
        },
        {
            "id": "100053099418117",
            "count": 0
        },
        {
            "id": "100078946186334",
            "count": 0
        },
        {
            "id": "100063569407095",
            "count": 0
        },
        {
            "id": "100052668347631",
            "count": 0
        },
        {
            "id": "100071316338284",
            "count": 5
        },
        {
            "id": "100083779875687",
            "count": 0
        },
        {
            "id": "100015784685178",
            "count": 0
        },
        {
            "id": "61553002166891",
            "count": 0
        },
        {
            "id": "100005699970679",
            "count": 0
        },
        {
            "id": "100053094052786",
            "count": 65
        },
        {
            "id": "100064015384108",
            "count": 0
        },
        {
            "id": "100035018735424",
            "count": 0
        },
        {
            "id": "100077980504363",
            "count": 37
        },
        {
            "id": "100093834681242",
            "count": 0
        }
    ],
    "week": [
        {
            "id": "61551045471750",
            "count": 0
        },
        {
            "id": "100086416152046",
            "count": 0
        },
        {
            "id": "100011499420332",
            "count": 0
        },
        {
            "id": "100022656633485",
            "count": 0
        },
        {
            "id": "100082139677232",
            "count": 169
        },
        {
            "id": "100022744157990",
            "count": 0
        },
        {
            "id": "100046817960974",
            "count": 0
        },
        {
            "id": "100027437822850",
            "count": 0
        },
        {
            "id": "100053415413897",
            "count": 0
        },
        {
            "id": "100032523486761",
            "count": 0
        },
        {
            "id": "100045105979228",
            "count": 0
        },
        {
            "id": "100077550130632",
            "count": 2
        },
        {
            "id": "100086260192539",
            "count": 0
        },
        {
            "id": "100092373246670",
            "count": 0
        },
        {
            "id": "100062380286638",
            "count": 89
        },
        {
            "id": "100009740975557",
            "count": 0
        },
        {
            "id": "100090077000589",
            "count": 0
        },
        {
            "id": "100027965603562",
            "count": 32
        },
        {
            "id": "100073712035625",
            "count": 0
        },
        {
            "id": "100083126659492",
            "count": 67
        },
        {
            "id": "100054827705183",
            "count": 0
        },
        {
            "id": "100090377351383",
            "count": 0
        },
        {
            "id": "100092349812132",
            "count": 0
        },
        {
            "id": "100095282958545",
            "count": 0
        },
        {
            "id": "100084002701649",
            "count": 18
        },
        {
            "id": "100062195088300",
            "count": 0
        },
        {
            "id": "100083072171722",
            "count": 11
        },
        {
            "id": "100073670599962",
            "count": 0
        },
        {
            "id": "100089967387443",
            "count": 0
        },
        {
            "id": "100050164265357",
            "count": 0
        },
        {
            "id": "100018201425058",
            "count": 0
        },
        {
            "id": "100085119168377",
            "count": 4
        },
        {
            "id": "100074068454058",
            "count": 0
        },
        {
            "id": "100070707052978",
            "count": 1
        },
        {
            "id": "100080954981372",
            "count": 1
        },
        {
            "id": "100023391211149",
            "count": 1
        },
        {
            "id": "100049058292105",
            "count": 0
        },
        {
            "id": "100082112157666",
            "count": 0
        },
        {
            "id": "61552635263838",
            "count": 0
        },
        {
            "id": "100071441073701",
            "count": 0
        },
        {
            "id": "100076341997577",
            "count": 0
        },
        {
            "id": "100082437107531",
            "count": 2
        },
        {
            "id": "100050576299680",
            "count": 0
        },
        {
            "id": "100088139371625",
            "count": 0
        },
        {
            "id": "100068041340910",
            "count": 0
        },
        {
            "id": "61552961301095",
            "count": 2
        },
        {
            "id": "61553601328393",
            "count": 0
        },
        {
            "id": "100034076781919",
            "count": 0
        },
        {
            "id": "100070606125347",
            "count": 1
        },
        {
            "id": "100056925062876",
            "count": 0
        },
        {
            "id": "100090687450038",
            "count": 0
        },
        {
            "id": "100081845686462",
            "count": 0
        },
        {
            "id": "100038941520193",
            "count": 1
        },
        {
            "id": "100090459019254",
            "count": 0
        },
        {
            "id": "100081570890425",
            "count": 0
        },
        {
            "id": "100024712241604",
            "count": 0
        },
        {
            "id": "100089467392488",
            "count": 3
        },
        {
            "id": "100059107054808",
            "count": 0
        },
        {
            "id": "100057101936221",
            "count": 0
        },
        {
            "id": "100073073284750",
            "count": 28
        },
        {
            "id": "100065568197699",
            "count": 0
        },
        {
            "id": "100078252437176",
            "count": 2
        },
        {
            "id": "100036020413797",
            "count": 0
        },
        {
            "id": "100090875214310",
            "count": 0
        },
        {
            "id": "100091217203624",
            "count": 2
        },
        {
            "id": "100092258625402",
            "count": 0
        },
        {
            "id": "100089751020816",
            "count": 0
        },
        {
            "id": "100081591145722",
            "count": 0
        },
        {
            "id": "100061347707297",
            "count": 0
        },
        {
            "id": "100078972037627",
            "count": 0
        },
        {
            "id": "100072238886140",
            "count": 1
        },
        {
            "id": "100088227083165",
            "count": 62
        },
        {
            "id": "100073043213869",
            "count": 0
        },
        {
            "id": "100073696953603",
            "count": 0
        },
        {
            "id": "100070799794950",
            "count": 0
        },
        {
            "id": "100082554214562",
            "count": 4
        },
        {
            "id": "100070043532777",
            "count": 0
        },
        {
            "id": "100037921101628",
            "count": 0
        },
        {
            "id": "100025451894129",
            "count": 0
        },
        {
            "id": "100035599427404",
            "count": 0
        },
        {
            "id": "100091976004424",
            "count": 0
        },
        {
            "id": "100064026703593",
            "count": 0
        },
        {
            "id": "100076538291928",
            "count": 0
        },
        {
            "id": "100041641873072",
            "count": 0
        },
        {
            "id": "100041883072538",
            "count": 0
        },
        {
            "id": "100075982309710",
            "count": 0
        },
        {
            "id": "100084431224772",
            "count": 0
        },
        {
            "id": "100090517086726",
            "count": 0
        },
        {
            "id": "100048760429540",
            "count": 0
        },
        {
            "id": "100060286395509",
            "count": 0
        },
        {
            "id": "100087339146913",
            "count": 0
        },
        {
            "id": "100017584819438",
            "count": 0
        },
        {
            "id": "100010292886336",
            "count": 1
        },
        {
            "id": "100071854196911",
            "count": 0
        },
        {
            "id": "100091747059087",
            "count": 0
        },
        {
            "id": "100080993553037",
            "count": 0
        },
        {
            "id": "100034674734119",
            "count": 0
        },
        {
            "id": "100085316896753",
            "count": 9
        },
        {
            "id": "100057682244240",
            "count": 0
        },
        {
            "id": "100022722555825",
            "count": 0
        },
        {
            "id": "100089306460572",
            "count": 0
        },
        {
            "id": "100025511886516",
            "count": 0
        },
        {
            "id": "100079246712492",
            "count": 0
        },
        {
            "id": "100067757674904",
            "count": 0
        },
        {
            "id": "100029590321547",
            "count": 0
        },
        {
            "id": "100072016965569",
            "count": 0
        },
        {
            "id": "100076850386851",
            "count": 0
        },
        {
            "id": "100060222300781",
            "count": 0
        },
        {
            "id": "100016760739675",
            "count": 0
        },
        {
            "id": "100095377312149",
            "count": 5
        },
        {
            "id": "100082875415079",
            "count": 1
        },
        {
            "id": "100009448085593",
            "count": 0
        },
        {
            "id": "100057187441597",
            "count": 4
        },
        {
            "id": "100093193801767",
            "count": 0
        },
        {
            "id": "100010535828992",
            "count": 0
        },
        {
            "id": "100019416631576",
            "count": 3
        },
        {
            "id": "100045930682986",
            "count": 0
        },
        {
            "id": "100001956663836",
            "count": 0
        },
        {
            "id": "100073815385650",
            "count": 0
        },
        {
            "id": "100048893658584",
            "count": 0
        },
        {
            "id": "100041673456896",
            "count": 0
        },
        {
            "id": "100049324508101",
            "count": 0
        },
        {
            "id": "100057053962262",
            "count": 1
        },
        {
            "id": "100083011509094",
            "count": 12
        },
        {
            "id": "100051208216422",
            "count": 0
        },
        {
            "id": "100094211000419",
            "count": 11
        },
        {
            "id": "100058958742802",
            "count": 0
        },
        {
            "id": "100052963322692",
            "count": 0
        },
        {
            "id": "100080166616762",
            "count": 39
        },
        {
            "id": "100070230247796",
            "count": 9
        },
        {
            "id": "100061361386122",
            "count": 0
        },
        {
            "id": "100058175676468",
            "count": 1
        },
        {
            "id": "100047865881763",
            "count": 0
        },
        {
            "id": "100053099418117",
            "count": 0
        },
        {
            "id": "100078946186334",
            "count": 0
        },
        {
            "id": "100063569407095",
            "count": 0
        },
        {
            "id": "100052668347631",
            "count": 0
        },
        {
            "id": "100071316338284",
            "count": 5
        },
        {
            "id": "100083779875687",
            "count": 0
        },
        {
            "id": "100015784685178",
            "count": 0
        },
        {
            "id": "61553002166891",
            "count": 0
        },
        {
            "id": "100005699970679",
            "count": 0
        },
        {
            "id": "100053094052786",
            "count": 65
        },
        {
            "id": "100064015384108",
            "count": 0
        },
        {
            "id": "100035018735424",
            "count": 0
        },
        {
            "id": "100077980504363",
            "count": 37
        },
        {
            "id": "100093834681242",
            "count": 0
        }
    ],
    "day": [
        {
            "id": "61551045471750",
            "count": 0
        },
        {
            "id": "100086416152046",
            "count": 0
        },
        {
            "id": "100011499420332",
            "count": 0
        },
        {
            "id": "100022656633485",
            "count": 0
        },
        {
            "id": "100082139677232",
            "count": 169
        },
        {
            "id": "100022744157990",
            "count": 0
        },
        {
            "id": "100046817960974",
            "count": 0
        },
        {
            "id": "100027437822850",
            "count": 0
        },
        {
            "id": "100053415413897",
            "count": 0
        },
        {
            "id": "100032523486761",
            "count": 0
        },
        {
            "id": "100045105979228",
            "count": 0
        },
        {
            "id": "100077550130632",
            "count": 2
        },
        {
            "id": "100086260192539",
            "count": 0
        },
        {
            "id": "100092373246670",
            "count": 0
        },
        {
            "id": "100062380286638",
            "count": 89
        },
        {
            "id": "100009740975557",
            "count": 0
        },
        {
            "id": "100090077000589",
            "count": 0
        },
        {
            "id": "100027965603562",
            "count": 32
        },
        {
            "id": "100073712035625",
            "count": 0
        },
        {
            "id": "100083126659492",
            "count": 67
        },
        {
            "id": "100054827705183",
            "count": 0
        },
        {
            "id": "100090377351383",
            "count": 0
        },
        {
            "id": "100092349812132",
            "count": 0
        },
        {
            "id": "100095282958545",
            "count": 0
        },
        {
            "id": "100084002701649",
            "count": 18
        },
        {
            "id": "100062195088300",
            "count": 0
        },
        {
            "id": "100083072171722",
            "count": 11
        },
        {
            "id": "100073670599962",
            "count": 0
        },
        {
            "id": "100089967387443",
            "count": 0
        },
        {
            "id": "100050164265357",
            "count": 0
        },
        {
            "id": "100018201425058",
            "count": 0
        },
        {
            "id": "100085119168377",
            "count": 4
        },
        {
            "id": "100074068454058",
            "count": 0
        },
        {
            "id": "100070707052978",
            "count": 1
        },
        {
            "id": "100080954981372",
            "count": 1
        },
        {
            "id": "100023391211149",
            "count": 1
        },
        {
            "id": "100049058292105",
            "count": 0
        },
        {
            "id": "100082112157666",
            "count": 0
        },
        {
            "id": "61552635263838",
            "count": 0
        },
        {
            "id": "100071441073701",
            "count": 0
        },
        {
            "id": "100076341997577",
            "count": 0
        },
        {
            "id": "100082437107531",
            "count": 2
        },
        {
            "id": "100050576299680",
            "count": 0
        },
        {
            "id": "100088139371625",
            "count": 0
        },
        {
            "id": "100068041340910",
            "count": 0
        },
        {
            "id": "61552961301095",
            "count": 2
        },
        {
            "id": "61553601328393",
            "count": 0
        },
        {
            "id": "100034076781919",
            "count": 0
        },
        {
            "id": "100070606125347",
            "count": 1
        },
        {
            "id": "100056925062876",
            "count": 0
        },
        {
            "id": "100090687450038",
            "count": 0
        },
        {
            "id": "100081845686462",
            "count": 0
        },
        {
            "id": "100038941520193",
            "count": 1
        },
        {
            "id": "100090459019254",
            "count": 0
        },
        {
            "id": "100081570890425",
            "count": 0
        },
        {
            "id": "100024712241604",
            "count": 0
        },
        {
            "id": "100089467392488",
            "count": 3
        },
        {
            "id": "100059107054808",
            "count": 0
        },
        {
            "id": "100057101936221",
            "count": 0
        },
        {
            "id": "100073073284750",
            "count": 28
        },
        {
            "id": "100065568197699",
            "count": 0
        },
        {
            "id": "100078252437176",
            "count": 2
        },
        {
            "id": "100036020413797",
            "count": 0
        },
        {
            "id": "100090875214310",
            "count": 0
        },
        {
            "id": "100091217203624",
            "count": 2
        },
        {
            "id": "100092258625402",
            "count": 0
        },
        {
            "id": "100089751020816",
            "count": 0
        },
        {
            "id": "100081591145722",
            "count": 0
        },
        {
            "id": "100061347707297",
            "count": 0
        },
        {
            "id": "100078972037627",
            "count": 0
        },
        {
            "id": "100072238886140",
            "count": 1
        },
        {
            "id": "100088227083165",
            "count": 62
        },
        {
            "id": "100073043213869",
            "count": 0
        },
        {
            "id": "100073696953603",
            "count": 0
        },
        {
            "id": "100070799794950",
            "count": 0
        },
        {
            "id": "100082554214562",
            "count": 4
        },
        {
            "id": "100070043532777",
            "count": 0
        },
        {
            "id": "100037921101628",
            "count": 0
        },
        {
            "id": "100025451894129",
            "count": 0
        },
        {
            "id": "100035599427404",
            "count": 0
        },
        {
            "id": "100091976004424",
            "count": 0
        },
        {
            "id": "100064026703593",
            "count": 0
        },
        {
            "id": "100076538291928",
            "count": 0
        },
        {
            "id": "100041641873072",
            "count": 0
        },
        {
            "id": "100041883072538",
            "count": 0
        },
        {
            "id": "100075982309710",
            "count": 0
        },
        {
            "id": "100084431224772",
            "count": 0
        },
        {
            "id": "100090517086726",
            "count": 0
        },
        {
            "id": "100048760429540",
            "count": 0
        },
        {
            "id": "100060286395509",
            "count": 0
        },
        {
            "id": "100087339146913",
            "count": 0
        },
        {
            "id": "100017584819438",
            "count": 0
        },
        {
            "id": "100010292886336",
            "count": 1
        },
        {
            "id": "100071854196911",
            "count": 0
        },
        {
            "id": "100091747059087",
            "count": 0
        },
        {
            "id": "100080993553037",
            "count": 0
        },
        {
            "id": "100034674734119",
            "count": 0
        },
        {
            "id": "100085316896753",
            "count": 9
        },
        {
            "id": "100057682244240",
            "count": 0
        },
        {
            "id": "100022722555825",
            "count": 0
        },
        {
            "id": "100089306460572",
            "count": 0
        },
        {
            "id": "100025511886516",
            "count": 0
        },
        {
            "id": "100079246712492",
            "count": 0
        },
        {
            "id": "100067757674904",
            "count": 0
        },
        {
            "id": "100029590321547",
            "count": 0
        },
        {
            "id": "100072016965569",
            "count": 0
        },
        {
            "id": "100076850386851",
            "count": 0
        },
        {
            "id": "100060222300781",
            "count": 0
        },
        {
            "id": "100016760739675",
            "count": 0
        },
        {
            "id": "100095377312149",
            "count": 5
        },
        {
            "id": "100082875415079",
            "count": 1
        },
        {
            "id": "100009448085593",
            "count": 0
        },
        {
            "id": "100057187441597",
            "count": 4
        },
        {
            "id": "100093193801767",
            "count": 0
        },
        {
            "id": "100010535828992",
            "count": 0
        },
        {
            "id": "100019416631576",
            "count": 3
        },
        {
            "id": "100045930682986",
            "count": 0
        },
        {
            "id": "100001956663836",
            "count": 0
        },
        {
            "id": "100073815385650",
            "count": 0
        },
        {
            "id": "100048893658584",
            "count": 0
        },
        {
            "id": "100041673456896",
            "count": 0
        },
        {
            "id": "100049324508101",
            "count": 0
        },
        {
            "id": "100057053962262",
            "count": 1
        },
        {
            "id": "100083011509094",
            "count": 12
        },
        {
            "id": "100051208216422",
            "count": 0
        },
        {
            "id": "100094211000419",
            "count": 11
        },
        {
            "id": "100058958742802",
            "count": 0
        },
        {
            "id": "100052963322692",
            "count": 0
        },
        {
            "id": "100080166616762",
            "count": 39
        },
        {
            "id": "100070230247796",
            "count": 9
        },
        {
            "id": "100061361386122",
            "count": 0
        },
        {
            "id": "100058175676468",
            "count": 1
        },
        {
            "id": "100047865881763",
            "count": 0
        },
        {
            "id": "100053099418117",
            "count": 0
        },
        {
            "id": "100078946186334",
            "count": 0
        },
        {
            "id": "100063569407095",
            "count": 0
        },
        {
            "id": "100052668347631",
            "count": 0
        },
        {
            "id": "100071316338284",
            "count": 5
        },
        {
            "id": "100083779875687",
            "count": 0
        },
        {
            "id": "100015784685178",
            "count": 0
        },
        {
            "id": "61553002166891",
            "count": 0
        },
        {
            "id": "100005699970679",
            "count": 0
        },
        {
            "id": "100053094052786",
            "count": 65
        },
        {
            "id": "100064015384108",
            "count": 0
        },
        {
            "id": "100035018735424",
            "count": 0
        },
        {
            "id": "100077980504363",
            "count": 37
        },
        {
            "id": "100093834681242",
            "count": 0
        }
    ],
    "time": 2,
    "last": {
        "time": 0,
        "day": [
            {
                "id": "61551045471750",
                "count": 0
            },
            {
                "id": "100086416152046",
                "count": 0
            },
            {
                "id": "100011499420332",
                "count": 0
            },
            {
                "id": "100022656633485",
                "count": 0
            },
            {
                "id": "100082139677232",
                "count": 0
            },
            {
                "id": "100022744157990",
                "count": 0
            },
            {
                "id": "100046817960974",
                "count": 0
            },
            {
                "id": "100027437822850",
                "count": 0
            },
            {
                "id": "100053415413897",
                "count": 0
            },
            {
                "id": "100032523486761",
                "count": 0
            },
            {
                "id": "100045105979228",
                "count": 0
            },
            {
                "id": "100077550130632",
                "count": 0
            },
            {
                "id": "100086260192539",
                "count": 0
            },
            {
                "id": "100092373246670",
                "count": 0
            },
            {
                "id": "100062380286638",
                "count": 0
            },
            {
                "id": "100009740975557",
                "count": 0
            },
            {
                "id": "100090077000589",
                "count": 0
            },
            {
                "id": "100027965603562",
                "count": 0
            },
            {
                "id": "100073712035625",
                "count": 0
            },
            {
                "id": "100083126659492",
                "count": 0
            },
            {
                "id": "100054827705183",
                "count": 0
            },
            {
                "id": "100090377351383",
                "count": 0
            },
            {
                "id": "100092349812132",
                "count": 0
            },
            {
                "id": "100095282958545",
                "count": 0
            },
            {
                "id": "100084002701649",
                "count": 0
            },
            {
                "id": "100062195088300",
                "count": 0
            },
            {
                "id": "100083072171722",
                "count": 0
            },
            {
                "id": "100073670599962",
                "count": 0
            },
            {
                "id": "100089967387443",
                "count": 0
            },
            {
                "id": "100050164265357",
                "count": 0
            },
            {
                "id": "100018201425058",
                "count": 0
            },
            {
                "id": "100085119168377",
                "count": 0
            },
            {
                "id": "100074068454058",
                "count": 0
            },
            {
                "id": "100070707052978",
                "count": 0
            },
            {
                "id": "100080954981372",
                "count": 0
            },
            {
                "id": "100023391211149",
                "count": 0
            },
            {
                "id": "100049058292105",
                "count": 0
            },
            {
                "id": "100082112157666",
                "count": 0
            },
            {
                "id": "61552635263838",
                "count": 0
            },
            {
                "id": "100071441073701",
                "count": 0
            },
            {
                "id": "100076341997577",
                "count": 0
            },
            {
                "id": "100082437107531",
                "count": 0
            },
            {
                "id": "100050576299680",
                "count": 0
            },
            {
                "id": "100088139371625",
                "count": 0
            },
            {
                "id": "100068041340910",
                "count": 0
            },
            {
                "id": "61552961301095",
                "count": 0
            },
            {
                "id": "61553601328393",
                "count": 0
            },
            {
                "id": "100034076781919",
                "count": 0
            },
            {
                "id": "100070606125347",
                "count": 0
            },
            {
                "id": "100056925062876",
                "count": 0
            },
            {
                "id": "100090687450038",
                "count": 0
            },
            {
                "id": "100081845686462",
                "count": 0
            },
            {
                "id": "100038941520193",
                "count": 0
            },
            {
                "id": "100090459019254",
                "count": 0
            },
            {
                "id": "100081570890425",
                "count": 0
            },
            {
                "id": "100024712241604",
                "count": 0
            },
            {
                "id": "100089467392488",
                "count": 0
            },
            {
                "id": "100059107054808",
                "count": 0
            },
            {
                "id": "100057101936221",
                "count": 0
            },
            {
                "id": "100073073284750",
                "count": 0
            },
            {
                "id": "100065568197699",
                "count": 0
            },
            {
                "id": "100078252437176",
                "count": 0
            },
            {
                "id": "100036020413797",
                "count": 0
            },
            {
                "id": "100090875214310",
                "count": 0
            },
            {
                "id": "100091217203624",
                "count": 0
            },
            {
                "id": "100092258625402",
                "count": 0
            },
            {
                "id": "100089751020816",
                "count": 0
            },
            {
                "id": "100081591145722",
                "count": 0
            },
            {
                "id": "100061347707297",
                "count": 0
            },
            {
                "id": "100078972037627",
                "count": 0
            },
            {
                "id": "100072238886140",
                "count": 0
            },
            {
                "id": "100088227083165",
                "count": 0
            },
            {
                "id": "100073043213869",
                "count": 0
            },
            {
                "id": "100073696953603",
                "count": 0
            },
            {
                "id": "100070799794950",
                "count": 0
            },
            {
                "id": "100082554214562",
                "count": 0
            },
            {
                "id": "100070043532777",
                "count": 0
            },
            {
                "id": "100037921101628",
                "count": 0
            },
            {
                "id": "100025451894129",
                "count": 0
            },
            {
                "id": "100035599427404",
                "count": 0
            },
            {
                "id": "100091976004424",
                "count": 0
            },
            {
                "id": "100064026703593",
                "count": 0
            },
            {
                "id": "100076538291928",
                "count": 0
            },
            {
                "id": "100041641873072",
                "count": 0
            },
            {
                "id": "100041883072538",
                "count": 0
            },
            {
                "id": "100075982309710",
                "count": 0
            },
            {
                "id": "100084431224772",
                "count": 0
            },
            {
                "id": "100090517086726",
                "count": 0
            },
            {
                "id": "100048760429540",
                "count": 0
            },
            {
                "id": "100060286395509",
                "count": 0
            },
            {
                "id": "100087339146913",
                "count": 0
            },
            {
                "id": "100017584819438",
                "count": 0
            },
            {
                "id": "100010292886336",
                "count": 0
            },
            {
                "id": "100071854196911",
                "count": 0
            },
            {
                "id": "100091747059087",
                "count": 0
            },
            {
                "id": "100080993553037",
                "count": 0
            },
            {
                "id": "100034674734119",
                "count": 0
            },
            {
                "id": "100085316896753",
                "count": 0
            },
            {
                "id": "100057682244240",
                "count": 0
            },
            {
                "id": "100022722555825",
                "count": 0
            },
            {
                "id": "100089306460572",
                "count": 0
            },
            {
                "id": "100025511886516",
                "count": 0
            },
            {
                "id": "100079246712492",
                "count": 0
            },
            {
                "id": "100067757674904",
                "count": 0
            },
            {
                "id": "100089954514853",
                "count": 0
            },
            {
                "id": "100029590321547",
                "count": 0
            },
            {
                "id": "100072016965569",
                "count": 0
            },
            {
                "id": "100076850386851",
                "count": 0
            },
            {
                "id": "100060222300781",
                "count": 0
            },
            {
                "id": "100016760739675",
                "count": 0
            },
            {
                "id": "100095377312149",
                "count": 0
            },
            {
                "id": "100082875415079",
                "count": 0
            },
            {
                "id": "100009448085593",
                "count": 0
            },
            {
                "id": "100057187441597",
                "count": 0
            },
            {
                "id": "100093193801767",
                "count": 0
            },
            {
                "id": "100010535828992",
                "count": 0
            },
            {
                "id": "100019416631576",
                "count": 0
            },
            {
                "id": "100045930682986",
                "count": 0
            },
            {
                "id": "100001956663836",
                "count": 0
            },
            {
                "id": "100073815385650",
                "count": 0
            },
            {
                "id": "100048893658584",
                "count": 0
            },
            {
                "id": "100041673456896",
                "count": 0
            },
            {
                "id": "100049324508101",
                "count": 0
            },
            {
                "id": "100057053962262",
                "count": 0
            },
            {
                "id": "100083011509094",
                "count": 0
            },
            {
                "id": "100051208216422",
                "count": 0
            },
            {
                "id": "100094211000419",
                "count": 0
            },
            {
                "id": "100058958742802",
                "count": 0
            },
            {
                "id": "100052963322692",
                "count": 0
            },
            {
                "id": "100080166616762",
                "count": 0
            },
            {
                "id": "100070230247796",
                "count": 0
            },
            {
                "id": "100061361386122",
                "count": 0
            },
            {
                "id": "100058175676468",
                "count": 0
            },
            {
                "id": "100047865881763",
                "count": 0
            },
            {
                "id": "100053099418117",
                "count": 0
            },
            {
                "id": "100078946186334",
                "count": 0
            },
            {
                "id": "100063569407095",
                "count": 0
            },
            {
                "id": "100052668347631",
                "count": 0
            },
            {
                "id": "100071316338284",
                "count": 0
            },
            {
                "id": "100083779875687",
                "count": 0
            },
            {
                "id": "100015784685178",
                "count": 0
            },
            {
                "id": "61553002166891",
                "count": 0
            },
            {
                "id": "100005699970679",
                "count": 0
            },
            {
                "id": "100053094052786",
                "count": 0
            },
            {
                "id": "100064015384108",
                "count": 0
            },
            {
                "id": "100035018735424",
                "count": 0
            },
            {
                "id": "100077980504363",
                "count": 0
            },
            {
                "id": "100093834681242",
                "count": 0
            }
        ],
        "week": [
            {
                "id": "61551045471750",
                "count": 0
            },
            {
                "id": "100086416152046",
                "count": 0
            },
            {
                "id": "100011499420332",
                "count": 0
            },
            {
                "id": "100022656633485",
                "count": 0
            },
            {
                "id": "100082139677232",
                "count": 0
            },
            {
                "id": "100022744157990",
                "count": 0
            },
            {
                "id": "100046817960974",
                "count": 0
            },
            {
                "id": "100027437822850",
                "count": 0
            },
            {
                "id": "100053415413897",
                "count": 0
            },
            {
                "id": "100032523486761",
                "count": 0
            },
            {
                "id": "100045105979228",
                "count": 0
            },
            {
                "id": "100077550130632",
                "count": 0
            },
            {
                "id": "100086260192539",
                "count": 0
            },
            {
                "id": "100092373246670",
                "count": 0
            },
            {
                "id": "100062380286638",
                "count": 0
            },
            {
                "id": "100009740975557",
                "count": 0
            },
            {
                "id": "100090077000589",
                "count": 0
            },
            {
                "id": "100027965603562",
                "count": 0
            },
            {
                "id": "100073712035625",
                "count": 0
            },
            {
                "id": "100083126659492",
                "count": 0
            },
            {
                "id": "100054827705183",
                "count": 0
            },
            {
                "id": "100090377351383",
                "count": 0
            },
            {
                "id": "100092349812132",
                "count": 0
            },
            {
                "id": "100095282958545",
                "count": 0
            },
            {
                "id": "100084002701649",
                "count": 0
            },
            {
                "id": "100062195088300",
                "count": 0
            },
            {
                "id": "100083072171722",
                "count": 0
            },
            {
                "id": "100073670599962",
                "count": 0
            },
            {
                "id": "100089967387443",
                "count": 0
            },
            {
                "id": "100050164265357",
                "count": 0
            },
            {
                "id": "100018201425058",
                "count": 0
            },
            {
                "id": "100085119168377",
                "count": 0
            },
            {
                "id": "100074068454058",
                "count": 0
            },
            {
                "id": "100070707052978",
                "count": 0
            },
            {
                "id": "100080954981372",
                "count": 0
            },
            {
                "id": "100023391211149",
                "count": 0
            },
            {
                "id": "100049058292105",
                "count": 0
            },
            {
                "id": "100082112157666",
                "count": 0
            },
            {
                "id": "61552635263838",
                "count": 0
            },
            {
                "id": "100071441073701",
                "count": 0
            },
            {
                "id": "100076341997577",
                "count": 0
            },
            {
                "id": "100082437107531",
                "count": 0
            },
            {
                "id": "100050576299680",
                "count": 0
            },
            {
                "id": "100088139371625",
                "count": 0
            },
            {
                "id": "100068041340910",
                "count": 0
            },
            {
                "id": "61552961301095",
                "count": 0
            },
            {
                "id": "61553601328393",
                "count": 0
            },
            {
                "id": "100034076781919",
                "count": 0
            },
            {
                "id": "100070606125347",
                "count": 0
            },
            {
                "id": "100056925062876",
                "count": 0
            },
            {
                "id": "100090687450038",
                "count": 0
            },
            {
                "id": "100081845686462",
                "count": 0
            },
            {
                "id": "100038941520193",
                "count": 0
            },
            {
                "id": "100090459019254",
                "count": 0
            },
            {
                "id": "100081570890425",
                "count": 0
            },
            {
                "id": "100024712241604",
                "count": 0
            },
            {
                "id": "100089467392488",
                "count": 0
            },
            {
                "id": "100059107054808",
                "count": 0
            },
            {
                "id": "100057101936221",
                "count": 0
            },
            {
                "id": "100073073284750",
                "count": 0
            },
            {
                "id": "100065568197699",
                "count": 0
            },
            {
                "id": "100078252437176",
                "count": 0
            },
            {
                "id": "100036020413797",
                "count": 0
            },
            {
                "id": "100090875214310",
                "count": 0
            },
            {
                "id": "100091217203624",
                "count": 0
            },
            {
                "id": "100092258625402",
                "count": 0
            },
            {
                "id": "100089751020816",
                "count": 0
            },
            {
                "id": "100081591145722",
                "count": 0
            },
            {
                "id": "100061347707297",
                "count": 0
            },
            {
                "id": "100078972037627",
                "count": 0
            },
            {
                "id": "100072238886140",
                "count": 0
            },
            {
                "id": "100088227083165",
                "count": 0
            },
            {
                "id": "100073043213869",
                "count": 0
            },
            {
                "id": "100073696953603",
                "count": 0
            },
            {
                "id": "100070799794950",
                "count": 0
            },
            {
                "id": "100082554214562",
                "count": 0
            },
            {
                "id": "100070043532777",
                "count": 0
            },
            {
                "id": "100037921101628",
                "count": 0
            },
            {
                "id": "100025451894129",
                "count": 0
            },
            {
                "id": "100035599427404",
                "count": 0
            },
            {
                "id": "100091976004424",
                "count": 0
            },
            {
                "id": "100064026703593",
                "count": 0
            },
            {
                "id": "100076538291928",
                "count": 0
            },
            {
                "id": "100041641873072",
                "count": 0
            },
            {
                "id": "100041883072538",
                "count": 0
            },
            {
                "id": "100075982309710",
                "count": 0
            },
            {
                "id": "100084431224772",
                "count": 0
            },
            {
                "id": "100090517086726",
                "count": 0
            },
            {
                "id": "100048760429540",
                "count": 0
            },
            {
                "id": "100060286395509",
                "count": 0
            },
            {
                "id": "100087339146913",
                "count": 0
            },
            {
                "id": "100017584819438",
                "count": 0
            },
            {
                "id": "100010292886336",
                "count": 0
            },
            {
                "id": "100071854196911",
                "count": 0
            },
            {
                "id": "100091747059087",
                "count": 0
            },
            {
                "id": "100080993553037",
                "count": 0
            },
            {
                "id": "100034674734119",
                "count": 0
            },
            {
                "id": "100085316896753",
                "count": 0
            },
            {
                "id": "100057682244240",
                "count": 0
            },
            {
                "id": "100022722555825",
                "count": 0
            },
            {
                "id": "100089306460572",
                "count": 0
            },
            {
                "id": "100025511886516",
                "count": 0
            },
            {
                "id": "100079246712492",
                "count": 0
            },
            {
                "id": "100067757674904",
                "count": 0
            },
            {
                "id": "100089954514853",
                "count": 0
            },
            {
                "id": "100029590321547",
                "count": 0
            },
            {
                "id": "100072016965569",
                "count": 0
            },
            {
                "id": "100076850386851",
                "count": 0
            },
            {
                "id": "100060222300781",
                "count": 0
            },
            {
                "id": "100016760739675",
                "count": 0
            },
            {
                "id": "100095377312149",
                "count": 0
            },
            {
                "id": "100082875415079",
                "count": 0
            },
            {
                "id": "100009448085593",
                "count": 0
            },
            {
                "id": "100057187441597",
                "count": 0
            },
            {
                "id": "100093193801767",
                "count": 0
            },
            {
                "id": "100010535828992",
                "count": 0
            },
            {
                "id": "100019416631576",
                "count": 0
            },
            {
                "id": "100045930682986",
                "count": 0
            },
            {
                "id": "100001956663836",
                "count": 0
            },
            {
                "id": "100073815385650",
                "count": 0
            },
            {
                "id": "100048893658584",
                "count": 0
            },
            {
                "id": "100041673456896",
                "count": 0
            },
            {
                "id": "100049324508101",
                "count": 0
            },
            {
                "id": "100057053962262",
                "count": 0
            },
            {
                "id": "100083011509094",
                "count": 0
            },
            {
                "id": "100051208216422",
                "count": 0
            },
            {
                "id": "100094211000419",
                "count": 0
            },
            {
                "id": "100058958742802",
                "count": 0
            },
            {
                "id": "100052963322692",
                "count": 0
            },
            {
                "id": "100080166616762",
                "count": 0
            },
            {
                "id": "100070230247796",
                "count": 0
            },
            {
                "id": "100061361386122",
                "count": 0
            },
            {
                "id": "100058175676468",
                "count": 0
            },
            {
                "id": "100047865881763",
                "count": 0
            },
            {
                "id": "100053099418117",
                "count": 0
            },
            {
                "id": "100078946186334",
                "count": 0
            },
            {
                "id": "100063569407095",
                "count": 0
            },
            {
                "id": "100052668347631",
                "count": 0
            },
            {
                "id": "100071316338284",
                "count": 0
            },
            {
                "id": "100083779875687",
                "count": 0
            },
            {
                "id": "100015784685178",
                "count": 0
            },
            {
                "id": "61553002166891",
                "count": 0
            },
            {
                "id": "100005699970679",
                "count": 0
            },
            {
                "id": "100053094052786",
                "count": 0
            },
            {
                "id": "100064015384108",
                "count": 0
            },
            {
                "id": "100035018735424",
                "count": 0
            },
            {
                "id": "100077980504363",
                "count": 0
            },
            {
                "id": "100093834681242",
                "count": 0
            }
        ]
    }
}