{
    "total": [
        {
            "id": "100085882653784",
            "count": 0
        },
        {
            "id": "100078386600260",
            "count": 0
        },
        {
            "id": "100088046124795",
            "count": 0
        },
        {
            "id": "100088417462913",
            "count": 0
        },
        {
            "id": "100085682539258",
            "count": 0
        },
        {
            "id": "100035806358605",
            "count": 0
        },
        {
            "id": "100013718950705",
            "count": 0
        },
        {
            "id": "100074931338738",
            "count": 0
        },
        {
            "id": "100075497427780",
            "count": 0
        },
        {
            "id": "100071351916527",
            "count": 0
        },
        {
            "id": "100085648951237",
            "count": 0
        },
        {
            "id": "100063953230126",
            "count": 0
        },
        {
            "id": "100091328646231",
            "count": 0
        },
        {
            "id": "100084457763389",
            "count": 0
        },
        {
            "id": "100092409150461",
            "count": 0
        },
        {
            "id": "100022250136296",
            "count": 0
        },
        {
            "id": "100049497863802",
            "count": 0
        },
        {
            "id": "100071444200233",
            "count": 0
        },
        {
            "id": "100065089610946",
            "count": 0
        },
        {
            "id": "100074015498194",
            "count": 0
        },
        {
            "id": "100092369002428",
            "count": 0
        },
        {
            "id": "100083197298852",
            "count": 0
        },
        {
            "id": "100084828877116",
            "count": 0
        },
        {
            "id": "100089750487268",
            "count": 0
        },
        {
            "id": "100077747912224",
            "count": 0
        },
        {
            "id": "100076001623455",
            "count": 0
        },
        {
            "id": "100014163543927",
            "count": 0
        },
        {
            "id": "100093331127256",
            "count": 0
        },
        {
            "id": "100004099470379",
            "count": 0
        },
        {
            "id": "100093284694376",
            "count": 0
        },
        {
            "id": "100078135018196",
            "count": 0
        },
        {
            "id": "100053206541291",
            "count": 0
        },
        {
            "id": "100039669992685",
            "count": 0
        },
        {
            "id": "100092681811567",
            "count": 0
        },
        {
            "id": "100063887649811",
            "count": 0
        },
        {
            "id": "100092554517097",
            "count": 0
        },
        {
            "id": "100044870286588",
            "count": 0
        },
        {
            "id": "100085241593198",
            "count": 3
        },
        {
            "id": "100083159630315",
            "count": 0
        },
        {
            "id": "100079441930389",
            "count": 0
        },
        {
            "id": "100088911439138",
            "count": 0
        },
        {
            "id": "100089551261009",
            "count": 0
        },
        {
            "id": "100086496726394",
            "count": 0
        },
        {
            "id": "100037443647950",
            "count": 0
        },
        {
            "id": "100089783409455",
            "count": 0
        },
        {
            "id": "100000419401712",
            "count": 0
        },
        {
            "id": "100041805751115",
            "count": 0
        },
        {
            "id": "100088133313419",
            "count": 0
        },
        {
            "id": "100036535161872",
            "count": 0
        },
        {
            "id": "100092532853282",
            "count": 0
        },
        {
            "id": "100036991839928",
            "count": 0
        },
        {
            "id": "100086541573712",
            "count": 0
        },
        {
            "id": "100089106707630",
            "count": 0
        },
        {
            "id": "100086025163599",
            "count": 0
        },
        {
            "id": "100083841066233",
            "count": 0
        },
        {
            "id": "100084149373287",
            "count": 0
        },
        {
            "id": "100088401370792",
            "count": 0
        },
        {
            "id": "100085542135779",
            "count": 0
        },
        {
            "id": "100090925354126",
            "count": 4
        },
        {
            "id": "100034509211014",
            "count": 0
        },
        {
            "id": "100092398287798",
            "count": 0
        },
        {
            "id": "100080374603919",
            "count": 0
        },
        {
            "id": "100057639394903",
            "count": 0
        },
        {
            "id": "100065965592485",
            "count": 0
        },
        {
            "id": "100082192217210",
            "count": 0
        },
        {
            "id": "100092610214731",
            "count": 0
        },
        {
            "id": "100048892837161",
            "count": 0
        },
        {
            "id": "100088360729133",
            "count": 0
        },
        {
            "id": "100088399836537",
            "count": 0
        },
        {
            "id": "100052655079440",
            "count": 0
        },
        {
            "id": "100087005111595",
            "count": 0
        },
        {
            "id": "100065157947365",
            "count": 0
        },
        {
            "id": "100091236874711",
            "count": 0
        },
        {
            "id": "100070177323616",
            "count": 0
        },
        {
            "id": "100090978901092",
            "count": 0
        },
        {
            "id": "100048078821814",
            "count": 0
        },
        {
            "id": "100014566876530",
            "count": 0
        },
        {
            "id": "100050076673558",
            "count": 0
        },
        {
            "id": "100062089939569",
            "count": 1
        },
        {
            "id": "100094245318930",
            "count": 0
        },
        {
            "id": "100027787543647",
            "count": 0
        },
        {
            "id": "61550586416311",
            "count": 0
        },
        {
            "id": "100095350689582",
            "count": 0
        },
        {
            "id": "100087408931220",
            "count": 0
        },
        {
            "id": "100064565565387",
            "count": 0
        },
        {
            "id": "100093285994218",
            "count": 0
        },
        {
            "id": "100082967538462",
            "count": 0
        },
        {
            "id": "100079897350810",
            "count": 0
        },
        {
            "id": "61550328011858",
            "count": 0
        },
        {
            "id": "61550577732138",
            "count": 0
        },
        {
            "id": "61550534145816",
            "count": 0
        },
        {
            "id": "100075778393362",
            "count": 0
        },
        {
            "id": "100089676048324",
            "count": 0
        },
        {
            "id": "100079231646527",
            "count": 0
        },
        {
            "id": "100091846661268",
            "count": 0
        },
        {
            "id": "100053205217759",
            "count": 0
        },
        {
            "id": "61550278199292",
            "count": 0
        },
        {
            "id": "61550241165979",
            "count": 0
        },
        {
            "id": "61550282362321",
            "count": 0
        },
        {
            "id": "61550088000548",
            "count": 7
        },
        {
            "id": "61550302787417",
            "count": 0
        },
        {
            "id": "61550619488354",
            "count": 0
        },
        {
            "id": "100033848798946",
            "count": 0
        },
        {
            "id": "100089917954897",
            "count": 0
        },
        {
            "id": "100044009376216",
            "count": 0
        },
        {
            "id": "100093172386798",
            "count": 0
        },
        {
            "id": "100086925327706",
            "count": 0
        },
        {
            "id": "100088812335203",
            "count": 0
        },
        {
            "id": "100081807440903",
            "count": 0
        },
        {
            "id": "100057184022835",
            "count": 0
        },
        {
            "id": "100088384910174",
            "count": 0
        },
        {
            "id": "100095144113897",
            "count": 5
        },
        {
            "id": "100065659261336",
            "count": 0
        },
        {
            "id": "100093942831906",
            "count": 0
        },
        {
            "id": "100083814073504",
            "count": 0
        },
        {
            "id": "100003406765872",
            "count": 0
        },
        {
            "id": "100055640370536",
            "count": 0
        },
        {
            "id": "100049189713406",
            "count": 1
        },
        {
            "id": "100071548719518",
            "count": 6
        },
        {
            "id": "100077644962676",
            "count": 0
        },
        {
            "id": "100025980520928",
            "count": 0
        },
        {
            "id": "100025044579986",
            "count": 0
        },
        {
            "id": "100051724779220",
            "count": 0
        },
        {
            "id": "100042098584887",
            "count": 5
        },
        {
            "id": "100092674881804",
            "count": 0
        },
        {
            "id": "100095112522479",
            "count": 0
        },
        {
            "id": "61550704066520",
            "count": 0
        },
        {
            "id": "100077672736137",
            "count": 11
        },
        {
            "id": "100073265563243",
            "count": 0
        },
        {
            "id": "61552528605499",
            "count": 0
        },
        {
            "id": "61552541794934",
            "count": 0
        },
        {
            "id": "100088894459705",
            "count": 0
        },
        {
            "id": "100065063115683",
            "count": 0
        },
        {
            "id": "100071575183469",
            "count": 0
        },
        {
            "id": "100049011639730",
            "count": 0
        },
        {
            "id": "100094087008449",
            "count": 0
        },
        {
            "id": "100034187751010",
            "count": 0
        },
        {
            "id": "61550826891708",
            "count": 0
        },
        {
            "id": "61554738463526",
            "count": 0
        },
        {
            "id": "100089077347599",
            "count": 0
        },
        {
            "id": "100067738731337",
            "count": 0
        },
        {
            "id": "61554814351946",
            "count": 0
        },
        {
            "id": "100039503649606",
            "count": 0
        },
        {
            "id": "61554780675834",
            "count": 0
        },
        {
            "id": "100094141721967",
            "count": 8
        },
        {
            "id": "100077980504363",
            "count": 40
        },
        {
            "id": "61550127394553",
            "count": 0
        },
        {
            "id": "61554870631937",
            "count": 1
        },
        {
            "id": "61555179750586",
            "count": 0
        },
        {
            "id": "61554895994044",
            "count": 8
        },
        {
            "id": "61555326274498",
            "count": 9
        },
        {
            "id": "100088662219880",
            "count": 4
        },
        {
            "id": "61554975665945",
            "count": 30
        },
        {
            "id": "61550360773406",
            "count": 0
        },
        {
            "id": "61552760283765",
            "count": 0
        },
        {
            "id": "100092619943476",
            "count": 0
        },
        {
            "id": "61555542402067",
            "count": 0
        },
        {
            "id": "61556083771358",
            "count": 0
        },
        {
            "id": "100033855186220",
            "count": 0
        },
        {
            "id": "100027399343135",
            "count": 1
        }
    ],
    "week": [
        {
            "id": "100085882653784",
            "count": 0
        },
        {
            "id": "100078386600260",
            "count": 0
        },
        {
            "id": "100088046124795",
            "count": 0
        },
        {
            "id": "100088417462913",
            "count": 0
        },
        {
            "id": "100085682539258",
            "count": 0
        },
        {
            "id": "100035806358605",
            "count": 0
        },
        {
            "id": "100013718950705",
            "count": 0
        },
        {
            "id": "100074931338738",
            "count": 0
        },
        {
            "id": "100075497427780",
            "count": 0
        },
        {
            "id": "100071351916527",
            "count": 0
        },
        {
            "id": "100085648951237",
            "count": 0
        },
        {
            "id": "100063953230126",
            "count": 0
        },
        {
            "id": "100091328646231",
            "count": 0
        },
        {
            "id": "100084457763389",
            "count": 0
        },
        {
            "id": "100092409150461",
            "count": 0
        },
        {
            "id": "100022250136296",
            "count": 0
        },
        {
            "id": "100049497863802",
            "count": 0
        },
        {
            "id": "100071444200233",
            "count": 0
        },
        {
            "id": "100065089610946",
            "count": 0
        },
        {
            "id": "100074015498194",
            "count": 0
        },
        {
            "id": "100092369002428",
            "count": 0
        },
        {
            "id": "100083197298852",
            "count": 0
        },
        {
            "id": "100084828877116",
            "count": 0
        },
        {
            "id": "100089750487268",
            "count": 0
        },
        {
            "id": "100077747912224",
            "count": 0
        },
        {
            "id": "100076001623455",
            "count": 0
        },
        {
            "id": "100014163543927",
            "count": 0
        },
        {
            "id": "100093331127256",
            "count": 0
        },
        {
            "id": "100004099470379",
            "count": 0
        },
        {
            "id": "100093284694376",
            "count": 0
        },
        {
            "id": "100078135018196",
            "count": 0
        },
        {
            "id": "100053206541291",
            "count": 0
        },
        {
            "id": "100039669992685",
            "count": 0
        },
        {
            "id": "100092681811567",
            "count": 0
        },
        {
            "id": "100063887649811",
            "count": 0
        },
        {
            "id": "100092554517097",
            "count": 0
        },
        {
            "id": "100044870286588",
            "count": 0
        },
        {
            "id": "100085241593198",
            "count": 3
        },
        {
            "id": "100083159630315",
            "count": 0
        },
        {
            "id": "100079441930389",
            "count": 0
        },
        {
            "id": "100088911439138",
            "count": 0
        },
        {
            "id": "100089551261009",
            "count": 0
        },
        {
            "id": "100086496726394",
            "count": 0
        },
        {
            "id": "100037443647950",
            "count": 0
        },
        {
            "id": "100089783409455",
            "count": 0
        },
        {
            "id": "100000419401712",
            "count": 0
        },
        {
            "id": "100041805751115",
            "count": 0
        },
        {
            "id": "100088133313419",
            "count": 0
        },
        {
            "id": "100036535161872",
            "count": 0
        },
        {
            "id": "100092532853282",
            "count": 0
        },
        {
            "id": "100036991839928",
            "count": 0
        },
        {
            "id": "100086541573712",
            "count": 0
        },
        {
            "id": "100089106707630",
            "count": 0
        },
        {
            "id": "100086025163599",
            "count": 0
        },
        {
            "id": "100083841066233",
            "count": 0
        },
        {
            "id": "100084149373287",
            "count": 0
        },
        {
            "id": "100088401370792",
            "count": 0
        },
        {
            "id": "100085542135779",
            "count": 0
        },
        {
            "id": "100090925354126",
            "count": 4
        },
        {
            "id": "100034509211014",
            "count": 0
        },
        {
            "id": "100092398287798",
            "count": 0
        },
        {
            "id": "100080374603919",
            "count": 0
        },
        {
            "id": "100057639394903",
            "count": 0
        },
        {
            "id": "100065965592485",
            "count": 0
        },
        {
            "id": "100082192217210",
            "count": 0
        },
        {
            "id": "100092610214731",
            "count": 0
        },
        {
            "id": "100048892837161",
            "count": 0
        },
        {
            "id": "100088360729133",
            "count": 0
        },
        {
            "id": "100088399836537",
            "count": 0
        },
        {
            "id": "100052655079440",
            "count": 0
        },
        {
            "id": "100087005111595",
            "count": 0
        },
        {
            "id": "100065157947365",
            "count": 0
        },
        {
            "id": "100091236874711",
            "count": 0
        },
        {
            "id": "100070177323616",
            "count": 0
        },
        {
            "id": "100090978901092",
            "count": 0
        },
        {
            "id": "100048078821814",
            "count": 0
        },
        {
            "id": "100014566876530",
            "count": 0
        },
        {
            "id": "100050076673558",
            "count": 0
        },
        {
            "id": "100062089939569",
            "count": 1
        },
        {
            "id": "100094245318930",
            "count": 0
        },
        {
            "id": "100027787543647",
            "count": 0
        },
        {
            "id": "61550586416311",
            "count": 0
        },
        {
            "id": "100095350689582",
            "count": 0
        },
        {
            "id": "100087408931220",
            "count": 0
        },
        {
            "id": "100064565565387",
            "count": 0
        },
        {
            "id": "100093285994218",
            "count": 0
        },
        {
            "id": "100082967538462",
            "count": 0
        },
        {
            "id": "100079897350810",
            "count": 0
        },
        {
            "id": "61550328011858",
            "count": 0
        },
        {
            "id": "61550577732138",
            "count": 0
        },
        {
            "id": "61550534145816",
            "count": 0
        },
        {
            "id": "100075778393362",
            "count": 0
        },
        {
            "id": "100089676048324",
            "count": 0
        },
        {
            "id": "100079231646527",
            "count": 0
        },
        {
            "id": "100091846661268",
            "count": 0
        },
        {
            "id": "100053205217759",
            "count": 0
        },
        {
            "id": "61550278199292",
            "count": 0
        },
        {
            "id": "61550241165979",
            "count": 0
        },
        {
            "id": "61550282362321",
            "count": 0
        },
        {
            "id": "61550088000548",
            "count": 7
        },
        {
            "id": "61550302787417",
            "count": 0
        },
        {
            "id": "61550619488354",
            "count": 0
        },
        {
            "id": "100033848798946",
            "count": 0
        },
        {
            "id": "100089917954897",
            "count": 0
        },
        {
            "id": "100044009376216",
            "count": 0
        },
        {
            "id": "100093172386798",
            "count": 0
        },
        {
            "id": "100086925327706",
            "count": 0
        },
        {
            "id": "100088812335203",
            "count": 0
        },
        {
            "id": "100081807440903",
            "count": 0
        },
        {
            "id": "100057184022835",
            "count": 0
        },
        {
            "id": "100088384910174",
            "count": 0
        },
        {
            "id": "100095144113897",
            "count": 5
        },
        {
            "id": "100065659261336",
            "count": 0
        },
        {
            "id": "100093942831906",
            "count": 0
        },
        {
            "id": "100083814073504",
            "count": 0
        },
        {
            "id": "100003406765872",
            "count": 0
        },
        {
            "id": "100055640370536",
            "count": 0
        },
        {
            "id": "100049189713406",
            "count": 1
        },
        {
            "id": "100071548719518",
            "count": 6
        },
        {
            "id": "100077644962676",
            "count": 0
        },
        {
            "id": "100025980520928",
            "count": 0
        },
        {
            "id": "100025044579986",
            "count": 0
        },
        {
            "id": "100051724779220",
            "count": 0
        },
        {
            "id": "100042098584887",
            "count": 5
        },
        {
            "id": "100092674881804",
            "count": 0
        },
        {
            "id": "100095112522479",
            "count": 0
        },
        {
            "id": "61550704066520",
            "count": 0
        },
        {
            "id": "100077672736137",
            "count": 11
        },
        {
            "id": "100073265563243",
            "count": 0
        },
        {
            "id": "61552528605499",
            "count": 0
        },
        {
            "id": "61552541794934",
            "count": 0
        },
        {
            "id": "100088894459705",
            "count": 0
        },
        {
            "id": "100065063115683",
            "count": 0
        },
        {
            "id": "100071575183469",
            "count": 0
        },
        {
            "id": "100049011639730",
            "count": 0
        },
        {
            "id": "100094087008449",
            "count": 0
        },
        {
            "id": "100034187751010",
            "count": 0
        },
        {
            "id": "61550826891708",
            "count": 0
        },
        {
            "id": "61554738463526",
            "count": 0
        },
        {
            "id": "100089077347599",
            "count": 0
        },
        {
            "id": "100067738731337",
            "count": 0
        },
        {
            "id": "61554814351946",
            "count": 0
        },
        {
            "id": "100039503649606",
            "count": 0
        },
        {
            "id": "61554780675834",
            "count": 0
        },
        {
            "id": "100094141721967",
            "count": 8
        },
        {
            "id": "100077980504363",
            "count": 40
        },
        {
            "id": "61550127394553",
            "count": 0
        },
        {
            "id": "61554870631937",
            "count": 1
        },
        {
            "id": "61555179750586",
            "count": 0
        },
        {
            "id": "61554895994044",
            "count": 8
        },
        {
            "id": "61555326274498",
            "count": 9
        },
        {
            "id": "100088662219880",
            "count": 4
        },
        {
            "id": "61554975665945",
            "count": 30
        },
        {
            "id": "61550360773406",
            "count": 0
        },
        {
            "id": "61552760283765",
            "count": 0
        },
        {
            "id": "100092619943476",
            "count": 0
        },
        {
            "id": "61555542402067",
            "count": 0
        },
        {
            "id": "61556083771358",
            "count": 0
        },
        {
            "id": "100033855186220",
            "count": 0
        },
        {
            "id": "100027399343135",
            "count": 1
        }
    ],
    "day": [
        {
            "id": "100085882653784",
            "count": 0
        },
        {
            "id": "100078386600260",
            "count": 0
        },
        {
            "id": "100088046124795",
            "count": 0
        },
        {
            "id": "100088417462913",
            "count": 0
        },
        {
            "id": "100085682539258",
            "count": 0
        },
        {
            "id": "100035806358605",
            "count": 0
        },
        {
            "id": "100013718950705",
            "count": 0
        },
        {
            "id": "100074931338738",
            "count": 0
        },
        {
            "id": "100075497427780",
            "count": 0
        },
        {
            "id": "100071351916527",
            "count": 0
        },
        {
            "id": "100085648951237",
            "count": 0
        },
        {
            "id": "100063953230126",
            "count": 0
        },
        {
            "id": "100091328646231",
            "count": 0
        },
        {
            "id": "100084457763389",
            "count": 0
        },
        {
            "id": "100092409150461",
            "count": 0
        },
        {
            "id": "100022250136296",
            "count": 0
        },
        {
            "id": "100049497863802",
            "count": 0
        },
        {
            "id": "100071444200233",
            "count": 0
        },
        {
            "id": "100065089610946",
            "count": 0
        },
        {
            "id": "100074015498194",
            "count": 0
        },
        {
            "id": "100092369002428",
            "count": 0
        },
        {
            "id": "100083197298852",
            "count": 0
        },
        {
            "id": "100084828877116",
            "count": 0
        },
        {
            "id": "100089750487268",
            "count": 0
        },
        {
            "id": "100077747912224",
            "count": 0
        },
        {
            "id": "100076001623455",
            "count": 0
        },
        {
            "id": "100014163543927",
            "count": 0
        },
        {
            "id": "100093331127256",
            "count": 0
        },
        {
            "id": "100004099470379",
            "count": 0
        },
        {
            "id": "100093284694376",
            "count": 0
        },
        {
            "id": "100078135018196",
            "count": 0
        },
        {
            "id": "100053206541291",
            "count": 0
        },
        {
            "id": "100039669992685",
            "count": 0
        },
        {
            "id": "100092681811567",
            "count": 0
        },
        {
            "id": "100063887649811",
            "count": 0
        },
        {
            "id": "100092554517097",
            "count": 0
        },
        {
            "id": "100044870286588",
            "count": 0
        },
        {
            "id": "100085241593198",
            "count": 3
        },
        {
            "id": "100083159630315",
            "count": 0
        },
        {
            "id": "100079441930389",
            "count": 0
        },
        {
            "id": "100088911439138",
            "count": 0
        },
        {
            "id": "100089551261009",
            "count": 0
        },
        {
            "id": "100086496726394",
            "count": 0
        },
        {
            "id": "100037443647950",
            "count": 0
        },
        {
            "id": "100089783409455",
            "count": 0
        },
        {
            "id": "100000419401712",
            "count": 0
        },
        {
            "id": "100041805751115",
            "count": 0
        },
        {
            "id": "100088133313419",
            "count": 0
        },
        {
            "id": "100036535161872",
            "count": 0
        },
        {
            "id": "100092532853282",
            "count": 0
        },
        {
            "id": "100036991839928",
            "count": 0
        },
        {
            "id": "100086541573712",
            "count": 0
        },
        {
            "id": "100089106707630",
            "count": 0
        },
        {
            "id": "100086025163599",
            "count": 0
        },
        {
            "id": "100083841066233",
            "count": 0
        },
        {
            "id": "100084149373287",
            "count": 0
        },
        {
            "id": "100088401370792",
            "count": 0
        },
        {
            "id": "100085542135779",
            "count": 0
        },
        {
            "id": "100090925354126",
            "count": 4
        },
        {
            "id": "100034509211014",
            "count": 0
        },
        {
            "id": "100092398287798",
            "count": 0
        },
        {
            "id": "100080374603919",
            "count": 0
        },
        {
            "id": "100057639394903",
            "count": 0
        },
        {
            "id": "100065965592485",
            "count": 0
        },
        {
            "id": "100082192217210",
            "count": 0
        },
        {
            "id": "100092610214731",
            "count": 0
        },
        {
            "id": "100048892837161",
            "count": 0
        },
        {
            "id": "100088360729133",
            "count": 0
        },
        {
            "id": "100088399836537",
            "count": 0
        },
        {
            "id": "100052655079440",
            "count": 0
        },
        {
            "id": "100087005111595",
            "count": 0
        },
        {
            "id": "100065157947365",
            "count": 0
        },
        {
            "id": "100091236874711",
            "count": 0
        },
        {
            "id": "100070177323616",
            "count": 0
        },
        {
            "id": "100090978901092",
            "count": 0
        },
        {
            "id": "100048078821814",
            "count": 0
        },
        {
            "id": "100014566876530",
            "count": 0
        },
        {
            "id": "100050076673558",
            "count": 0
        },
        {
            "id": "100062089939569",
            "count": 1
        },
        {
            "id": "100094245318930",
            "count": 0
        },
        {
            "id": "100027787543647",
            "count": 0
        },
        {
            "id": "61550586416311",
            "count": 0
        },
        {
            "id": "100095350689582",
            "count": 0
        },
        {
            "id": "100087408931220",
            "count": 0
        },
        {
            "id": "100064565565387",
            "count": 0
        },
        {
            "id": "100093285994218",
            "count": 0
        },
        {
            "id": "100082967538462",
            "count": 0
        },
        {
            "id": "100079897350810",
            "count": 0
        },
        {
            "id": "61550328011858",
            "count": 0
        },
        {
            "id": "61550577732138",
            "count": 0
        },
        {
            "id": "61550534145816",
            "count": 0
        },
        {
            "id": "100075778393362",
            "count": 0
        },
        {
            "id": "100089676048324",
            "count": 0
        },
        {
            "id": "100079231646527",
            "count": 0
        },
        {
            "id": "100091846661268",
            "count": 0
        },
        {
            "id": "100053205217759",
            "count": 0
        },
        {
            "id": "61550278199292",
            "count": 0
        },
        {
            "id": "61550241165979",
            "count": 0
        },
        {
            "id": "61550282362321",
            "count": 0
        },
        {
            "id": "61550088000548",
            "count": 7
        },
        {
            "id": "61550302787417",
            "count": 0
        },
        {
            "id": "61550619488354",
            "count": 0
        },
        {
            "id": "100033848798946",
            "count": 0
        },
        {
            "id": "100089917954897",
            "count": 0
        },
        {
            "id": "100044009376216",
            "count": 0
        },
        {
            "id": "100093172386798",
            "count": 0
        },
        {
            "id": "100086925327706",
            "count": 0
        },
        {
            "id": "100088812335203",
            "count": 0
        },
        {
            "id": "100081807440903",
            "count": 0
        },
        {
            "id": "100057184022835",
            "count": 0
        },
        {
            "id": "100088384910174",
            "count": 0
        },
        {
            "id": "100095144113897",
            "count": 5
        },
        {
            "id": "100065659261336",
            "count": 0
        },
        {
            "id": "100093942831906",
            "count": 0
        },
        {
            "id": "100083814073504",
            "count": 0
        },
        {
            "id": "100003406765872",
            "count": 0
        },
        {
            "id": "100055640370536",
            "count": 0
        },
        {
            "id": "100049189713406",
            "count": 1
        },
        {
            "id": "100071548719518",
            "count": 6
        },
        {
            "id": "100077644962676",
            "count": 0
        },
        {
            "id": "100025980520928",
            "count": 0
        },
        {
            "id": "100025044579986",
            "count": 0
        },
        {
            "id": "100051724779220",
            "count": 0
        },
        {
            "id": "100042098584887",
            "count": 5
        },
        {
            "id": "100092674881804",
            "count": 0
        },
        {
            "id": "100095112522479",
            "count": 0
        },
        {
            "id": "61550704066520",
            "count": 0
        },
        {
            "id": "100077672736137",
            "count": 11
        },
        {
            "id": "100073265563243",
            "count": 0
        },
        {
            "id": "61552528605499",
            "count": 0
        },
        {
            "id": "61552541794934",
            "count": 0
        },
        {
            "id": "100088894459705",
            "count": 0
        },
        {
            "id": "100065063115683",
            "count": 0
        },
        {
            "id": "100071575183469",
            "count": 0
        },
        {
            "id": "100049011639730",
            "count": 0
        },
        {
            "id": "100094087008449",
            "count": 0
        },
        {
            "id": "100034187751010",
            "count": 0
        },
        {
            "id": "61550826891708",
            "count": 0
        },
        {
            "id": "61554738463526",
            "count": 0
        },
        {
            "id": "100089077347599",
            "count": 0
        },
        {
            "id": "100067738731337",
            "count": 0
        },
        {
            "id": "61554814351946",
            "count": 0
        },
        {
            "id": "100039503649606",
            "count": 0
        },
        {
            "id": "61554780675834",
            "count": 0
        },
        {
            "id": "100094141721967",
            "count": 8
        },
        {
            "id": "100077980504363",
            "count": 40
        },
        {
            "id": "61550127394553",
            "count": 0
        },
        {
            "id": "61554870631937",
            "count": 1
        },
        {
            "id": "61555179750586",
            "count": 0
        },
        {
            "id": "61554895994044",
            "count": 8
        },
        {
            "id": "61555326274498",
            "count": 9
        },
        {
            "id": "100088662219880",
            "count": 4
        },
        {
            "id": "61554975665945",
            "count": 30
        },
        {
            "id": "61550360773406",
            "count": 0
        },
        {
            "id": "61552760283765",
            "count": 0
        },
        {
            "id": "100092619943476",
            "count": 0
        },
        {
            "id": "61555542402067",
            "count": 0
        },
        {
            "id": "61556083771358",
            "count": 0
        },
        {
            "id": "100033855186220",
            "count": 0
        },
        {
            "id": "100027399343135",
            "count": 1
        }
    ],
    "time": 2,
    "last": {
        "time": 3,
        "day": [
            {
                "id": "100085882653784",
                "count": 0
            },
            {
                "id": "100078386600260",
                "count": 0
            },
            {
                "id": "100088046124795",
                "count": 0
            },
            {
                "id": "100088417462913",
                "count": 0
            },
            {
                "id": "100085682539258",
                "count": 0
            },
            {
                "id": "100035806358605",
                "count": 0
            },
            {
                "id": "100013718950705",
                "count": 0
            },
            {
                "id": "100074931338738",
                "count": 0
            },
            {
                "id": "100075497427780",
                "count": 0
            },
            {
                "id": "100071351916527",
                "count": 0
            },
            {
                "id": "100085648951237",
                "count": 0
            },
            {
                "id": "100063953230126",
                "count": 0
            },
            {
                "id": "100091328646231",
                "count": 0
            },
            {
                "id": "100084457763389",
                "count": 0
            },
            {
                "id": "100092409150461",
                "count": 0
            },
            {
                "id": "100022250136296",
                "count": 0
            },
            {
                "id": "100049497863802",
                "count": 0
            },
            {
                "id": "100071444200233",
                "count": 0
            },
            {
                "id": "100065089610946",
                "count": 0
            },
            {
                "id": "100080426725383",
                "count": 0
            },
            {
                "id": "100074015498194",
                "count": 0
            },
            {
                "id": "100092369002428",
                "count": 0
            },
            {
                "id": "100083197298852",
                "count": 0
            },
            {
                "id": "100066004208015",
                "count": 0
            },
            {
                "id": "100084828877116",
                "count": 0
            },
            {
                "id": "100089750487268",
                "count": 0
            },
            {
                "id": "100077747912224",
                "count": 0
            },
            {
                "id": "100076001623455",
                "count": 0
            },
            {
                "id": "100014163543927",
                "count": 0
            },
            {
                "id": "100093331127256",
                "count": 0
            },
            {
                "id": "100004099470379",
                "count": 0
            },
            {
                "id": "100093284694376",
                "count": 0
            },
            {
                "id": "100092594241777",
                "count": 0
            },
            {
                "id": "100078135018196",
                "count": 0
            },
            {
                "id": "100053206541291",
                "count": 0
            },
            {
                "id": "100039669992685",
                "count": 0
            },
            {
                "id": "100092681811567",
                "count": 0
            },
            {
                "id": "100063887649811",
                "count": 0
            },
            {
                "id": "100092554517097",
                "count": 0
            },
            {
                "id": "100044870286588",
                "count": 0
            },
            {
                "id": "100085241593198",
                "count": 0
            },
            {
                "id": "100083159630315",
                "count": 0
            },
            {
                "id": "100079441930389",
                "count": 0
            },
            {
                "id": "100088911439138",
                "count": 0
            },
            {
                "id": "100089551261009",
                "count": 0
            },
            {
                "id": "100086496726394",
                "count": 0
            },
            {
                "id": "100037443647950",
                "count": 0
            },
            {
                "id": "100089783409455",
                "count": 0
            },
            {
                "id": "100000419401712",
                "count": 0
            },
            {
                "id": "100041805751115",
                "count": 0
            },
            {
                "id": "100088133313419",
                "count": 0
            },
            {
                "id": "100036535161872",
                "count": 0
            },
            {
                "id": "100092532853282",
                "count": 0
            },
            {
                "id": "100036991839928",
                "count": 0
            },
            {
                "id": "100086541573712",
                "count": 0
            },
            {
                "id": "100089106707630",
                "count": 0
            },
            {
                "id": "100086025163599",
                "count": 0
            },
            {
                "id": "100083841066233",
                "count": 0
            },
            {
                "id": "100084149373287",
                "count": 0
            },
            {
                "id": "100088401370792",
                "count": 0
            },
            {
                "id": "100085542135779",
                "count": 0
            },
            {
                "id": "100090925354126",
                "count": 0
            },
            {
                "id": "100034509211014",
                "count": 0
            },
            {
                "id": "100092398287798",
                "count": 0
            },
            {
                "id": "100080374603919",
                "count": 0
            },
            {
                "id": "100057639394903",
                "count": 0
            },
            {
                "id": "100065965592485",
                "count": 0
            },
            {
                "id": "100082192217210",
                "count": 0
            },
            {
                "id": "100092610214731",
                "count": 0
            },
            {
                "id": "100065453137577",
                "count": 0
            },
            {
                "id": "100048892837161",
                "count": 0
            },
            {
                "id": "100088360729133",
                "count": 0
            },
            {
                "id": "100088399836537",
                "count": 0
            },
            {
                "id": "100052655079440",
                "count": 0
            },
            {
                "id": "100087005111595",
                "count": 0
            },
            {
                "id": "100065157947365",
                "count": 0
            },
            {
                "id": "100091236874711",
                "count": 0
            },
            {
                "id": "100070177323616",
                "count": 0
            },
            {
                "id": "100090978901092",
                "count": 0
            },
            {
                "id": "100080678963345",
                "count": 0
            },
            {
                "id": "100048078821814",
                "count": 0
            },
            {
                "id": "100014566876530",
                "count": 0
            },
            {
                "id": "100050076673558",
                "count": 0
            },
            {
                "id": "100062089939569",
                "count": 0
            },
            {
                "id": "100094245318930",
                "count": 0
            },
            {
                "id": "100027787543647",
                "count": 0
            },
            {
                "id": "61550586416311",
                "count": 0
            },
            {
                "id": "100095350689582",
                "count": 0
            },
            {
                "id": "100087408931220",
                "count": 0
            },
            {
                "id": "100064565565387",
                "count": 0
            },
            {
                "id": "100093285994218",
                "count": 0
            },
            {
                "id": "100082967538462",
                "count": 0
            },
            {
                "id": "100079897350810",
                "count": 0
            },
            {
                "id": "100082635219835",
                "count": 0
            },
            {
                "id": "61550328011858",
                "count": 0
            },
            {
                "id": "61550577732138",
                "count": 0
            },
            {
                "id": "61550534145816",
                "count": 0
            },
            {
                "id": "100075778393362",
                "count": 0
            },
            {
                "id": "100089676048324",
                "count": 0
            },
            {
                "id": "100079231646527",
                "count": 0
            },
            {
                "id": "100091846661268",
                "count": 0
            },
            {
                "id": "100053205217759",
                "count": 0
            },
            {
                "id": "61550278199292",
                "count": 0
            },
            {
                "id": "61550241165979",
                "count": 0
            },
            {
                "id": "61550282362321",
                "count": 0
            },
            {
                "id": "61550088000548",
                "count": 0
            },
            {
                "id": "61550302787417",
                "count": 0
            },
            {
                "id": "61550619488354",
                "count": 0
            },
            {
                "id": "100033848798946",
                "count": 0
            },
            {
                "id": "100089917954897",
                "count": 0
            },
            {
                "id": "100044009376216",
                "count": 0
            },
            {
                "id": "100093172386798",
                "count": 0
            },
            {
                "id": "100086925327706",
                "count": 0
            },
            {
                "id": "100088812335203",
                "count": 0
            },
            {
                "id": "100081807440903",
                "count": 0
            },
            {
                "id": "100057184022835",
                "count": 0
            },
            {
                "id": "100088946265892",
                "count": 0
            },
            {
                "id": "100088384910174",
                "count": 0
            },
            {
                "id": "100095144113897",
                "count": 0
            },
            {
                "id": "61551502791833",
                "count": 0
            },
            {
                "id": "100065659261336",
                "count": 0
            },
            {
                "id": "100093942831906",
                "count": 0
            },
            {
                "id": "100083814073504",
                "count": 0
            },
            {
                "id": "100003406765872",
                "count": 0
            },
            {
                "id": "100055640370536",
                "count": 0
            },
            {
                "id": "100049189713406",
                "count": 0
            },
            {
                "id": "100071548719518",
                "count": 0
            },
            {
                "id": "100077644962676",
                "count": 0
            },
            {
                "id": "100025980520928",
                "count": 0
            },
            {
                "id": "100025044579986",
                "count": 0
            },
            {
                "id": "100051724779220",
                "count": 0
            },
            {
                "id": "100042098584887",
                "count": 0
            },
            {
                "id": "100092674881804",
                "count": 0
            },
            {
                "id": "100095112522479",
                "count": 0
            },
            {
                "id": "61550704066520",
                "count": 0
            },
            {
                "id": "100077672736137",
                "count": 0
            },
            {
                "id": "100073265563243",
                "count": 0
            },
            {
                "id": "100036952638979",
                "count": 0
            },
            {
                "id": "100072727941471",
                "count": 0
            },
            {
                "id": "61552528605499",
                "count": 0
            },
            {
                "id": "61552541794934",
                "count": 0
            },
            {
                "id": "100052796674199",
                "count": 0
            },
            {
                "id": "100088894459705",
                "count": 0
            },
            {
                "id": "100065063115683",
                "count": 0
            },
            {
                "id": "100071575183469",
                "count": 0
            },
            {
                "id": "100049011639730",
                "count": 0
            },
            {
                "id": "100094087008449",
                "count": 0
            },
            {
                "id": "100034187751010",
                "count": 0
            },
            {
                "id": "61550826891708",
                "count": 0
            },
            {
                "id": "61554738463526",
                "count": 0
            },
            {
                "id": "100089077347599",
                "count": 0
            },
            {
                "id": "100053586885851",
                "count": 0
            },
            {
                "id": "100067738731337",
                "count": 0
            },
            {
                "id": "61554814351946",
                "count": 0
            },
            {
                "id": "100039503649606",
                "count": 0
            },
            {
                "id": "61554780675834",
                "count": 0
            },
            {
                "id": "100094141721967",
                "count": 0
            },
            {
                "id": "100077980504363",
                "count": 0
            },
            {
                "id": "61550127394553",
                "count": 0
            },
            {
                "id": "61554870631937",
                "count": 0
            },
            {
                "id": "61555179750586",
                "count": 0
            },
            {
                "id": "61554895994044",
                "count": 0
            },
            {
                "id": "61555326274498",
                "count": 0
            },
            {
                "id": "100088662219880",
                "count": 0
            },
            {
                "id": "61554975665945",
                "count": 0
            },
            {
                "id": "61550360773406",
                "count": 0
            },
            {
                "id": "100089670625526",
                "count": 0
            },
            {
                "id": "61552760283765",
                "count": 0
            },
            {
                "id": "100092619943476",
                "count": 0
            },
            {
                "id": "61555542402067",
                "count": 0
            },
            {
                "id": "61556083771358",
                "count": 0
            },
            {
                "id": "100033855186220",
                "count": 0
            },
            {
                "id": "100027399343135",
                "count": 0
            }
        ],
        "week": [
            {
                "id": "100085882653784",
                "count": 0
            },
            {
                "id": "100078386600260",
                "count": 0
            },
            {
                "id": "100088046124795",
                "count": 0
            },
            {
                "id": "100088417462913",
                "count": 0
            },
            {
                "id": "100085682539258",
                "count": 0
            },
            {
                "id": "100035806358605",
                "count": 0
            },
            {
                "id": "100013718950705",
                "count": 0
            },
            {
                "id": "100074931338738",
                "count": 0
            },
            {
                "id": "100075497427780",
                "count": 0
            },
            {
                "id": "100071351916527",
                "count": 0
            },
            {
                "id": "100085648951237",
                "count": 0
            },
            {
                "id": "100063953230126",
                "count": 0
            },
            {
                "id": "100091328646231",
                "count": 0
            },
            {
                "id": "100084457763389",
                "count": 0
            },
            {
                "id": "100092409150461",
                "count": 0
            },
            {
                "id": "100022250136296",
                "count": 0
            },
            {
                "id": "100049497863802",
                "count": 0
            },
            {
                "id": "100071444200233",
                "count": 0
            },
            {
                "id": "100065089610946",
                "count": 0
            },
            {
                "id": "100080426725383",
                "count": 0
            },
            {
                "id": "100074015498194",
                "count": 0
            },
            {
                "id": "100092369002428",
                "count": 0
            },
            {
                "id": "100083197298852",
                "count": 0
            },
            {
                "id": "100066004208015",
                "count": 0
            },
            {
                "id": "100084828877116",
                "count": 0
            },
            {
                "id": "100089750487268",
                "count": 0
            },
            {
                "id": "100077747912224",
                "count": 0
            },
            {
                "id": "100076001623455",
                "count": 0
            },
            {
                "id": "100014163543927",
                "count": 0
            },
            {
                "id": "100093331127256",
                "count": 0
            },
            {
                "id": "100004099470379",
                "count": 0
            },
            {
                "id": "100093284694376",
                "count": 0
            },
            {
                "id": "100092594241777",
                "count": 0
            },
            {
                "id": "100078135018196",
                "count": 0
            },
            {
                "id": "100053206541291",
                "count": 0
            },
            {
                "id": "100039669992685",
                "count": 0
            },
            {
                "id": "100092681811567",
                "count": 0
            },
            {
                "id": "100063887649811",
                "count": 0
            },
            {
                "id": "100092554517097",
                "count": 0
            },
            {
                "id": "100044870286588",
                "count": 0
            },
            {
                "id": "100085241593198",
                "count": 0
            },
            {
                "id": "100083159630315",
                "count": 0
            },
            {
                "id": "100079441930389",
                "count": 0
            },
            {
                "id": "100088911439138",
                "count": 0
            },
            {
                "id": "100089551261009",
                "count": 0
            },
            {
                "id": "100086496726394",
                "count": 0
            },
            {
                "id": "100037443647950",
                "count": 0
            },
            {
                "id": "100089783409455",
                "count": 0
            },
            {
                "id": "100000419401712",
                "count": 0
            },
            {
                "id": "100041805751115",
                "count": 0
            },
            {
                "id": "100088133313419",
                "count": 0
            },
            {
                "id": "100036535161872",
                "count": 0
            },
            {
                "id": "100092532853282",
                "count": 0
            },
            {
                "id": "100036991839928",
                "count": 0
            },
            {
                "id": "100086541573712",
                "count": 0
            },
            {
                "id": "100089106707630",
                "count": 0
            },
            {
                "id": "100086025163599",
                "count": 0
            },
            {
                "id": "100083841066233",
                "count": 0
            },
            {
                "id": "100084149373287",
                "count": 0
            },
            {
                "id": "100088401370792",
                "count": 0
            },
            {
                "id": "100085542135779",
                "count": 0
            },
            {
                "id": "100090925354126",
                "count": 0
            },
            {
                "id": "100034509211014",
                "count": 0
            },
            {
                "id": "100092398287798",
                "count": 0
            },
            {
                "id": "100080374603919",
                "count": 0
            },
            {
                "id": "100057639394903",
                "count": 0
            },
            {
                "id": "100065965592485",
                "count": 0
            },
            {
                "id": "100082192217210",
                "count": 0
            },
            {
                "id": "100092610214731",
                "count": 0
            },
            {
                "id": "100065453137577",
                "count": 0
            },
            {
                "id": "100048892837161",
                "count": 0
            },
            {
                "id": "100088360729133",
                "count": 0
            },
            {
                "id": "100088399836537",
                "count": 0
            },
            {
                "id": "100052655079440",
                "count": 0
            },
            {
                "id": "100087005111595",
                "count": 0
            },
            {
                "id": "100065157947365",
                "count": 0
            },
            {
                "id": "100091236874711",
                "count": 0
            },
            {
                "id": "100070177323616",
                "count": 0
            },
            {
                "id": "100090978901092",
                "count": 0
            },
            {
                "id": "100080678963345",
                "count": 0
            },
            {
                "id": "100048078821814",
                "count": 0
            },
            {
                "id": "100014566876530",
                "count": 0
            },
            {
                "id": "100050076673558",
                "count": 0
            },
            {
                "id": "100062089939569",
                "count": 0
            },
            {
                "id": "100094245318930",
                "count": 0
            },
            {
                "id": "100027787543647",
                "count": 0
            },
            {
                "id": "61550586416311",
                "count": 0
            },
            {
                "id": "100095350689582",
                "count": 0
            },
            {
                "id": "100087408931220",
                "count": 0
            },
            {
                "id": "100064565565387",
                "count": 0
            },
            {
                "id": "100093285994218",
                "count": 0
            },
            {
                "id": "100082967538462",
                "count": 0
            },
            {
                "id": "100079897350810",
                "count": 0
            },
            {
                "id": "100082635219835",
                "count": 0
            },
            {
                "id": "61550328011858",
                "count": 0
            },
            {
                "id": "61550577732138",
                "count": 0
            },
            {
                "id": "61550534145816",
                "count": 0
            },
            {
                "id": "100075778393362",
                "count": 0
            },
            {
                "id": "100089676048324",
                "count": 0
            },
            {
                "id": "100079231646527",
                "count": 0
            },
            {
                "id": "100091846661268",
                "count": 0
            },
            {
                "id": "100053205217759",
                "count": 0
            },
            {
                "id": "61550278199292",
                "count": 0
            },
            {
                "id": "61550241165979",
                "count": 0
            },
            {
                "id": "61550282362321",
                "count": 0
            },
            {
                "id": "61550088000548",
                "count": 0
            },
            {
                "id": "61550302787417",
                "count": 0
            },
            {
                "id": "61550619488354",
                "count": 0
            },
            {
                "id": "100033848798946",
                "count": 0
            },
            {
                "id": "100089917954897",
                "count": 0
            },
            {
                "id": "100044009376216",
                "count": 0
            },
            {
                "id": "100093172386798",
                "count": 0
            },
            {
                "id": "100086925327706",
                "count": 0
            },
            {
                "id": "100088812335203",
                "count": 0
            },
            {
                "id": "100081807440903",
                "count": 0
            },
            {
                "id": "100057184022835",
                "count": 0
            },
            {
                "id": "100088946265892",
                "count": 0
            },
            {
                "id": "100088384910174",
                "count": 0
            },
            {
                "id": "100095144113897",
                "count": 0
            },
            {
                "id": "61551502791833",
                "count": 0
            },
            {
                "id": "100065659261336",
                "count": 0
            },
            {
                "id": "100093942831906",
                "count": 0
            },
            {
                "id": "100083814073504",
                "count": 0
            },
            {
                "id": "100003406765872",
                "count": 0
            },
            {
                "id": "100055640370536",
                "count": 0
            },
            {
                "id": "100049189713406",
                "count": 0
            },
            {
                "id": "100071548719518",
                "count": 0
            },
            {
                "id": "100077644962676",
                "count": 0
            },
            {
                "id": "100025980520928",
                "count": 0
            },
            {
                "id": "100025044579986",
                "count": 0
            },
            {
                "id": "100051724779220",
                "count": 0
            },
            {
                "id": "100042098584887",
                "count": 0
            },
            {
                "id": "100092674881804",
                "count": 0
            },
            {
                "id": "100095112522479",
                "count": 0
            },
            {
                "id": "61550704066520",
                "count": 0
            },
            {
                "id": "100077672736137",
                "count": 0
            },
            {
                "id": "100073265563243",
                "count": 0
            },
            {
                "id": "100036952638979",
                "count": 0
            },
            {
                "id": "100072727941471",
                "count": 0
            },
            {
                "id": "61552528605499",
                "count": 0
            },
            {
                "id": "61552541794934",
                "count": 0
            },
            {
                "id": "100052796674199",
                "count": 0
            },
            {
                "id": "100088894459705",
                "count": 0
            },
            {
                "id": "100065063115683",
                "count": 0
            },
            {
                "id": "100071575183469",
                "count": 0
            },
            {
                "id": "100049011639730",
                "count": 0
            },
            {
                "id": "100094087008449",
                "count": 0
            },
            {
                "id": "100034187751010",
                "count": 0
            },
            {
                "id": "61550826891708",
                "count": 0
            },
            {
                "id": "61554738463526",
                "count": 0
            },
            {
                "id": "100089077347599",
                "count": 0
            },
            {
                "id": "100053586885851",
                "count": 0
            },
            {
                "id": "100067738731337",
                "count": 0
            },
            {
                "id": "61554814351946",
                "count": 0
            },
            {
                "id": "100039503649606",
                "count": 0
            },
            {
                "id": "61554780675834",
                "count": 0
            },
            {
                "id": "100094141721967",
                "count": 0
            },
            {
                "id": "100077980504363",
                "count": 0
            },
            {
                "id": "61550127394553",
                "count": 0
            },
            {
                "id": "61554870631937",
                "count": 0
            },
            {
                "id": "61555179750586",
                "count": 0
            },
            {
                "id": "61554895994044",
                "count": 0
            },
            {
                "id": "61555326274498",
                "count": 0
            },
            {
                "id": "100088662219880",
                "count": 0
            },
            {
                "id": "61554975665945",
                "count": 0
            },
            {
                "id": "61550360773406",
                "count": 0
            },
            {
                "id": "100089670625526",
                "count": 0
            },
            {
                "id": "61552760283765",
                "count": 0
            },
            {
                "id": "100092619943476",
                "count": 0
            },
            {
                "id": "61555542402067",
                "count": 0
            },
            {
                "id": "61556083771358",
                "count": 0
            },
            {
                "id": "100033855186220",
                "count": 0
            },
            {
                "id": "100027399343135",
                "count": 0
            }
        ]
    }
}