{
    "total": [
        {
            "id": "100056992160405",
            "count": 8
        },
        {
            "id": "100082104586323",
            "count": 0
        },
        {
            "id": "100075401250019",
            "count": 54
        },
        {
            "id": "100000732833159",
            "count": 4
        },
        {
            "id": "1489675800",
            "count": 61
        },
        {
            "id": "100011422572422",
            "count": 15
        },
        {
            "id": "100056385116028",
            "count": 0
        },
        {
            "id": "2514554",
            "count": 0
        },
        {
            "id": "100035731083424",
            "count": 0
        },
        {
            "id": "100083205727767",
            "count": 3
        },
        {
            "id": "100022448225417",
            "count": 3
        },
        {
            "id": "100040761302134",
            "count": 0
        },
        {
            "id": "100047492597228",
            "count": 0
        },
        {
            "id": "100083631244697",
            "count": 0
        },
        {
            "id": "100077980504363",
            "count": 67
        },
        {
            "id": "100024965202760",
            "count": 0
        },
        {
            "id": "1417149937",
            "count": 2
        },
        {
            "id": "100001127717039",
            "count": 0
        },
        {
            "id": "100080694111402",
            "count": 1
        },
        {
            "id": "100048121433546",
            "count": 0
        },
        {
            "id": "100007653399051",
            "count": 2
        },
        {
            "id": "100038379006171",
            "count": 0
        },
        {
            "id": "100016943651784",
            "count": 0
        },
        {
            "id": "100077557920226",
            "count": 0
        },
        {
            "id": "61552013775600",
            "count": 0
        },
        {
            "id": "100093508264519",
            "count": 0
        },
        {
            "id": "100002268728586",
            "count": 0
        },
        {
            "id": "100092218832928",
            "count": 0
        },
        {
            "id": "61552004121558",
            "count": 0
        },
        {
            "id": "100047874375055",
            "count": 0
        },
        {
            "id": "61552531583261",
            "count": 0
        },
        {
            "id": "100070796494583",
            "count": 0
        },
        {
            "id": "1153327407",
            "count": 1
        },
        {
            "id": "100025536690946",
            "count": 0
        },
        {
            "id": "100039208597307",
            "count": 0
        },
        {
            "id": "100057833711440",
            "count": 0
        },
        {
            "id": "100090095755829",
            "count": 0
        },
        {
            "id": "1619995045",
            "count": 0
        },
        {
            "id": "100001599530779",
            "count": 0
        },
        {
            "id": "100088534600127",
            "count": 0
        },
        {
            "id": "100087432696130",
            "count": 0
        },
        {
            "id": "100066802922565",
            "count": 46
        },
        {
            "id": "100073280626414",
            "count": 14
        },
        {
            "id": "1551310958",
            "count": 0
        },
        {
            "id": "100011446702276",
            "count": 0
        },
        {
            "id": "573331286",
            "count": 11
        },
        {
            "id": "832704028",
            "count": 11
        },
        {
            "id": "100025452960563",
            "count": 1
        },
        {
            "id": "100050010891663",
            "count": 0
        },
        {
            "id": "100058669320637",
            "count": 0
        },
        {
            "id": "100060894693968",
            "count": 29
        },
        {
            "id": "100083622856752",
            "count": 0
        },
        {
            "id": "746292710",
            "count": 14
        },
        {
            "id": "61550126549146",
            "count": 55
        },
        {
            "id": "100000306189948",
            "count": 0
        },
        {
            "id": "100080460494622",
            "count": 1
        },
        {
            "id": "61552377212077",
            "count": 0
        },
        {
            "id": "61550576317267",
            "count": 0
        },
        {
            "id": "100062426421455",
            "count": 2
        },
        {
            "id": "100063050334248",
            "count": 23
        },
        {
            "id": "100076965934609",
            "count": 2
        },
        {
            "id": "100001046658840",
            "count": 0
        },
        {
            "id": "61554538358617",
            "count": 0
        },
        {
            "id": "100070815402204",
            "count": 0
        },
        {
            "id": "100080269527896",
            "count": 0
        }
    ],
    "week": [
        {
            "id": "100056992160405",
            "count": 8
        },
        {
            "id": "100082104586323",
            "count": 0
        },
        {
            "id": "100075401250019",
            "count": 54
        },
        {
            "id": "100000732833159",
            "count": 4
        },
        {
            "id": "1489675800",
            "count": 61
        },
        {
            "id": "100011422572422",
            "count": 15
        },
        {
            "id": "100056385116028",
            "count": 0
        },
        {
            "id": "2514554",
            "count": 0
        },
        {
            "id": "100035731083424",
            "count": 0
        },
        {
            "id": "100083205727767",
            "count": 3
        },
        {
            "id": "100022448225417",
            "count": 3
        },
        {
            "id": "100040761302134",
            "count": 0
        },
        {
            "id": "100047492597228",
            "count": 0
        },
        {
            "id": "100083631244697",
            "count": 0
        },
        {
            "id": "100077980504363",
            "count": 67
        },
        {
            "id": "100024965202760",
            "count": 0
        },
        {
            "id": "1417149937",
            "count": 2
        },
        {
            "id": "100001127717039",
            "count": 0
        },
        {
            "id": "100080694111402",
            "count": 1
        },
        {
            "id": "100048121433546",
            "count": 0
        },
        {
            "id": "100007653399051",
            "count": 2
        },
        {
            "id": "100038379006171",
            "count": 0
        },
        {
            "id": "100016943651784",
            "count": 0
        },
        {
            "id": "100077557920226",
            "count": 0
        },
        {
            "id": "61552013775600",
            "count": 0
        },
        {
            "id": "100093508264519",
            "count": 0
        },
        {
            "id": "100002268728586",
            "count": 0
        },
        {
            "id": "100092218832928",
            "count": 0
        },
        {
            "id": "61552004121558",
            "count": 0
        },
        {
            "id": "100047874375055",
            "count": 0
        },
        {
            "id": "61552531583261",
            "count": 0
        },
        {
            "id": "100070796494583",
            "count": 0
        },
        {
            "id": "1153327407",
            "count": 1
        },
        {
            "id": "100025536690946",
            "count": 0
        },
        {
            "id": "100039208597307",
            "count": 0
        },
        {
            "id": "100057833711440",
            "count": 0
        },
        {
            "id": "100090095755829",
            "count": 0
        },
        {
            "id": "1619995045",
            "count": 0
        },
        {
            "id": "100001599530779",
            "count": 0
        },
        {
            "id": "100088534600127",
            "count": 0
        },
        {
            "id": "100087432696130",
            "count": 0
        },
        {
            "id": "100066802922565",
            "count": 46
        },
        {
            "id": "100073280626414",
            "count": 14
        },
        {
            "id": "1551310958",
            "count": 0
        },
        {
            "id": "100011446702276",
            "count": 0
        },
        {
            "id": "573331286",
            "count": 11
        },
        {
            "id": "832704028",
            "count": 11
        },
        {
            "id": "100025452960563",
            "count": 1
        },
        {
            "id": "100050010891663",
            "count": 0
        },
        {
            "id": "100058669320637",
            "count": 0
        },
        {
            "id": "100060894693968",
            "count": 29
        },
        {
            "id": "100083622856752",
            "count": 0
        },
        {
            "id": "746292710",
            "count": 14
        },
        {
            "id": "61550126549146",
            "count": 55
        },
        {
            "id": "100000306189948",
            "count": 0
        },
        {
            "id": "100080460494622",
            "count": 1
        },
        {
            "id": "61552377212077",
            "count": 0
        },
        {
            "id": "61550576317267",
            "count": 0
        },
        {
            "id": "100062426421455",
            "count": 2
        },
        {
            "id": "100063050334248",
            "count": 23
        },
        {
            "id": "100076965934609",
            "count": 2
        },
        {
            "id": "100001046658840",
            "count": 0
        },
        {
            "id": "61554538358617",
            "count": 0
        },
        {
            "id": "100070815402204",
            "count": 0
        },
        {
            "id": "100080269527896",
            "count": 0
        }
    ],
    "day": [
        {
            "id": "100056992160405",
            "count": 8
        },
        {
            "id": "100082104586323",
            "count": 0
        },
        {
            "id": "100075401250019",
            "count": 54
        },
        {
            "id": "100000732833159",
            "count": 4
        },
        {
            "id": "1489675800",
            "count": 61
        },
        {
            "id": "100011422572422",
            "count": 15
        },
        {
            "id": "100056385116028",
            "count": 0
        },
        {
            "id": "2514554",
            "count": 0
        },
        {
            "id": "100035731083424",
            "count": 0
        },
        {
            "id": "100083205727767",
            "count": 3
        },
        {
            "id": "100022448225417",
            "count": 3
        },
        {
            "id": "100040761302134",
            "count": 0
        },
        {
            "id": "100047492597228",
            "count": 0
        },
        {
            "id": "100083631244697",
            "count": 0
        },
        {
            "id": "100077980504363",
            "count": 67
        },
        {
            "id": "100024965202760",
            "count": 0
        },
        {
            "id": "1417149937",
            "count": 2
        },
        {
            "id": "100001127717039",
            "count": 0
        },
        {
            "id": "100080694111402",
            "count": 1
        },
        {
            "id": "100048121433546",
            "count": 0
        },
        {
            "id": "100007653399051",
            "count": 2
        },
        {
            "id": "100038379006171",
            "count": 0
        },
        {
            "id": "100016943651784",
            "count": 0
        },
        {
            "id": "100077557920226",
            "count": 0
        },
        {
            "id": "61552013775600",
            "count": 0
        },
        {
            "id": "100093508264519",
            "count": 0
        },
        {
            "id": "100002268728586",
            "count": 0
        },
        {
            "id": "100092218832928",
            "count": 0
        },
        {
            "id": "61552004121558",
            "count": 0
        },
        {
            "id": "100047874375055",
            "count": 0
        },
        {
            "id": "61552531583261",
            "count": 0
        },
        {
            "id": "100070796494583",
            "count": 0
        },
        {
            "id": "1153327407",
            "count": 1
        },
        {
            "id": "100025536690946",
            "count": 0
        },
        {
            "id": "100039208597307",
            "count": 0
        },
        {
            "id": "100057833711440",
            "count": 0
        },
        {
            "id": "100090095755829",
            "count": 0
        },
        {
            "id": "1619995045",
            "count": 0
        },
        {
            "id": "100001599530779",
            "count": 0
        },
        {
            "id": "100088534600127",
            "count": 0
        },
        {
            "id": "100087432696130",
            "count": 0
        },
        {
            "id": "100066802922565",
            "count": 46
        },
        {
            "id": "100073280626414",
            "count": 14
        },
        {
            "id": "1551310958",
            "count": 0
        },
        {
            "id": "100011446702276",
            "count": 0
        },
        {
            "id": "573331286",
            "count": 11
        },
        {
            "id": "832704028",
            "count": 11
        },
        {
            "id": "100025452960563",
            "count": 1
        },
        {
            "id": "100050010891663",
            "count": 0
        },
        {
            "id": "100058669320637",
            "count": 0
        },
        {
            "id": "100060894693968",
            "count": 29
        },
        {
            "id": "100083622856752",
            "count": 0
        },
        {
            "id": "746292710",
            "count": 14
        },
        {
            "id": "61550126549146",
            "count": 55
        },
        {
            "id": "100000306189948",
            "count": 0
        },
        {
            "id": "100080460494622",
            "count": 1
        },
        {
            "id": "61552377212077",
            "count": 0
        },
        {
            "id": "61550576317267",
            "count": 0
        },
        {
            "id": "100062426421455",
            "count": 2
        },
        {
            "id": "100063050334248",
            "count": 23
        },
        {
            "id": "100076965934609",
            "count": 2
        },
        {
            "id": "100001046658840",
            "count": 0
        },
        {
            "id": "61554538358617",
            "count": 0
        },
        {
            "id": "100070815402204",
            "count": 0
        },
        {
            "id": "100080269527896",
            "count": 0
        }
    ],
    "time": 2,
    "last": {
        "time": 4,
        "day": [
            {
                "id": "100056992160405",
                "count": 0
            },
            {
                "id": "100082104586323",
                "count": 0
            },
            {
                "id": "100075401250019",
                "count": 0
            },
            {
                "id": "100000732833159",
                "count": 0
            },
            {
                "id": "1489675800",
                "count": 0
            },
            {
                "id": "100011422572422",
                "count": 0
            },
            {
                "id": "100056385116028",
                "count": 0
            },
            {
                "id": "2514554",
                "count": 0
            },
            {
                "id": "100035731083424",
                "count": 0
            },
            {
                "id": "100083205727767",
                "count": 0
            },
            {
                "id": "100022448225417",
                "count": 0
            },
            {
                "id": "100040761302134",
                "count": 0
            },
            {
                "id": "100078007916161",
                "count": 0
            },
            {
                "id": "100047492597228",
                "count": 0
            },
            {
                "id": "100083631244697",
                "count": 0
            },
            {
                "id": "100077980504363",
                "count": 0
            },
            {
                "id": "100024965202760",
                "count": 0
            },
            {
                "id": "1417149937",
                "count": 0
            },
            {
                "id": "100001127717039",
                "count": 0
            },
            {
                "id": "100080694111402",
                "count": 0
            },
            {
                "id": "100048121433546",
                "count": 0
            },
            {
                "id": "100007653399051",
                "count": 0
            },
            {
                "id": "100038379006171",
                "count": 0
            },
            {
                "id": "100016943651784",
                "count": 0
            },
            {
                "id": "100077557920226",
                "count": 0
            },
            {
                "id": "61552013775600",
                "count": 0
            },
            {
                "id": "100093508264519",
                "count": 0
            },
            {
                "id": "100002268728586",
                "count": 0
            },
            {
                "id": "100092218832928",
                "count": 0
            },
            {
                "id": "61552004121558",
                "count": 0
            },
            {
                "id": "100047874375055",
                "count": 0
            },
            {
                "id": "100089258343808",
                "count": 0
            },
            {
                "id": "61552531583261",
                "count": 0
            },
            {
                "id": "100070796494583",
                "count": 0
            },
            {
                "id": "1153327407",
                "count": 0
            },
            {
                "id": "100025536690946",
                "count": 0
            },
            {
                "id": "100039208597307",
                "count": 0
            },
            {
                "id": "100057833711440",
                "count": 0
            },
            {
                "id": "100090095755829",
                "count": 0
            },
            {
                "id": "1619995045",
                "count": 0
            },
            {
                "id": "100001599530779",
                "count": 0
            },
            {
                "id": "100088534600127",
                "count": 0
            },
            {
                "id": "100087432696130",
                "count": 0
            },
            {
                "id": "100066802922565",
                "count": 0
            },
            {
                "id": "100073280626414",
                "count": 0
            },
            {
                "id": "1551310958",
                "count": 0
            },
            {
                "id": "100011446702276",
                "count": 0
            },
            {
                "id": "573331286",
                "count": 0
            },
            {
                "id": "832704028",
                "count": 0
            },
            {
                "id": "1290157550",
                "count": 0
            },
            {
                "id": "100025452960563",
                "count": 0
            },
            {
                "id": "100034128750199",
                "count": 0
            },
            {
                "id": "100048593391564",
                "count": 0
            },
            {
                "id": "100050010891663",
                "count": 0
            },
            {
                "id": "100058669320637",
                "count": 0
            },
            {
                "id": "100060894693968",
                "count": 0
            },
            {
                "id": "100083622856752",
                "count": 0
            },
            {
                "id": "100091742887044",
                "count": 0
            },
            {
                "id": "746292710",
                "count": 0
            },
            {
                "id": "100014811933322",
                "count": 0
            },
            {
                "id": "61550126549146",
                "count": 0
            },
            {
                "id": "100000306189948",
                "count": 0
            },
            {
                "id": "100080460494622",
                "count": 0
            },
            {
                "id": "61552377212077",
                "count": 0
            },
            {
                "id": "61550576317267",
                "count": 0
            },
            {
                "id": "100062426421455",
                "count": 0
            },
            {
                "id": "100063050334248",
                "count": 0
            },
            {
                "id": "100001046658840",
                "count": 0
            },
            {
                "id": "61554538358617",
                "count": 0
            },
            {
                "id": "100076965934609",
                "count": 0
            },
            {
                "id": "100070815402204",
                "count": 0
            },
            {
                "id": "100080269527896",
                "count": 0
            }
        ],
        "week": [
            {
                "id": "100056992160405",
                "count": 0
            },
            {
                "id": "100082104586323",
                "count": 0
            },
            {
                "id": "100075401250019",
                "count": 0
            },
            {
                "id": "100000732833159",
                "count": 0
            },
            {
                "id": "1489675800",
                "count": 0
            },
            {
                "id": "100011422572422",
                "count": 0
            },
            {
                "id": "100056385116028",
                "count": 0
            },
            {
                "id": "2514554",
                "count": 0
            },
            {
                "id": "100035731083424",
                "count": 0
            },
            {
                "id": "100083205727767",
                "count": 0
            },
            {
                "id": "100022448225417",
                "count": 0
            },
            {
                "id": "100040761302134",
                "count": 0
            },
            {
                "id": "100078007916161",
                "count": 0
            },
            {
                "id": "100047492597228",
                "count": 0
            },
            {
                "id": "100083631244697",
                "count": 0
            },
            {
                "id": "100077980504363",
                "count": 0
            },
            {
                "id": "100024965202760",
                "count": 0
            },
            {
                "id": "1417149937",
                "count": 0
            },
            {
                "id": "100001127717039",
                "count": 0
            },
            {
                "id": "100080694111402",
                "count": 0
            },
            {
                "id": "100048121433546",
                "count": 0
            },
            {
                "id": "100007653399051",
                "count": 0
            },
            {
                "id": "100038379006171",
                "count": 0
            },
            {
                "id": "100016943651784",
                "count": 0
            },
            {
                "id": "100077557920226",
                "count": 0
            },
            {
                "id": "61552013775600",
                "count": 0
            },
            {
                "id": "100093508264519",
                "count": 0
            },
            {
                "id": "100002268728586",
                "count": 0
            },
            {
                "id": "100092218832928",
                "count": 0
            },
            {
                "id": "61552004121558",
                "count": 0
            },
            {
                "id": "100047874375055",
                "count": 0
            },
            {
                "id": "100089258343808",
                "count": 0
            },
            {
                "id": "61552531583261",
                "count": 0
            },
            {
                "id": "100070796494583",
                "count": 0
            },
            {
                "id": "1153327407",
                "count": 0
            },
            {
                "id": "100025536690946",
                "count": 0
            },
            {
                "id": "100039208597307",
                "count": 0
            },
            {
                "id": "100057833711440",
                "count": 0
            },
            {
                "id": "100090095755829",
                "count": 0
            },
            {
                "id": "1619995045",
                "count": 0
            },
            {
                "id": "100001599530779",
                "count": 0
            },
            {
                "id": "100088534600127",
                "count": 0
            },
            {
                "id": "100087432696130",
                "count": 0
            },
            {
                "id": "100066802922565",
                "count": 0
            },
            {
                "id": "100073280626414",
                "count": 0
            },
            {
                "id": "1551310958",
                "count": 0
            },
            {
                "id": "100011446702276",
                "count": 0
            },
            {
                "id": "573331286",
                "count": 0
            },
            {
                "id": "832704028",
                "count": 0
            },
            {
                "id": "1290157550",
                "count": 0
            },
            {
                "id": "100025452960563",
                "count": 0
            },
            {
                "id": "100034128750199",
                "count": 0
            },
            {
                "id": "100048593391564",
                "count": 0
            },
            {
                "id": "100050010891663",
                "count": 0
            },
            {
                "id": "100058669320637",
                "count": 0
            },
            {
                "id": "100060894693968",
                "count": 0
            },
            {
                "id": "100083622856752",
                "count": 0
            },
            {
                "id": "100091742887044",
                "count": 0
            },
            {
                "id": "746292710",
                "count": 0
            },
            {
                "id": "100014811933322",
                "count": 0
            },
            {
                "id": "61550126549146",
                "count": 0
            },
            {
                "id": "100000306189948",
                "count": 0
            },
            {
                "id": "100080460494622",
                "count": 0
            },
            {
                "id": "61552377212077",
                "count": 0
            },
            {
                "id": "61550576317267",
                "count": 0
            },
            {
                "id": "100062426421455",
                "count": 0
            },
            {
                "id": "100063050334248",
                "count": 0
            },
            {
                "id": "100001046658840",
                "count": 0
            },
            {
                "id": "61554538358617",
                "count": 0
            },
            {
                "id": "100076965934609",
                "count": 0
            },
            {
                "id": "100070815402204",
                "count": 0
            },
            {
                "id": "100080269527896",
                "count": 0
            }
        ]
    }
}