{
    "total": [
        {
            "id": "100071912125377",
            "count": 0
        },
        {
            "id": "100058149848731",
            "count": 0
        },
        {
            "id": "100077980504363",
            "count": 7
        }
    ],
    "week": [
        {
            "id": "100071912125377",
            "count": 0
        },
        {
            "id": "100058149848731",
            "count": 0
        },
        {
            "id": "100077980504363",
            "count": 7
        }
    ],
    "day": [
        {
            "id": "100071912125377",
            "count": 0
        },
        {
            "id": "100058149848731",
            "count": 0
        },
        {
            "id": "100077980504363",
            "count": 7
        }
    ],
    "time": 2,
    "last": {
        "time": 4,
        "day": [
            {
                "id": "100071912125377",
                "count": 0
            },
            {
                "id": "100058149848731",
                "count": 0
            },
            {
                "id": "100077980504363",
                "count": 0
            },
            {
                "id": "100050671301677",
                "count": 0
            }
        ],
        "week": [
            {
                "id": "100071912125377",
                "count": 0
            },
            {
                "id": "100058149848731",
                "count": 0
            },
            {
                "id": "100077980504363",
                "count": 0
            },
            {
                "id": "100050671301677",
                "count": 0
            }
        ]
    }
}