{
    "total": [
        {
            "id": "100074978290764",
            "count": 0
        },
        {
            "id": "61552840936465",
            "count": 48
        },
        {
            "id": "100086345450534",
            "count": 26
        },
        {
            "id": "61555669951304",
            "count": 64
        },
        {
            "id": "100085032793819",
            "count": 5
        },
        {
            "id": "100077980504363",
            "count": 44
        }
    ],
    "week": [
        {
            "id": "100074978290764",
            "count": 0
        },
        {
            "id": "61552840936465",
            "count": 48
        },
        {
            "id": "100086345450534",
            "count": 26
        },
        {
            "id": "61555669951304",
            "count": 64
        },
        {
            "id": "100085032793819",
            "count": 5
        },
        {
            "id": "100077980504363",
            "count": 44
        }
    ],
    "day": [
        {
            "id": "100074978290764",
            "count": 0
        },
        {
            "id": "61552840936465",
            "count": 48
        },
        {
            "id": "100086345450534",
            "count": 26
        },
        {
            "id": "61555669951304",
            "count": 64
        },
        {
            "id": "100085032793819",
            "count": 5
        },
        {
            "id": "100077980504363",
            "count": 44
        }
    ],
    "time": 2,
    "last": {
        "time": 1,
        "day": [
            {
                "id": "100074978290764",
                "count": 0
            },
            {
                "id": "61552840936465",
                "count": 0
            },
            {
                "id": "100041541384323",
                "count": 0
            },
            {
                "id": "100086345450534",
                "count": 0
            },
            {
                "id": "61555669951304",
                "count": 0
            },
            {
                "id": "100085032793819",
                "count": 0
            },
            {
                "id": "100077980504363",
                "count": 0
            }
        ],
        "week": [
            {
                "id": "100074978290764",
                "count": 0
            },
            {
                "id": "61552840936465",
                "count": 0
            },
            {
                "id": "100041541384323",
                "count": 0
            },
            {
                "id": "100086345450534",
                "count": 0
            },
            {
                "id": "61555669951304",
                "count": 0
            },
            {
                "id": "100085032793819",
                "count": 0
            },
            {
                "id": "100077980504363",
                "count": 0
            }
        ]
    }
}