{
    "total": [
        {
            "id": "100074142183168",
            "count": 7
        },
        {
            "id": "1177560038",
            "count": 9
        },
        {
            "id": "100056565229471",
            "count": 10
        },
        {
            "id": "100050671301677",
            "count": 47
        },
        {
            "id": "100037465932663",
            "count": 0
        },
        {
            "id": "100093082543154",
            "count": 116
        },
        {
            "id": "100073137742165",
            "count": 11
        },
        {
            "id": "61550197623894",
            "count": 1
        },
        {
            "id": "100000542968113",
            "count": 0
        },
        {
            "id": "100046642711399",
            "count": 0
        },
        {
            "id": "100088232052181",
            "count": 9
        },
        {
            "id": "100092157694008",
            "count": 13
        },
        {
            "id": "100075493308135",
            "count": 91
        },
        {
            "id": "100041600164073",
            "count": 10
        },
        {
            "id": "100082055229744",
            "count": 2
        },
        {
            "id": "100028548344383",
            "count": 2
        },
        {
            "id": "100085088395095",
            "count": 15
        },
        {
            "id": "100085266196708",
            "count": 0
        },
        {
            "id": "100067508386723",
            "count": 8
        },
        {
            "id": "100074293234284",
            "count": 16
        },
        {
            "id": "100081797352234",
            "count": 1
        },
        {
            "id": "100079827743922",
            "count": 164
        },
        {
            "id": "100023419935399",
            "count": 0
        },
        {
            "id": "100088286371303",
            "count": 0
        },
        {
            "id": "100077980504363",
            "count": 260
        },
        {
            "id": "100040761302134",
            "count": 5
        },
        {
            "id": "100092744481406",
            "count": 0
        },
        {
            "id": "593577006",
            "count": 74
        },
        {
            "id": "100090174552136",
            "count": 0
        },
        {
            "id": "100002323834540",
            "count": 2
        },
        {
            "id": "100031845708228",
            "count": 0
        },
        {
            "id": "100040461800609",
            "count": 0
        },
        {
            "id": "100060348680482",
            "count": 0
        },
        {
            "id": "100078168302063",
            "count": 0
        },
        {
            "id": "61550126549146",
            "count": 74
        },
        {
            "id": "100001577972706",
            "count": 0
        },
        {
            "id": "100038678414010",
            "count": 0
        },
        {
            "id": "100037211391552",
            "count": 0
        },
        {
            "id": "61552157895988",
            "count": 0
        },
        {
            "id": "100068672101423",
            "count": 3
        },
        {
            "id": "100077373693529",
            "count": 0
        },
        {
            "id": "100080123985952",
            "count": 0
        },
        {
            "id": "100093483349850",
            "count": 1
        },
        {
            "id": "100020908143321",
            "count": 38
        },
        {
            "id": "756782449",
            "count": 4
        },
        {
            "id": "100001754225811",
            "count": 0
        },
        {
            "id": "100047152010637",
            "count": 12
        },
        {
            "id": "100004458484369",
            "count": 26
        },
        {
            "id": "100018663901688",
            "count": 12
        },
        {
            "id": "100086853340623",
            "count": 1
        },
        {
            "id": "100053800224181",
            "count": 0
        },
        {
            "id": "100060686425949",
            "count": 0
        },
        {
            "id": "100077749897356",
            "count": 2
        },
        {
            "id": "61555676781226",
            "count": 17
        },
        {
            "id": "100091976951313",
            "count": 0
        },
        {
            "id": "100030860482751",
            "count": 1
        },
        {
            "id": "61551315316500",
            "count": 0
        },
        {
            "id": "100069554461385",
            "count": 15
        },
        {
            "id": "100090880981407",
            "count": 0
        },
        {
            "id": "100077014194257",
            "count": 8
        },
        {
            "id": "100063804937178",
            "count": 0
        },
        {
            "id": "725146957",
            "count": 0
        },
        {
            "id": "100014811933322",
            "count": 0
        },
        {
            "id": "100051049144814",
            "count": 6
        },
        {
            "id": "100060410386561",
            "count": 0
        },
        {
            "id": "100043044991011",
            "count": 0
        },
        {
            "id": "594752130",
            "count": 0
        },
        {
            "id": "61554975665945",
            "count": 56
        },
        {
            "id": "100048509610460",
            "count": 20
        },
        {
            "id": "100002110191281",
            "count": 1
        },
        {
            "id": "100030967444445",
            "count": 35
        },
        {
            "id": "100042575622073",
            "count": 0
        },
        {
            "id": "100083329715113",
            "count": 2
        },
        {
            "id": "100048286966787",
            "count": 43
        },
        {
            "id": "100083205727767",
            "count": 7
        },
        {
            "id": "100085073240621",
            "count": 8
        },
        {
            "id": "100047157346580",
            "count": 0
        },
        {
            "id": "61555768292821",
            "count": 0
        },
        {
            "id": "61554463547147",
            "count": 14
        },
        {
            "id": "61555929328805",
            "count": 0
        },
        {
            "id": "100008820256894",
            "count": 45
        },
        {
            "id": "100057034503173",
            "count": 0
        },
        {
            "id": "100069864945865",
            "count": 4
        },
        {
            "id": "100010064109735",
            "count": 0
        },
        {
            "id": "61555015060828",
            "count": 50
        },
        {
            "id": "100054676863094",
            "count": 9
        },
        {
            "id": "100046376018530",
            "count": 0
        },
        {
            "id": "100025452960563",
            "count": 0
        },
        {
            "id": "100048033791608",
            "count": 0
        },
        {
            "id": "100000661752086",
            "count": 0
        },
        {
            "id": "100003220616968",
            "count": 0
        },
        {
            "id": "100000513902362",
            "count": 0
        },
        {
            "id": "100082129999896",
            "count": 52
        },
        {
            "id": "80504840",
            "count": 4
        },
        {
            "id": "100089943321813",
            "count": 4
        },
        {
            "id": "100029433314695",
            "count": 0
        }
    ],
    "week": [
        {
            "id": "100074142183168",
            "count": 7
        },
        {
            "id": "1177560038",
            "count": 9
        },
        {
            "id": "100056565229471",
            "count": 10
        },
        {
            "id": "100050671301677",
            "count": 47
        },
        {
            "id": "100037465932663",
            "count": 0
        },
        {
            "id": "100093082543154",
            "count": 116
        },
        {
            "id": "100073137742165",
            "count": 11
        },
        {
            "id": "61550197623894",
            "count": 1
        },
        {
            "id": "100000542968113",
            "count": 0
        },
        {
            "id": "100046642711399",
            "count": 0
        },
        {
            "id": "100088232052181",
            "count": 9
        },
        {
            "id": "100092157694008",
            "count": 13
        },
        {
            "id": "100075493308135",
            "count": 91
        },
        {
            "id": "100041600164073",
            "count": 10
        },
        {
            "id": "100082055229744",
            "count": 2
        },
        {
            "id": "100028548344383",
            "count": 2
        },
        {
            "id": "100085088395095",
            "count": 15
        },
        {
            "id": "100085266196708",
            "count": 0
        },
        {
            "id": "100067508386723",
            "count": 8
        },
        {
            "id": "100074293234284",
            "count": 16
        },
        {
            "id": "100081797352234",
            "count": 1
        },
        {
            "id": "100079827743922",
            "count": 164
        },
        {
            "id": "100023419935399",
            "count": 0
        },
        {
            "id": "100088286371303",
            "count": 0
        },
        {
            "id": "100077980504363",
            "count": 260
        },
        {
            "id": "100040761302134",
            "count": 5
        },
        {
            "id": "100092744481406",
            "count": 0
        },
        {
            "id": "593577006",
            "count": 74
        },
        {
            "id": "100090174552136",
            "count": 0
        },
        {
            "id": "100002323834540",
            "count": 2
        },
        {
            "id": "100031845708228",
            "count": 0
        },
        {
            "id": "100040461800609",
            "count": 0
        },
        {
            "id": "100060348680482",
            "count": 0
        },
        {
            "id": "100078168302063",
            "count": 0
        },
        {
            "id": "61550126549146",
            "count": 74
        },
        {
            "id": "100001577972706",
            "count": 0
        },
        {
            "id": "100038678414010",
            "count": 0
        },
        {
            "id": "100037211391552",
            "count": 0
        },
        {
            "id": "61552157895988",
            "count": 0
        },
        {
            "id": "100068672101423",
            "count": 3
        },
        {
            "id": "100077373693529",
            "count": 0
        },
        {
            "id": "100080123985952",
            "count": 0
        },
        {
            "id": "100093483349850",
            "count": 1
        },
        {
            "id": "100020908143321",
            "count": 38
        },
        {
            "id": "756782449",
            "count": 4
        },
        {
            "id": "100001754225811",
            "count": 0
        },
        {
            "id": "100047152010637",
            "count": 12
        },
        {
            "id": "100004458484369",
            "count": 26
        },
        {
            "id": "100018663901688",
            "count": 12
        },
        {
            "id": "100086853340623",
            "count": 1
        },
        {
            "id": "100053800224181",
            "count": 0
        },
        {
            "id": "100060686425949",
            "count": 0
        },
        {
            "id": "100077749897356",
            "count": 2
        },
        {
            "id": "61555676781226",
            "count": 17
        },
        {
            "id": "100091976951313",
            "count": 0
        },
        {
            "id": "100030860482751",
            "count": 1
        },
        {
            "id": "61551315316500",
            "count": 0
        },
        {
            "id": "100069554461385",
            "count": 15
        },
        {
            "id": "100090880981407",
            "count": 0
        },
        {
            "id": "100077014194257",
            "count": 8
        },
        {
            "id": "100063804937178",
            "count": 0
        },
        {
            "id": "725146957",
            "count": 0
        },
        {
            "id": "100014811933322",
            "count": 0
        },
        {
            "id": "100051049144814",
            "count": 6
        },
        {
            "id": "100060410386561",
            "count": 0
        },
        {
            "id": "100043044991011",
            "count": 0
        },
        {
            "id": "594752130",
            "count": 0
        },
        {
            "id": "61554975665945",
            "count": 56
        },
        {
            "id": "100048509610460",
            "count": 20
        },
        {
            "id": "100002110191281",
            "count": 1
        },
        {
            "id": "100030967444445",
            "count": 35
        },
        {
            "id": "100042575622073",
            "count": 0
        },
        {
            "id": "100083329715113",
            "count": 2
        },
        {
            "id": "100048286966787",
            "count": 43
        },
        {
            "id": "100083205727767",
            "count": 7
        },
        {
            "id": "100085073240621",
            "count": 8
        },
        {
            "id": "100047157346580",
            "count": 0
        },
        {
            "id": "61555768292821",
            "count": 0
        },
        {
            "id": "61554463547147",
            "count": 14
        },
        {
            "id": "61555929328805",
            "count": 0
        },
        {
            "id": "100008820256894",
            "count": 45
        },
        {
            "id": "100057034503173",
            "count": 0
        },
        {
            "id": "100069864945865",
            "count": 4
        },
        {
            "id": "100010064109735",
            "count": 0
        },
        {
            "id": "61555015060828",
            "count": 50
        },
        {
            "id": "100054676863094",
            "count": 9
        },
        {
            "id": "100046376018530",
            "count": 0
        },
        {
            "id": "100025452960563",
            "count": 0
        },
        {
            "id": "100048033791608",
            "count": 0
        },
        {
            "id": "100000661752086",
            "count": 0
        },
        {
            "id": "100003220616968",
            "count": 0
        },
        {
            "id": "100000513902362",
            "count": 0
        },
        {
            "id": "100082129999896",
            "count": 52
        },
        {
            "id": "80504840",
            "count": 4
        },
        {
            "id": "100089943321813",
            "count": 4
        },
        {
            "id": "100029433314695",
            "count": 0
        }
    ],
    "day": [
        {
            "id": "100074142183168",
            "count": 7
        },
        {
            "id": "1177560038",
            "count": 9
        },
        {
            "id": "100056565229471",
            "count": 10
        },
        {
            "id": "100050671301677",
            "count": 47
        },
        {
            "id": "100037465932663",
            "count": 0
        },
        {
            "id": "100093082543154",
            "count": 116
        },
        {
            "id": "100073137742165",
            "count": 11
        },
        {
            "id": "61550197623894",
            "count": 1
        },
        {
            "id": "100000542968113",
            "count": 0
        },
        {
            "id": "100046642711399",
            "count": 0
        },
        {
            "id": "100088232052181",
            "count": 9
        },
        {
            "id": "100092157694008",
            "count": 13
        },
        {
            "id": "100075493308135",
            "count": 91
        },
        {
            "id": "100041600164073",
            "count": 10
        },
        {
            "id": "100082055229744",
            "count": 2
        },
        {
            "id": "100028548344383",
            "count": 2
        },
        {
            "id": "100085088395095",
            "count": 15
        },
        {
            "id": "100085266196708",
            "count": 0
        },
        {
            "id": "100067508386723",
            "count": 8
        },
        {
            "id": "100074293234284",
            "count": 16
        },
        {
            "id": "100081797352234",
            "count": 1
        },
        {
            "id": "100079827743922",
            "count": 164
        },
        {
            "id": "100023419935399",
            "count": 0
        },
        {
            "id": "100088286371303",
            "count": 0
        },
        {
            "id": "100077980504363",
            "count": 260
        },
        {
            "id": "100040761302134",
            "count": 5
        },
        {
            "id": "100092744481406",
            "count": 0
        },
        {
            "id": "593577006",
            "count": 74
        },
        {
            "id": "100090174552136",
            "count": 0
        },
        {
            "id": "100002323834540",
            "count": 2
        },
        {
            "id": "100031845708228",
            "count": 0
        },
        {
            "id": "100040461800609",
            "count": 0
        },
        {
            "id": "100060348680482",
            "count": 0
        },
        {
            "id": "100078168302063",
            "count": 0
        },
        {
            "id": "61550126549146",
            "count": 74
        },
        {
            "id": "100001577972706",
            "count": 0
        },
        {
            "id": "100038678414010",
            "count": 0
        },
        {
            "id": "100037211391552",
            "count": 0
        },
        {
            "id": "61552157895988",
            "count": 0
        },
        {
            "id": "100068672101423",
            "count": 3
        },
        {
            "id": "100077373693529",
            "count": 0
        },
        {
            "id": "100080123985952",
            "count": 0
        },
        {
            "id": "100093483349850",
            "count": 1
        },
        {
            "id": "100020908143321",
            "count": 38
        },
        {
            "id": "756782449",
            "count": 4
        },
        {
            "id": "100001754225811",
            "count": 0
        },
        {
            "id": "100047152010637",
            "count": 12
        },
        {
            "id": "100004458484369",
            "count": 26
        },
        {
            "id": "100018663901688",
            "count": 12
        },
        {
            "id": "100086853340623",
            "count": 1
        },
        {
            "id": "100053800224181",
            "count": 0
        },
        {
            "id": "100060686425949",
            "count": 0
        },
        {
            "id": "100077749897356",
            "count": 2
        },
        {
            "id": "61555676781226",
            "count": 17
        },
        {
            "id": "100091976951313",
            "count": 0
        },
        {
            "id": "100030860482751",
            "count": 1
        },
        {
            "id": "61551315316500",
            "count": 0
        },
        {
            "id": "100069554461385",
            "count": 15
        },
        {
            "id": "100090880981407",
            "count": 0
        },
        {
            "id": "100077014194257",
            "count": 8
        },
        {
            "id": "100063804937178",
            "count": 0
        },
        {
            "id": "725146957",
            "count": 0
        },
        {
            "id": "100014811933322",
            "count": 0
        },
        {
            "id": "100051049144814",
            "count": 6
        },
        {
            "id": "100060410386561",
            "count": 0
        },
        {
            "id": "100043044991011",
            "count": 0
        },
        {
            "id": "594752130",
            "count": 0
        },
        {
            "id": "61554975665945",
            "count": 56
        },
        {
            "id": "100048509610460",
            "count": 20
        },
        {
            "id": "100002110191281",
            "count": 1
        },
        {
            "id": "100030967444445",
            "count": 35
        },
        {
            "id": "100042575622073",
            "count": 0
        },
        {
            "id": "100083329715113",
            "count": 2
        },
        {
            "id": "100048286966787",
            "count": 43
        },
        {
            "id": "100083205727767",
            "count": 7
        },
        {
            "id": "100085073240621",
            "count": 8
        },
        {
            "id": "100047157346580",
            "count": 0
        },
        {
            "id": "61555768292821",
            "count": 0
        },
        {
            "id": "61554463547147",
            "count": 14
        },
        {
            "id": "61555929328805",
            "count": 0
        },
        {
            "id": "100008820256894",
            "count": 45
        },
        {
            "id": "100057034503173",
            "count": 0
        },
        {
            "id": "100069864945865",
            "count": 4
        },
        {
            "id": "100010064109735",
            "count": 0
        },
        {
            "id": "61555015060828",
            "count": 50
        },
        {
            "id": "100054676863094",
            "count": 9
        },
        {
            "id": "100046376018530",
            "count": 0
        },
        {
            "id": "100025452960563",
            "count": 0
        },
        {
            "id": "100048033791608",
            "count": 0
        },
        {
            "id": "100000661752086",
            "count": 0
        },
        {
            "id": "100003220616968",
            "count": 0
        },
        {
            "id": "100000513902362",
            "count": 0
        },
        {
            "id": "100082129999896",
            "count": 52
        },
        {
            "id": "80504840",
            "count": 4
        },
        {
            "id": "100089943321813",
            "count": 4
        },
        {
            "id": "100029433314695",
            "count": 0
        }
    ],
    "time": 2,
    "last": {
        "time": 6,
        "day": [
            {
                "id": "100074142183168",
                "count": 0
            },
            {
                "id": "1177560038",
                "count": 0
            },
            {
                "id": "100056565229471",
                "count": 0
            },
            {
                "id": "100055651601104",
                "count": 0
            },
            {
                "id": "100050671301677",
                "count": 0
            },
            {
                "id": "100037465932663",
                "count": 0
            },
            {
                "id": "100093082543154",
                "count": 0
            },
            {
                "id": "100073137742165",
                "count": 0
            },
            {
                "id": "61550197623894",
                "count": 0
            },
            {
                "id": "100000542968113",
                "count": 0
            },
            {
                "id": "100046642711399",
                "count": 0
            },
            {
                "id": "100088232052181",
                "count": 0
            },
            {
                "id": "100092157694008",
                "count": 0
            },
            {
                "id": "100075493308135",
                "count": 0
            },
            {
                "id": "100082341605370",
                "count": 0
            },
            {
                "id": "100041600164073",
                "count": 0
            },
            {
                "id": "100089642543283",
                "count": 0
            },
            {
                "id": "515708063",
                "count": 0
            },
            {
                "id": "100082055229744",
                "count": 0
            },
            {
                "id": "100028548344383",
                "count": 0
            },
            {
                "id": "100085088395095",
                "count": 0
            },
            {
                "id": "100085266196708",
                "count": 0
            },
            {
                "id": "100067508386723",
                "count": 0
            },
            {
                "id": "100074293234284",
                "count": 0
            },
            {
                "id": "100081797352234",
                "count": 0
            },
            {
                "id": "100079827743922",
                "count": 0
            },
            {
                "id": "100023419935399",
                "count": 0
            },
            {
                "id": "100088286371303",
                "count": 0
            },
            {
                "id": "100077980504363",
                "count": 0
            },
            {
                "id": "100040761302134",
                "count": 0
            },
            {
                "id": "100092744481406",
                "count": 0
            },
            {
                "id": "593577006",
                "count": 0
            },
            {
                "id": "100090174552136",
                "count": 0
            },
            {
                "id": "100002323834540",
                "count": 0
            },
            {
                "id": "100031845708228",
                "count": 0
            },
            {
                "id": "61555247557965",
                "count": 0
            },
            {
                "id": "100040461800609",
                "count": 0
            },
            {
                "id": "100060348680482",
                "count": 0
            },
            {
                "id": "100078168302063",
                "count": 0
            },
            {
                "id": "61550126549146",
                "count": 0
            },
            {
                "id": "100001577972706",
                "count": 0
            },
            {
                "id": "100038678414010",
                "count": 0
            },
            {
                "id": "100088467755274",
                "count": 0
            },
            {
                "id": "100037211391552",
                "count": 0
            },
            {
                "id": "100051241563318",
                "count": 0
            },
            {
                "id": "61552157895988",
                "count": 0
            },
            {
                "id": "100009820695732",
                "count": 0
            },
            {
                "id": "100068672101423",
                "count": 0
            },
            {
                "id": "100077373693529",
                "count": 0
            },
            {
                "id": "100080123985952",
                "count": 0
            },
            {
                "id": "100093483349850",
                "count": 0
            },
            {
                "id": "100020908143321",
                "count": 0
            },
            {
                "id": "756782449",
                "count": 0
            },
            {
                "id": "100001754225811",
                "count": 0
            },
            {
                "id": "100047152010637",
                "count": 0
            },
            {
                "id": "100004458484369",
                "count": 0
            },
            {
                "id": "100018663901688",
                "count": 0
            },
            {
                "id": "100086853340623",
                "count": 0
            },
            {
                "id": "100053800224181",
                "count": 0
            },
            {
                "id": "100060686425949",
                "count": 0
            },
            {
                "id": "100077749897356",
                "count": 0
            },
            {
                "id": "61555676781226",
                "count": 0
            },
            {
                "id": "61552500791337",
                "count": 0
            },
            {
                "id": "100091976951313",
                "count": 0
            },
            {
                "id": "100030860482751",
                "count": 0
            },
            {
                "id": "61551315316500",
                "count": 0
            },
            {
                "id": "100069554461385",
                "count": 0
            },
            {
                "id": "61551310973345",
                "count": 0
            },
            {
                "id": "100090168070553",
                "count": 0
            },
            {
                "id": "100090880981407",
                "count": 0
            },
            {
                "id": "100077013253599",
                "count": 0
            },
            {
                "id": "100077014194257",
                "count": 0
            },
            {
                "id": "100063804937178",
                "count": 0
            },
            {
                "id": "725146957",
                "count": 0
            },
            {
                "id": "100066802922565",
                "count": 0
            },
            {
                "id": "100014811933322",
                "count": 0
            },
            {
                "id": "729257476",
                "count": 0
            },
            {
                "id": "100051049144814",
                "count": 0
            },
            {
                "id": "100060410386561",
                "count": 0
            },
            {
                "id": "100080339657728",
                "count": 0
            },
            {
                "id": "100043044991011",
                "count": 0
            },
            {
                "id": "594752130",
                "count": 0
            },
            {
                "id": "61554975665945",
                "count": 0
            },
            {
                "id": "100048509610460",
                "count": 0
            },
            {
                "id": "100046376018530",
                "count": 0
            },
            {
                "id": "100002110191281",
                "count": 0
            },
            {
                "id": "61555318423709",
                "count": 0
            },
            {
                "id": "100030967444445",
                "count": 0
            },
            {
                "id": "100042575622073",
                "count": 0
            },
            {
                "id": "100083329715113",
                "count": 0
            },
            {
                "id": "100048286966787",
                "count": 0
            },
            {
                "id": "80504840",
                "count": 0
            },
            {
                "id": "1290157550",
                "count": 0
            },
            {
                "id": "100083205727767",
                "count": 0
            },
            {
                "id": "100085073240621",
                "count": 0
            },
            {
                "id": "100047157346580",
                "count": 0
            },
            {
                "id": "61555768292821",
                "count": 0
            },
            {
                "id": "61554463547147",
                "count": 0
            },
            {
                "id": "629476704",
                "count": 0
            },
            {
                "id": "100091518466027",
                "count": 0
            },
            {
                "id": "61555929328805",
                "count": 0
            },
            {
                "id": "100008820256894",
                "count": 0
            },
            {
                "id": "100057034503173",
                "count": 0
            },
            {
                "id": "100069864945865",
                "count": 0
            },
            {
                "id": "100010064109735",
                "count": 0
            },
            {
                "id": "61555015060828",
                "count": 0
            },
            {
                "id": "100054676863094",
                "count": 0
            },
            {
                "id": "100025452960563",
                "count": 0
            },
            {
                "id": "100048033791608",
                "count": 0
            },
            {
                "id": "100000661752086",
                "count": 0
            },
            {
                "id": "100003220616968",
                "count": 0
            },
            {
                "id": "100000513902362",
                "count": 0
            },
            {
                "id": "100038780015811",
                "count": 0
            },
            {
                "id": "100082129999896",
                "count": 0
            },
            {
                "id": "100089943321813",
                "count": 0
            },
            {
                "id": "100029433314695",
                "count": 0
            }
        ],
        "week": [
            {
                "id": "100074142183168",
                "count": 0
            },
            {
                "id": "1177560038",
                "count": 0
            },
            {
                "id": "100056565229471",
                "count": 0
            },
            {
                "id": "100055651601104",
                "count": 0
            },
            {
                "id": "100050671301677",
                "count": 0
            },
            {
                "id": "100037465932663",
                "count": 0
            },
            {
                "id": "100093082543154",
                "count": 0
            },
            {
                "id": "100073137742165",
                "count": 0
            },
            {
                "id": "61550197623894",
                "count": 0
            },
            {
                "id": "100000542968113",
                "count": 0
            },
            {
                "id": "100046642711399",
                "count": 0
            },
            {
                "id": "100088232052181",
                "count": 0
            },
            {
                "id": "100092157694008",
                "count": 0
            },
            {
                "id": "100075493308135",
                "count": 0
            },
            {
                "id": "100082341605370",
                "count": 0
            },
            {
                "id": "100041600164073",
                "count": 0
            },
            {
                "id": "100089642543283",
                "count": 0
            },
            {
                "id": "515708063",
                "count": 0
            },
            {
                "id": "100082055229744",
                "count": 0
            },
            {
                "id": "100028548344383",
                "count": 0
            },
            {
                "id": "100085088395095",
                "count": 0
            },
            {
                "id": "100085266196708",
                "count": 0
            },
            {
                "id": "100067508386723",
                "count": 0
            },
            {
                "id": "100074293234284",
                "count": 0
            },
            {
                "id": "100081797352234",
                "count": 0
            },
            {
                "id": "100079827743922",
                "count": 0
            },
            {
                "id": "100023419935399",
                "count": 0
            },
            {
                "id": "100088286371303",
                "count": 0
            },
            {
                "id": "100077980504363",
                "count": 0
            },
            {
                "id": "100040761302134",
                "count": 0
            },
            {
                "id": "100092744481406",
                "count": 0
            },
            {
                "id": "593577006",
                "count": 0
            },
            {
                "id": "100090174552136",
                "count": 0
            },
            {
                "id": "100002323834540",
                "count": 0
            },
            {
                "id": "100031845708228",
                "count": 0
            },
            {
                "id": "61555247557965",
                "count": 0
            },
            {
                "id": "100040461800609",
                "count": 0
            },
            {
                "id": "100060348680482",
                "count": 0
            },
            {
                "id": "100078168302063",
                "count": 0
            },
            {
                "id": "61550126549146",
                "count": 0
            },
            {
                "id": "100001577972706",
                "count": 0
            },
            {
                "id": "100038678414010",
                "count": 0
            },
            {
                "id": "100088467755274",
                "count": 0
            },
            {
                "id": "100037211391552",
                "count": 0
            },
            {
                "id": "100051241563318",
                "count": 0
            },
            {
                "id": "61552157895988",
                "count": 0
            },
            {
                "id": "100009820695732",
                "count": 0
            },
            {
                "id": "100068672101423",
                "count": 0
            },
            {
                "id": "100077373693529",
                "count": 0
            },
            {
                "id": "100080123985952",
                "count": 0
            },
            {
                "id": "100093483349850",
                "count": 0
            },
            {
                "id": "100020908143321",
                "count": 0
            },
            {
                "id": "756782449",
                "count": 0
            },
            {
                "id": "100001754225811",
                "count": 0
            },
            {
                "id": "100047152010637",
                "count": 0
            },
            {
                "id": "100004458484369",
                "count": 0
            },
            {
                "id": "100018663901688",
                "count": 0
            },
            {
                "id": "100086853340623",
                "count": 0
            },
            {
                "id": "100053800224181",
                "count": 0
            },
            {
                "id": "100060686425949",
                "count": 0
            },
            {
                "id": "100077749897356",
                "count": 0
            },
            {
                "id": "61555676781226",
                "count": 0
            },
            {
                "id": "61552500791337",
                "count": 0
            },
            {
                "id": "100091976951313",
                "count": 0
            },
            {
                "id": "100030860482751",
                "count": 0
            },
            {
                "id": "61551315316500",
                "count": 0
            },
            {
                "id": "100069554461385",
                "count": 0
            },
            {
                "id": "61551310973345",
                "count": 0
            },
            {
                "id": "100090168070553",
                "count": 0
            },
            {
                "id": "100090880981407",
                "count": 0
            },
            {
                "id": "100077013253599",
                "count": 0
            },
            {
                "id": "100077014194257",
                "count": 0
            },
            {
                "id": "100063804937178",
                "count": 0
            },
            {
                "id": "725146957",
                "count": 0
            },
            {
                "id": "100066802922565",
                "count": 0
            },
            {
                "id": "100014811933322",
                "count": 0
            },
            {
                "id": "729257476",
                "count": 0
            },
            {
                "id": "100051049144814",
                "count": 0
            },
            {
                "id": "100060410386561",
                "count": 0
            },
            {
                "id": "100080339657728",
                "count": 0
            },
            {
                "id": "100043044991011",
                "count": 0
            },
            {
                "id": "594752130",
                "count": 0
            },
            {
                "id": "61554975665945",
                "count": 0
            },
            {
                "id": "100048509610460",
                "count": 0
            },
            {
                "id": "100046376018530",
                "count": 0
            },
            {
                "id": "100002110191281",
                "count": 0
            },
            {
                "id": "61555318423709",
                "count": 0
            },
            {
                "id": "100030967444445",
                "count": 0
            },
            {
                "id": "100042575622073",
                "count": 0
            },
            {
                "id": "100083329715113",
                "count": 0
            },
            {
                "id": "100048286966787",
                "count": 0
            },
            {
                "id": "80504840",
                "count": 0
            },
            {
                "id": "1290157550",
                "count": 0
            },
            {
                "id": "100083205727767",
                "count": 0
            },
            {
                "id": "100085073240621",
                "count": 0
            },
            {
                "id": "100047157346580",
                "count": 0
            },
            {
                "id": "61555768292821",
                "count": 0
            },
            {
                "id": "61554463547147",
                "count": 0
            },
            {
                "id": "629476704",
                "count": 0
            },
            {
                "id": "100091518466027",
                "count": 0
            },
            {
                "id": "61555929328805",
                "count": 0
            },
            {
                "id": "100008820256894",
                "count": 0
            },
            {
                "id": "100057034503173",
                "count": 0
            },
            {
                "id": "100069864945865",
                "count": 0
            },
            {
                "id": "100010064109735",
                "count": 0
            },
            {
                "id": "61555015060828",
                "count": 0
            },
            {
                "id": "100054676863094",
                "count": 0
            },
            {
                "id": "100025452960563",
                "count": 0
            },
            {
                "id": "100048033791608",
                "count": 0
            },
            {
                "id": "100000661752086",
                "count": 0
            },
            {
                "id": "100003220616968",
                "count": 0
            },
            {
                "id": "100000513902362",
                "count": 0
            },
            {
                "id": "100038780015811",
                "count": 0
            },
            {
                "id": "100082129999896",
                "count": 0
            },
            {
                "id": "100089943321813",
                "count": 0
            },
            {
                "id": "100029433314695",
                "count": 0
            }
        ]
    }
}