{
    "total": [
        {
            "id": "100077467033475",
            "count": 0
        },
        {
            "id": "100086967953132",
            "count": 0
        },
        {
            "id": "100050054109938",
            "count": 0
        },
        {
            "id": "100076158378720",
            "count": 16
        },
        {
            "id": "100082566512118",
            "count": 0
        },
        {
            "id": "100073332555527",
            "count": 0
        },
        {
            "id": "61552840936465",
            "count": 11
        },
        {
            "id": "100092998967668",
            "count": 0
        },
        {
            "id": "100095329117792",
            "count": 0
        },
        {
            "id": "100076190631886",
            "count": 0
        },
        {
            "id": "100052419361082",
            "count": 0
        },
        {
            "id": "100089966715535",
            "count": 0
        },
        {
            "id": "100092519727893",
            "count": 0
        },
        {
            "id": "61553975245408",
            "count": 0
        },
        {
            "id": "100091791300170",
            "count": 0
        },
        {
            "id": "100092517698324",
            "count": 0
        },
        {
            "id": "100039215198939",
            "count": 0
        },
        {
            "id": "100027999344969",
            "count": 0
        },
        {
            "id": "100085421471782",
            "count": 0
        },
        {
            "id": "100025624907380",
            "count": 0
        },
        {
            "id": "100086345450534",
            "count": 9
        },
        {
            "id": "100093537842690",
            "count": 0
        },
        {
            "id": "100035268737693",
            "count": 0
        },
        {
            "id": "100076044420531",
            "count": 0
        },
        {
            "id": "61553759773643",
            "count": 0
        },
        {
            "id": "100076208257581",
            "count": 0
        },
        {
            "id": "100089469019589",
            "count": 0
        },
        {
            "id": "61551695910219",
            "count": 0
        },
        {
            "id": "100094889812441",
            "count": 0
        },
        {
            "id": "100075286641885",
            "count": 0
        },
        {
            "id": "100076466701233",
            "count": 16
        },
        {
            "id": "100031519711702",
            "count": 0
        },
        {
            "id": "100084367662330",
            "count": 0
        },
        {
            "id": "100084148371873",
            "count": 0
        },
        {
            "id": "100087402510840",
            "count": 0
        },
        {
            "id": "100072763914569",
            "count": 0
        },
        {
            "id": "100083908676882",
            "count": 0
        },
        {
            "id": "100057531517605",
            "count": 0
        },
        {
            "id": "100081798210680",
            "count": 0
        },
        {
            "id": "100013814380839",
            "count": 0
        },
        {
            "id": "100085032793819",
            "count": 14
        },
        {
            "id": "100063120908631",
            "count": 0
        },
        {
            "id": "100082811333380",
            "count": 0
        },
        {
            "id": "100081367344483",
            "count": 0
        },
        {
            "id": "100093009038838",
            "count": 0
        },
        {
            "id": "100095335692437",
            "count": 0
        },
        {
            "id": "100094862176485",
            "count": 0
        },
        {
            "id": "61555669951304",
            "count": 21
        },
        {
            "id": "100077980504363",
            "count": 20
        },
        {
            "id": "100093642543565",
            "count": 0
        }
    ],
    "week": [
        {
            "id": "100077467033475",
            "count": 0
        },
        {
            "id": "100086967953132",
            "count": 0
        },
        {
            "id": "100050054109938",
            "count": 0
        },
        {
            "id": "100076158378720",
            "count": 16
        },
        {
            "id": "100082566512118",
            "count": 0
        },
        {
            "id": "100073332555527",
            "count": 0
        },
        {
            "id": "61552840936465",
            "count": 11
        },
        {
            "id": "100092998967668",
            "count": 0
        },
        {
            "id": "100095329117792",
            "count": 0
        },
        {
            "id": "100076190631886",
            "count": 0
        },
        {
            "id": "100052419361082",
            "count": 0
        },
        {
            "id": "100089966715535",
            "count": 0
        },
        {
            "id": "100092519727893",
            "count": 0
        },
        {
            "id": "61553975245408",
            "count": 0
        },
        {
            "id": "100091791300170",
            "count": 0
        },
        {
            "id": "100092517698324",
            "count": 0
        },
        {
            "id": "100039215198939",
            "count": 0
        },
        {
            "id": "100027999344969",
            "count": 0
        },
        {
            "id": "100085421471782",
            "count": 0
        },
        {
            "id": "100025624907380",
            "count": 0
        },
        {
            "id": "100086345450534",
            "count": 9
        },
        {
            "id": "100093537842690",
            "count": 0
        },
        {
            "id": "100035268737693",
            "count": 0
        },
        {
            "id": "100076044420531",
            "count": 0
        },
        {
            "id": "61553759773643",
            "count": 0
        },
        {
            "id": "100076208257581",
            "count": 0
        },
        {
            "id": "100089469019589",
            "count": 0
        },
        {
            "id": "61551695910219",
            "count": 0
        },
        {
            "id": "100094889812441",
            "count": 0
        },
        {
            "id": "100075286641885",
            "count": 0
        },
        {
            "id": "100076466701233",
            "count": 16
        },
        {
            "id": "100031519711702",
            "count": 0
        },
        {
            "id": "100084367662330",
            "count": 0
        },
        {
            "id": "100084148371873",
            "count": 0
        },
        {
            "id": "100087402510840",
            "count": 0
        },
        {
            "id": "100072763914569",
            "count": 0
        },
        {
            "id": "100083908676882",
            "count": 0
        },
        {
            "id": "100057531517605",
            "count": 0
        },
        {
            "id": "100081798210680",
            "count": 0
        },
        {
            "id": "100013814380839",
            "count": 0
        },
        {
            "id": "100085032793819",
            "count": 14
        },
        {
            "id": "100063120908631",
            "count": 0
        },
        {
            "id": "100082811333380",
            "count": 0
        },
        {
            "id": "100081367344483",
            "count": 0
        },
        {
            "id": "100093009038838",
            "count": 0
        },
        {
            "id": "100095335692437",
            "count": 0
        },
        {
            "id": "100094862176485",
            "count": 0
        },
        {
            "id": "61555669951304",
            "count": 21
        },
        {
            "id": "100077980504363",
            "count": 20
        },
        {
            "id": "100093642543565",
            "count": 0
        }
    ],
    "day": [
        {
            "id": "100077467033475",
            "count": 0
        },
        {
            "id": "100086967953132",
            "count": 0
        },
        {
            "id": "100050054109938",
            "count": 0
        },
        {
            "id": "100076158378720",
            "count": 16
        },
        {
            "id": "100082566512118",
            "count": 0
        },
        {
            "id": "100073332555527",
            "count": 0
        },
        {
            "id": "61552840936465",
            "count": 11
        },
        {
            "id": "100092998967668",
            "count": 0
        },
        {
            "id": "100095329117792",
            "count": 0
        },
        {
            "id": "100076190631886",
            "count": 0
        },
        {
            "id": "100052419361082",
            "count": 0
        },
        {
            "id": "100089966715535",
            "count": 0
        },
        {
            "id": "100092519727893",
            "count": 0
        },
        {
            "id": "61553975245408",
            "count": 0
        },
        {
            "id": "100091791300170",
            "count": 0
        },
        {
            "id": "100092517698324",
            "count": 0
        },
        {
            "id": "100039215198939",
            "count": 0
        },
        {
            "id": "100027999344969",
            "count": 0
        },
        {
            "id": "100085421471782",
            "count": 0
        },
        {
            "id": "100025624907380",
            "count": 0
        },
        {
            "id": "100086345450534",
            "count": 9
        },
        {
            "id": "100093537842690",
            "count": 0
        },
        {
            "id": "100035268737693",
            "count": 0
        },
        {
            "id": "100076044420531",
            "count": 0
        },
        {
            "id": "61553759773643",
            "count": 0
        },
        {
            "id": "100076208257581",
            "count": 0
        },
        {
            "id": "100089469019589",
            "count": 0
        },
        {
            "id": "61551695910219",
            "count": 0
        },
        {
            "id": "100094889812441",
            "count": 0
        },
        {
            "id": "100075286641885",
            "count": 0
        },
        {
            "id": "100076466701233",
            "count": 16
        },
        {
            "id": "100031519711702",
            "count": 0
        },
        {
            "id": "100084367662330",
            "count": 0
        },
        {
            "id": "100084148371873",
            "count": 0
        },
        {
            "id": "100087402510840",
            "count": 0
        },
        {
            "id": "100072763914569",
            "count": 0
        },
        {
            "id": "100083908676882",
            "count": 0
        },
        {
            "id": "100057531517605",
            "count": 0
        },
        {
            "id": "100081798210680",
            "count": 0
        },
        {
            "id": "100013814380839",
            "count": 0
        },
        {
            "id": "100085032793819",
            "count": 14
        },
        {
            "id": "100063120908631",
            "count": 0
        },
        {
            "id": "100082811333380",
            "count": 0
        },
        {
            "id": "100081367344483",
            "count": 0
        },
        {
            "id": "100093009038838",
            "count": 0
        },
        {
            "id": "100095335692437",
            "count": 0
        },
        {
            "id": "100094862176485",
            "count": 0
        },
        {
            "id": "61555669951304",
            "count": 21
        },
        {
            "id": "100077980504363",
            "count": 20
        },
        {
            "id": "100093642543565",
            "count": 0
        }
    ],
    "time": 2,
    "last": {
        "time": 1,
        "day": [
            {
                "id": "100077467033475",
                "count": 0
            },
            {
                "id": "100086967953132",
                "count": 0
            },
            {
                "id": "100050054109938",
                "count": 0
            },
            {
                "id": "100076158378720",
                "count": 0
            },
            {
                "id": "100082566512118",
                "count": 0
            },
            {
                "id": "100073332555527",
                "count": 0
            },
            {
                "id": "61552840936465",
                "count": 0
            },
            {
                "id": "100092998967668",
                "count": 0
            },
            {
                "id": "100095329117792",
                "count": 0
            },
            {
                "id": "100076190631886",
                "count": 0
            },
            {
                "id": "100052419361082",
                "count": 0
            },
            {
                "id": "100089966715535",
                "count": 0
            },
            {
                "id": "100092519727893",
                "count": 0
            },
            {
                "id": "61553975245408",
                "count": 0
            },
            {
                "id": "100091791300170",
                "count": 0
            },
            {
                "id": "100092517698324",
                "count": 0
            },
            {
                "id": "100039215198939",
                "count": 0
            },
            {
                "id": "100027999344969",
                "count": 0
            },
            {
                "id": "100085421471782",
                "count": 0
            },
            {
                "id": "100025624907380",
                "count": 0
            },
            {
                "id": "100086345450534",
                "count": 0
            },
            {
                "id": "100093537842690",
                "count": 0
            },
            {
                "id": "100035268737693",
                "count": 0
            },
            {
                "id": "100076044420531",
                "count": 0
            },
            {
                "id": "61553759773643",
                "count": 0
            },
            {
                "id": "100076208257581",
                "count": 0
            },
            {
                "id": "100089469019589",
                "count": 0
            },
            {
                "id": "61551695910219",
                "count": 0
            },
            {
                "id": "100094889812441",
                "count": 0
            },
            {
                "id": "100075286641885",
                "count": 0
            },
            {
                "id": "100076466701233",
                "count": 0
            },
            {
                "id": "100031519711702",
                "count": 0
            },
            {
                "id": "100084367662330",
                "count": 0
            },
            {
                "id": "100084148371873",
                "count": 0
            },
            {
                "id": "100087402510840",
                "count": 0
            },
            {
                "id": "100072763914569",
                "count": 0
            },
            {
                "id": "100083908676882",
                "count": 0
            },
            {
                "id": "100057531517605",
                "count": 0
            },
            {
                "id": "100081798210680",
                "count": 0
            },
            {
                "id": "100013814380839",
                "count": 0
            },
            {
                "id": "100085032793819",
                "count": 0
            },
            {
                "id": "100063120908631",
                "count": 0
            },
            {
                "id": "100082811333380",
                "count": 0
            },
            {
                "id": "100081367344483",
                "count": 0
            },
            {
                "id": "100093009038838",
                "count": 0
            },
            {
                "id": "100095335692437",
                "count": 0
            },
            {
                "id": "100094862176485",
                "count": 0
            },
            {
                "id": "61555669951304",
                "count": 0
            },
            {
                "id": "100077980504363",
                "count": 0
            },
            {
                "id": "100093642543565",
                "count": 0
            }
        ],
        "week": [
            {
                "id": "100077467033475",
                "count": 0
            },
            {
                "id": "100086967953132",
                "count": 0
            },
            {
                "id": "100050054109938",
                "count": 0
            },
            {
                "id": "100076158378720",
                "count": 0
            },
            {
                "id": "100082566512118",
                "count": 0
            },
            {
                "id": "100073332555527",
                "count": 0
            },
            {
                "id": "61552840936465",
                "count": 0
            },
            {
                "id": "100092998967668",
                "count": 0
            },
            {
                "id": "100095329117792",
                "count": 0
            },
            {
                "id": "100076190631886",
                "count": 0
            },
            {
                "id": "100052419361082",
                "count": 0
            },
            {
                "id": "100089966715535",
                "count": 0
            },
            {
                "id": "100092519727893",
                "count": 0
            },
            {
                "id": "61553975245408",
                "count": 0
            },
            {
                "id": "100091791300170",
                "count": 0
            },
            {
                "id": "100092517698324",
                "count": 0
            },
            {
                "id": "100039215198939",
                "count": 0
            },
            {
                "id": "100027999344969",
                "count": 0
            },
            {
                "id": "100085421471782",
                "count": 0
            },
            {
                "id": "100025624907380",
                "count": 0
            },
            {
                "id": "100086345450534",
                "count": 0
            },
            {
                "id": "100093537842690",
                "count": 0
            },
            {
                "id": "100035268737693",
                "count": 0
            },
            {
                "id": "100076044420531",
                "count": 0
            },
            {
                "id": "61553759773643",
                "count": 0
            },
            {
                "id": "100076208257581",
                "count": 0
            },
            {
                "id": "100089469019589",
                "count": 0
            },
            {
                "id": "61551695910219",
                "count": 0
            },
            {
                "id": "100094889812441",
                "count": 0
            },
            {
                "id": "100075286641885",
                "count": 0
            },
            {
                "id": "100076466701233",
                "count": 0
            },
            {
                "id": "100031519711702",
                "count": 0
            },
            {
                "id": "100084367662330",
                "count": 0
            },
            {
                "id": "100084148371873",
                "count": 0
            },
            {
                "id": "100087402510840",
                "count": 0
            },
            {
                "id": "100072763914569",
                "count": 0
            },
            {
                "id": "100083908676882",
                "count": 0
            },
            {
                "id": "100057531517605",
                "count": 0
            },
            {
                "id": "100081798210680",
                "count": 0
            },
            {
                "id": "100013814380839",
                "count": 0
            },
            {
                "id": "100085032793819",
                "count": 0
            },
            {
                "id": "100063120908631",
                "count": 0
            },
            {
                "id": "100082811333380",
                "count": 0
            },
            {
                "id": "100081367344483",
                "count": 0
            },
            {
                "id": "100093009038838",
                "count": 0
            },
            {
                "id": "100095335692437",
                "count": 0
            },
            {
                "id": "100094862176485",
                "count": 0
            },
            {
                "id": "61555669951304",
                "count": 0
            },
            {
                "id": "100077980504363",
                "count": 0
            },
            {
                "id": "100093642543565",
                "count": 0
            }
        ]
    }
}