{
    "total": [
        {
            "id": "509484270",
            "count": 1100
        },
        {
            "id": "100056385116028",
            "count": 19
        },
        {
            "id": "100069864945865",
            "count": 9
        },
        {
            "id": "100083205727767",
            "count": 161
        },
        {
            "id": "100029378752728",
            "count": 257
        },
        {
            "id": "100074224563535",
            "count": 86
        },
        {
            "id": "100067508386723",
            "count": 281
        },
        {
            "id": "100000732833159",
            "count": 55
        },
        {
            "id": "100068310261131",
            "count": 66
        },
        {
            "id": "100090511285969",
            "count": 13
        },
        {
            "id": "100061160525111",
            "count": 158
        },
        {
            "id": "100092744481406",
            "count": 7
        },
        {
            "id": "100079827743922",
            "count": 0
        },
        {
            "id": "100011422572422",
            "count": 33
        },
        {
            "id": "61552799013338",
            "count": 0
        },
        {
            "id": "100053800224181",
            "count": 0
        },
        {
            "id": "100004458484369",
            "count": 322
        },
        {
            "id": "100083502499869",
            "count": 310
        },
        {
            "id": "100088817988946",
            "count": 57
        },
        {
            "id": "100085342716116",
            "count": 672
        },
        {
            "id": "100077256660549",
            "count": 9
        },
        {
            "id": "100077980504363",
            "count": 1317
        },
        {
            "id": "100061172506707",
            "count": 3
        },
        {
            "id": "100060894693968",
            "count": 858
        },
        {
            "id": "100074293234284",
            "count": 70
        },
        {
            "id": "100069091017023",
            "count": 52
        },
        {
            "id": "100085073240621",
            "count": 13
        },
        {
            "id": "1831058374",
            "count": 1
        },
        {
            "id": "100002670454325",
            "count": 103
        },
        {
            "id": "100013518348399",
            "count": 23
        },
        {
            "id": "100089324667937",
            "count": 2
        },
        {
            "id": "61555027924815",
            "count": 0
        },
        {
            "id": "1489675800",
            "count": 105
        },
        {
            "id": "100048033791608",
            "count": 7
        },
        {
            "id": "100031177811759",
            "count": 178
        },
        {
            "id": "100078644937656",
            "count": 22
        },
        {
            "id": "100092573525479",
            "count": 10
        },
        {
            "id": "100091901065193",
            "count": 11
        },
        {
            "id": "100000194247253",
            "count": 35
        },
        {
            "id": "61554102537426",
            "count": 10
        },
        {
            "id": "100030967444445",
            "count": 20
        },
        {
            "id": "100077014194257",
            "count": 9
        },
        {
            "id": "100007247719341",
            "count": 1
        },
        {
            "id": "61554463547147",
            "count": 81
        },
        {
            "id": "100012199992153",
            "count": 0
        },
        {
            "id": "100025452960563",
            "count": 59
        },
        {
            "id": "100080777210988",
            "count": 1
        },
        {
            "id": "1290157550",
            "count": 6
        },
        {
            "id": "100056101540630",
            "count": 2
        },
        {
            "id": "100074007695250",
            "count": 27
        },
        {
            "id": "1417149937",
            "count": 48
        },
        {
            "id": "100056565229471",
            "count": 0
        },
        {
            "id": "100050671301677",
            "count": 176
        },
        {
            "id": "100008522174196",
            "count": 9
        },
        {
            "id": "100088286371303",
            "count": 36
        },
        {
            "id": "61551005975682",
            "count": 1
        },
        {
            "id": "100075493308135",
            "count": 6
        },
        {
            "id": "100062426421455",
            "count": 138
        },
        {
            "id": "100074185980466",
            "count": 0
        },
        {
            "id": "61555999996981",
            "count": 5
        },
        {
            "id": "100091250266334",
            "count": 37
        },
        {
            "id": "832704028",
            "count": 268
        },
        {
            "id": "61556272882400",
            "count": 31
        },
        {
            "id": "100033986649405",
            "count": 0
        },
        {
            "id": "100004015031111",
            "count": 20
        },
        {
            "id": "100035421814099",
            "count": 26
        },
        {
            "id": "100000493975005",
            "count": 11
        },
        {
            "id": "100051241563318",
            "count": 14
        },
        {
            "id": "100088640035063",
            "count": 0
        },
        {
            "id": "100089352882349",
            "count": 22
        },
        {
            "id": "100011082583640",
            "count": 43
        },
        {
            "id": "100038946913086",
            "count": 0
        },
        {
            "id": "100006151832027",
            "count": 40
        },
        {
            "id": "100038780015811",
            "count": 13
        },
        {
            "id": "100012917979592",
            "count": 1
        },
        {
            "id": "100089159412845",
            "count": 24
        },
        {
            "id": "100087438951039",
            "count": 2
        },
        {
            "id": "100050999371837",
            "count": 10
        },
        {
            "id": "100000752195469",
            "count": 10
        },
        {
            "id": "100069554461385",
            "count": 1
        },
        {
            "id": "100071764641574",
            "count": 0
        },
        {
            "id": "61553316515770",
            "count": 0
        },
        {
            "id": "100014811933322",
            "count": 0
        },
        {
            "id": "100076965934609",
            "count": 0
        },
        {
            "id": "61556009505038",
            "count": 0
        },
        {
            "id": "100029543890778",
            "count": 8
        },
        {
            "id": "1074491699",
            "count": 0
        },
        {
            "id": "100087762024208",
            "count": 4
        },
        {
            "id": "100067930177504",
            "count": 1
        },
        {
            "id": "100080340206886",
            "count": 0
        },
        {
            "id": "100068672101423",
            "count": 0
        },
        {
            "id": "100029310527150",
            "count": 0
        },
        {
            "id": "100094314882749",
            "count": 0
        },
        {
            "id": "100090168070553",
            "count": 0
        },
        {
            "id": "61554619410068",
            "count": 0
        },
        {
            "id": "100047128875560",
            "count": 0
        },
        {
            "id": "100053568250530",
            "count": 0
        },
        {
            "id": "61554942840114",
            "count": 5
        },
        {
            "id": "100058313270528",
            "count": 0
        },
        {
            "id": "512037995",
            "count": 0
        },
        {
            "id": "100048593391564",
            "count": 0
        },
        {
            "id": "100060865659897",
            "count": 0
        },
        {
            "id": "100050202621313",
            "count": 0
        },
        {
            "id": "100075494992573",
            "count": 0
        },
        {
            "id": "2514554",
            "count": 0
        },
        {
            "id": "100078441331190",
            "count": 0
        },
        {
            "id": "61550692933228",
            "count": 0
        },
        {
            "id": "100066030937133",
            "count": 18
        },
        {
            "id": "100082668132301",
            "count": 6
        },
        {
            "id": "100078930363394",
            "count": 109
        },
        {
            "id": "61557545543030",
            "count": 32
        },
        {
            "id": "61555809030974",
            "count": 25
        },
        {
            "id": "100072191102822",
            "count": 14
        },
        {
            "id": "100055154154050",
            "count": 1
        },
        {
            "id": "100086534678860",
            "count": 10
        },
        {
            "id": "100048286966787",
            "count": 1
        },
        {
            "id": "593577006",
            "count": 2
        },
        {
            "id": "61559141435743",
            "count": 8
        },
        {
            "id": "100085515350448",
            "count": 43
        },
        {
            "id": "100037741424837",
            "count": 12
        },
        {
            "id": "100079027159606",
            "count": 2
        },
        {
            "id": "100063600331393",
            "count": 1
        },
        {
            "id": "537846897",
            "count": 8
        },
        {
            "id": "1550702797",
            "count": 4
        },
        {
            "id": "100082166588573",
            "count": 3
        }
    ],
    "week": [
        {
            "id": "509484270",
            "count": 1100
        },
        {
            "id": "100056385116028",
            "count": 19
        },
        {
            "id": "100069864945865",
            "count": 9
        },
        {
            "id": "100083205727767",
            "count": 161
        },
        {
            "id": "100029378752728",
            "count": 257
        },
        {
            "id": "100074224563535",
            "count": 86
        },
        {
            "id": "100067508386723",
            "count": 281
        },
        {
            "id": "100000732833159",
            "count": 55
        },
        {
            "id": "100068310261131",
            "count": 66
        },
        {
            "id": "100090511285969",
            "count": 13
        },
        {
            "id": "100061160525111",
            "count": 158
        },
        {
            "id": "100092744481406",
            "count": 7
        },
        {
            "id": "100079827743922",
            "count": 0
        },
        {
            "id": "100011422572422",
            "count": 33
        },
        {
            "id": "61552799013338",
            "count": 0
        },
        {
            "id": "100053800224181",
            "count": 0
        },
        {
            "id": "100004458484369",
            "count": 322
        },
        {
            "id": "100083502499869",
            "count": 310
        },
        {
            "id": "100088817988946",
            "count": 57
        },
        {
            "id": "100085342716116",
            "count": 672
        },
        {
            "id": "100077256660549",
            "count": 9
        },
        {
            "id": "100077980504363",
            "count": 1317
        },
        {
            "id": "100061172506707",
            "count": 3
        },
        {
            "id": "100060894693968",
            "count": 858
        },
        {
            "id": "100074293234284",
            "count": 70
        },
        {
            "id": "100069091017023",
            "count": 52
        },
        {
            "id": "100085073240621",
            "count": 13
        },
        {
            "id": "1831058374",
            "count": 1
        },
        {
            "id": "100002670454325",
            "count": 103
        },
        {
            "id": "100013518348399",
            "count": 23
        },
        {
            "id": "100089324667937",
            "count": 2
        },
        {
            "id": "61555027924815",
            "count": 0
        },
        {
            "id": "1489675800",
            "count": 105
        },
        {
            "id": "100048033791608",
            "count": 7
        },
        {
            "id": "100031177811759",
            "count": 178
        },
        {
            "id": "100078644937656",
            "count": 22
        },
        {
            "id": "100092573525479",
            "count": 10
        },
        {
            "id": "100091901065193",
            "count": 11
        },
        {
            "id": "100000194247253",
            "count": 35
        },
        {
            "id": "61554102537426",
            "count": 10
        },
        {
            "id": "100030967444445",
            "count": 20
        },
        {
            "id": "100077014194257",
            "count": 9
        },
        {
            "id": "100007247719341",
            "count": 1
        },
        {
            "id": "61554463547147",
            "count": 81
        },
        {
            "id": "100012199992153",
            "count": 0
        },
        {
            "id": "100025452960563",
            "count": 59
        },
        {
            "id": "100080777210988",
            "count": 1
        },
        {
            "id": "1290157550",
            "count": 6
        },
        {
            "id": "100056101540630",
            "count": 2
        },
        {
            "id": "100074007695250",
            "count": 27
        },
        {
            "id": "1417149937",
            "count": 48
        },
        {
            "id": "100056565229471",
            "count": 0
        },
        {
            "id": "100050671301677",
            "count": 176
        },
        {
            "id": "100008522174196",
            "count": 9
        },
        {
            "id": "100088286371303",
            "count": 36
        },
        {
            "id": "61551005975682",
            "count": 1
        },
        {
            "id": "100075493308135",
            "count": 6
        },
        {
            "id": "100062426421455",
            "count": 138
        },
        {
            "id": "100074185980466",
            "count": 0
        },
        {
            "id": "61555999996981",
            "count": 5
        },
        {
            "id": "100091250266334",
            "count": 37
        },
        {
            "id": "832704028",
            "count": 268
        },
        {
            "id": "61556272882400",
            "count": 31
        },
        {
            "id": "100033986649405",
            "count": 0
        },
        {
            "id": "100004015031111",
            "count": 20
        },
        {
            "id": "100035421814099",
            "count": 26
        },
        {
            "id": "100000493975005",
            "count": 11
        },
        {
            "id": "100051241563318",
            "count": 14
        },
        {
            "id": "100088640035063",
            "count": 0
        },
        {
            "id": "100089352882349",
            "count": 22
        },
        {
            "id": "100011082583640",
            "count": 43
        },
        {
            "id": "100038946913086",
            "count": 0
        },
        {
            "id": "100006151832027",
            "count": 40
        },
        {
            "id": "100038780015811",
            "count": 13
        },
        {
            "id": "100012917979592",
            "count": 1
        },
        {
            "id": "100089159412845",
            "count": 24
        },
        {
            "id": "100087438951039",
            "count": 2
        },
        {
            "id": "100050999371837",
            "count": 10
        },
        {
            "id": "100000752195469",
            "count": 10
        },
        {
            "id": "100069554461385",
            "count": 1
        },
        {
            "id": "100071764641574",
            "count": 0
        },
        {
            "id": "61553316515770",
            "count": 0
        },
        {
            "id": "100014811933322",
            "count": 0
        },
        {
            "id": "100076965934609",
            "count": 0
        },
        {
            "id": "61556009505038",
            "count": 0
        },
        {
            "id": "100029543890778",
            "count": 8
        },
        {
            "id": "1074491699",
            "count": 0
        },
        {
            "id": "100087762024208",
            "count": 4
        },
        {
            "id": "100067930177504",
            "count": 1
        },
        {
            "id": "100080340206886",
            "count": 0
        },
        {
            "id": "100068672101423",
            "count": 0
        },
        {
            "id": "100029310527150",
            "count": 0
        },
        {
            "id": "100094314882749",
            "count": 0
        },
        {
            "id": "100090168070553",
            "count": 0
        },
        {
            "id": "61554619410068",
            "count": 0
        },
        {
            "id": "100047128875560",
            "count": 0
        },
        {
            "id": "100053568250530",
            "count": 0
        },
        {
            "id": "61554942840114",
            "count": 5
        },
        {
            "id": "100058313270528",
            "count": 0
        },
        {
            "id": "512037995",
            "count": 0
        },
        {
            "id": "100048593391564",
            "count": 0
        },
        {
            "id": "100060865659897",
            "count": 0
        },
        {
            "id": "100050202621313",
            "count": 0
        },
        {
            "id": "100075494992573",
            "count": 0
        },
        {
            "id": "2514554",
            "count": 0
        },
        {
            "id": "100078441331190",
            "count": 0
        },
        {
            "id": "61550692933228",
            "count": 0
        },
        {
            "id": "100066030937133",
            "count": 18
        },
        {
            "id": "100082668132301",
            "count": 6
        },
        {
            "id": "100078930363394",
            "count": 109
        },
        {
            "id": "61557545543030",
            "count": 32
        },
        {
            "id": "61555809030974",
            "count": 25
        },
        {
            "id": "100072191102822",
            "count": 14
        },
        {
            "id": "100055154154050",
            "count": 1
        },
        {
            "id": "100086534678860",
            "count": 10
        },
        {
            "id": "100048286966787",
            "count": 1
        },
        {
            "id": "593577006",
            "count": 2
        },
        {
            "id": "61559141435743",
            "count": 8
        },
        {
            "id": "100085515350448",
            "count": 43
        },
        {
            "id": "100037741424837",
            "count": 12
        },
        {
            "id": "100079027159606",
            "count": 2
        },
        {
            "id": "100063600331393",
            "count": 1
        },
        {
            "id": "537846897",
            "count": 8
        },
        {
            "id": "1550702797",
            "count": 4
        },
        {
            "id": "100082166588573",
            "count": 3
        }
    ],
    "day": [
        {
            "id": "509484270",
            "count": 55
        },
        {
            "id": "100056385116028",
            "count": 0
        },
        {
            "id": "100069864945865",
            "count": 0
        },
        {
            "id": "100083205727767",
            "count": 0
        },
        {
            "id": "100029378752728",
            "count": 0
        },
        {
            "id": "100074224563535",
            "count": 0
        },
        {
            "id": "100067508386723",
            "count": 0
        },
        {
            "id": "100000732833159",
            "count": 0
        },
        {
            "id": "100068310261131",
            "count": 0
        },
        {
            "id": "100090511285969",
            "count": 0
        },
        {
            "id": "100061160525111",
            "count": 1
        },
        {
            "id": "100092744481406",
            "count": 0
        },
        {
            "id": "100079827743922",
            "count": 0
        },
        {
            "id": "100011422572422",
            "count": 0
        },
        {
            "id": "61552799013338",
            "count": 0
        },
        {
            "id": "100053800224181",
            "count": 0
        },
        {
            "id": "100004458484369",
            "count": 0
        },
        {
            "id": "100083502499869",
            "count": 0
        },
        {
            "id": "100088817988946",
            "count": 1
        },
        {
            "id": "100085342716116",
            "count": 0
        },
        {
            "id": "100077256660549",
            "count": 0
        },
        {
            "id": "100077980504363",
            "count": 0
        },
        {
            "id": "100061172506707",
            "count": 0
        },
        {
            "id": "100060894693968",
            "count": 0
        },
        {
            "id": "100074293234284",
            "count": 0
        },
        {
            "id": "100069091017023",
            "count": 0
        },
        {
            "id": "100085073240621",
            "count": 0
        },
        {
            "id": "1831058374",
            "count": 0
        },
        {
            "id": "100002670454325",
            "count": 0
        },
        {
            "id": "100013518348399",
            "count": 0
        },
        {
            "id": "100089324667937",
            "count": 0
        },
        {
            "id": "61555027924815",
            "count": 0
        },
        {
            "id": "1489675800",
            "count": 0
        },
        {
            "id": "100048033791608",
            "count": 0
        },
        {
            "id": "100031177811759",
            "count": 0
        },
        {
            "id": "100078644937656",
            "count": 0
        },
        {
            "id": "100092573525479",
            "count": 0
        },
        {
            "id": "100091901065193",
            "count": 0
        },
        {
            "id": "100000194247253",
            "count": 0
        },
        {
            "id": "61554102537426",
            "count": 0
        },
        {
            "id": "100030967444445",
            "count": 0
        },
        {
            "id": "100077014194257",
            "count": 0
        },
        {
            "id": "100007247719341",
            "count": 1
        },
        {
            "id": "61554463547147",
            "count": 0
        },
        {
            "id": "100012199992153",
            "count": 0
        },
        {
            "id": "100025452960563",
            "count": 0
        },
        {
            "id": "100080777210988",
            "count": 0
        },
        {
            "id": "1290157550",
            "count": 0
        },
        {
            "id": "100056101540630",
            "count": 0
        },
        {
            "id": "100074007695250",
            "count": 0
        },
        {
            "id": "1417149937",
            "count": 0
        },
        {
            "id": "100056565229471",
            "count": 0
        },
        {
            "id": "100050671301677",
            "count": 0
        },
        {
            "id": "100008522174196",
            "count": 0
        },
        {
            "id": "100088286371303",
            "count": 0
        },
        {
            "id": "61551005975682",
            "count": 0
        },
        {
            "id": "100075493308135",
            "count": 0
        },
        {
            "id": "100062426421455",
            "count": 0
        },
        {
            "id": "100074185980466",
            "count": 0
        },
        {
            "id": "61555999996981",
            "count": 0
        },
        {
            "id": "100091250266334",
            "count": 0
        },
        {
            "id": "832704028",
            "count": 1
        },
        {
            "id": "61556272882400",
            "count": 0
        },
        {
            "id": "100033986649405",
            "count": 0
        },
        {
            "id": "100004015031111",
            "count": 0
        },
        {
            "id": "100035421814099",
            "count": 0
        },
        {
            "id": "100000493975005",
            "count": 10
        },
        {
            "id": "100051241563318",
            "count": 0
        },
        {
            "id": "100088640035063",
            "count": 0
        },
        {
            "id": "100089352882349",
            "count": 0
        },
        {
            "id": "100011082583640",
            "count": 0
        },
        {
            "id": "100038946913086",
            "count": 0
        },
        {
            "id": "100006151832027",
            "count": 0
        },
        {
            "id": "100038780015811",
            "count": 0
        },
        {
            "id": "100012917979592",
            "count": 0
        },
        {
            "id": "100089159412845",
            "count": 0
        },
        {
            "id": "100087438951039",
            "count": 0
        },
        {
            "id": "100050999371837",
            "count": 0
        },
        {
            "id": "100000752195469",
            "count": 0
        },
        {
            "id": "100069554461385",
            "count": 0
        },
        {
            "id": "100071764641574",
            "count": 0
        },
        {
            "id": "61553316515770",
            "count": 0
        },
        {
            "id": "100014811933322",
            "count": 0
        },
        {
            "id": "100076965934609",
            "count": 0
        },
        {
            "id": "61556009505038",
            "count": 0
        },
        {
            "id": "100029543890778",
            "count": 0
        },
        {
            "id": "1074491699",
            "count": 0
        },
        {
            "id": "100087762024208",
            "count": 0
        },
        {
            "id": "100067930177504",
            "count": 0
        },
        {
            "id": "100080340206886",
            "count": 0
        },
        {
            "id": "100068672101423",
            "count": 0
        },
        {
            "id": "100029310527150",
            "count": 0
        },
        {
            "id": "100094314882749",
            "count": 0
        },
        {
            "id": "100090168070553",
            "count": 0
        },
        {
            "id": "61554619410068",
            "count": 0
        },
        {
            "id": "100047128875560",
            "count": 0
        },
        {
            "id": "100053568250530",
            "count": 0
        },
        {
            "id": "61554942840114",
            "count": 0
        },
        {
            "id": "100058313270528",
            "count": 0
        },
        {
            "id": "512037995",
            "count": 0
        },
        {
            "id": "100048593391564",
            "count": 0
        },
        {
            "id": "100060865659897",
            "count": 0
        },
        {
            "id": "100050202621313",
            "count": 0
        },
        {
            "id": "100075494992573",
            "count": 0
        },
        {
            "id": "2514554",
            "count": 0
        },
        {
            "id": "100078441331190",
            "count": 0
        },
        {
            "id": "61550692933228",
            "count": 0
        },
        {
            "id": "100066030937133",
            "count": 18
        },
        {
            "id": "100082668132301",
            "count": 6
        },
        {
            "id": "100078930363394",
            "count": 109
        },
        {
            "id": "61557545543030",
            "count": 32
        },
        {
            "id": "61555809030974",
            "count": 25
        },
        {
            "id": "100072191102822",
            "count": 14
        },
        {
            "id": "100055154154050",
            "count": 1
        },
        {
            "id": "100086534678860",
            "count": 10
        },
        {
            "id": "100048286966787",
            "count": 1
        },
        {
            "id": "593577006",
            "count": 2
        },
        {
            "id": "61559141435743",
            "count": 8
        },
        {
            "id": "100085515350448",
            "count": 43
        },
        {
            "id": "100037741424837",
            "count": 12
        },
        {
            "id": "100079027159606",
            "count": 2
        },
        {
            "id": "100063600331393",
            "count": 1
        },
        {
            "id": "537846897",
            "count": 8
        },
        {
            "id": "1550702797",
            "count": 4
        },
        {
            "id": "100082166588573",
            "count": 3
        }
    ],
    "time": 3,
    "last": {
        "time": 4,
        "day": [
            {
                "id": "509484270",
                "count": 0
            },
            {
                "id": "61554942840114",
                "count": 0
            },
            {
                "id": "100056385116028",
                "count": 0
            },
            {
                "id": "100069864945865",
                "count": 0
            },
            {
                "id": "100089352882349",
                "count": 0
            },
            {
                "id": "100083205727767",
                "count": 0
            },
            {
                "id": "100029378752728",
                "count": 0
            },
            {
                "id": "100074224563535",
                "count": 0
            },
            {
                "id": "100067508386723",
                "count": 0
            },
            {
                "id": "100000732833159",
                "count": 0
            },
            {
                "id": "100068310261131",
                "count": 0
            },
            {
                "id": "709145693",
                "count": 0
            },
            {
                "id": "100090511285969",
                "count": 0
            },
            {
                "id": "100061160525111",
                "count": 0
            },
            {
                "id": "100092744481406",
                "count": 0
            },
            {
                "id": "100079827743922",
                "count": 0
            },
            {
                "id": "100011422572422",
                "count": 0
            },
            {
                "id": "1153327407",
                "count": 0
            },
            {
                "id": "61552799013338",
                "count": 0
            },
            {
                "id": "61552500791337",
                "count": 0
            },
            {
                "id": "100053800224181",
                "count": 0
            },
            {
                "id": "61555631507091",
                "count": 0
            },
            {
                "id": "100004458484369",
                "count": 0
            },
            {
                "id": "100083502499869",
                "count": 0
            },
            {
                "id": "100088817988946",
                "count": 0
            },
            {
                "id": "100085342716116",
                "count": 0
            },
            {
                "id": "100077256660549",
                "count": 0
            },
            {
                "id": "100077980504363",
                "count": 0
            },
            {
                "id": "100051241563318",
                "count": 0
            },
            {
                "id": "61551251459640",
                "count": 0
            },
            {
                "id": "100061172506707",
                "count": 0
            },
            {
                "id": "100060894693968",
                "count": 0
            },
            {
                "id": "100088266109751",
                "count": 0
            },
            {
                "id": "100007653399051",
                "count": 0
            },
            {
                "id": "100014615861042",
                "count": 0
            },
            {
                "id": "100041183227239",
                "count": 0
            },
            {
                "id": "100074293234284",
                "count": 0
            },
            {
                "id": "100069091017023",
                "count": 0
            },
            {
                "id": "100085073240621",
                "count": 0
            },
            {
                "id": "1831058374",
                "count": 0
            },
            {
                "id": "100083174347639",
                "count": 0
            },
            {
                "id": "61550213211481",
                "count": 0
            },
            {
                "id": "100002670454325",
                "count": 0
            },
            {
                "id": "100013518348399",
                "count": 0
            },
            {
                "id": "100089324667937",
                "count": 0
            },
            {
                "id": "61555027924815",
                "count": 0
            },
            {
                "id": "1489675800",
                "count": 0
            },
            {
                "id": "100048033791608",
                "count": 0
            },
            {
                "id": "100093177673164",
                "count": 0
            },
            {
                "id": "100031177811759",
                "count": 0
            },
            {
                "id": "100078644937656",
                "count": 0
            },
            {
                "id": "100027187763993",
                "count": 0
            },
            {
                "id": "100092573525479",
                "count": 0
            },
            {
                "id": "100042575622073",
                "count": 0
            },
            {
                "id": "100091901065193",
                "count": 0
            },
            {
                "id": "100081129610697",
                "count": 0
            },
            {
                "id": "100000194247253",
                "count": 0
            },
            {
                "id": "61554102537426",
                "count": 0
            },
            {
                "id": "100083960877597",
                "count": 0
            },
            {
                "id": "61555000180675",
                "count": 0
            },
            {
                "id": "100093163953498",
                "count": 0
            },
            {
                "id": "100015708247902",
                "count": 0
            },
            {
                "id": "100030967444445",
                "count": 0
            },
            {
                "id": "100000513902362",
                "count": 0
            },
            {
                "id": "100077014194257",
                "count": 0
            },
            {
                "id": "100000752195469",
                "count": 0
            },
            {
                "id": "100012547178957",
                "count": 0
            },
            {
                "id": "100050671301677",
                "count": 0
            },
            {
                "id": "100088410702108",
                "count": 0
            },
            {
                "id": "100007247719341",
                "count": 0
            },
            {
                "id": "100035421814099",
                "count": 0
            },
            {
                "id": "61554463547147",
                "count": 0
            },
            {
                "id": "100012199992153",
                "count": 0
            },
            {
                "id": "100025452960563",
                "count": 0
            },
            {
                "id": "100094404736269",
                "count": 0
            },
            {
                "id": "100040552065590",
                "count": 0
            },
            {
                "id": "100080777210988",
                "count": 0
            },
            {
                "id": "1290157550",
                "count": 0
            },
            {
                "id": "100056101540630",
                "count": 0
            },
            {
                "id": "100074007695250",
                "count": 0
            },
            {
                "id": "1417149937",
                "count": 0
            },
            {
                "id": "832704028",
                "count": 0
            },
            {
                "id": "100056565229471",
                "count": 0
            },
            {
                "id": "61551063459752",
                "count": 0
            },
            {
                "id": "100008522174196",
                "count": 0
            },
            {
                "id": "100088286371303",
                "count": 0
            },
            {
                "id": "100006151832027",
                "count": 0
            },
            {
                "id": "61551005975682",
                "count": 0
            },
            {
                "id": "100009820695732",
                "count": 0
            },
            {
                "id": "100075493308135",
                "count": 0
            },
            {
                "id": "100062426421455",
                "count": 0
            },
            {
                "id": "100074185980466",
                "count": 0
            },
            {
                "id": "61555999996981",
                "count": 0
            },
            {
                "id": "61552084539145",
                "count": 0
            },
            {
                "id": "61556018798144",
                "count": 0
            },
            {
                "id": "100091250266334",
                "count": 0
            },
            {
                "id": "61556272882400",
                "count": 0
            },
            {
                "id": "100033986649405",
                "count": 0
            },
            {
                "id": "100004015031111",
                "count": 0
            },
            {
                "id": "100000493975005",
                "count": 0
            },
            {
                "id": "100094095158042",
                "count": 0
            },
            {
                "id": "100094314882749",
                "count": 0
            },
            {
                "id": "100088640035063",
                "count": 0
            },
            {
                "id": "100000745531418",
                "count": 0
            },
            {
                "id": "100011082583640",
                "count": 0
            },
            {
                "id": "100054403575923",
                "count": 0
            },
            {
                "id": "100038946913086",
                "count": 0
            },
            {
                "id": "100053218521866",
                "count": 0
            },
            {
                "id": "100038780015811",
                "count": 0
            },
            {
                "id": "100087438951039",
                "count": 0
            },
            {
                "id": "100089159412845",
                "count": 0
            },
            {
                "id": "100071764641574",
                "count": 0
            },
            {
                "id": "100094302290173",
                "count": 0
            },
            {
                "id": "100012917979592",
                "count": 0
            },
            {
                "id": "61556703088194",
                "count": 0
            },
            {
                "id": "100050999371837",
                "count": 0
            },
            {
                "id": "61553316515770",
                "count": 0
            },
            {
                "id": "61556355433265",
                "count": 0
            },
            {
                "id": "61556720784382",
                "count": 0
            },
            {
                "id": "100014811933322",
                "count": 0
            },
            {
                "id": "100029310527150",
                "count": 0
            },
            {
                "id": "100076965934609",
                "count": 0
            },
            {
                "id": "100069554461385",
                "count": 0
            },
            {
                "id": "61556009505038",
                "count": 0
            },
            {
                "id": "100029543890778",
                "count": 0
            },
            {
                "id": "1074491699",
                "count": 0
            },
            {
                "id": "100087762024208",
                "count": 0
            },
            {
                "id": "100088306689977",
                "count": 0
            },
            {
                "id": "100067930177504",
                "count": 0
            },
            {
                "id": "100044274005143",
                "count": 0
            },
            {
                "id": "100080340206886",
                "count": 0
            },
            {
                "id": "100068672101423",
                "count": 0
            },
            {
                "id": "100090168070553",
                "count": 0
            },
            {
                "id": "61554619410068",
                "count": 0
            },
            {
                "id": "100047128875560",
                "count": 0
            },
            {
                "id": "100053568250530",
                "count": 0
            },
            {
                "id": "100058313270528",
                "count": 0
            },
            {
                "id": "512037995",
                "count": 0
            },
            {
                "id": "100048593391564",
                "count": 0
            },
            {
                "id": "100060865659897",
                "count": 0
            },
            {
                "id": "100050202621313",
                "count": 0
            },
            {
                "id": "100075494992573",
                "count": 0
            },
            {
                "id": "2514554",
                "count": 0
            },
            {
                "id": "100078441331190",
                "count": 0
            },
            {
                "id": "61550692933228",
                "count": 0
            }
        ],
        "week": [
            {
                "id": "509484270",
                "count": 0
            },
            {
                "id": "61554942840114",
                "count": 0
            },
            {
                "id": "100056385116028",
                "count": 0
            },
            {
                "id": "100069864945865",
                "count": 0
            },
            {
                "id": "100089352882349",
                "count": 0
            },
            {
                "id": "100083205727767",
                "count": 0
            },
            {
                "id": "100029378752728",
                "count": 0
            },
            {
                "id": "100074224563535",
                "count": 0
            },
            {
                "id": "100067508386723",
                "count": 0
            },
            {
                "id": "100000732833159",
                "count": 0
            },
            {
                "id": "100068310261131",
                "count": 0
            },
            {
                "id": "709145693",
                "count": 0
            },
            {
                "id": "100090511285969",
                "count": 0
            },
            {
                "id": "100061160525111",
                "count": 0
            },
            {
                "id": "100092744481406",
                "count": 0
            },
            {
                "id": "100079827743922",
                "count": 0
            },
            {
                "id": "100011422572422",
                "count": 0
            },
            {
                "id": "1153327407",
                "count": 0
            },
            {
                "id": "61552799013338",
                "count": 0
            },
            {
                "id": "61552500791337",
                "count": 0
            },
            {
                "id": "100053800224181",
                "count": 0
            },
            {
                "id": "61555631507091",
                "count": 0
            },
            {
                "id": "100004458484369",
                "count": 0
            },
            {
                "id": "100083502499869",
                "count": 0
            },
            {
                "id": "100088817988946",
                "count": 0
            },
            {
                "id": "100085342716116",
                "count": 0
            },
            {
                "id": "100077256660549",
                "count": 0
            },
            {
                "id": "100077980504363",
                "count": 0
            },
            {
                "id": "100051241563318",
                "count": 0
            },
            {
                "id": "61551251459640",
                "count": 0
            },
            {
                "id": "100061172506707",
                "count": 0
            },
            {
                "id": "100060894693968",
                "count": 0
            },
            {
                "id": "100088266109751",
                "count": 0
            },
            {
                "id": "100007653399051",
                "count": 0
            },
            {
                "id": "100014615861042",
                "count": 0
            },
            {
                "id": "100041183227239",
                "count": 0
            },
            {
                "id": "100074293234284",
                "count": 0
            },
            {
                "id": "100069091017023",
                "count": 0
            },
            {
                "id": "100085073240621",
                "count": 0
            },
            {
                "id": "1831058374",
                "count": 0
            },
            {
                "id": "100083174347639",
                "count": 0
            },
            {
                "id": "61550213211481",
                "count": 0
            },
            {
                "id": "100002670454325",
                "count": 0
            },
            {
                "id": "100013518348399",
                "count": 0
            },
            {
                "id": "100089324667937",
                "count": 0
            },
            {
                "id": "61555027924815",
                "count": 0
            },
            {
                "id": "1489675800",
                "count": 0
            },
            {
                "id": "100048033791608",
                "count": 0
            },
            {
                "id": "100093177673164",
                "count": 0
            },
            {
                "id": "100031177811759",
                "count": 0
            },
            {
                "id": "100078644937656",
                "count": 0
            },
            {
                "id": "100027187763993",
                "count": 0
            },
            {
                "id": "100092573525479",
                "count": 0
            },
            {
                "id": "100042575622073",
                "count": 0
            },
            {
                "id": "100091901065193",
                "count": 0
            },
            {
                "id": "100081129610697",
                "count": 0
            },
            {
                "id": "100000194247253",
                "count": 0
            },
            {
                "id": "61554102537426",
                "count": 0
            },
            {
                "id": "100083960877597",
                "count": 0
            },
            {
                "id": "61555000180675",
                "count": 0
            },
            {
                "id": "100093163953498",
                "count": 0
            },
            {
                "id": "100015708247902",
                "count": 0
            },
            {
                "id": "100030967444445",
                "count": 0
            },
            {
                "id": "100000513902362",
                "count": 0
            },
            {
                "id": "100077014194257",
                "count": 0
            },
            {
                "id": "100000752195469",
                "count": 0
            },
            {
                "id": "100012547178957",
                "count": 0
            },
            {
                "id": "100050671301677",
                "count": 0
            },
            {
                "id": "100088410702108",
                "count": 0
            },
            {
                "id": "100007247719341",
                "count": 0
            },
            {
                "id": "100035421814099",
                "count": 0
            },
            {
                "id": "61554463547147",
                "count": 0
            },
            {
                "id": "100012199992153",
                "count": 0
            },
            {
                "id": "100025452960563",
                "count": 0
            },
            {
                "id": "100094404736269",
                "count": 0
            },
            {
                "id": "100040552065590",
                "count": 0
            },
            {
                "id": "100080777210988",
                "count": 0
            },
            {
                "id": "1290157550",
                "count": 0
            },
            {
                "id": "100056101540630",
                "count": 0
            },
            {
                "id": "100074007695250",
                "count": 0
            },
            {
                "id": "1417149937",
                "count": 0
            },
            {
                "id": "832704028",
                "count": 0
            },
            {
                "id": "100056565229471",
                "count": 0
            },
            {
                "id": "61551063459752",
                "count": 0
            },
            {
                "id": "100008522174196",
                "count": 0
            },
            {
                "id": "100088286371303",
                "count": 0
            },
            {
                "id": "100006151832027",
                "count": 0
            },
            {
                "id": "61551005975682",
                "count": 0
            },
            {
                "id": "100009820695732",
                "count": 0
            },
            {
                "id": "100075493308135",
                "count": 0
            },
            {
                "id": "100062426421455",
                "count": 0
            },
            {
                "id": "100074185980466",
                "count": 0
            },
            {
                "id": "61555999996981",
                "count": 0
            },
            {
                "id": "61552084539145",
                "count": 0
            },
            {
                "id": "61556018798144",
                "count": 0
            },
            {
                "id": "100091250266334",
                "count": 0
            },
            {
                "id": "61556272882400",
                "count": 0
            },
            {
                "id": "100033986649405",
                "count": 0
            },
            {
                "id": "100004015031111",
                "count": 0
            },
            {
                "id": "100000493975005",
                "count": 0
            },
            {
                "id": "100094095158042",
                "count": 0
            },
            {
                "id": "100094314882749",
                "count": 0
            },
            {
                "id": "100088640035063",
                "count": 0
            },
            {
                "id": "100000745531418",
                "count": 0
            },
            {
                "id": "100011082583640",
                "count": 0
            },
            {
                "id": "100054403575923",
                "count": 0
            },
            {
                "id": "100038946913086",
                "count": 0
            },
            {
                "id": "100053218521866",
                "count": 0
            },
            {
                "id": "100038780015811",
                "count": 0
            },
            {
                "id": "100087438951039",
                "count": 0
            },
            {
                "id": "100089159412845",
                "count": 0
            },
            {
                "id": "100071764641574",
                "count": 0
            },
            {
                "id": "100094302290173",
                "count": 0
            },
            {
                "id": "100012917979592",
                "count": 0
            },
            {
                "id": "61556703088194",
                "count": 0
            },
            {
                "id": "100050999371837",
                "count": 0
            },
            {
                "id": "61553316515770",
                "count": 0
            },
            {
                "id": "61556355433265",
                "count": 0
            },
            {
                "id": "61556720784382",
                "count": 0
            },
            {
                "id": "100014811933322",
                "count": 0
            },
            {
                "id": "100029310527150",
                "count": 0
            },
            {
                "id": "100076965934609",
                "count": 0
            },
            {
                "id": "100069554461385",
                "count": 0
            },
            {
                "id": "61556009505038",
                "count": 0
            },
            {
                "id": "100029543890778",
                "count": 0
            },
            {
                "id": "1074491699",
                "count": 0
            },
            {
                "id": "100087762024208",
                "count": 0
            },
            {
                "id": "100088306689977",
                "count": 0
            },
            {
                "id": "100067930177504",
                "count": 0
            },
            {
                "id": "100044274005143",
                "count": 0
            },
            {
                "id": "100080340206886",
                "count": 0
            },
            {
                "id": "100068672101423",
                "count": 0
            },
            {
                "id": "100090168070553",
                "count": 0
            },
            {
                "id": "61554619410068",
                "count": 0
            },
            {
                "id": "100047128875560",
                "count": 0
            },
            {
                "id": "100053568250530",
                "count": 0
            },
            {
                "id": "100058313270528",
                "count": 0
            },
            {
                "id": "512037995",
                "count": 0
            },
            {
                "id": "100048593391564",
                "count": 0
            },
            {
                "id": "100060865659897",
                "count": 0
            },
            {
                "id": "100050202621313",
                "count": 0
            },
            {
                "id": "100075494992573",
                "count": 0
            },
            {
                "id": "2514554",
                "count": 0
            },
            {
                "id": "100078441331190",
                "count": 0
            },
            {
                "id": "61550692933228",
                "count": 0
            }
        ]
    }
}