{
    "total": [
        {
            "id": "100093834681242",
            "count": 0
        },
        {
            "id": "100077980504363",
            "count": 14
        }
    ],
    "week": [
        {
            "id": "100093834681242",
            "count": 0
        },
        {
            "id": "100077980504363",
            "count": 14
        }
    ],
    "day": [
        {
            "id": "100093834681242",
            "count": 0
        },
        {
            "id": "100077980504363",
            "count": 14
        }
    ],
    "time": 2,
    "last": {
        "time": 0,
        "day": [
            {
                "id": "100093834681242",
                "count": 0
            },
            {
                "id": "509484270",
                "count": 0
            },
            {
                "id": "100077980504363",
                "count": 0
            }
        ],
        "week": [
            {
                "id": "100093834681242",
                "count": 0
            },
            {
                "id": "509484270",
                "count": 0
            },
            {
                "id": "100077980504363",
                "count": 0
            }
        ]
    }
}