{
    "total": [
        {
            "id": "100089123538068",
            "count": 0
        },
        {
            "id": "100082337677644",
            "count": 0
        },
        {
            "id": "100082079255103",
            "count": 0
        },
        {
            "id": "100082553103136",
            "count": 0
        },
        {
            "id": "100059737761289",
            "count": 0
        },
        {
            "id": "100005934554065",
            "count": 0
        },
        {
            "id": "100082244133109",
            "count": 0
        },
        {
            "id": "100081249677545",
            "count": 0
        },
        {
            "id": "100081557749649",
            "count": 0
        },
        {
            "id": "100059835280564",
            "count": 0
        },
        {
            "id": "100089328954746",
            "count": 0
        },
        {
            "id": "100088701544679",
            "count": 0
        },
        {
            "id": "100013854677663",
            "count": 0
        },
        {
            "id": "100069953768691",
            "count": 0
        },
        {
            "id": "100090220012436",
            "count": 0
        },
        {
            "id": "100088189693150",
            "count": 0
        },
        {
            "id": "100084464233758",
            "count": 0
        },
        {
            "id": "100079367325440",
            "count": 0
        },
        {
            "id": "100084073565966",
            "count": 0
        },
        {
            "id": "100089811175008",
            "count": 0
        },
        {
            "id": "100088797710685",
            "count": 0
        },
        {
            "id": "100090273561827",
            "count": 0
        },
        {
            "id": "100086672124678",
            "count": 0
        },
        {
            "id": "100091753556630",
            "count": 0
        },
        {
            "id": "100088037958531",
            "count": 0
        },
        {
            "id": "100092594841026",
            "count": 0
        },
        {
            "id": "100002043165513",
            "count": 0
        },
        {
            "id": "100091988191675",
            "count": 0
        },
        {
            "id": "100092161592496",
            "count": 0
        },
        {
            "id": "100022530081292",
            "count": 0
        },
        {
            "id": "100082583070047",
            "count": 0
        },
        {
            "id": "100092476400214",
            "count": 0
        },
        {
            "id": "100062199091866",
            "count": 0
        },
        {
            "id": "100088189790712",
            "count": 0
        },
        {
            "id": "100079717983466",
            "count": 0
        },
        {
            "id": "100089230274375",
            "count": 0
        },
        {
            "id": "100088067970290",
            "count": 0
        },
        {
            "id": "100089118521925",
            "count": 0
        },
        {
            "id": "100093704335542",
            "count": 0
        },
        {
            "id": "100090373511656",
            "count": 0
        },
        {
            "id": "100089648986210",
            "count": 0
        },
        {
            "id": "100089637272749",
            "count": 0
        },
        {
            "id": "100089738301384",
            "count": 0
        },
        {
            "id": "100011958646082",
            "count": 0
        },
        {
            "id": "100053296757835",
            "count": 0
        },
        {
            "id": "100086189658993",
            "count": 0
        },
        {
            "id": "100089231345058",
            "count": 0
        },
        {
            "id": "100042929211774",
            "count": 0
        },
        {
            "id": "100091336754681",
            "count": 0
        },
        {
            "id": "100081519417969",
            "count": 0
        },
        {
            "id": "100079210801829",
            "count": 0
        },
        {
            "id": "100087727062644",
            "count": 0
        },
        {
            "id": "100094565111988",
            "count": 0
        },
        {
            "id": "100055790283856",
            "count": 0
        },
        {
            "id": "100077429177812",
            "count": 12
        },
        {
            "id": "100092363637109",
            "count": 0
        },
        {
            "id": "100061704815005",
            "count": 0
        },
        {
            "id": "100091642617186",
            "count": 0
        },
        {
            "id": "100002719591022",
            "count": 0
        },
        {
            "id": "100094585642686",
            "count": 0
        },
        {
            "id": "100010213877104",
            "count": 0
        },
        {
            "id": "61550992865692",
            "count": 0
        },
        {
            "id": "100025458769165",
            "count": 0
        },
        {
            "id": "61550988592542",
            "count": 0
        },
        {
            "id": "100071499641272",
            "count": 0
        },
        {
            "id": "100068323907446",
            "count": 0
        },
        {
            "id": "100077111591277",
            "count": 0
        },
        {
            "id": "100090262555115",
            "count": 0
        },
        {
            "id": "100053795603956",
            "count": 0
        },
        {
            "id": "100043262899564",
            "count": 0
        },
        {
            "id": "100054415545375",
            "count": 0
        },
        {
            "id": "100032997526339",
            "count": 0
        },
        {
            "id": "100025139484001",
            "count": 0
        },
        {
            "id": "100081150213116",
            "count": 0
        },
        {
            "id": "100085581993767",
            "count": 0
        },
        {
            "id": "100008382663252",
            "count": 0
        },
        {
            "id": "100086493827620",
            "count": 0
        },
        {
            "id": "100074657413313",
            "count": 0
        },
        {
            "id": "100086111127305",
            "count": 0
        },
        {
            "id": "100078645637828",
            "count": 0
        },
        {
            "id": "100083571775264",
            "count": 0
        },
        {
            "id": "100063710842634",
            "count": 0
        },
        {
            "id": "100078729624958",
            "count": 0
        },
        {
            "id": "100086147094128",
            "count": 0
        },
        {
            "id": "100080929345286",
            "count": 0
        },
        {
            "id": "100075784726052",
            "count": 0
        },
        {
            "id": "100007563424463",
            "count": 0
        },
        {
            "id": "100085139582757",
            "count": 0
        },
        {
            "id": "100069519394963",
            "count": 0
        },
        {
            "id": "100043759961169",
            "count": 0
        },
        {
            "id": "100095083804078",
            "count": 0
        },
        {
            "id": "100086753082859",
            "count": 0
        },
        {
            "id": "100089179446528",
            "count": 0
        },
        {
            "id": "61551486355051",
            "count": 0
        },
        {
            "id": "61551736328198",
            "count": 19
        },
        {
            "id": "100088048827586",
            "count": 0
        },
        {
            "id": "100076820077958",
            "count": 0
        },
        {
            "id": "100079231331690",
            "count": 0
        },
        {
            "id": "100009841596718",
            "count": 0
        },
        {
            "id": "100002544977713",
            "count": 0
        },
        {
            "id": "61552380837279",
            "count": 0
        },
        {
            "id": "61552588259871",
            "count": 0
        },
        {
            "id": "61552198254707",
            "count": 0
        },
        {
            "id": "100055165952623",
            "count": 0
        },
        {
            "id": "100011608928682",
            "count": 0
        },
        {
            "id": "61552552291623",
            "count": 0
        },
        {
            "id": "61551775705403",
            "count": 0
        },
        {
            "id": "61552662966526",
            "count": 0
        },
        {
            "id": "100088440036637",
            "count": 0
        },
        {
            "id": "100067727646937",
            "count": 0
        },
        {
            "id": "100091443279535",
            "count": 0
        },
        {
            "id": "100093961884183",
            "count": 0
        },
        {
            "id": "100077198984369",
            "count": 0
        },
        {
            "id": "100025476335205",
            "count": 0
        },
        {
            "id": "100025167736399",
            "count": 0
        },
        {
            "id": "100006373598981",
            "count": 0
        },
        {
            "id": "100072195218114",
            "count": 0
        },
        {
            "id": "100092401833568",
            "count": 0
        },
        {
            "id": "100093411674806",
            "count": 0
        },
        {
            "id": "100040385771295",
            "count": 0
        },
        {
            "id": "61553625519553",
            "count": 0
        },
        {
            "id": "61553390956269",
            "count": 0
        },
        {
            "id": "61553987726090",
            "count": 0
        },
        {
            "id": "100082230536821",
            "count": 0
        },
        {
            "id": "100045554056999",
            "count": 0
        },
        {
            "id": "100088180315111",
            "count": 0
        },
        {
            "id": "100091578671348",
            "count": 5
        },
        {
            "id": "100079758678110",
            "count": 0
        },
        {
            "id": "61553965456369",
            "count": 0
        },
        {
            "id": "100078855167864",
            "count": 0
        },
        {
            "id": "100064775295991",
            "count": 0
        },
        {
            "id": "100074585889532",
            "count": 0
        },
        {
            "id": "100088448112414",
            "count": 0
        },
        {
            "id": "100052530520865",
            "count": 0
        },
        {
            "id": "100079460633269",
            "count": 0
        },
        {
            "id": "100027660278743",
            "count": 0
        },
        {
            "id": "100007277357058",
            "count": 0
        },
        {
            "id": "100088965254543",
            "count": 0
        },
        {
            "id": "100093005551728",
            "count": 0
        },
        {
            "id": "100090041468416",
            "count": 0
        },
        {
            "id": "61551722441577",
            "count": 0
        },
        {
            "id": "100083293377416",
            "count": 0
        },
        {
            "id": "100014152269677",
            "count": 0
        },
        {
            "id": "100055286426173",
            "count": 0
        },
        {
            "id": "61552850041983",
            "count": 0
        },
        {
            "id": "100031036531216",
            "count": 0
        },
        {
            "id": "100057084120063",
            "count": 0
        },
        {
            "id": "100071544966616",
            "count": 6
        },
        {
            "id": "61551073629392",
            "count": 0
        },
        {
            "id": "100091427679792",
            "count": 0
        },
        {
            "id": "100090292124048",
            "count": 0
        },
        {
            "id": "100024385696310",
            "count": 0
        },
        {
            "id": "61554594300883",
            "count": 0
        },
        {
            "id": "100005171310271",
            "count": 0
        },
        {
            "id": "100082177162681",
            "count": 0
        },
        {
            "id": "100013747714932",
            "count": 0
        },
        {
            "id": "100076583505630",
            "count": 0
        },
        {
            "id": "100088702604110",
            "count": 0
        },
        {
            "id": "100073784926025",
            "count": 0
        },
        {
            "id": "61551101941898",
            "count": 0
        },
        {
            "id": "100019716363314",
            "count": 0
        },
        {
            "id": "100061754000777",
            "count": 0
        },
        {
            "id": "100025328250677",
            "count": 0
        },
        {
            "id": "100053100106376",
            "count": 0
        },
        {
            "id": "61551238385873",
            "count": 0
        },
        {
            "id": "61552407876433",
            "count": 0
        },
        {
            "id": "100075533449026",
            "count": 0
        },
        {
            "id": "100067167258022",
            "count": 0
        },
        {
            "id": "61551985981527",
            "count": 0
        },
        {
            "id": "100095427339517",
            "count": 0
        },
        {
            "id": "100084495025013",
            "count": 0
        },
        {
            "id": "61552808676731",
            "count": 0
        },
        {
            "id": "100094732320738",
            "count": 0
        },
        {
            "id": "100051595071118",
            "count": 0
        },
        {
            "id": "61554988437918",
            "count": 0
        },
        {
            "id": "100057462506845",
            "count": 0
        },
        {
            "id": "61551800163317",
            "count": 0
        },
        {
            "id": "100045516221118",
            "count": 0
        },
        {
            "id": "61555407163287",
            "count": 0
        },
        {
            "id": "61551677729417",
            "count": 0
        },
        {
            "id": "100075404183221",
            "count": 0
        },
        {
            "id": "61555388307108",
            "count": 0
        },
        {
            "id": "61555756589720",
            "count": 0
        }
    ],
    "week": [
        {
            "id": "100089123538068",
            "count": 0
        },
        {
            "id": "100082337677644",
            "count": 0
        },
        {
            "id": "100082079255103",
            "count": 0
        },
        {
            "id": "100082553103136",
            "count": 0
        },
        {
            "id": "100059737761289",
            "count": 0
        },
        {
            "id": "100005934554065",
            "count": 0
        },
        {
            "id": "100082244133109",
            "count": 0
        },
        {
            "id": "100081249677545",
            "count": 0
        },
        {
            "id": "100081557749649",
            "count": 0
        },
        {
            "id": "100059835280564",
            "count": 0
        },
        {
            "id": "100089328954746",
            "count": 0
        },
        {
            "id": "100088701544679",
            "count": 0
        },
        {
            "id": "100013854677663",
            "count": 0
        },
        {
            "id": "100069953768691",
            "count": 0
        },
        {
            "id": "100090220012436",
            "count": 0
        },
        {
            "id": "100088189693150",
            "count": 0
        },
        {
            "id": "100084464233758",
            "count": 0
        },
        {
            "id": "100079367325440",
            "count": 0
        },
        {
            "id": "100084073565966",
            "count": 0
        },
        {
            "id": "100089811175008",
            "count": 0
        },
        {
            "id": "100088797710685",
            "count": 0
        },
        {
            "id": "100090273561827",
            "count": 0
        },
        {
            "id": "100086672124678",
            "count": 0
        },
        {
            "id": "100091753556630",
            "count": 0
        },
        {
            "id": "100088037958531",
            "count": 0
        },
        {
            "id": "100092594841026",
            "count": 0
        },
        {
            "id": "100002043165513",
            "count": 0
        },
        {
            "id": "100091988191675",
            "count": 0
        },
        {
            "id": "100092161592496",
            "count": 0
        },
        {
            "id": "100022530081292",
            "count": 0
        },
        {
            "id": "100082583070047",
            "count": 0
        },
        {
            "id": "100092476400214",
            "count": 0
        },
        {
            "id": "100062199091866",
            "count": 0
        },
        {
            "id": "100088189790712",
            "count": 0
        },
        {
            "id": "100079717983466",
            "count": 0
        },
        {
            "id": "100089230274375",
            "count": 0
        },
        {
            "id": "100088067970290",
            "count": 0
        },
        {
            "id": "100089118521925",
            "count": 0
        },
        {
            "id": "100093704335542",
            "count": 0
        },
        {
            "id": "100090373511656",
            "count": 0
        },
        {
            "id": "100089648986210",
            "count": 0
        },
        {
            "id": "100089637272749",
            "count": 0
        },
        {
            "id": "100089738301384",
            "count": 0
        },
        {
            "id": "100011958646082",
            "count": 0
        },
        {
            "id": "100053296757835",
            "count": 0
        },
        {
            "id": "100086189658993",
            "count": 0
        },
        {
            "id": "100089231345058",
            "count": 0
        },
        {
            "id": "100042929211774",
            "count": 0
        },
        {
            "id": "100091336754681",
            "count": 0
        },
        {
            "id": "100081519417969",
            "count": 0
        },
        {
            "id": "100079210801829",
            "count": 0
        },
        {
            "id": "100087727062644",
            "count": 0
        },
        {
            "id": "100094565111988",
            "count": 0
        },
        {
            "id": "100055790283856",
            "count": 0
        },
        {
            "id": "100077429177812",
            "count": 12
        },
        {
            "id": "100092363637109",
            "count": 0
        },
        {
            "id": "100061704815005",
            "count": 0
        },
        {
            "id": "100091642617186",
            "count": 0
        },
        {
            "id": "100002719591022",
            "count": 0
        },
        {
            "id": "100094585642686",
            "count": 0
        },
        {
            "id": "100010213877104",
            "count": 0
        },
        {
            "id": "61550992865692",
            "count": 0
        },
        {
            "id": "100025458769165",
            "count": 0
        },
        {
            "id": "61550988592542",
            "count": 0
        },
        {
            "id": "100071499641272",
            "count": 0
        },
        {
            "id": "100068323907446",
            "count": 0
        },
        {
            "id": "100077111591277",
            "count": 0
        },
        {
            "id": "100090262555115",
            "count": 0
        },
        {
            "id": "100053795603956",
            "count": 0
        },
        {
            "id": "100043262899564",
            "count": 0
        },
        {
            "id": "100054415545375",
            "count": 0
        },
        {
            "id": "100032997526339",
            "count": 0
        },
        {
            "id": "100025139484001",
            "count": 0
        },
        {
            "id": "100081150213116",
            "count": 0
        },
        {
            "id": "100085581993767",
            "count": 0
        },
        {
            "id": "100008382663252",
            "count": 0
        },
        {
            "id": "100086493827620",
            "count": 0
        },
        {
            "id": "100074657413313",
            "count": 0
        },
        {
            "id": "100086111127305",
            "count": 0
        },
        {
            "id": "100078645637828",
            "count": 0
        },
        {
            "id": "100083571775264",
            "count": 0
        },
        {
            "id": "100063710842634",
            "count": 0
        },
        {
            "id": "100078729624958",
            "count": 0
        },
        {
            "id": "100086147094128",
            "count": 0
        },
        {
            "id": "100080929345286",
            "count": 0
        },
        {
            "id": "100075784726052",
            "count": 0
        },
        {
            "id": "100007563424463",
            "count": 0
        },
        {
            "id": "100085139582757",
            "count": 0
        },
        {
            "id": "100069519394963",
            "count": 0
        },
        {
            "id": "100043759961169",
            "count": 0
        },
        {
            "id": "100095083804078",
            "count": 0
        },
        {
            "id": "100086753082859",
            "count": 0
        },
        {
            "id": "100089179446528",
            "count": 0
        },
        {
            "id": "61551486355051",
            "count": 0
        },
        {
            "id": "61551736328198",
            "count": 19
        },
        {
            "id": "100088048827586",
            "count": 0
        },
        {
            "id": "100076820077958",
            "count": 0
        },
        {
            "id": "100079231331690",
            "count": 0
        },
        {
            "id": "100009841596718",
            "count": 0
        },
        {
            "id": "100002544977713",
            "count": 0
        },
        {
            "id": "61552380837279",
            "count": 0
        },
        {
            "id": "61552588259871",
            "count": 0
        },
        {
            "id": "61552198254707",
            "count": 0
        },
        {
            "id": "100055165952623",
            "count": 0
        },
        {
            "id": "100011608928682",
            "count": 0
        },
        {
            "id": "61552552291623",
            "count": 0
        },
        {
            "id": "61551775705403",
            "count": 0
        },
        {
            "id": "61552662966526",
            "count": 0
        },
        {
            "id": "100088440036637",
            "count": 0
        },
        {
            "id": "100067727646937",
            "count": 0
        },
        {
            "id": "100091443279535",
            "count": 0
        },
        {
            "id": "100093961884183",
            "count": 0
        },
        {
            "id": "100077198984369",
            "count": 0
        },
        {
            "id": "100025476335205",
            "count": 0
        },
        {
            "id": "100025167736399",
            "count": 0
        },
        {
            "id": "100006373598981",
            "count": 0
        },
        {
            "id": "100072195218114",
            "count": 0
        },
        {
            "id": "100092401833568",
            "count": 0
        },
        {
            "id": "100093411674806",
            "count": 0
        },
        {
            "id": "100040385771295",
            "count": 0
        },
        {
            "id": "61553625519553",
            "count": 0
        },
        {
            "id": "61553390956269",
            "count": 0
        },
        {
            "id": "61553987726090",
            "count": 0
        },
        {
            "id": "100082230536821",
            "count": 0
        },
        {
            "id": "100045554056999",
            "count": 0
        },
        {
            "id": "100088180315111",
            "count": 0
        },
        {
            "id": "100091578671348",
            "count": 5
        },
        {
            "id": "100079758678110",
            "count": 0
        },
        {
            "id": "61553965456369",
            "count": 0
        },
        {
            "id": "100078855167864",
            "count": 0
        },
        {
            "id": "100064775295991",
            "count": 0
        },
        {
            "id": "100074585889532",
            "count": 0
        },
        {
            "id": "100088448112414",
            "count": 0
        },
        {
            "id": "100052530520865",
            "count": 0
        },
        {
            "id": "100079460633269",
            "count": 0
        },
        {
            "id": "100027660278743",
            "count": 0
        },
        {
            "id": "100007277357058",
            "count": 0
        },
        {
            "id": "100088965254543",
            "count": 0
        },
        {
            "id": "100093005551728",
            "count": 0
        },
        {
            "id": "100090041468416",
            "count": 0
        },
        {
            "id": "61551722441577",
            "count": 0
        },
        {
            "id": "100083293377416",
            "count": 0
        },
        {
            "id": "100014152269677",
            "count": 0
        },
        {
            "id": "100055286426173",
            "count": 0
        },
        {
            "id": "61552850041983",
            "count": 0
        },
        {
            "id": "100031036531216",
            "count": 0
        },
        {
            "id": "100057084120063",
            "count": 0
        },
        {
            "id": "100071544966616",
            "count": 6
        },
        {
            "id": "61551073629392",
            "count": 0
        },
        {
            "id": "100091427679792",
            "count": 0
        },
        {
            "id": "100090292124048",
            "count": 0
        },
        {
            "id": "100024385696310",
            "count": 0
        },
        {
            "id": "61554594300883",
            "count": 0
        },
        {
            "id": "100005171310271",
            "count": 0
        },
        {
            "id": "100082177162681",
            "count": 0
        },
        {
            "id": "100013747714932",
            "count": 0
        },
        {
            "id": "100076583505630",
            "count": 0
        },
        {
            "id": "100088702604110",
            "count": 0
        },
        {
            "id": "100073784926025",
            "count": 0
        },
        {
            "id": "61551101941898",
            "count": 0
        },
        {
            "id": "100019716363314",
            "count": 0
        },
        {
            "id": "100061754000777",
            "count": 0
        },
        {
            "id": "100025328250677",
            "count": 0
        },
        {
            "id": "100053100106376",
            "count": 0
        },
        {
            "id": "61551238385873",
            "count": 0
        },
        {
            "id": "61552407876433",
            "count": 0
        },
        {
            "id": "100075533449026",
            "count": 0
        },
        {
            "id": "100067167258022",
            "count": 0
        },
        {
            "id": "61551985981527",
            "count": 0
        },
        {
            "id": "100095427339517",
            "count": 0
        },
        {
            "id": "100084495025013",
            "count": 0
        },
        {
            "id": "61552808676731",
            "count": 0
        },
        {
            "id": "100094732320738",
            "count": 0
        },
        {
            "id": "100051595071118",
            "count": 0
        },
        {
            "id": "61554988437918",
            "count": 0
        },
        {
            "id": "100057462506845",
            "count": 0
        },
        {
            "id": "61551800163317",
            "count": 0
        },
        {
            "id": "100045516221118",
            "count": 0
        },
        {
            "id": "61555407163287",
            "count": 0
        },
        {
            "id": "61551677729417",
            "count": 0
        },
        {
            "id": "100075404183221",
            "count": 0
        },
        {
            "id": "61555388307108",
            "count": 0
        },
        {
            "id": "61555756589720",
            "count": 0
        }
    ],
    "day": [
        {
            "id": "100089123538068",
            "count": 0
        },
        {
            "id": "100082337677644",
            "count": 0
        },
        {
            "id": "100082079255103",
            "count": 0
        },
        {
            "id": "100082553103136",
            "count": 0
        },
        {
            "id": "100059737761289",
            "count": 0
        },
        {
            "id": "100005934554065",
            "count": 0
        },
        {
            "id": "100082244133109",
            "count": 0
        },
        {
            "id": "100081249677545",
            "count": 0
        },
        {
            "id": "100081557749649",
            "count": 0
        },
        {
            "id": "100059835280564",
            "count": 0
        },
        {
            "id": "100089328954746",
            "count": 0
        },
        {
            "id": "100088701544679",
            "count": 0
        },
        {
            "id": "100013854677663",
            "count": 0
        },
        {
            "id": "100069953768691",
            "count": 0
        },
        {
            "id": "100090220012436",
            "count": 0
        },
        {
            "id": "100088189693150",
            "count": 0
        },
        {
            "id": "100084464233758",
            "count": 0
        },
        {
            "id": "100079367325440",
            "count": 0
        },
        {
            "id": "100084073565966",
            "count": 0
        },
        {
            "id": "100089811175008",
            "count": 0
        },
        {
            "id": "100088797710685",
            "count": 0
        },
        {
            "id": "100090273561827",
            "count": 0
        },
        {
            "id": "100086672124678",
            "count": 0
        },
        {
            "id": "100091753556630",
            "count": 0
        },
        {
            "id": "100088037958531",
            "count": 0
        },
        {
            "id": "100092594841026",
            "count": 0
        },
        {
            "id": "100002043165513",
            "count": 0
        },
        {
            "id": "100091988191675",
            "count": 0
        },
        {
            "id": "100092161592496",
            "count": 0
        },
        {
            "id": "100022530081292",
            "count": 0
        },
        {
            "id": "100082583070047",
            "count": 0
        },
        {
            "id": "100092476400214",
            "count": 0
        },
        {
            "id": "100062199091866",
            "count": 0
        },
        {
            "id": "100088189790712",
            "count": 0
        },
        {
            "id": "100079717983466",
            "count": 0
        },
        {
            "id": "100089230274375",
            "count": 0
        },
        {
            "id": "100088067970290",
            "count": 0
        },
        {
            "id": "100089118521925",
            "count": 0
        },
        {
            "id": "100093704335542",
            "count": 0
        },
        {
            "id": "100090373511656",
            "count": 0
        },
        {
            "id": "100089648986210",
            "count": 0
        },
        {
            "id": "100089637272749",
            "count": 0
        },
        {
            "id": "100089738301384",
            "count": 0
        },
        {
            "id": "100011958646082",
            "count": 0
        },
        {
            "id": "100053296757835",
            "count": 0
        },
        {
            "id": "100086189658993",
            "count": 0
        },
        {
            "id": "100089231345058",
            "count": 0
        },
        {
            "id": "100042929211774",
            "count": 0
        },
        {
            "id": "100091336754681",
            "count": 0
        },
        {
            "id": "100081519417969",
            "count": 0
        },
        {
            "id": "100079210801829",
            "count": 0
        },
        {
            "id": "100087727062644",
            "count": 0
        },
        {
            "id": "100094565111988",
            "count": 0
        },
        {
            "id": "100055790283856",
            "count": 0
        },
        {
            "id": "100077429177812",
            "count": 12
        },
        {
            "id": "100092363637109",
            "count": 0
        },
        {
            "id": "100061704815005",
            "count": 0
        },
        {
            "id": "100091642617186",
            "count": 0
        },
        {
            "id": "100002719591022",
            "count": 0
        },
        {
            "id": "100094585642686",
            "count": 0
        },
        {
            "id": "100010213877104",
            "count": 0
        },
        {
            "id": "61550992865692",
            "count": 0
        },
        {
            "id": "100025458769165",
            "count": 0
        },
        {
            "id": "61550988592542",
            "count": 0
        },
        {
            "id": "100071499641272",
            "count": 0
        },
        {
            "id": "100068323907446",
            "count": 0
        },
        {
            "id": "100077111591277",
            "count": 0
        },
        {
            "id": "100090262555115",
            "count": 0
        },
        {
            "id": "100053795603956",
            "count": 0
        },
        {
            "id": "100043262899564",
            "count": 0
        },
        {
            "id": "100054415545375",
            "count": 0
        },
        {
            "id": "100032997526339",
            "count": 0
        },
        {
            "id": "100025139484001",
            "count": 0
        },
        {
            "id": "100081150213116",
            "count": 0
        },
        {
            "id": "100085581993767",
            "count": 0
        },
        {
            "id": "100008382663252",
            "count": 0
        },
        {
            "id": "100086493827620",
            "count": 0
        },
        {
            "id": "100074657413313",
            "count": 0
        },
        {
            "id": "100086111127305",
            "count": 0
        },
        {
            "id": "100078645637828",
            "count": 0
        },
        {
            "id": "100083571775264",
            "count": 0
        },
        {
            "id": "100063710842634",
            "count": 0
        },
        {
            "id": "100078729624958",
            "count": 0
        },
        {
            "id": "100086147094128",
            "count": 0
        },
        {
            "id": "100080929345286",
            "count": 0
        },
        {
            "id": "100075784726052",
            "count": 0
        },
        {
            "id": "100007563424463",
            "count": 0
        },
        {
            "id": "100085139582757",
            "count": 0
        },
        {
            "id": "100069519394963",
            "count": 0
        },
        {
            "id": "100043759961169",
            "count": 0
        },
        {
            "id": "100095083804078",
            "count": 0
        },
        {
            "id": "100086753082859",
            "count": 0
        },
        {
            "id": "100089179446528",
            "count": 0
        },
        {
            "id": "61551486355051",
            "count": 0
        },
        {
            "id": "61551736328198",
            "count": 19
        },
        {
            "id": "100088048827586",
            "count": 0
        },
        {
            "id": "100076820077958",
            "count": 0
        },
        {
            "id": "100079231331690",
            "count": 0
        },
        {
            "id": "100009841596718",
            "count": 0
        },
        {
            "id": "100002544977713",
            "count": 0
        },
        {
            "id": "61552380837279",
            "count": 0
        },
        {
            "id": "61552588259871",
            "count": 0
        },
        {
            "id": "61552198254707",
            "count": 0
        },
        {
            "id": "100055165952623",
            "count": 0
        },
        {
            "id": "100011608928682",
            "count": 0
        },
        {
            "id": "61552552291623",
            "count": 0
        },
        {
            "id": "61551775705403",
            "count": 0
        },
        {
            "id": "61552662966526",
            "count": 0
        },
        {
            "id": "100088440036637",
            "count": 0
        },
        {
            "id": "100067727646937",
            "count": 0
        },
        {
            "id": "100091443279535",
            "count": 0
        },
        {
            "id": "100093961884183",
            "count": 0
        },
        {
            "id": "100077198984369",
            "count": 0
        },
        {
            "id": "100025476335205",
            "count": 0
        },
        {
            "id": "100025167736399",
            "count": 0
        },
        {
            "id": "100006373598981",
            "count": 0
        },
        {
            "id": "100072195218114",
            "count": 0
        },
        {
            "id": "100092401833568",
            "count": 0
        },
        {
            "id": "100093411674806",
            "count": 0
        },
        {
            "id": "100040385771295",
            "count": 0
        },
        {
            "id": "61553625519553",
            "count": 0
        },
        {
            "id": "61553390956269",
            "count": 0
        },
        {
            "id": "61553987726090",
            "count": 0
        },
        {
            "id": "100082230536821",
            "count": 0
        },
        {
            "id": "100045554056999",
            "count": 0
        },
        {
            "id": "100088180315111",
            "count": 0
        },
        {
            "id": "100091578671348",
            "count": 5
        },
        {
            "id": "100079758678110",
            "count": 0
        },
        {
            "id": "61553965456369",
            "count": 0
        },
        {
            "id": "100078855167864",
            "count": 0
        },
        {
            "id": "100064775295991",
            "count": 0
        },
        {
            "id": "100074585889532",
            "count": 0
        },
        {
            "id": "100088448112414",
            "count": 0
        },
        {
            "id": "100052530520865",
            "count": 0
        },
        {
            "id": "100079460633269",
            "count": 0
        },
        {
            "id": "100027660278743",
            "count": 0
        },
        {
            "id": "100007277357058",
            "count": 0
        },
        {
            "id": "100088965254543",
            "count": 0
        },
        {
            "id": "100093005551728",
            "count": 0
        },
        {
            "id": "100090041468416",
            "count": 0
        },
        {
            "id": "61551722441577",
            "count": 0
        },
        {
            "id": "100083293377416",
            "count": 0
        },
        {
            "id": "100014152269677",
            "count": 0
        },
        {
            "id": "100055286426173",
            "count": 0
        },
        {
            "id": "61552850041983",
            "count": 0
        },
        {
            "id": "100031036531216",
            "count": 0
        },
        {
            "id": "100057084120063",
            "count": 0
        },
        {
            "id": "100071544966616",
            "count": 6
        },
        {
            "id": "61551073629392",
            "count": 0
        },
        {
            "id": "100091427679792",
            "count": 0
        },
        {
            "id": "100090292124048",
            "count": 0
        },
        {
            "id": "100024385696310",
            "count": 0
        },
        {
            "id": "61554594300883",
            "count": 0
        },
        {
            "id": "100005171310271",
            "count": 0
        },
        {
            "id": "100082177162681",
            "count": 0
        },
        {
            "id": "100013747714932",
            "count": 0
        },
        {
            "id": "100076583505630",
            "count": 0
        },
        {
            "id": "100088702604110",
            "count": 0
        },
        {
            "id": "100073784926025",
            "count": 0
        },
        {
            "id": "61551101941898",
            "count": 0
        },
        {
            "id": "100019716363314",
            "count": 0
        },
        {
            "id": "100061754000777",
            "count": 0
        },
        {
            "id": "100025328250677",
            "count": 0
        },
        {
            "id": "100053100106376",
            "count": 0
        },
        {
            "id": "61551238385873",
            "count": 0
        },
        {
            "id": "61552407876433",
            "count": 0
        },
        {
            "id": "100075533449026",
            "count": 0
        },
        {
            "id": "100067167258022",
            "count": 0
        },
        {
            "id": "61551985981527",
            "count": 0
        },
        {
            "id": "100095427339517",
            "count": 0
        },
        {
            "id": "100084495025013",
            "count": 0
        },
        {
            "id": "61552808676731",
            "count": 0
        },
        {
            "id": "100094732320738",
            "count": 0
        },
        {
            "id": "100051595071118",
            "count": 0
        },
        {
            "id": "61554988437918",
            "count": 0
        },
        {
            "id": "100057462506845",
            "count": 0
        },
        {
            "id": "61551800163317",
            "count": 0
        },
        {
            "id": "100045516221118",
            "count": 0
        },
        {
            "id": "61555407163287",
            "count": 0
        },
        {
            "id": "61551677729417",
            "count": 0
        },
        {
            "id": "100075404183221",
            "count": 0
        },
        {
            "id": "61555388307108",
            "count": 0
        },
        {
            "id": "61555756589720",
            "count": 0
        }
    ],
    "time": 2,
    "last": {
        "time": 5,
        "day": [
            {
                "id": "100089123538068",
                "count": 0
            },
            {
                "id": "100082337677644",
                "count": 0
            },
            {
                "id": "100082079255103",
                "count": 0
            },
            {
                "id": "100082553103136",
                "count": 0
            },
            {
                "id": "100059737761289",
                "count": 0
            },
            {
                "id": "100005934554065",
                "count": 0
            },
            {
                "id": "100082244133109",
                "count": 0
            },
            {
                "id": "100081249677545",
                "count": 0
            },
            {
                "id": "100081557749649",
                "count": 0
            },
            {
                "id": "100059835280564",
                "count": 0
            },
            {
                "id": "100089328954746",
                "count": 0
            },
            {
                "id": "100088701544679",
                "count": 0
            },
            {
                "id": "100013854677663",
                "count": 0
            },
            {
                "id": "100069953768691",
                "count": 0
            },
            {
                "id": "100090220012436",
                "count": 0
            },
            {
                "id": "100088189693150",
                "count": 0
            },
            {
                "id": "100084464233758",
                "count": 0
            },
            {
                "id": "100079367325440",
                "count": 0
            },
            {
                "id": "100084073565966",
                "count": 0
            },
            {
                "id": "100089811175008",
                "count": 0
            },
            {
                "id": "100088797710685",
                "count": 0
            },
            {
                "id": "100090273561827",
                "count": 0
            },
            {
                "id": "100086672124678",
                "count": 0
            },
            {
                "id": "100091753556630",
                "count": 0
            },
            {
                "id": "100088037958531",
                "count": 0
            },
            {
                "id": "100092594841026",
                "count": 0
            },
            {
                "id": "100002043165513",
                "count": 0
            },
            {
                "id": "100091988191675",
                "count": 0
            },
            {
                "id": "100092161592496",
                "count": 0
            },
            {
                "id": "100022530081292",
                "count": 0
            },
            {
                "id": "100082583070047",
                "count": 0
            },
            {
                "id": "100092476400214",
                "count": 0
            },
            {
                "id": "100062199091866",
                "count": 0
            },
            {
                "id": "100088189790712",
                "count": 0
            },
            {
                "id": "100079717983466",
                "count": 0
            },
            {
                "id": "100089230274375",
                "count": 0
            },
            {
                "id": "100088067970290",
                "count": 0
            },
            {
                "id": "100089118521925",
                "count": 0
            },
            {
                "id": "100093704335542",
                "count": 0
            },
            {
                "id": "100090373511656",
                "count": 0
            },
            {
                "id": "100089648986210",
                "count": 0
            },
            {
                "id": "100089637272749",
                "count": 0
            },
            {
                "id": "100089738301384",
                "count": 0
            },
            {
                "id": "100011958646082",
                "count": 0
            },
            {
                "id": "100053296757835",
                "count": 0
            },
            {
                "id": "100086189658993",
                "count": 0
            },
            {
                "id": "100089231345058",
                "count": 0
            },
            {
                "id": "100042929211774",
                "count": 0
            },
            {
                "id": "100091336754681",
                "count": 0
            },
            {
                "id": "100081519417969",
                "count": 0
            },
            {
                "id": "100079210801829",
                "count": 0
            },
            {
                "id": "100087727062644",
                "count": 0
            },
            {
                "id": "100094565111988",
                "count": 0
            },
            {
                "id": "100055790283856",
                "count": 0
            },
            {
                "id": "100077429177812",
                "count": 0
            },
            {
                "id": "100092363637109",
                "count": 0
            },
            {
                "id": "100061704815005",
                "count": 0
            },
            {
                "id": "100091642617186",
                "count": 0
            },
            {
                "id": "100002719591022",
                "count": 0
            },
            {
                "id": "100094585642686",
                "count": 0
            },
            {
                "id": "100010213877104",
                "count": 0
            },
            {
                "id": "61550992865692",
                "count": 0
            },
            {
                "id": "100025458769165",
                "count": 0
            },
            {
                "id": "61550988592542",
                "count": 0
            },
            {
                "id": "100071499641272",
                "count": 0
            },
            {
                "id": "100068323907446",
                "count": 0
            },
            {
                "id": "100077111591277",
                "count": 0
            },
            {
                "id": "100090262555115",
                "count": 0
            },
            {
                "id": "100053795603956",
                "count": 0
            },
            {
                "id": "100043262899564",
                "count": 0
            },
            {
                "id": "100054415545375",
                "count": 0
            },
            {
                "id": "100032997526339",
                "count": 0
            },
            {
                "id": "100025139484001",
                "count": 0
            },
            {
                "id": "100081150213116",
                "count": 0
            },
            {
                "id": "100085581993767",
                "count": 0
            },
            {
                "id": "100008382663252",
                "count": 0
            },
            {
                "id": "100086493827620",
                "count": 0
            },
            {
                "id": "100074657413313",
                "count": 0
            },
            {
                "id": "100086111127305",
                "count": 0
            },
            {
                "id": "100078645637828",
                "count": 0
            },
            {
                "id": "100083571775264",
                "count": 0
            },
            {
                "id": "100063710842634",
                "count": 0
            },
            {
                "id": "100078729624958",
                "count": 0
            },
            {
                "id": "100086147094128",
                "count": 0
            },
            {
                "id": "100080929345286",
                "count": 0
            },
            {
                "id": "100075784726052",
                "count": 0
            },
            {
                "id": "100007563424463",
                "count": 0
            },
            {
                "id": "100085139582757",
                "count": 0
            },
            {
                "id": "100069519394963",
                "count": 0
            },
            {
                "id": "100043759961169",
                "count": 0
            },
            {
                "id": "100095083804078",
                "count": 0
            },
            {
                "id": "100086753082859",
                "count": 0
            },
            {
                "id": "100089179446528",
                "count": 0
            },
            {
                "id": "61551486355051",
                "count": 0
            },
            {
                "id": "61551736328198",
                "count": 0
            },
            {
                "id": "100088048827586",
                "count": 0
            },
            {
                "id": "100076820077958",
                "count": 0
            },
            {
                "id": "100079231331690",
                "count": 0
            },
            {
                "id": "100009841596718",
                "count": 0
            },
            {
                "id": "100002544977713",
                "count": 0
            },
            {
                "id": "61552380837279",
                "count": 0
            },
            {
                "id": "61552588259871",
                "count": 0
            },
            {
                "id": "61552198254707",
                "count": 0
            },
            {
                "id": "100055165952623",
                "count": 0
            },
            {
                "id": "100011608928682",
                "count": 0
            },
            {
                "id": "61552552291623",
                "count": 0
            },
            {
                "id": "61551775705403",
                "count": 0
            },
            {
                "id": "61552662966526",
                "count": 0
            },
            {
                "id": "100088440036637",
                "count": 0
            },
            {
                "id": "100067727646937",
                "count": 0
            },
            {
                "id": "100091443279535",
                "count": 0
            },
            {
                "id": "100093961884183",
                "count": 0
            },
            {
                "id": "100077198984369",
                "count": 0
            },
            {
                "id": "100025476335205",
                "count": 0
            },
            {
                "id": "100025167736399",
                "count": 0
            },
            {
                "id": "100006373598981",
                "count": 0
            },
            {
                "id": "100072195218114",
                "count": 0
            },
            {
                "id": "100092401833568",
                "count": 0
            },
            {
                "id": "100093411674806",
                "count": 0
            },
            {
                "id": "100040385771295",
                "count": 0
            },
            {
                "id": "61553625519553",
                "count": 0
            },
            {
                "id": "61553390956269",
                "count": 0
            },
            {
                "id": "61553987726090",
                "count": 0
            },
            {
                "id": "100082230536821",
                "count": 0
            },
            {
                "id": "100045554056999",
                "count": 0
            },
            {
                "id": "100088180315111",
                "count": 0
            },
            {
                "id": "100091578671348",
                "count": 0
            },
            {
                "id": "100079758678110",
                "count": 0
            },
            {
                "id": "61553965456369",
                "count": 0
            },
            {
                "id": "100078855167864",
                "count": 0
            },
            {
                "id": "100064775295991",
                "count": 0
            },
            {
                "id": "100074585889532",
                "count": 0
            },
            {
                "id": "100088448112414",
                "count": 0
            },
            {
                "id": "100052530520865",
                "count": 0
            },
            {
                "id": "100079460633269",
                "count": 0
            },
            {
                "id": "100027660278743",
                "count": 0
            },
            {
                "id": "100007277357058",
                "count": 0
            },
            {
                "id": "100088965254543",
                "count": 0
            },
            {
                "id": "100093005551728",
                "count": 0
            },
            {
                "id": "100090041468416",
                "count": 0
            },
            {
                "id": "61551722441577",
                "count": 0
            },
            {
                "id": "100083293377416",
                "count": 0
            },
            {
                "id": "100014152269677",
                "count": 0
            },
            {
                "id": "100055286426173",
                "count": 0
            },
            {
                "id": "61552850041983",
                "count": 0
            },
            {
                "id": "100031036531216",
                "count": 0
            },
            {
                "id": "100057084120063",
                "count": 0
            },
            {
                "id": "100071544966616",
                "count": 0
            },
            {
                "id": "61551073629392",
                "count": 0
            },
            {
                "id": "100091427679792",
                "count": 0
            },
            {
                "id": "100090292124048",
                "count": 0
            },
            {
                "id": "100024385696310",
                "count": 0
            },
            {
                "id": "61554594300883",
                "count": 0
            },
            {
                "id": "100005171310271",
                "count": 0
            },
            {
                "id": "100082177162681",
                "count": 0
            },
            {
                "id": "100013747714932",
                "count": 0
            },
            {
                "id": "100076583505630",
                "count": 0
            },
            {
                "id": "100088702604110",
                "count": 0
            },
            {
                "id": "100073784926025",
                "count": 0
            },
            {
                "id": "61551101941898",
                "count": 0
            },
            {
                "id": "100019716363314",
                "count": 0
            },
            {
                "id": "100061754000777",
                "count": 0
            },
            {
                "id": "100025328250677",
                "count": 0
            },
            {
                "id": "100053100106376",
                "count": 0
            },
            {
                "id": "61551238385873",
                "count": 0
            },
            {
                "id": "61552407876433",
                "count": 0
            },
            {
                "id": "100075533449026",
                "count": 0
            },
            {
                "id": "100067167258022",
                "count": 0
            },
            {
                "id": "61551985981527",
                "count": 0
            },
            {
                "id": "100095427339517",
                "count": 0
            },
            {
                "id": "100084495025013",
                "count": 0
            },
            {
                "id": "61552808676731",
                "count": 0
            },
            {
                "id": "100094732320738",
                "count": 0
            },
            {
                "id": "100051595071118",
                "count": 0
            },
            {
                "id": "61554988437918",
                "count": 0
            },
            {
                "id": "100057462506845",
                "count": 0
            },
            {
                "id": "61551800163317",
                "count": 0
            },
            {
                "id": "100045516221118",
                "count": 0
            },
            {
                "id": "61555407163287",
                "count": 0
            },
            {
                "id": "61551677729417",
                "count": 0
            },
            {
                "id": "100075404183221",
                "count": 0
            },
            {
                "id": "61555388307108",
                "count": 0
            },
            {
                "id": "61555756589720",
                "count": 0
            }
        ],
        "week": [
            {
                "id": "100089123538068",
                "count": 0
            },
            {
                "id": "100082337677644",
                "count": 0
            },
            {
                "id": "100082079255103",
                "count": 0
            },
            {
                "id": "100082553103136",
                "count": 0
            },
            {
                "id": "100059737761289",
                "count": 0
            },
            {
                "id": "100005934554065",
                "count": 0
            },
            {
                "id": "100082244133109",
                "count": 0
            },
            {
                "id": "100081249677545",
                "count": 0
            },
            {
                "id": "100081557749649",
                "count": 0
            },
            {
                "id": "100059835280564",
                "count": 0
            },
            {
                "id": "100089328954746",
                "count": 0
            },
            {
                "id": "100088701544679",
                "count": 0
            },
            {
                "id": "100013854677663",
                "count": 0
            },
            {
                "id": "100069953768691",
                "count": 0
            },
            {
                "id": "100090220012436",
                "count": 0
            },
            {
                "id": "100088189693150",
                "count": 0
            },
            {
                "id": "100084464233758",
                "count": 0
            },
            {
                "id": "100079367325440",
                "count": 0
            },
            {
                "id": "100084073565966",
                "count": 0
            },
            {
                "id": "100089811175008",
                "count": 0
            },
            {
                "id": "100088797710685",
                "count": 0
            },
            {
                "id": "100090273561827",
                "count": 0
            },
            {
                "id": "100086672124678",
                "count": 0
            },
            {
                "id": "100091753556630",
                "count": 0
            },
            {
                "id": "100088037958531",
                "count": 0
            },
            {
                "id": "100092594841026",
                "count": 0
            },
            {
                "id": "100002043165513",
                "count": 0
            },
            {
                "id": "100091988191675",
                "count": 0
            },
            {
                "id": "100092161592496",
                "count": 0
            },
            {
                "id": "100022530081292",
                "count": 0
            },
            {
                "id": "100082583070047",
                "count": 0
            },
            {
                "id": "100092476400214",
                "count": 0
            },
            {
                "id": "100062199091866",
                "count": 0
            },
            {
                "id": "100088189790712",
                "count": 0
            },
            {
                "id": "100079717983466",
                "count": 0
            },
            {
                "id": "100089230274375",
                "count": 0
            },
            {
                "id": "100088067970290",
                "count": 0
            },
            {
                "id": "100089118521925",
                "count": 0
            },
            {
                "id": "100093704335542",
                "count": 0
            },
            {
                "id": "100090373511656",
                "count": 0
            },
            {
                "id": "100089648986210",
                "count": 0
            },
            {
                "id": "100089637272749",
                "count": 0
            },
            {
                "id": "100089738301384",
                "count": 0
            },
            {
                "id": "100011958646082",
                "count": 0
            },
            {
                "id": "100053296757835",
                "count": 0
            },
            {
                "id": "100086189658993",
                "count": 0
            },
            {
                "id": "100089231345058",
                "count": 0
            },
            {
                "id": "100042929211774",
                "count": 0
            },
            {
                "id": "100091336754681",
                "count": 0
            },
            {
                "id": "100081519417969",
                "count": 0
            },
            {
                "id": "100079210801829",
                "count": 0
            },
            {
                "id": "100087727062644",
                "count": 0
            },
            {
                "id": "100094565111988",
                "count": 0
            },
            {
                "id": "100055790283856",
                "count": 0
            },
            {
                "id": "100077429177812",
                "count": 0
            },
            {
                "id": "100092363637109",
                "count": 0
            },
            {
                "id": "100061704815005",
                "count": 0
            },
            {
                "id": "100091642617186",
                "count": 0
            },
            {
                "id": "100002719591022",
                "count": 0
            },
            {
                "id": "100094585642686",
                "count": 0
            },
            {
                "id": "100010213877104",
                "count": 0
            },
            {
                "id": "61550992865692",
                "count": 0
            },
            {
                "id": "100025458769165",
                "count": 0
            },
            {
                "id": "61550988592542",
                "count": 0
            },
            {
                "id": "100071499641272",
                "count": 0
            },
            {
                "id": "100068323907446",
                "count": 0
            },
            {
                "id": "100077111591277",
                "count": 0
            },
            {
                "id": "100090262555115",
                "count": 0
            },
            {
                "id": "100053795603956",
                "count": 0
            },
            {
                "id": "100043262899564",
                "count": 0
            },
            {
                "id": "100054415545375",
                "count": 0
            },
            {
                "id": "100032997526339",
                "count": 0
            },
            {
                "id": "100025139484001",
                "count": 0
            },
            {
                "id": "100081150213116",
                "count": 0
            },
            {
                "id": "100085581993767",
                "count": 0
            },
            {
                "id": "100008382663252",
                "count": 0
            },
            {
                "id": "100086493827620",
                "count": 0
            },
            {
                "id": "100074657413313",
                "count": 0
            },
            {
                "id": "100086111127305",
                "count": 0
            },
            {
                "id": "100078645637828",
                "count": 0
            },
            {
                "id": "100083571775264",
                "count": 0
            },
            {
                "id": "100063710842634",
                "count": 0
            },
            {
                "id": "100078729624958",
                "count": 0
            },
            {
                "id": "100086147094128",
                "count": 0
            },
            {
                "id": "100080929345286",
                "count": 0
            },
            {
                "id": "100075784726052",
                "count": 0
            },
            {
                "id": "100007563424463",
                "count": 0
            },
            {
                "id": "100085139582757",
                "count": 0
            },
            {
                "id": "100069519394963",
                "count": 0
            },
            {
                "id": "100043759961169",
                "count": 0
            },
            {
                "id": "100095083804078",
                "count": 0
            },
            {
                "id": "100086753082859",
                "count": 0
            },
            {
                "id": "100089179446528",
                "count": 0
            },
            {
                "id": "61551486355051",
                "count": 0
            },
            {
                "id": "61551736328198",
                "count": 0
            },
            {
                "id": "100088048827586",
                "count": 0
            },
            {
                "id": "100076820077958",
                "count": 0
            },
            {
                "id": "100079231331690",
                "count": 0
            },
            {
                "id": "100009841596718",
                "count": 0
            },
            {
                "id": "100002544977713",
                "count": 0
            },
            {
                "id": "61552380837279",
                "count": 0
            },
            {
                "id": "61552588259871",
                "count": 0
            },
            {
                "id": "61552198254707",
                "count": 0
            },
            {
                "id": "100055165952623",
                "count": 0
            },
            {
                "id": "100011608928682",
                "count": 0
            },
            {
                "id": "61552552291623",
                "count": 0
            },
            {
                "id": "61551775705403",
                "count": 0
            },
            {
                "id": "61552662966526",
                "count": 0
            },
            {
                "id": "100088440036637",
                "count": 0
            },
            {
                "id": "100067727646937",
                "count": 0
            },
            {
                "id": "100091443279535",
                "count": 0
            },
            {
                "id": "100093961884183",
                "count": 0
            },
            {
                "id": "100077198984369",
                "count": 0
            },
            {
                "id": "100025476335205",
                "count": 0
            },
            {
                "id": "100025167736399",
                "count": 0
            },
            {
                "id": "100006373598981",
                "count": 0
            },
            {
                "id": "100072195218114",
                "count": 0
            },
            {
                "id": "100092401833568",
                "count": 0
            },
            {
                "id": "100093411674806",
                "count": 0
            },
            {
                "id": "100040385771295",
                "count": 0
            },
            {
                "id": "61553625519553",
                "count": 0
            },
            {
                "id": "61553390956269",
                "count": 0
            },
            {
                "id": "61553987726090",
                "count": 0
            },
            {
                "id": "100082230536821",
                "count": 0
            },
            {
                "id": "100045554056999",
                "count": 0
            },
            {
                "id": "100088180315111",
                "count": 0
            },
            {
                "id": "100091578671348",
                "count": 0
            },
            {
                "id": "100079758678110",
                "count": 0
            },
            {
                "id": "61553965456369",
                "count": 0
            },
            {
                "id": "100078855167864",
                "count": 0
            },
            {
                "id": "100064775295991",
                "count": 0
            },
            {
                "id": "100074585889532",
                "count": 0
            },
            {
                "id": "100088448112414",
                "count": 0
            },
            {
                "id": "100052530520865",
                "count": 0
            },
            {
                "id": "100079460633269",
                "count": 0
            },
            {
                "id": "100027660278743",
                "count": 0
            },
            {
                "id": "100007277357058",
                "count": 0
            },
            {
                "id": "100088965254543",
                "count": 0
            },
            {
                "id": "100093005551728",
                "count": 0
            },
            {
                "id": "100090041468416",
                "count": 0
            },
            {
                "id": "61551722441577",
                "count": 0
            },
            {
                "id": "100083293377416",
                "count": 0
            },
            {
                "id": "100014152269677",
                "count": 0
            },
            {
                "id": "100055286426173",
                "count": 0
            },
            {
                "id": "61552850041983",
                "count": 0
            },
            {
                "id": "100031036531216",
                "count": 0
            },
            {
                "id": "100057084120063",
                "count": 0
            },
            {
                "id": "100071544966616",
                "count": 0
            },
            {
                "id": "61551073629392",
                "count": 0
            },
            {
                "id": "100091427679792",
                "count": 0
            },
            {
                "id": "100090292124048",
                "count": 0
            },
            {
                "id": "100024385696310",
                "count": 0
            },
            {
                "id": "61554594300883",
                "count": 0
            },
            {
                "id": "100005171310271",
                "count": 0
            },
            {
                "id": "100082177162681",
                "count": 0
            },
            {
                "id": "100013747714932",
                "count": 0
            },
            {
                "id": "100076583505630",
                "count": 0
            },
            {
                "id": "100088702604110",
                "count": 0
            },
            {
                "id": "100073784926025",
                "count": 0
            },
            {
                "id": "61551101941898",
                "count": 0
            },
            {
                "id": "100019716363314",
                "count": 0
            },
            {
                "id": "100061754000777",
                "count": 0
            },
            {
                "id": "100025328250677",
                "count": 0
            },
            {
                "id": "100053100106376",
                "count": 0
            },
            {
                "id": "61551238385873",
                "count": 0
            },
            {
                "id": "61552407876433",
                "count": 0
            },
            {
                "id": "100075533449026",
                "count": 0
            },
            {
                "id": "100067167258022",
                "count": 0
            },
            {
                "id": "61551985981527",
                "count": 0
            },
            {
                "id": "100095427339517",
                "count": 0
            },
            {
                "id": "100084495025013",
                "count": 0
            },
            {
                "id": "61552808676731",
                "count": 0
            },
            {
                "id": "100094732320738",
                "count": 0
            },
            {
                "id": "100051595071118",
                "count": 0
            },
            {
                "id": "61554988437918",
                "count": 0
            },
            {
                "id": "100057462506845",
                "count": 0
            },
            {
                "id": "61551800163317",
                "count": 0
            },
            {
                "id": "100045516221118",
                "count": 0
            },
            {
                "id": "61555407163287",
                "count": 0
            },
            {
                "id": "61551677729417",
                "count": 0
            },
            {
                "id": "100075404183221",
                "count": 0
            },
            {
                "id": "61555388307108",
                "count": 0
            },
            {
                "id": "61555756589720",
                "count": 0
            }
        ]
    }
}