{
    "total": [
        {
            "id": "61554975665945",
            "count": 1
        },
        {
            "id": "100074155964334",
            "count": 0
        },
        {
            "id": "100077980504363",
            "count": 13
        }
    ],
    "week": [
        {
            "id": "61554975665945",
            "count": 1
        },
        {
            "id": "100074155964334",
            "count": 0
        },
        {
            "id": "100077980504363",
            "count": 13
        }
    ],
    "day": [
        {
            "id": "61554975665945",
            "count": 1
        },
        {
            "id": "100074155964334",
            "count": 0
        },
        {
            "id": "100077980504363",
            "count": 13
        }
    ],
    "time": 2,
    "last": {
        "time": 0,
        "day": [
            {
                "id": "61554975665945",
                "count": 0
            },
            {
                "id": "100074155964334",
                "count": 0
            },
            {
                "id": "100077980504363",
                "count": 0
            }
        ],
        "week": [
            {
                "id": "61554975665945",
                "count": 0
            },
            {
                "id": "100074155964334",
                "count": 0
            },
            {
                "id": "100077980504363",
                "count": 0
            }
        ]
    }
}