{
    "total": [
        {
            "id": "100091732016433",
            "count": 5
        },
        {
            "id": "100079524813260",
            "count": 9
        }
    ],
    "week": [
        {
            "id": "100091732016433",
            "count": 5
        },
        {
            "id": "100079524813260",
            "count": 9
        }
    ],
    "day": [
        {
            "id": "100091732016433",
            "count": 5
        },
        {
            "id": "100079524813260",
            "count": 9
        }
    ],
    "time": 2,
    "last": {
        "time": 3,
        "day": [],
        "week": []
    }
}