{
    "total": [
        {
            "id": "100050671301677",
            "count": 259
        },
        {
            "id": "100078644937656",
            "count": 10
        },
        {
            "id": "100051451965796",
            "count": 33
        },
        {
            "id": "100074224563535",
            "count": 107
        },
        {
            "id": "100051225465219",
            "count": 0
        },
        {
            "id": "100044812944278",
            "count": 0
        },
        {
            "id": "100027187763993",
            "count": 96
        },
        {
            "id": "100077980504363",
            "count": 777
        },
        {
            "id": "100069864945865",
            "count": 0
        },
        {
            "id": "100073311773326",
            "count": 0
        },
        {
            "id": "832704028",
            "count": 72
        },
        {
            "id": "100074007695250",
            "count": 2
        },
        {
            "id": "100067508386723",
            "count": 390
        },
        {
            "id": "100037741424837",
            "count": 19
        },
        {
            "id": "61553314901540",
            "count": 115
        },
        {
            "id": "61550941926291",
            "count": 0
        },
        {
            "id": "100030860482751",
            "count": 0
        },
        {
            "id": "100083205727767",
            "count": 14
        },
        {
            "id": "61554533647809",
            "count": 105
        },
        {
            "id": "100000154104641",
            "count": 0
        },
        {
            "id": "100088945377771",
            "count": 3
        },
        {
            "id": "100073889114412",
            "count": 14
        },
        {
            "id": "100006206688107",
            "count": 0
        },
        {
            "id": "61551120508642",
            "count": 0
        },
        {
            "id": "61555631507091",
            "count": 14
        },
        {
            "id": "100000745531418",
            "count": 61
        },
        {
            "id": "61551251459640",
            "count": 52
        },
        {
            "id": "61555731088473",
            "count": 0
        },
        {
            "id": "100058149848731",
            "count": 107
        },
        {
            "id": "100090522207138",
            "count": 0
        },
        {
            "id": "100085130240990",
            "count": 31
        },
        {
            "id": "100087652159146",
            "count": 10
        },
        {
            "id": "100062426421455",
            "count": 49
        },
        {
            "id": "61555310775065",
            "count": 0
        },
        {
            "id": "100005297585589",
            "count": 0
        },
        {
            "id": "100068096370437",
            "count": 221
        },
        {
            "id": "100092504626324",
            "count": 0
        },
        {
            "id": "100001837873386",
            "count": 191
        },
        {
            "id": "100009193419033",
            "count": 0
        },
        {
            "id": "61556376890512",
            "count": 8
        },
        {
            "id": "61554134046393",
            "count": 0
        }
    ],
    "week": [
        {
            "id": "100050671301677",
            "count": 259
        },
        {
            "id": "100078644937656",
            "count": 10
        },
        {
            "id": "100051451965796",
            "count": 33
        },
        {
            "id": "100074224563535",
            "count": 107
        },
        {
            "id": "100051225465219",
            "count": 0
        },
        {
            "id": "100044812944278",
            "count": 0
        },
        {
            "id": "100027187763993",
            "count": 96
        },
        {
            "id": "100077980504363",
            "count": 777
        },
        {
            "id": "100069864945865",
            "count": 0
        },
        {
            "id": "100073311773326",
            "count": 0
        },
        {
            "id": "832704028",
            "count": 72
        },
        {
            "id": "100074007695250",
            "count": 2
        },
        {
            "id": "100067508386723",
            "count": 390
        },
        {
            "id": "100037741424837",
            "count": 19
        },
        {
            "id": "61553314901540",
            "count": 115
        },
        {
            "id": "61550941926291",
            "count": 0
        },
        {
            "id": "100030860482751",
            "count": 0
        },
        {
            "id": "100083205727767",
            "count": 14
        },
        {
            "id": "61554533647809",
            "count": 105
        },
        {
            "id": "100000154104641",
            "count": 0
        },
        {
            "id": "100088945377771",
            "count": 3
        },
        {
            "id": "100073889114412",
            "count": 14
        },
        {
            "id": "100006206688107",
            "count": 0
        },
        {
            "id": "61551120508642",
            "count": 0
        },
        {
            "id": "61555631507091",
            "count": 14
        },
        {
            "id": "100000745531418",
            "count": 61
        },
        {
            "id": "61551251459640",
            "count": 52
        },
        {
            "id": "61555731088473",
            "count": 0
        },
        {
            "id": "100058149848731",
            "count": 107
        },
        {
            "id": "100090522207138",
            "count": 0
        },
        {
            "id": "100085130240990",
            "count": 31
        },
        {
            "id": "100087652159146",
            "count": 10
        },
        {
            "id": "100062426421455",
            "count": 49
        },
        {
            "id": "61555310775065",
            "count": 0
        },
        {
            "id": "100005297585589",
            "count": 0
        },
        {
            "id": "100068096370437",
            "count": 221
        },
        {
            "id": "100092504626324",
            "count": 0
        },
        {
            "id": "100001837873386",
            "count": 191
        },
        {
            "id": "100009193419033",
            "count": 0
        },
        {
            "id": "61556376890512",
            "count": 8
        },
        {
            "id": "61554134046393",
            "count": 0
        }
    ],
    "day": [
        {
            "id": "100050671301677",
            "count": 259
        },
        {
            "id": "100078644937656",
            "count": 10
        },
        {
            "id": "100051451965796",
            "count": 33
        },
        {
            "id": "100074224563535",
            "count": 107
        },
        {
            "id": "100051225465219",
            "count": 0
        },
        {
            "id": "100044812944278",
            "count": 0
        },
        {
            "id": "100027187763993",
            "count": 96
        },
        {
            "id": "100077980504363",
            "count": 777
        },
        {
            "id": "100069864945865",
            "count": 0
        },
        {
            "id": "100073311773326",
            "count": 0
        },
        {
            "id": "832704028",
            "count": 72
        },
        {
            "id": "100074007695250",
            "count": 2
        },
        {
            "id": "100067508386723",
            "count": 390
        },
        {
            "id": "100037741424837",
            "count": 19
        },
        {
            "id": "61553314901540",
            "count": 115
        },
        {
            "id": "61550941926291",
            "count": 0
        },
        {
            "id": "100030860482751",
            "count": 0
        },
        {
            "id": "100083205727767",
            "count": 14
        },
        {
            "id": "61554533647809",
            "count": 105
        },
        {
            "id": "100000154104641",
            "count": 0
        },
        {
            "id": "100088945377771",
            "count": 3
        },
        {
            "id": "100073889114412",
            "count": 14
        },
        {
            "id": "100006206688107",
            "count": 0
        },
        {
            "id": "61551120508642",
            "count": 0
        },
        {
            "id": "61555631507091",
            "count": 14
        },
        {
            "id": "100000745531418",
            "count": 61
        },
        {
            "id": "61551251459640",
            "count": 52
        },
        {
            "id": "61555731088473",
            "count": 0
        },
        {
            "id": "100058149848731",
            "count": 107
        },
        {
            "id": "100090522207138",
            "count": 0
        },
        {
            "id": "100085130240990",
            "count": 31
        },
        {
            "id": "100087652159146",
            "count": 10
        },
        {
            "id": "100062426421455",
            "count": 49
        },
        {
            "id": "61555310775065",
            "count": 0
        },
        {
            "id": "100005297585589",
            "count": 0
        },
        {
            "id": "100068096370437",
            "count": 221
        },
        {
            "id": "100092504626324",
            "count": 0
        },
        {
            "id": "100001837873386",
            "count": 191
        },
        {
            "id": "100009193419033",
            "count": 0
        },
        {
            "id": "61556376890512",
            "count": 8
        },
        {
            "id": "61554134046393",
            "count": 0
        }
    ],
    "time": 2,
    "last": {
        "time": 4,
        "day": [
            {
                "id": "100050671301677",
                "count": 0
            },
            {
                "id": "100078644937656",
                "count": 0
            },
            {
                "id": "100051451965796",
                "count": 0
            },
            {
                "id": "100074224563535",
                "count": 0
            },
            {
                "id": "100051225465219",
                "count": 0
            },
            {
                "id": "100044812944278",
                "count": 0
            },
            {
                "id": "100027187763993",
                "count": 0
            },
            {
                "id": "100085073240621",
                "count": 0
            },
            {
                "id": "100077980504363",
                "count": 0
            },
            {
                "id": "100069864945865",
                "count": 0
            },
            {
                "id": "100073311773326",
                "count": 0
            },
            {
                "id": "832704028",
                "count": 0
            },
            {
                "id": "100074007695250",
                "count": 0
            },
            {
                "id": "100067508386723",
                "count": 0
            },
            {
                "id": "100037741424837",
                "count": 0
            },
            {
                "id": "61553314901540",
                "count": 0
            },
            {
                "id": "61550941926291",
                "count": 0
            },
            {
                "id": "100030860482751",
                "count": 0
            },
            {
                "id": "100083205727767",
                "count": 0
            },
            {
                "id": "61554533647809",
                "count": 0
            },
            {
                "id": "100000154104641",
                "count": 0
            },
            {
                "id": "100088945377771",
                "count": 0
            },
            {
                "id": "100073889114412",
                "count": 0
            },
            {
                "id": "100006206688107",
                "count": 0
            },
            {
                "id": "61551120508642",
                "count": 0
            },
            {
                "id": "61555631507091",
                "count": 0
            },
            {
                "id": "100000745531418",
                "count": 0
            },
            {
                "id": "61551251459640",
                "count": 0
            },
            {
                "id": "61555731088473",
                "count": 0
            },
            {
                "id": "100058149848731",
                "count": 0
            },
            {
                "id": "100090522207138",
                "count": 0
            },
            {
                "id": "100085130240990",
                "count": 0
            },
            {
                "id": "100087652159146",
                "count": 0
            },
            {
                "id": "100062426421455",
                "count": 0
            },
            {
                "id": "61555310775065",
                "count": 0
            },
            {
                "id": "100086405431705",
                "count": 0
            },
            {
                "id": "100005297585589",
                "count": 0
            },
            {
                "id": "100068096370437",
                "count": 0
            },
            {
                "id": "100092504626324",
                "count": 0
            },
            {
                "id": "100001837873386",
                "count": 0
            },
            {
                "id": "100009193419033",
                "count": 0
            },
            {
                "id": "61554134046393",
                "count": 0
            },
            {
                "id": "61556376890512",
                "count": 0
            },
            {
                "id": "61550521925292",
                "count": 0
            }
        ],
        "week": [
            {
                "id": "100050671301677",
                "count": 0
            },
            {
                "id": "100078644937656",
                "count": 0
            },
            {
                "id": "100051451965796",
                "count": 0
            },
            {
                "id": "100074224563535",
                "count": 0
            },
            {
                "id": "100051225465219",
                "count": 0
            },
            {
                "id": "100044812944278",
                "count": 0
            },
            {
                "id": "100027187763993",
                "count": 0
            },
            {
                "id": "100085073240621",
                "count": 0
            },
            {
                "id": "100077980504363",
                "count": 0
            },
            {
                "id": "100069864945865",
                "count": 0
            },
            {
                "id": "100073311773326",
                "count": 0
            },
            {
                "id": "832704028",
                "count": 0
            },
            {
                "id": "100074007695250",
                "count": 0
            },
            {
                "id": "100067508386723",
                "count": 0
            },
            {
                "id": "100037741424837",
                "count": 0
            },
            {
                "id": "61553314901540",
                "count": 0
            },
            {
                "id": "61550941926291",
                "count": 0
            },
            {
                "id": "100030860482751",
                "count": 0
            },
            {
                "id": "100083205727767",
                "count": 0
            },
            {
                "id": "61554533647809",
                "count": 0
            },
            {
                "id": "100000154104641",
                "count": 0
            },
            {
                "id": "100088945377771",
                "count": 0
            },
            {
                "id": "100073889114412",
                "count": 0
            },
            {
                "id": "100006206688107",
                "count": 0
            },
            {
                "id": "61551120508642",
                "count": 0
            },
            {
                "id": "61555631507091",
                "count": 0
            },
            {
                "id": "100000745531418",
                "count": 0
            },
            {
                "id": "61551251459640",
                "count": 0
            },
            {
                "id": "61555731088473",
                "count": 0
            },
            {
                "id": "100058149848731",
                "count": 0
            },
            {
                "id": "100090522207138",
                "count": 0
            },
            {
                "id": "100085130240990",
                "count": 0
            },
            {
                "id": "100087652159146",
                "count": 0
            },
            {
                "id": "100062426421455",
                "count": 0
            },
            {
                "id": "61555310775065",
                "count": 0
            },
            {
                "id": "100086405431705",
                "count": 0
            },
            {
                "id": "100005297585589",
                "count": 0
            },
            {
                "id": "100068096370437",
                "count": 0
            },
            {
                "id": "100092504626324",
                "count": 0
            },
            {
                "id": "100001837873386",
                "count": 0
            },
            {
                "id": "100009193419033",
                "count": 0
            },
            {
                "id": "61554134046393",
                "count": 0
            },
            {
                "id": "61556376890512",
                "count": 0
            },
            {
                "id": "61550521925292",
                "count": 0
            }
        ]
    }
}