{
    "total": [
        {
            "id": "100034068184013",
            "count": 0
        },
        {
            "id": "61552207666155",
            "count": 0
        },
        {
            "id": "61550059491944",
            "count": 1
        },
        {
            "id": "61553055643671",
            "count": 0
        },
        {
            "id": "100000020107425",
            "count": 0
        },
        {
            "id": "100052470464930",
            "count": 0
        },
        {
            "id": "61551587547661",
            "count": 0
        },
        {
            "id": "100072143529430",
            "count": 0
        },
        {
            "id": "100094454384084",
            "count": 0
        },
        {
            "id": "61555730540023",
            "count": 0
        },
        {
            "id": "100049859673743",
            "count": 0
        },
        {
            "id": "61555616463959",
            "count": 0
        },
        {
            "id": "100072224787071",
            "count": 0
        },
        {
            "id": "100003800122705",
            "count": 0
        },
        {
            "id": "61554364809120",
            "count": 0
        },
        {
            "id": "61555511191747",
            "count": 0
        },
        {
            "id": "61554380249110",
            "count": 0
        },
        {
            "id": "100085666958113",
            "count": 0
        },
        {
            "id": "61555970925911",
            "count": 0
        },
        {
            "id": "61555803371045",
            "count": 0
        },
        {
            "id": "61553104809792",
            "count": 0
        },
        {
            "id": "100078302078055",
            "count": 0
        },
        {
            "id": "61556251765473",
            "count": 0
        },
        {
            "id": "100077546301560",
            "count": 0
        },
        {
            "id": "61555597476864",
            "count": 0
        },
        {
            "id": "61554421400301",
            "count": 0
        },
        {
            "id": "61554360159056",
            "count": 0
        },
        {
            "id": "61552971627858",
            "count": 0
        },
        {
            "id": "100079814229560",
            "count": 0
        },
        {
            "id": "61555375511816",
            "count": 0
        },
        {
            "id": "61555109172810",
            "count": 0
        },
        {
            "id": "100001652922374",
            "count": 0
        },
        {
            "id": "100059454822702",
            "count": 7
        },
        {
            "id": "100055212672768",
            "count": 0
        },
        {
            "id": "100095152834691",
            "count": 0
        },
        {
            "id": "100082668132301",
            "count": 0
        },
        {
            "id": "61550323401356",
            "count": 0
        },
        {
            "id": "61555775579108",
            "count": 0
        },
        {
            "id": "100057382431090",
            "count": 0
        },
        {
            "id": "100092481584846",
            "count": 0
        },
        {
            "id": "100060400040040",
            "count": 0
        },
        {
            "id": "100095122806150",
            "count": 0
        },
        {
            "id": "61552126615835",
            "count": 0
        },
        {
            "id": "61555649121432",
            "count": 0
        },
        {
            "id": "100059765285823",
            "count": 0
        },
        {
            "id": "100087926032284",
            "count": 0
        },
        {
            "id": "100077980504363",
            "count": 9
        },
        {
            "id": "100083525311746",
            "count": 0
        },
        {
            "id": "100080120890812",
            "count": 0
        },
        {
            "id": "100001587542296",
            "count": 3
        },
        {
            "id": "100000470063773",
            "count": 0
        },
        {
            "id": "61555590407875",
            "count": 0
        },
        {
            "id": "100090889841039",
            "count": 0
        },
        {
            "id": "61554287026176",
            "count": 0
        },
        {
            "id": "100084311229950",
            "count": 0
        },
        {
            "id": "61553333302489",
            "count": 0
        },
        {
            "id": "100094282837960",
            "count": 0
        },
        {
            "id": "100058577394682",
            "count": 0
        },
        {
            "id": "100081251539733",
            "count": 0
        },
        {
            "id": "100022376349973",
            "count": 0
        },
        {
            "id": "61553831844972",
            "count": 0
        },
        {
            "id": "61554900406706",
            "count": 0
        }
    ],
    "week": [
        {
            "id": "100034068184013",
            "count": 0
        },
        {
            "id": "61552207666155",
            "count": 0
        },
        {
            "id": "61550059491944",
            "count": 1
        },
        {
            "id": "61553055643671",
            "count": 0
        },
        {
            "id": "100000020107425",
            "count": 0
        },
        {
            "id": "100052470464930",
            "count": 0
        },
        {
            "id": "61551587547661",
            "count": 0
        },
        {
            "id": "100072143529430",
            "count": 0
        },
        {
            "id": "100094454384084",
            "count": 0
        },
        {
            "id": "61555730540023",
            "count": 0
        },
        {
            "id": "100049859673743",
            "count": 0
        },
        {
            "id": "61555616463959",
            "count": 0
        },
        {
            "id": "100072224787071",
            "count": 0
        },
        {
            "id": "100003800122705",
            "count": 0
        },
        {
            "id": "61554364809120",
            "count": 0
        },
        {
            "id": "61555511191747",
            "count": 0
        },
        {
            "id": "61554380249110",
            "count": 0
        },
        {
            "id": "100085666958113",
            "count": 0
        },
        {
            "id": "61555970925911",
            "count": 0
        },
        {
            "id": "61555803371045",
            "count": 0
        },
        {
            "id": "61553104809792",
            "count": 0
        },
        {
            "id": "100078302078055",
            "count": 0
        },
        {
            "id": "61556251765473",
            "count": 0
        },
        {
            "id": "100077546301560",
            "count": 0
        },
        {
            "id": "61555597476864",
            "count": 0
        },
        {
            "id": "61554421400301",
            "count": 0
        },
        {
            "id": "61554360159056",
            "count": 0
        },
        {
            "id": "61552971627858",
            "count": 0
        },
        {
            "id": "100079814229560",
            "count": 0
        },
        {
            "id": "61555375511816",
            "count": 0
        },
        {
            "id": "61555109172810",
            "count": 0
        },
        {
            "id": "100001652922374",
            "count": 0
        },
        {
            "id": "100059454822702",
            "count": 7
        },
        {
            "id": "100055212672768",
            "count": 0
        },
        {
            "id": "100095152834691",
            "count": 0
        },
        {
            "id": "100082668132301",
            "count": 0
        },
        {
            "id": "61550323401356",
            "count": 0
        },
        {
            "id": "61555775579108",
            "count": 0
        },
        {
            "id": "100057382431090",
            "count": 0
        },
        {
            "id": "100092481584846",
            "count": 0
        },
        {
            "id": "100060400040040",
            "count": 0
        },
        {
            "id": "100095122806150",
            "count": 0
        },
        {
            "id": "61552126615835",
            "count": 0
        },
        {
            "id": "61555649121432",
            "count": 0
        },
        {
            "id": "100059765285823",
            "count": 0
        },
        {
            "id": "100087926032284",
            "count": 0
        },
        {
            "id": "100077980504363",
            "count": 9
        },
        {
            "id": "100083525311746",
            "count": 0
        },
        {
            "id": "100080120890812",
            "count": 0
        },
        {
            "id": "100001587542296",
            "count": 3
        },
        {
            "id": "100000470063773",
            "count": 0
        },
        {
            "id": "61555590407875",
            "count": 0
        },
        {
            "id": "100090889841039",
            "count": 0
        },
        {
            "id": "61554287026176",
            "count": 0
        },
        {
            "id": "100084311229950",
            "count": 0
        },
        {
            "id": "61553333302489",
            "count": 0
        },
        {
            "id": "100094282837960",
            "count": 0
        },
        {
            "id": "100058577394682",
            "count": 0
        },
        {
            "id": "100081251539733",
            "count": 0
        },
        {
            "id": "100022376349973",
            "count": 0
        },
        {
            "id": "61553831844972",
            "count": 0
        },
        {
            "id": "61554900406706",
            "count": 0
        }
    ],
    "day": [
        {
            "id": "100034068184013",
            "count": 0
        },
        {
            "id": "61552207666155",
            "count": 0
        },
        {
            "id": "61550059491944",
            "count": 1
        },
        {
            "id": "61553055643671",
            "count": 0
        },
        {
            "id": "100000020107425",
            "count": 0
        },
        {
            "id": "100052470464930",
            "count": 0
        },
        {
            "id": "61551587547661",
            "count": 0
        },
        {
            "id": "100072143529430",
            "count": 0
        },
        {
            "id": "100094454384084",
            "count": 0
        },
        {
            "id": "61555730540023",
            "count": 0
        },
        {
            "id": "100049859673743",
            "count": 0
        },
        {
            "id": "61555616463959",
            "count": 0
        },
        {
            "id": "100072224787071",
            "count": 0
        },
        {
            "id": "100003800122705",
            "count": 0
        },
        {
            "id": "61554364809120",
            "count": 0
        },
        {
            "id": "61555511191747",
            "count": 0
        },
        {
            "id": "61554380249110",
            "count": 0
        },
        {
            "id": "100085666958113",
            "count": 0
        },
        {
            "id": "61555970925911",
            "count": 0
        },
        {
            "id": "61555803371045",
            "count": 0
        },
        {
            "id": "61553104809792",
            "count": 0
        },
        {
            "id": "100078302078055",
            "count": 0
        },
        {
            "id": "61556251765473",
            "count": 0
        },
        {
            "id": "100077546301560",
            "count": 0
        },
        {
            "id": "61555597476864",
            "count": 0
        },
        {
            "id": "61554421400301",
            "count": 0
        },
        {
            "id": "61554360159056",
            "count": 0
        },
        {
            "id": "61552971627858",
            "count": 0
        },
        {
            "id": "100079814229560",
            "count": 0
        },
        {
            "id": "61555375511816",
            "count": 0
        },
        {
            "id": "61555109172810",
            "count": 0
        },
        {
            "id": "100001652922374",
            "count": 0
        },
        {
            "id": "100059454822702",
            "count": 7
        },
        {
            "id": "100055212672768",
            "count": 0
        },
        {
            "id": "100095152834691",
            "count": 0
        },
        {
            "id": "100082668132301",
            "count": 0
        },
        {
            "id": "61550323401356",
            "count": 0
        },
        {
            "id": "61555775579108",
            "count": 0
        },
        {
            "id": "100057382431090",
            "count": 0
        },
        {
            "id": "100092481584846",
            "count": 0
        },
        {
            "id": "100060400040040",
            "count": 0
        },
        {
            "id": "100095122806150",
            "count": 0
        },
        {
            "id": "61552126615835",
            "count": 0
        },
        {
            "id": "61555649121432",
            "count": 0
        },
        {
            "id": "100059765285823",
            "count": 0
        },
        {
            "id": "100087926032284",
            "count": 0
        },
        {
            "id": "100077980504363",
            "count": 9
        },
        {
            "id": "100083525311746",
            "count": 0
        },
        {
            "id": "100080120890812",
            "count": 0
        },
        {
            "id": "100001587542296",
            "count": 3
        },
        {
            "id": "100000470063773",
            "count": 0
        },
        {
            "id": "61555590407875",
            "count": 0
        },
        {
            "id": "100090889841039",
            "count": 0
        },
        {
            "id": "61554287026176",
            "count": 0
        },
        {
            "id": "100084311229950",
            "count": 0
        },
        {
            "id": "61553333302489",
            "count": 0
        },
        {
            "id": "100094282837960",
            "count": 0
        },
        {
            "id": "100058577394682",
            "count": 0
        },
        {
            "id": "100081251539733",
            "count": 0
        },
        {
            "id": "100022376349973",
            "count": 0
        },
        {
            "id": "61553831844972",
            "count": 0
        },
        {
            "id": "61554900406706",
            "count": 0
        }
    ],
    "time": 2,
    "last": {
        "time": 4,
        "day": [
            {
                "id": "61554900406706",
                "count": 0
            },
            {
                "id": "100034068184013",
                "count": 0
            },
            {
                "id": "61552207666155",
                "count": 0
            },
            {
                "id": "61550059491944",
                "count": 0
            },
            {
                "id": "61553055643671",
                "count": 0
            },
            {
                "id": "100000020107425",
                "count": 0
            },
            {
                "id": "100052470464930",
                "count": 0
            },
            {
                "id": "61551587547661",
                "count": 0
            },
            {
                "id": "100072143529430",
                "count": 0
            },
            {
                "id": "100094454384084",
                "count": 0
            },
            {
                "id": "61555730540023",
                "count": 0
            },
            {
                "id": "100049859673743",
                "count": 0
            },
            {
                "id": "61555616463959",
                "count": 0
            },
            {
                "id": "100072224787071",
                "count": 0
            },
            {
                "id": "100003800122705",
                "count": 0
            },
            {
                "id": "61554364809120",
                "count": 0
            },
            {
                "id": "61555511191747",
                "count": 0
            },
            {
                "id": "61554380249110",
                "count": 0
            },
            {
                "id": "100085666958113",
                "count": 0
            },
            {
                "id": "61555970925911",
                "count": 0
            },
            {
                "id": "61555803371045",
                "count": 0
            },
            {
                "id": "61553104809792",
                "count": 0
            },
            {
                "id": "100078302078055",
                "count": 0
            },
            {
                "id": "61556251765473",
                "count": 0
            },
            {
                "id": "100077546301560",
                "count": 0
            },
            {
                "id": "61555597476864",
                "count": 0
            },
            {
                "id": "61554421400301",
                "count": 0
            },
            {
                "id": "61554360159056",
                "count": 0
            },
            {
                "id": "61552971627858",
                "count": 0
            },
            {
                "id": "100079814229560",
                "count": 0
            },
            {
                "id": "61555375511816",
                "count": 0
            },
            {
                "id": "100063344670151",
                "count": 0
            },
            {
                "id": "61555109172810",
                "count": 0
            },
            {
                "id": "100001652922374",
                "count": 0
            },
            {
                "id": "100059454822702",
                "count": 0
            },
            {
                "id": "100055212672768",
                "count": 0
            },
            {
                "id": "100095152834691",
                "count": 0
            },
            {
                "id": "100082668132301",
                "count": 0
            },
            {
                "id": "61550323401356",
                "count": 0
            },
            {
                "id": "61555775579108",
                "count": 0
            },
            {
                "id": "100057382431090",
                "count": 0
            },
            {
                "id": "100092481584846",
                "count": 0
            },
            {
                "id": "100060400040040",
                "count": 0
            },
            {
                "id": "100095122806150",
                "count": 0
            },
            {
                "id": "61552126615835",
                "count": 0
            },
            {
                "id": "61555649121432",
                "count": 0
            },
            {
                "id": "100059765285823",
                "count": 0
            },
            {
                "id": "100087926032284",
                "count": 0
            },
            {
                "id": "100077980504363",
                "count": 0
            },
            {
                "id": "100083525311746",
                "count": 0
            },
            {
                "id": "100080120890812",
                "count": 0
            },
            {
                "id": "100001587542296",
                "count": 0
            },
            {
                "id": "100000470063773",
                "count": 0
            },
            {
                "id": "61555590407875",
                "count": 0
            },
            {
                "id": "100090889841039",
                "count": 0
            },
            {
                "id": "61554287026176",
                "count": 0
            },
            {
                "id": "100084311229950",
                "count": 0
            },
            {
                "id": "61553333302489",
                "count": 0
            },
            {
                "id": "100094282837960",
                "count": 0
            },
            {
                "id": "100058577394682",
                "count": 0
            },
            {
                "id": "61553831844972",
                "count": 0
            },
            {
                "id": "100081251539733",
                "count": 0
            },
            {
                "id": "100022376349973",
                "count": 0
            }
        ],
        "week": [
            {
                "id": "61554900406706",
                "count": 0
            },
            {
                "id": "100034068184013",
                "count": 0
            },
            {
                "id": "61552207666155",
                "count": 0
            },
            {
                "id": "61550059491944",
                "count": 0
            },
            {
                "id": "61553055643671",
                "count": 0
            },
            {
                "id": "100000020107425",
                "count": 0
            },
            {
                "id": "100052470464930",
                "count": 0
            },
            {
                "id": "61551587547661",
                "count": 0
            },
            {
                "id": "100072143529430",
                "count": 0
            },
            {
                "id": "100094454384084",
                "count": 0
            },
            {
                "id": "61555730540023",
                "count": 0
            },
            {
                "id": "100049859673743",
                "count": 0
            },
            {
                "id": "61555616463959",
                "count": 0
            },
            {
                "id": "100072224787071",
                "count": 0
            },
            {
                "id": "100003800122705",
                "count": 0
            },
            {
                "id": "61554364809120",
                "count": 0
            },
            {
                "id": "61555511191747",
                "count": 0
            },
            {
                "id": "61554380249110",
                "count": 0
            },
            {
                "id": "100085666958113",
                "count": 0
            },
            {
                "id": "61555970925911",
                "count": 0
            },
            {
                "id": "61555803371045",
                "count": 0
            },
            {
                "id": "61553104809792",
                "count": 0
            },
            {
                "id": "100078302078055",
                "count": 0
            },
            {
                "id": "61556251765473",
                "count": 0
            },
            {
                "id": "100077546301560",
                "count": 0
            },
            {
                "id": "61555597476864",
                "count": 0
            },
            {
                "id": "61554421400301",
                "count": 0
            },
            {
                "id": "61554360159056",
                "count": 0
            },
            {
                "id": "61552971627858",
                "count": 0
            },
            {
                "id": "100079814229560",
                "count": 0
            },
            {
                "id": "61555375511816",
                "count": 0
            },
            {
                "id": "100063344670151",
                "count": 0
            },
            {
                "id": "61555109172810",
                "count": 0
            },
            {
                "id": "100001652922374",
                "count": 0
            },
            {
                "id": "100059454822702",
                "count": 0
            },
            {
                "id": "100055212672768",
                "count": 0
            },
            {
                "id": "100095152834691",
                "count": 0
            },
            {
                "id": "100082668132301",
                "count": 0
            },
            {
                "id": "61550323401356",
                "count": 0
            },
            {
                "id": "61555775579108",
                "count": 0
            },
            {
                "id": "100057382431090",
                "count": 0
            },
            {
                "id": "100092481584846",
                "count": 0
            },
            {
                "id": "100060400040040",
                "count": 0
            },
            {
                "id": "100095122806150",
                "count": 0
            },
            {
                "id": "61552126615835",
                "count": 0
            },
            {
                "id": "61555649121432",
                "count": 0
            },
            {
                "id": "100059765285823",
                "count": 0
            },
            {
                "id": "100087926032284",
                "count": 0
            },
            {
                "id": "100077980504363",
                "count": 0
            },
            {
                "id": "100083525311746",
                "count": 0
            },
            {
                "id": "100080120890812",
                "count": 0
            },
            {
                "id": "100001587542296",
                "count": 0
            },
            {
                "id": "100000470063773",
                "count": 0
            },
            {
                "id": "61555590407875",
                "count": 0
            },
            {
                "id": "100090889841039",
                "count": 0
            },
            {
                "id": "61554287026176",
                "count": 0
            },
            {
                "id": "100084311229950",
                "count": 0
            },
            {
                "id": "61553333302489",
                "count": 0
            },
            {
                "id": "100094282837960",
                "count": 0
            },
            {
                "id": "100058577394682",
                "count": 0
            },
            {
                "id": "61553831844972",
                "count": 0
            },
            {
                "id": "100081251539733",
                "count": 0
            },
            {
                "id": "100022376349973",
                "count": 0
            }
        ]
    }
}