{
    "total": [
        {
            "id": "100056565229471",
            "count": 0
        },
        {
            "id": "100026439672665",
            "count": 0
        },
        {
            "id": "100088226658631",
            "count": 0
        },
        {
            "id": "100069757809743",
            "count": 0
        },
        {
            "id": "100001577972706",
            "count": 0
        },
        {
            "id": "100073137742165",
            "count": 63
        },
        {
            "id": "61553753473063",
            "count": 0
        },
        {
            "id": "100074142183168",
            "count": 25
        },
        {
            "id": "100022869127293",
            "count": 0
        },
        {
            "id": "100042575622073",
            "count": 0
        },
        {
            "id": "100075940538217",
            "count": 0
        },
        {
            "id": "100080048156739",
            "count": 0
        },
        {
            "id": "100060410386561",
            "count": 0
        },
        {
            "id": "100016495471276",
            "count": 1
        },
        {
            "id": "100093361944504",
            "count": 2
        },
        {
            "id": "100001774073492",
            "count": 0
        },
        {
            "id": "100004338075138",
            "count": 0
        },
        {
            "id": "100037211391552",
            "count": 2
        },
        {
            "id": "100057034503173",
            "count": 0
        },
        {
            "id": "100049445896342",
            "count": 0
        },
        {
            "id": "100044796200261",
            "count": 0
        },
        {
            "id": "100001147668739",
            "count": 0
        },
        {
            "id": "100077028191053",
            "count": 0
        },
        {
            "id": "100070650815518",
            "count": 0
        },
        {
            "id": "100001819685971",
            "count": 0
        },
        {
            "id": "61552385074044",
            "count": 0
        },
        {
            "id": "100022394760835",
            "count": 0
        },
        {
            "id": "593146350",
            "count": 0
        },
        {
            "id": "512037995",
            "count": 0
        },
        {
            "id": "61553514025990",
            "count": 0
        },
        {
            "id": "61553232495517",
            "count": 0
        },
        {
            "id": "61553716654744",
            "count": 0
        },
        {
            "id": "100082055229744",
            "count": 0
        },
        {
            "id": "61553353496743",
            "count": 0
        },
        {
            "id": "100072993967037",
            "count": 0
        },
        {
            "id": "648220322",
            "count": 4
        },
        {
            "id": "61550043721647",
            "count": 1
        },
        {
            "id": "100091175415529",
            "count": 0
        },
        {
            "id": "100000479251084",
            "count": 0
        },
        {
            "id": "100017009624624",
            "count": 0
        },
        {
            "id": "100081797352234",
            "count": 2
        },
        {
            "id": "100055524725064",
            "count": 0
        },
        {
            "id": "100000542968113",
            "count": 0
        },
        {
            "id": "100038678414010",
            "count": 0
        },
        {
            "id": "61551315316500",
            "count": 0
        },
        {
            "id": "100088737923043",
            "count": 0
        },
        {
            "id": "100002110548413",
            "count": 0
        },
        {
            "id": "61550002118741",
            "count": 0
        },
        {
            "id": "100074293234284",
            "count": 0
        },
        {
            "id": "100041600164073",
            "count": 21
        },
        {
            "id": "80504840",
            "count": 0
        },
        {
            "id": "688718094",
            "count": 0
        },
        {
            "id": "100068672101423",
            "count": 3
        },
        {
            "id": "61553670189094",
            "count": 0
        },
        {
            "id": "100015708247902",
            "count": 0
        },
        {
            "id": "100091864710801",
            "count": 0
        },
        {
            "id": "100078666115503",
            "count": 0
        },
        {
            "id": "100054228346866",
            "count": 0
        },
        {
            "id": "61554188341505",
            "count": 0
        },
        {
            "id": "100086935617299",
            "count": 0
        },
        {
            "id": "61554125355399",
            "count": 0
        },
        {
            "id": "100036118812618",
            "count": 0
        },
        {
            "id": "100091655080075",
            "count": 0
        },
        {
            "id": "100090458979503",
            "count": 11
        },
        {
            "id": "725146957",
            "count": 5
        },
        {
            "id": "100078168302063",
            "count": 0
        },
        {
            "id": "61550126549146",
            "count": 2
        },
        {
            "id": "100088911409432",
            "count": 0
        },
        {
            "id": "100018663901688",
            "count": 58
        },
        {
            "id": "100074087967849",
            "count": 0
        },
        {
            "id": "100046376018530",
            "count": 0
        },
        {
            "id": "100009601162952",
            "count": 0
        },
        {
            "id": "100088232052181",
            "count": 78
        },
        {
            "id": "61553840323997",
            "count": 0
        },
        {
            "id": "100092485396437",
            "count": 0
        },
        {
            "id": "100046175535164",
            "count": 0
        },
        {
            "id": "100078758336143",
            "count": 0
        },
        {
            "id": "61553286947176",
            "count": 0
        },
        {
            "id": "100033742142284",
            "count": 0
        },
        {
            "id": "100069554461385",
            "count": 2
        },
        {
            "id": "61554835708572",
            "count": 0
        },
        {
            "id": "100077687072373",
            "count": 0
        },
        {
            "id": "61550882661933",
            "count": 0
        },
        {
            "id": "100085088395095",
            "count": 5
        },
        {
            "id": "61555007011944",
            "count": 0
        },
        {
            "id": "61554496002191",
            "count": 75
        },
        {
            "id": "100064622298086",
            "count": 0
        },
        {
            "id": "61554932013755",
            "count": 0
        },
        {
            "id": "100046642711399",
            "count": 4
        },
        {
            "id": "61555178210795",
            "count": 0
        },
        {
            "id": "100095113374150",
            "count": 0
        },
        {
            "id": "61554440047759",
            "count": 0
        },
        {
            "id": "100080280055413",
            "count": 0
        },
        {
            "id": "515708063",
            "count": 0
        },
        {
            "id": "61553388260674",
            "count": 0
        },
        {
            "id": "100093063091825",
            "count": 0
        },
        {
            "id": "100002110191281",
            "count": 0
        },
        {
            "id": "61552720043999",
            "count": 0
        },
        {
            "id": "100043044991011",
            "count": 0
        },
        {
            "id": "61554971318055",
            "count": 0
        },
        {
            "id": "61555195310105",
            "count": 0
        },
        {
            "id": "100092349910766",
            "count": 0
        },
        {
            "id": "61552500791337",
            "count": 14
        },
        {
            "id": "100004131041279",
            "count": 0
        },
        {
            "id": "61555420281060",
            "count": 0
        },
        {
            "id": "100086853340623",
            "count": 5
        },
        {
            "id": "100093483349850",
            "count": 4
        },
        {
            "id": "61551489817933",
            "count": 0
        },
        {
            "id": "1290157550",
            "count": 0
        },
        {
            "id": "100002323834540",
            "count": 1
        },
        {
            "id": "61550197623894",
            "count": 0
        },
        {
            "id": "100054676863094",
            "count": 0
        },
        {
            "id": "100077373693529",
            "count": 2
        },
        {
            "id": "61555399164405",
            "count": 0
        },
        {
            "id": "100083329715113",
            "count": 3
        },
        {
            "id": "100047107785229",
            "count": 0
        },
        {
            "id": "61555367366255",
            "count": 8
        },
        {
            "id": "61555398591020",
            "count": 0
        },
        {
            "id": "61554777223291",
            "count": 0
        },
        {
            "id": "61555361965194",
            "count": 0
        },
        {
            "id": "100030236827904",
            "count": 3
        },
        {
            "id": "100002140520960",
            "count": 1
        },
        {
            "id": "100079557714787",
            "count": 0
        },
        {
            "id": "100004901017789",
            "count": 0
        },
        {
            "id": "100063804937178",
            "count": 5
        },
        {
            "id": "61555386867277",
            "count": 0
        },
        {
            "id": "100029600541929",
            "count": 0
        },
        {
            "id": "100005163249714",
            "count": 0
        },
        {
            "id": "61554955754942",
            "count": 0
        },
        {
            "id": "100080123985952",
            "count": 0
        },
        {
            "id": "61551810098837",
            "count": 0
        },
        {
            "id": "61555015060828",
            "count": 1
        },
        {
            "id": "100041183227239",
            "count": 8
        },
        {
            "id": "61554386532502",
            "count": 0
        },
        {
            "id": "100079827743922",
            "count": 40
        },
        {
            "id": "61555413650695",
            "count": 0
        },
        {
            "id": "61555165646390",
            "count": 0
        },
        {
            "id": "100047157346580",
            "count": 46
        },
        {
            "id": "100000661752086",
            "count": 0
        },
        {
            "id": "100000133939063",
            "count": 4
        },
        {
            "id": "100078158287529",
            "count": 57
        },
        {
            "id": "61552135831320",
            "count": 0
        },
        {
            "id": "100089822744506",
            "count": 0
        },
        {
            "id": "100060686425949",
            "count": 13
        },
        {
            "id": "61554975665945",
            "count": 91
        },
        {
            "id": "61555247557965",
            "count": 64
        },
        {
            "id": "100091976951313",
            "count": 26
        },
        {
            "id": "61555675192741",
            "count": 0
        },
        {
            "id": "100080339657728",
            "count": 14
        },
        {
            "id": "100092157694008",
            "count": 0
        },
        {
            "id": "100040461800609",
            "count": 0
        },
        {
            "id": "100060348680482",
            "count": 0
        },
        {
            "id": "100001754225811",
            "count": 0
        },
        {
            "id": "61554102537426",
            "count": 0
        },
        {
            "id": "100091355018034",
            "count": 0
        },
        {
            "id": "100037465932663",
            "count": 0
        },
        {
            "id": "100055651601104",
            "count": 0
        },
        {
            "id": "61554778784654",
            "count": 0
        },
        {
            "id": "61555131513718",
            "count": 0
        },
        {
            "id": "100040761302134",
            "count": 0
        },
        {
            "id": "100014811933322",
            "count": 0
        },
        {
            "id": "61555318423709",
            "count": 4
        },
        {
            "id": "557378754",
            "count": 0
        }
    ],
    "week": [
        {
            "id": "100056565229471",
            "count": 0
        },
        {
            "id": "100026439672665",
            "count": 0
        },
        {
            "id": "100088226658631",
            "count": 0
        },
        {
            "id": "100069757809743",
            "count": 0
        },
        {
            "id": "100001577972706",
            "count": 0
        },
        {
            "id": "100073137742165",
            "count": 63
        },
        {
            "id": "61553753473063",
            "count": 0
        },
        {
            "id": "100074142183168",
            "count": 25
        },
        {
            "id": "100022869127293",
            "count": 0
        },
        {
            "id": "100042575622073",
            "count": 0
        },
        {
            "id": "100075940538217",
            "count": 0
        },
        {
            "id": "100080048156739",
            "count": 0
        },
        {
            "id": "100060410386561",
            "count": 0
        },
        {
            "id": "100016495471276",
            "count": 1
        },
        {
            "id": "100093361944504",
            "count": 2
        },
        {
            "id": "100001774073492",
            "count": 0
        },
        {
            "id": "100004338075138",
            "count": 0
        },
        {
            "id": "100037211391552",
            "count": 2
        },
        {
            "id": "100057034503173",
            "count": 0
        },
        {
            "id": "100049445896342",
            "count": 0
        },
        {
            "id": "100044796200261",
            "count": 0
        },
        {
            "id": "100001147668739",
            "count": 0
        },
        {
            "id": "100077028191053",
            "count": 0
        },
        {
            "id": "100070650815518",
            "count": 0
        },
        {
            "id": "100001819685971",
            "count": 0
        },
        {
            "id": "61552385074044",
            "count": 0
        },
        {
            "id": "100022394760835",
            "count": 0
        },
        {
            "id": "593146350",
            "count": 0
        },
        {
            "id": "512037995",
            "count": 0
        },
        {
            "id": "61553514025990",
            "count": 0
        },
        {
            "id": "61553232495517",
            "count": 0
        },
        {
            "id": "61553716654744",
            "count": 0
        },
        {
            "id": "100082055229744",
            "count": 0
        },
        {
            "id": "61553353496743",
            "count": 0
        },
        {
            "id": "100072993967037",
            "count": 0
        },
        {
            "id": "648220322",
            "count": 4
        },
        {
            "id": "61550043721647",
            "count": 1
        },
        {
            "id": "100091175415529",
            "count": 0
        },
        {
            "id": "100000479251084",
            "count": 0
        },
        {
            "id": "100017009624624",
            "count": 0
        },
        {
            "id": "100081797352234",
            "count": 2
        },
        {
            "id": "100055524725064",
            "count": 0
        },
        {
            "id": "100000542968113",
            "count": 0
        },
        {
            "id": "100038678414010",
            "count": 0
        },
        {
            "id": "61551315316500",
            "count": 0
        },
        {
            "id": "100088737923043",
            "count": 0
        },
        {
            "id": "100002110548413",
            "count": 0
        },
        {
            "id": "61550002118741",
            "count": 0
        },
        {
            "id": "100074293234284",
            "count": 0
        },
        {
            "id": "100041600164073",
            "count": 21
        },
        {
            "id": "80504840",
            "count": 0
        },
        {
            "id": "688718094",
            "count": 0
        },
        {
            "id": "100068672101423",
            "count": 3
        },
        {
            "id": "61553670189094",
            "count": 0
        },
        {
            "id": "100015708247902",
            "count": 0
        },
        {
            "id": "100091864710801",
            "count": 0
        },
        {
            "id": "100078666115503",
            "count": 0
        },
        {
            "id": "100054228346866",
            "count": 0
        },
        {
            "id": "61554188341505",
            "count": 0
        },
        {
            "id": "100086935617299",
            "count": 0
        },
        {
            "id": "61554125355399",
            "count": 0
        },
        {
            "id": "100036118812618",
            "count": 0
        },
        {
            "id": "100091655080075",
            "count": 0
        },
        {
            "id": "100090458979503",
            "count": 11
        },
        {
            "id": "725146957",
            "count": 5
        },
        {
            "id": "100078168302063",
            "count": 0
        },
        {
            "id": "61550126549146",
            "count": 2
        },
        {
            "id": "100088911409432",
            "count": 0
        },
        {
            "id": "100018663901688",
            "count": 58
        },
        {
            "id": "100074087967849",
            "count": 0
        },
        {
            "id": "100046376018530",
            "count": 0
        },
        {
            "id": "100009601162952",
            "count": 0
        },
        {
            "id": "100088232052181",
            "count": 78
        },
        {
            "id": "61553840323997",
            "count": 0
        },
        {
            "id": "100092485396437",
            "count": 0
        },
        {
            "id": "100046175535164",
            "count": 0
        },
        {
            "id": "100078758336143",
            "count": 0
        },
        {
            "id": "61553286947176",
            "count": 0
        },
        {
            "id": "100033742142284",
            "count": 0
        },
        {
            "id": "100069554461385",
            "count": 2
        },
        {
            "id": "61554835708572",
            "count": 0
        },
        {
            "id": "100077687072373",
            "count": 0
        },
        {
            "id": "61550882661933",
            "count": 0
        },
        {
            "id": "100085088395095",
            "count": 5
        },
        {
            "id": "61555007011944",
            "count": 0
        },
        {
            "id": "61554496002191",
            "count": 75
        },
        {
            "id": "100064622298086",
            "count": 0
        },
        {
            "id": "61554932013755",
            "count": 0
        },
        {
            "id": "100046642711399",
            "count": 4
        },
        {
            "id": "61555178210795",
            "count": 0
        },
        {
            "id": "100095113374150",
            "count": 0
        },
        {
            "id": "61554440047759",
            "count": 0
        },
        {
            "id": "100080280055413",
            "count": 0
        },
        {
            "id": "515708063",
            "count": 0
        },
        {
            "id": "61553388260674",
            "count": 0
        },
        {
            "id": "100093063091825",
            "count": 0
        },
        {
            "id": "100002110191281",
            "count": 0
        },
        {
            "id": "61552720043999",
            "count": 0
        },
        {
            "id": "100043044991011",
            "count": 0
        },
        {
            "id": "61554971318055",
            "count": 0
        },
        {
            "id": "61555195310105",
            "count": 0
        },
        {
            "id": "100092349910766",
            "count": 0
        },
        {
            "id": "61552500791337",
            "count": 14
        },
        {
            "id": "100004131041279",
            "count": 0
        },
        {
            "id": "61555420281060",
            "count": 0
        },
        {
            "id": "100086853340623",
            "count": 5
        },
        {
            "id": "100093483349850",
            "count": 4
        },
        {
            "id": "61551489817933",
            "count": 0
        },
        {
            "id": "1290157550",
            "count": 0
        },
        {
            "id": "100002323834540",
            "count": 1
        },
        {
            "id": "61550197623894",
            "count": 0
        },
        {
            "id": "100054676863094",
            "count": 0
        },
        {
            "id": "100077373693529",
            "count": 2
        },
        {
            "id": "61555399164405",
            "count": 0
        },
        {
            "id": "100083329715113",
            "count": 3
        },
        {
            "id": "100047107785229",
            "count": 0
        },
        {
            "id": "61555367366255",
            "count": 8
        },
        {
            "id": "61555398591020",
            "count": 0
        },
        {
            "id": "61554777223291",
            "count": 0
        },
        {
            "id": "61555361965194",
            "count": 0
        },
        {
            "id": "100030236827904",
            "count": 3
        },
        {
            "id": "100002140520960",
            "count": 1
        },
        {
            "id": "100079557714787",
            "count": 0
        },
        {
            "id": "100004901017789",
            "count": 0
        },
        {
            "id": "100063804937178",
            "count": 5
        },
        {
            "id": "61555386867277",
            "count": 0
        },
        {
            "id": "100029600541929",
            "count": 0
        },
        {
            "id": "100005163249714",
            "count": 0
        },
        {
            "id": "61554955754942",
            "count": 0
        },
        {
            "id": "100080123985952",
            "count": 0
        },
        {
            "id": "61551810098837",
            "count": 0
        },
        {
            "id": "61555015060828",
            "count": 1
        },
        {
            "id": "100041183227239",
            "count": 8
        },
        {
            "id": "61554386532502",
            "count": 0
        },
        {
            "id": "100079827743922",
            "count": 40
        },
        {
            "id": "61555413650695",
            "count": 0
        },
        {
            "id": "61555165646390",
            "count": 0
        },
        {
            "id": "100047157346580",
            "count": 46
        },
        {
            "id": "100000661752086",
            "count": 0
        },
        {
            "id": "100000133939063",
            "count": 4
        },
        {
            "id": "100078158287529",
            "count": 57
        },
        {
            "id": "61552135831320",
            "count": 0
        },
        {
            "id": "100089822744506",
            "count": 0
        },
        {
            "id": "100060686425949",
            "count": 13
        },
        {
            "id": "61554975665945",
            "count": 91
        },
        {
            "id": "61555247557965",
            "count": 64
        },
        {
            "id": "100091976951313",
            "count": 26
        },
        {
            "id": "61555675192741",
            "count": 0
        },
        {
            "id": "100080339657728",
            "count": 14
        },
        {
            "id": "100092157694008",
            "count": 0
        },
        {
            "id": "100040461800609",
            "count": 0
        },
        {
            "id": "100060348680482",
            "count": 0
        },
        {
            "id": "100001754225811",
            "count": 0
        },
        {
            "id": "61554102537426",
            "count": 0
        },
        {
            "id": "100091355018034",
            "count": 0
        },
        {
            "id": "100037465932663",
            "count": 0
        },
        {
            "id": "100055651601104",
            "count": 0
        },
        {
            "id": "61554778784654",
            "count": 0
        },
        {
            "id": "61555131513718",
            "count": 0
        },
        {
            "id": "100040761302134",
            "count": 0
        },
        {
            "id": "100014811933322",
            "count": 0
        },
        {
            "id": "61555318423709",
            "count": 4
        },
        {
            "id": "557378754",
            "count": 0
        }
    ],
    "day": [
        {
            "id": "100056565229471",
            "count": 0
        },
        {
            "id": "100026439672665",
            "count": 0
        },
        {
            "id": "100088226658631",
            "count": 0
        },
        {
            "id": "100069757809743",
            "count": 0
        },
        {
            "id": "100001577972706",
            "count": 0
        },
        {
            "id": "100073137742165",
            "count": 63
        },
        {
            "id": "61553753473063",
            "count": 0
        },
        {
            "id": "100074142183168",
            "count": 25
        },
        {
            "id": "100022869127293",
            "count": 0
        },
        {
            "id": "100042575622073",
            "count": 0
        },
        {
            "id": "100075940538217",
            "count": 0
        },
        {
            "id": "100080048156739",
            "count": 0
        },
        {
            "id": "100060410386561",
            "count": 0
        },
        {
            "id": "100016495471276",
            "count": 1
        },
        {
            "id": "100093361944504",
            "count": 2
        },
        {
            "id": "100001774073492",
            "count": 0
        },
        {
            "id": "100004338075138",
            "count": 0
        },
        {
            "id": "100037211391552",
            "count": 2
        },
        {
            "id": "100057034503173",
            "count": 0
        },
        {
            "id": "100049445896342",
            "count": 0
        },
        {
            "id": "100044796200261",
            "count": 0
        },
        {
            "id": "100001147668739",
            "count": 0
        },
        {
            "id": "100077028191053",
            "count": 0
        },
        {
            "id": "100070650815518",
            "count": 0
        },
        {
            "id": "100001819685971",
            "count": 0
        },
        {
            "id": "61552385074044",
            "count": 0
        },
        {
            "id": "100022394760835",
            "count": 0
        },
        {
            "id": "593146350",
            "count": 0
        },
        {
            "id": "512037995",
            "count": 0
        },
        {
            "id": "61553514025990",
            "count": 0
        },
        {
            "id": "61553232495517",
            "count": 0
        },
        {
            "id": "61553716654744",
            "count": 0
        },
        {
            "id": "100082055229744",
            "count": 0
        },
        {
            "id": "61553353496743",
            "count": 0
        },
        {
            "id": "100072993967037",
            "count": 0
        },
        {
            "id": "648220322",
            "count": 4
        },
        {
            "id": "61550043721647",
            "count": 1
        },
        {
            "id": "100091175415529",
            "count": 0
        },
        {
            "id": "100000479251084",
            "count": 0
        },
        {
            "id": "100017009624624",
            "count": 0
        },
        {
            "id": "100081797352234",
            "count": 2
        },
        {
            "id": "100055524725064",
            "count": 0
        },
        {
            "id": "100000542968113",
            "count": 0
        },
        {
            "id": "100038678414010",
            "count": 0
        },
        {
            "id": "61551315316500",
            "count": 0
        },
        {
            "id": "100088737923043",
            "count": 0
        },
        {
            "id": "100002110548413",
            "count": 0
        },
        {
            "id": "61550002118741",
            "count": 0
        },
        {
            "id": "100074293234284",
            "count": 0
        },
        {
            "id": "100041600164073",
            "count": 21
        },
        {
            "id": "80504840",
            "count": 0
        },
        {
            "id": "688718094",
            "count": 0
        },
        {
            "id": "100068672101423",
            "count": 3
        },
        {
            "id": "61553670189094",
            "count": 0
        },
        {
            "id": "100015708247902",
            "count": 0
        },
        {
            "id": "100091864710801",
            "count": 0
        },
        {
            "id": "100078666115503",
            "count": 0
        },
        {
            "id": "100054228346866",
            "count": 0
        },
        {
            "id": "61554188341505",
            "count": 0
        },
        {
            "id": "100086935617299",
            "count": 0
        },
        {
            "id": "61554125355399",
            "count": 0
        },
        {
            "id": "100036118812618",
            "count": 0
        },
        {
            "id": "100091655080075",
            "count": 0
        },
        {
            "id": "100090458979503",
            "count": 11
        },
        {
            "id": "725146957",
            "count": 5
        },
        {
            "id": "100078168302063",
            "count": 0
        },
        {
            "id": "61550126549146",
            "count": 2
        },
        {
            "id": "100088911409432",
            "count": 0
        },
        {
            "id": "100018663901688",
            "count": 58
        },
        {
            "id": "100074087967849",
            "count": 0
        },
        {
            "id": "100046376018530",
            "count": 0
        },
        {
            "id": "100009601162952",
            "count": 0
        },
        {
            "id": "100088232052181",
            "count": 78
        },
        {
            "id": "61553840323997",
            "count": 0
        },
        {
            "id": "100092485396437",
            "count": 0
        },
        {
            "id": "100046175535164",
            "count": 0
        },
        {
            "id": "100078758336143",
            "count": 0
        },
        {
            "id": "61553286947176",
            "count": 0
        },
        {
            "id": "100033742142284",
            "count": 0
        },
        {
            "id": "100069554461385",
            "count": 2
        },
        {
            "id": "61554835708572",
            "count": 0
        },
        {
            "id": "100077687072373",
            "count": 0
        },
        {
            "id": "61550882661933",
            "count": 0
        },
        {
            "id": "100085088395095",
            "count": 5
        },
        {
            "id": "61555007011944",
            "count": 0
        },
        {
            "id": "61554496002191",
            "count": 75
        },
        {
            "id": "100064622298086",
            "count": 0
        },
        {
            "id": "61554932013755",
            "count": 0
        },
        {
            "id": "100046642711399",
            "count": 4
        },
        {
            "id": "61555178210795",
            "count": 0
        },
        {
            "id": "100095113374150",
            "count": 0
        },
        {
            "id": "61554440047759",
            "count": 0
        },
        {
            "id": "100080280055413",
            "count": 0
        },
        {
            "id": "515708063",
            "count": 0
        },
        {
            "id": "61553388260674",
            "count": 0
        },
        {
            "id": "100093063091825",
            "count": 0
        },
        {
            "id": "100002110191281",
            "count": 0
        },
        {
            "id": "61552720043999",
            "count": 0
        },
        {
            "id": "100043044991011",
            "count": 0
        },
        {
            "id": "61554971318055",
            "count": 0
        },
        {
            "id": "61555195310105",
            "count": 0
        },
        {
            "id": "100092349910766",
            "count": 0
        },
        {
            "id": "61552500791337",
            "count": 14
        },
        {
            "id": "100004131041279",
            "count": 0
        },
        {
            "id": "61555420281060",
            "count": 0
        },
        {
            "id": "100086853340623",
            "count": 5
        },
        {
            "id": "100093483349850",
            "count": 4
        },
        {
            "id": "61551489817933",
            "count": 0
        },
        {
            "id": "1290157550",
            "count": 0
        },
        {
            "id": "100002323834540",
            "count": 1
        },
        {
            "id": "61550197623894",
            "count": 0
        },
        {
            "id": "100054676863094",
            "count": 0
        },
        {
            "id": "100077373693529",
            "count": 2
        },
        {
            "id": "61555399164405",
            "count": 0
        },
        {
            "id": "100083329715113",
            "count": 3
        },
        {
            "id": "100047107785229",
            "count": 0
        },
        {
            "id": "61555367366255",
            "count": 8
        },
        {
            "id": "61555398591020",
            "count": 0
        },
        {
            "id": "61554777223291",
            "count": 0
        },
        {
            "id": "61555361965194",
            "count": 0
        },
        {
            "id": "100030236827904",
            "count": 3
        },
        {
            "id": "100002140520960",
            "count": 1
        },
        {
            "id": "100079557714787",
            "count": 0
        },
        {
            "id": "100004901017789",
            "count": 0
        },
        {
            "id": "100063804937178",
            "count": 5
        },
        {
            "id": "61555386867277",
            "count": 0
        },
        {
            "id": "100029600541929",
            "count": 0
        },
        {
            "id": "100005163249714",
            "count": 0
        },
        {
            "id": "61554955754942",
            "count": 0
        },
        {
            "id": "100080123985952",
            "count": 0
        },
        {
            "id": "61551810098837",
            "count": 0
        },
        {
            "id": "61555015060828",
            "count": 1
        },
        {
            "id": "100041183227239",
            "count": 8
        },
        {
            "id": "61554386532502",
            "count": 0
        },
        {
            "id": "100079827743922",
            "count": 40
        },
        {
            "id": "61555413650695",
            "count": 0
        },
        {
            "id": "61555165646390",
            "count": 0
        },
        {
            "id": "100047157346580",
            "count": 46
        },
        {
            "id": "100000661752086",
            "count": 0
        },
        {
            "id": "100000133939063",
            "count": 4
        },
        {
            "id": "100078158287529",
            "count": 57
        },
        {
            "id": "61552135831320",
            "count": 0
        },
        {
            "id": "100089822744506",
            "count": 0
        },
        {
            "id": "100060686425949",
            "count": 13
        },
        {
            "id": "61554975665945",
            "count": 91
        },
        {
            "id": "61555247557965",
            "count": 64
        },
        {
            "id": "100091976951313",
            "count": 26
        },
        {
            "id": "61555675192741",
            "count": 0
        },
        {
            "id": "100080339657728",
            "count": 14
        },
        {
            "id": "100092157694008",
            "count": 0
        },
        {
            "id": "100040461800609",
            "count": 0
        },
        {
            "id": "100060348680482",
            "count": 0
        },
        {
            "id": "100001754225811",
            "count": 0
        },
        {
            "id": "61554102537426",
            "count": 0
        },
        {
            "id": "100091355018034",
            "count": 0
        },
        {
            "id": "100037465932663",
            "count": 0
        },
        {
            "id": "100055651601104",
            "count": 0
        },
        {
            "id": "61554778784654",
            "count": 0
        },
        {
            "id": "61555131513718",
            "count": 0
        },
        {
            "id": "100040761302134",
            "count": 0
        },
        {
            "id": "100014811933322",
            "count": 0
        },
        {
            "id": "61555318423709",
            "count": 4
        },
        {
            "id": "557378754",
            "count": 0
        }
    ],
    "time": 2,
    "last": {
        "time": 2,
        "day": [
            {
                "id": "100056565229471",
                "count": 0
            },
            {
                "id": "100018374996457",
                "count": 0
            },
            {
                "id": "100040761302134",
                "count": 0
            },
            {
                "id": "100026439672665",
                "count": 0
            },
            {
                "id": "1177560038",
                "count": 0
            },
            {
                "id": "100088226658631",
                "count": 0
            },
            {
                "id": "100069757809743",
                "count": 0
            },
            {
                "id": "100001577972706",
                "count": 0
            },
            {
                "id": "100088286371303",
                "count": 0
            },
            {
                "id": "100073137742165",
                "count": 0
            },
            {
                "id": "100075493308135",
                "count": 0
            },
            {
                "id": "61553753473063",
                "count": 0
            },
            {
                "id": "100074142183168",
                "count": 0
            },
            {
                "id": "100004458484369",
                "count": 0
            },
            {
                "id": "100060348680482",
                "count": 0
            },
            {
                "id": "593577006",
                "count": 0
            },
            {
                "id": "100022869127293",
                "count": 0
            },
            {
                "id": "100042575622073",
                "count": 0
            },
            {
                "id": "100030860482751",
                "count": 0
            },
            {
                "id": "100075940538217",
                "count": 0
            },
            {
                "id": "100080048156739",
                "count": 0
            },
            {
                "id": "100060410386561",
                "count": 0
            },
            {
                "id": "100016495471276",
                "count": 0
            },
            {
                "id": "100093361944504",
                "count": 0
            },
            {
                "id": "100001774073492",
                "count": 0
            },
            {
                "id": "100051049144814",
                "count": 0
            },
            {
                "id": "100020908143321",
                "count": 0
            },
            {
                "id": "100004338075138",
                "count": 0
            },
            {
                "id": "100037211391552",
                "count": 0
            },
            {
                "id": "100040461800609",
                "count": 0
            },
            {
                "id": "100057034503173",
                "count": 0
            },
            {
                "id": "100049445896342",
                "count": 0
            },
            {
                "id": "100044796200261",
                "count": 0
            },
            {
                "id": "100001147668739",
                "count": 0
            },
            {
                "id": "100055651601104",
                "count": 0
            },
            {
                "id": "100077028191053",
                "count": 0
            },
            {
                "id": "100070650815518",
                "count": 0
            },
            {
                "id": "100092744481406",
                "count": 0
            },
            {
                "id": "100001819685971",
                "count": 0
            },
            {
                "id": "61554102537426",
                "count": 0
            },
            {
                "id": "61552385074044",
                "count": 0
            },
            {
                "id": "100022394760835",
                "count": 0
            },
            {
                "id": "593146350",
                "count": 0
            },
            {
                "id": "100092157694008",
                "count": 0
            },
            {
                "id": "512037995",
                "count": 0
            },
            {
                "id": "100053800224181",
                "count": 0
            },
            {
                "id": "100082341605370",
                "count": 0
            },
            {
                "id": "100077980504363",
                "count": 0
            },
            {
                "id": "61553514025990",
                "count": 0
            },
            {
                "id": "100080393358414",
                "count": 0
            },
            {
                "id": "61553232495517",
                "count": 0
            },
            {
                "id": "61553716654744",
                "count": 0
            },
            {
                "id": "100082055229744",
                "count": 0
            },
            {
                "id": "61553353496743",
                "count": 0
            },
            {
                "id": "100072993967037",
                "count": 0
            },
            {
                "id": "61552157895988",
                "count": 0
            },
            {
                "id": "100014811933322",
                "count": 0
            },
            {
                "id": "100050068740641",
                "count": 0
            },
            {
                "id": "648220322",
                "count": 0
            },
            {
                "id": "100037465932663",
                "count": 0
            },
            {
                "id": "61550043721647",
                "count": 0
            },
            {
                "id": "100091175415529",
                "count": 0
            },
            {
                "id": "100000479251084",
                "count": 0
            },
            {
                "id": "100017009624624",
                "count": 0
            },
            {
                "id": "100081797352234",
                "count": 0
            },
            {
                "id": "100055524725064",
                "count": 0
            },
            {
                "id": "100000542968113",
                "count": 0
            },
            {
                "id": "100038678414010",
                "count": 0
            },
            {
                "id": "100028548344383",
                "count": 0
            },
            {
                "id": "61551315316500",
                "count": 0
            },
            {
                "id": "100088737923043",
                "count": 0
            },
            {
                "id": "100002110548413",
                "count": 0
            },
            {
                "id": "61550002118741",
                "count": 0
            },
            {
                "id": "100074293234284",
                "count": 0
            },
            {
                "id": "100041600164073",
                "count": 0
            },
            {
                "id": "80504840",
                "count": 0
            },
            {
                "id": "688718094",
                "count": 0
            },
            {
                "id": "100068672101423",
                "count": 0
            },
            {
                "id": "61553670189094",
                "count": 0
            },
            {
                "id": "100015708247902",
                "count": 0
            },
            {
                "id": "100091864710801",
                "count": 0
            },
            {
                "id": "100078666115503",
                "count": 0
            },
            {
                "id": "100009820695732",
                "count": 0
            },
            {
                "id": "100054228346866",
                "count": 0
            },
            {
                "id": "61554188341505",
                "count": 0
            },
            {
                "id": "100050671301677",
                "count": 0
            },
            {
                "id": "100086935617299",
                "count": 0
            },
            {
                "id": "61554125355399",
                "count": 0
            },
            {
                "id": "100036118812618",
                "count": 0
            },
            {
                "id": "100091655080075",
                "count": 0
            },
            {
                "id": "100090458979503",
                "count": 0
            },
            {
                "id": "725146957",
                "count": 0
            },
            {
                "id": "100078168302063",
                "count": 0
            },
            {
                "id": "61550126549146",
                "count": 0
            },
            {
                "id": "100088911409432",
                "count": 0
            },
            {
                "id": "100018663901688",
                "count": 0
            },
            {
                "id": "100074087967849",
                "count": 0
            },
            {
                "id": "100046376018530",
                "count": 0
            },
            {
                "id": "100009601162952",
                "count": 0
            },
            {
                "id": "100088232052181",
                "count": 0
            },
            {
                "id": "61553840323997",
                "count": 0
            },
            {
                "id": "100092485396437",
                "count": 0
            },
            {
                "id": "100046175535164",
                "count": 0
            },
            {
                "id": "100078758336143",
                "count": 0
            },
            {
                "id": "61553286947176",
                "count": 0
            },
            {
                "id": "100033742142284",
                "count": 0
            },
            {
                "id": "100091355018034",
                "count": 0
            },
            {
                "id": "1561061922",
                "count": 0
            },
            {
                "id": "100069554461385",
                "count": 0
            },
            {
                "id": "61554835708572",
                "count": 0
            },
            {
                "id": "100077687072373",
                "count": 0
            },
            {
                "id": "61550882661933",
                "count": 0
            },
            {
                "id": "100085088395095",
                "count": 0
            },
            {
                "id": "61555007011944",
                "count": 0
            },
            {
                "id": "61554496002191",
                "count": 0
            },
            {
                "id": "61551511416826",
                "count": 0
            },
            {
                "id": "100064622298086",
                "count": 0
            },
            {
                "id": "61554932013755",
                "count": 0
            },
            {
                "id": "100046642711399",
                "count": 0
            },
            {
                "id": "61555178210795",
                "count": 0
            },
            {
                "id": "100095113374150",
                "count": 0
            },
            {
                "id": "61554440047759",
                "count": 0
            },
            {
                "id": "100080280055413",
                "count": 0
            },
            {
                "id": "515708063",
                "count": 0
            },
            {
                "id": "61553388260674",
                "count": 0
            },
            {
                "id": "100093063091825",
                "count": 0
            },
            {
                "id": "100002110191281",
                "count": 0
            },
            {
                "id": "61552720043999",
                "count": 0
            },
            {
                "id": "100043044991011",
                "count": 0
            },
            {
                "id": "61554971318055",
                "count": 0
            },
            {
                "id": "61555195310105",
                "count": 0
            },
            {
                "id": "100092349910766",
                "count": 0
            },
            {
                "id": "61552500791337",
                "count": 0
            },
            {
                "id": "100081730332704",
                "count": 0
            },
            {
                "id": "100004131041279",
                "count": 0
            },
            {
                "id": "61555420281060",
                "count": 0
            },
            {
                "id": "100086853340623",
                "count": 0
            },
            {
                "id": "100093483349850",
                "count": 0
            },
            {
                "id": "61551489817933",
                "count": 0
            },
            {
                "id": "1290157550",
                "count": 0
            },
            {
                "id": "100002323834540",
                "count": 0
            },
            {
                "id": "61550197623894",
                "count": 0
            },
            {
                "id": "100054676863094",
                "count": 0
            },
            {
                "id": "100077373693529",
                "count": 0
            },
            {
                "id": "61555399164405",
                "count": 0
            },
            {
                "id": "100083329715113",
                "count": 0
            },
            {
                "id": "100047107785229",
                "count": 0
            },
            {
                "id": "61555367366255",
                "count": 0
            },
            {
                "id": "100093082543154",
                "count": 0
            },
            {
                "id": "61555398591020",
                "count": 0
            },
            {
                "id": "61554777223291",
                "count": 0
            },
            {
                "id": "61555361965194",
                "count": 0
            },
            {
                "id": "100030236827904",
                "count": 0
            },
            {
                "id": "100002140520960",
                "count": 0
            },
            {
                "id": "100079557714787",
                "count": 0
            },
            {
                "id": "100004901017789",
                "count": 0
            },
            {
                "id": "100063804937178",
                "count": 0
            },
            {
                "id": "61555386867277",
                "count": 0
            },
            {
                "id": "100029600541929",
                "count": 0
            },
            {
                "id": "100005163249714",
                "count": 0
            },
            {
                "id": "61554955754942",
                "count": 0
            },
            {
                "id": "100080123985952",
                "count": 0
            },
            {
                "id": "61551810098837",
                "count": 0
            },
            {
                "id": "100056385116028",
                "count": 0
            },
            {
                "id": "61555015060828",
                "count": 0
            },
            {
                "id": "100041183227239",
                "count": 0
            },
            {
                "id": "61554386532502",
                "count": 0
            },
            {
                "id": "100079827743922",
                "count": 0
            },
            {
                "id": "61555413650695",
                "count": 0
            },
            {
                "id": "61555165646390",
                "count": 0
            },
            {
                "id": "100047157346580",
                "count": 0
            },
            {
                "id": "100000661752086",
                "count": 0
            },
            {
                "id": "557378754",
                "count": 0
            },
            {
                "id": "100000133939063",
                "count": 0
            },
            {
                "id": "100078158287529",
                "count": 0
            },
            {
                "id": "61552135831320",
                "count": 0
            },
            {
                "id": "100089822744506",
                "count": 0
            },
            {
                "id": "100060686425949",
                "count": 0
            },
            {
                "id": "100001373345378",
                "count": 0
            },
            {
                "id": "61555131513718",
                "count": 0
            },
            {
                "id": "61554975665945",
                "count": 0
            },
            {
                "id": "100007900356094",
                "count": 0
            },
            {
                "id": "61555247557965",
                "count": 0
            },
            {
                "id": "100091976951313",
                "count": 0
            },
            {
                "id": "61555675192741",
                "count": 0
            },
            {
                "id": "100080339657728",
                "count": 0
            },
            {
                "id": "100001754225811",
                "count": 0
            },
            {
                "id": "61554778784654",
                "count": 0
            },
            {
                "id": "61555318423709",
                "count": 0
            }
        ],
        "week": [
            {
                "id": "100056565229471",
                "count": 0
            },
            {
                "id": "100018374996457",
                "count": 0
            },
            {
                "id": "100040761302134",
                "count": 0
            },
            {
                "id": "100026439672665",
                "count": 0
            },
            {
                "id": "1177560038",
                "count": 0
            },
            {
                "id": "100088226658631",
                "count": 0
            },
            {
                "id": "100069757809743",
                "count": 0
            },
            {
                "id": "100001577972706",
                "count": 0
            },
            {
                "id": "100088286371303",
                "count": 0
            },
            {
                "id": "100073137742165",
                "count": 0
            },
            {
                "id": "100075493308135",
                "count": 0
            },
            {
                "id": "61553753473063",
                "count": 0
            },
            {
                "id": "100074142183168",
                "count": 0
            },
            {
                "id": "100004458484369",
                "count": 0
            },
            {
                "id": "100060348680482",
                "count": 0
            },
            {
                "id": "593577006",
                "count": 0
            },
            {
                "id": "100022869127293",
                "count": 0
            },
            {
                "id": "100042575622073",
                "count": 0
            },
            {
                "id": "100030860482751",
                "count": 0
            },
            {
                "id": "100075940538217",
                "count": 0
            },
            {
                "id": "100080048156739",
                "count": 0
            },
            {
                "id": "100060410386561",
                "count": 0
            },
            {
                "id": "100016495471276",
                "count": 0
            },
            {
                "id": "100093361944504",
                "count": 0
            },
            {
                "id": "100001774073492",
                "count": 0
            },
            {
                "id": "100051049144814",
                "count": 0
            },
            {
                "id": "100020908143321",
                "count": 0
            },
            {
                "id": "100004338075138",
                "count": 0
            },
            {
                "id": "100037211391552",
                "count": 0
            },
            {
                "id": "100040461800609",
                "count": 0
            },
            {
                "id": "100057034503173",
                "count": 0
            },
            {
                "id": "100049445896342",
                "count": 0
            },
            {
                "id": "100044796200261",
                "count": 0
            },
            {
                "id": "100001147668739",
                "count": 0
            },
            {
                "id": "100055651601104",
                "count": 0
            },
            {
                "id": "100077028191053",
                "count": 0
            },
            {
                "id": "100070650815518",
                "count": 0
            },
            {
                "id": "100092744481406",
                "count": 0
            },
            {
                "id": "100001819685971",
                "count": 0
            },
            {
                "id": "61554102537426",
                "count": 0
            },
            {
                "id": "61552385074044",
                "count": 0
            },
            {
                "id": "100022394760835",
                "count": 0
            },
            {
                "id": "593146350",
                "count": 0
            },
            {
                "id": "100092157694008",
                "count": 0
            },
            {
                "id": "512037995",
                "count": 0
            },
            {
                "id": "100053800224181",
                "count": 0
            },
            {
                "id": "100082341605370",
                "count": 0
            },
            {
                "id": "100077980504363",
                "count": 0
            },
            {
                "id": "61553514025990",
                "count": 0
            },
            {
                "id": "100080393358414",
                "count": 0
            },
            {
                "id": "61553232495517",
                "count": 0
            },
            {
                "id": "61553716654744",
                "count": 0
            },
            {
                "id": "100082055229744",
                "count": 0
            },
            {
                "id": "61553353496743",
                "count": 0
            },
            {
                "id": "100072993967037",
                "count": 0
            },
            {
                "id": "61552157895988",
                "count": 0
            },
            {
                "id": "100014811933322",
                "count": 0
            },
            {
                "id": "100050068740641",
                "count": 0
            },
            {
                "id": "648220322",
                "count": 0
            },
            {
                "id": "100037465932663",
                "count": 0
            },
            {
                "id": "61550043721647",
                "count": 0
            },
            {
                "id": "100091175415529",
                "count": 0
            },
            {
                "id": "100000479251084",
                "count": 0
            },
            {
                "id": "100017009624624",
                "count": 0
            },
            {
                "id": "100081797352234",
                "count": 0
            },
            {
                "id": "100055524725064",
                "count": 0
            },
            {
                "id": "100000542968113",
                "count": 0
            },
            {
                "id": "100038678414010",
                "count": 0
            },
            {
                "id": "100028548344383",
                "count": 0
            },
            {
                "id": "61551315316500",
                "count": 0
            },
            {
                "id": "100088737923043",
                "count": 0
            },
            {
                "id": "100002110548413",
                "count": 0
            },
            {
                "id": "61550002118741",
                "count": 0
            },
            {
                "id": "100074293234284",
                "count": 0
            },
            {
                "id": "100041600164073",
                "count": 0
            },
            {
                "id": "80504840",
                "count": 0
            },
            {
                "id": "688718094",
                "count": 0
            },
            {
                "id": "100068672101423",
                "count": 0
            },
            {
                "id": "61553670189094",
                "count": 0
            },
            {
                "id": "100015708247902",
                "count": 0
            },
            {
                "id": "100091864710801",
                "count": 0
            },
            {
                "id": "100078666115503",
                "count": 0
            },
            {
                "id": "100009820695732",
                "count": 0
            },
            {
                "id": "100054228346866",
                "count": 0
            },
            {
                "id": "61554188341505",
                "count": 0
            },
            {
                "id": "100050671301677",
                "count": 0
            },
            {
                "id": "100086935617299",
                "count": 0
            },
            {
                "id": "61554125355399",
                "count": 0
            },
            {
                "id": "100036118812618",
                "count": 0
            },
            {
                "id": "100091655080075",
                "count": 0
            },
            {
                "id": "100090458979503",
                "count": 0
            },
            {
                "id": "725146957",
                "count": 0
            },
            {
                "id": "100078168302063",
                "count": 0
            },
            {
                "id": "61550126549146",
                "count": 0
            },
            {
                "id": "100088911409432",
                "count": 0
            },
            {
                "id": "100018663901688",
                "count": 0
            },
            {
                "id": "100074087967849",
                "count": 0
            },
            {
                "id": "100046376018530",
                "count": 0
            },
            {
                "id": "100009601162952",
                "count": 0
            },
            {
                "id": "100088232052181",
                "count": 0
            },
            {
                "id": "61553840323997",
                "count": 0
            },
            {
                "id": "100092485396437",
                "count": 0
            },
            {
                "id": "100046175535164",
                "count": 0
            },
            {
                "id": "100078758336143",
                "count": 0
            },
            {
                "id": "61553286947176",
                "count": 0
            },
            {
                "id": "100033742142284",
                "count": 0
            },
            {
                "id": "100091355018034",
                "count": 0
            },
            {
                "id": "1561061922",
                "count": 0
            },
            {
                "id": "100069554461385",
                "count": 0
            },
            {
                "id": "61554835708572",
                "count": 0
            },
            {
                "id": "100077687072373",
                "count": 0
            },
            {
                "id": "61550882661933",
                "count": 0
            },
            {
                "id": "100085088395095",
                "count": 0
            },
            {
                "id": "61555007011944",
                "count": 0
            },
            {
                "id": "61554496002191",
                "count": 0
            },
            {
                "id": "61551511416826",
                "count": 0
            },
            {
                "id": "100064622298086",
                "count": 0
            },
            {
                "id": "61554932013755",
                "count": 0
            },
            {
                "id": "100046642711399",
                "count": 0
            },
            {
                "id": "61555178210795",
                "count": 0
            },
            {
                "id": "100095113374150",
                "count": 0
            },
            {
                "id": "61554440047759",
                "count": 0
            },
            {
                "id": "100080280055413",
                "count": 0
            },
            {
                "id": "515708063",
                "count": 0
            },
            {
                "id": "61553388260674",
                "count": 0
            },
            {
                "id": "100093063091825",
                "count": 0
            },
            {
                "id": "100002110191281",
                "count": 0
            },
            {
                "id": "61552720043999",
                "count": 0
            },
            {
                "id": "100043044991011",
                "count": 0
            },
            {
                "id": "61554971318055",
                "count": 0
            },
            {
                "id": "61555195310105",
                "count": 0
            },
            {
                "id": "100092349910766",
                "count": 0
            },
            {
                "id": "61552500791337",
                "count": 0
            },
            {
                "id": "100081730332704",
                "count": 0
            },
            {
                "id": "100004131041279",
                "count": 0
            },
            {
                "id": "61555420281060",
                "count": 0
            },
            {
                "id": "100086853340623",
                "count": 0
            },
            {
                "id": "100093483349850",
                "count": 0
            },
            {
                "id": "61551489817933",
                "count": 0
            },
            {
                "id": "1290157550",
                "count": 0
            },
            {
                "id": "100002323834540",
                "count": 0
            },
            {
                "id": "61550197623894",
                "count": 0
            },
            {
                "id": "100054676863094",
                "count": 0
            },
            {
                "id": "100077373693529",
                "count": 0
            },
            {
                "id": "61555399164405",
                "count": 0
            },
            {
                "id": "100083329715113",
                "count": 0
            },
            {
                "id": "100047107785229",
                "count": 0
            },
            {
                "id": "61555367366255",
                "count": 0
            },
            {
                "id": "100093082543154",
                "count": 0
            },
            {
                "id": "61555398591020",
                "count": 0
            },
            {
                "id": "61554777223291",
                "count": 0
            },
            {
                "id": "61555361965194",
                "count": 0
            },
            {
                "id": "100030236827904",
                "count": 0
            },
            {
                "id": "100002140520960",
                "count": 0
            },
            {
                "id": "100079557714787",
                "count": 0
            },
            {
                "id": "100004901017789",
                "count": 0
            },
            {
                "id": "100063804937178",
                "count": 0
            },
            {
                "id": "61555386867277",
                "count": 0
            },
            {
                "id": "100029600541929",
                "count": 0
            },
            {
                "id": "100005163249714",
                "count": 0
            },
            {
                "id": "61554955754942",
                "count": 0
            },
            {
                "id": "100080123985952",
                "count": 0
            },
            {
                "id": "61551810098837",
                "count": 0
            },
            {
                "id": "100056385116028",
                "count": 0
            },
            {
                "id": "61555015060828",
                "count": 0
            },
            {
                "id": "100041183227239",
                "count": 0
            },
            {
                "id": "61554386532502",
                "count": 0
            },
            {
                "id": "100079827743922",
                "count": 0
            },
            {
                "id": "61555413650695",
                "count": 0
            },
            {
                "id": "61555165646390",
                "count": 0
            },
            {
                "id": "100047157346580",
                "count": 0
            },
            {
                "id": "100000661752086",
                "count": 0
            },
            {
                "id": "557378754",
                "count": 0
            },
            {
                "id": "100000133939063",
                "count": 0
            },
            {
                "id": "100078158287529",
                "count": 0
            },
            {
                "id": "61552135831320",
                "count": 0
            },
            {
                "id": "100089822744506",
                "count": 0
            },
            {
                "id": "100060686425949",
                "count": 0
            },
            {
                "id": "100001373345378",
                "count": 0
            },
            {
                "id": "61555131513718",
                "count": 0
            },
            {
                "id": "61554975665945",
                "count": 0
            },
            {
                "id": "100007900356094",
                "count": 0
            },
            {
                "id": "61555247557965",
                "count": 0
            },
            {
                "id": "100091976951313",
                "count": 0
            },
            {
                "id": "61555675192741",
                "count": 0
            },
            {
                "id": "100080339657728",
                "count": 0
            },
            {
                "id": "100001754225811",
                "count": 0
            },
            {
                "id": "61554778784654",
                "count": 0
            },
            {
                "id": "61555318423709",
                "count": 0
            }
        ]
    }
}