{
    "total": [
        {
            "id": "100010248397060",
            "count": 1
        },
        {
            "id": "61554533647809",
            "count": 1
        },
        {
            "id": "100077980504363",
            "count": 52
        },
        {
            "id": "100088306689977",
            "count": 8
        },
        {
            "id": "100059454822702",
            "count": 26
        },
        {
            "id": "100090168070553",
            "count": 1
        },
        {
            "id": "100000745531418",
            "count": 1
        },
        {
            "id": "100090511285969",
            "count": 0
        },
        {
            "id": "100093581226709",
            "count": 0
        },
        {
            "id": "61556540185981",
            "count": 0
        },
        {
            "id": "100088286371303",
            "count": 0
        },
        {
            "id": "100091627916764",
            "count": 0
        },
        {
            "id": "100074007695250",
            "count": 0
        },
        {
            "id": "61556258041932",
            "count": 0
        },
        {
            "id": "100067508386723",
            "count": 0
        },
        {
            "id": "100029378752728",
            "count": 0
        }
    ],
    "week": [
        {
            "id": "100010248397060",
            "count": 1
        },
        {
            "id": "61554533647809",
            "count": 1
        },
        {
            "id": "100077980504363",
            "count": 52
        },
        {
            "id": "100088306689977",
            "count": 8
        },
        {
            "id": "100059454822702",
            "count": 26
        },
        {
            "id": "100090168070553",
            "count": 1
        },
        {
            "id": "100000745531418",
            "count": 1
        },
        {
            "id": "100090511285969",
            "count": 0
        },
        {
            "id": "100093581226709",
            "count": 0
        },
        {
            "id": "61556540185981",
            "count": 0
        },
        {
            "id": "100088286371303",
            "count": 0
        },
        {
            "id": "100091627916764",
            "count": 0
        },
        {
            "id": "100074007695250",
            "count": 0
        },
        {
            "id": "61556258041932",
            "count": 0
        },
        {
            "id": "100067508386723",
            "count": 0
        },
        {
            "id": "100029378752728",
            "count": 0
        }
    ],
    "day": [
        {
            "id": "100010248397060",
            "count": 1
        },
        {
            "id": "61554533647809",
            "count": 1
        },
        {
            "id": "100077980504363",
            "count": 52
        },
        {
            "id": "100088306689977",
            "count": 8
        },
        {
            "id": "100059454822702",
            "count": 26
        },
        {
            "id": "100090168070553",
            "count": 1
        },
        {
            "id": "100000745531418",
            "count": 1
        },
        {
            "id": "100090511285969",
            "count": 0
        },
        {
            "id": "100093581226709",
            "count": 0
        },
        {
            "id": "61556540185981",
            "count": 0
        },
        {
            "id": "100088286371303",
            "count": 0
        },
        {
            "id": "100091627916764",
            "count": 0
        },
        {
            "id": "100074007695250",
            "count": 0
        },
        {
            "id": "61556258041932",
            "count": 0
        },
        {
            "id": "100067508386723",
            "count": 0
        },
        {
            "id": "100029378752728",
            "count": 0
        }
    ],
    "time": 2,
    "last": {
        "time": 3,
        "day": [
            {
                "id": "100051451965796",
                "count": 0
            },
            {
                "id": "100090511285969",
                "count": 0
            },
            {
                "id": "100074224563535",
                "count": 0
            },
            {
                "id": "100093581226709",
                "count": 0
            },
            {
                "id": "61556540185981",
                "count": 0
            },
            {
                "id": "100092744481406",
                "count": 0
            },
            {
                "id": "100090168070553",
                "count": 0
            },
            {
                "id": "100088286371303",
                "count": 0
            },
            {
                "id": "100091627916764",
                "count": 0
            },
            {
                "id": "100000745531418",
                "count": 0
            },
            {
                "id": "100074007695250",
                "count": 0
            },
            {
                "id": "61554533647809",
                "count": 0
            },
            {
                "id": "61556258041932",
                "count": 0
            },
            {
                "id": "100059454822702",
                "count": 0
            },
            {
                "id": "100027187763993",
                "count": 0
            },
            {
                "id": "100067508386723",
                "count": 0
            },
            {
                "id": "100088306689977",
                "count": 0
            },
            {
                "id": "100010248397060",
                "count": 0
            },
            {
                "id": "100077980504363",
                "count": 0
            },
            {
                "id": "61555895836903",
                "count": 0
            },
            {
                "id": "100029378752728",
                "count": 0
            }
        ],
        "week": [
            {
                "id": "100051451965796",
                "count": 0
            },
            {
                "id": "100090511285969",
                "count": 0
            },
            {
                "id": "100074224563535",
                "count": 0
            },
            {
                "id": "100093581226709",
                "count": 0
            },
            {
                "id": "61556540185981",
                "count": 0
            },
            {
                "id": "100092744481406",
                "count": 0
            },
            {
                "id": "100090168070553",
                "count": 0
            },
            {
                "id": "100088286371303",
                "count": 0
            },
            {
                "id": "100091627916764",
                "count": 0
            },
            {
                "id": "100000745531418",
                "count": 0
            },
            {
                "id": "100074007695250",
                "count": 0
            },
            {
                "id": "61554533647809",
                "count": 0
            },
            {
                "id": "61556258041932",
                "count": 0
            },
            {
                "id": "100059454822702",
                "count": 0
            },
            {
                "id": "100027187763993",
                "count": 0
            },
            {
                "id": "100067508386723",
                "count": 0
            },
            {
                "id": "100088306689977",
                "count": 0
            },
            {
                "id": "100010248397060",
                "count": 0
            },
            {
                "id": "100077980504363",
                "count": 0
            },
            {
                "id": "61555895836903",
                "count": 0
            },
            {
                "id": "100029378752728",
                "count": 0
            }
        ]
    }
}