{
    "total": [
        {
            "id": "61550037082227",
            "count": 0
        },
        {
            "id": "100093581300531",
            "count": 0
        },
        {
            "id": "100022653450378",
            "count": 0
        },
        {
            "id": "100072180236134",
            "count": 0
        },
        {
            "id": "100006195543459",
            "count": 0
        },
        {
            "id": "100095290150085",
            "count": 0
        },
        {
            "id": "100056927749389",
            "count": 0
        },
        {
            "id": "100041487833040",
            "count": 0
        },
        {
            "id": "100049442797056",
            "count": 0
        },
        {
            "id": "61553166988834",
            "count": 0
        },
        {
            "id": "100041083759097",
            "count": 0
        },
        {
            "id": "100081074084324",
            "count": 0
        },
        {
            "id": "100006274510474",
            "count": 0
        },
        {
            "id": "100050450796007",
            "count": 0
        },
        {
            "id": "100071880593545",
            "count": 0
        },
        {
            "id": "100092377898995",
            "count": 0
        },
        {
            "id": "100001909776644",
            "count": 0
        },
        {
            "id": "100082247235177",
            "count": 0
        },
        {
            "id": "100047481257472",
            "count": 0
        },
        {
            "id": "100055592632190",
            "count": 0
        },
        {
            "id": "100080195076753",
            "count": 0
        },
        {
            "id": "100063274929355",
            "count": 0
        },
        {
            "id": "100084713389776",
            "count": 0
        },
        {
            "id": "100073291639820",
            "count": 0
        },
        {
            "id": "100006808637969",
            "count": 0
        },
        {
            "id": "100005954550355",
            "count": 0
        },
        {
            "id": "61555273376453",
            "count": 0
        },
        {
            "id": "61553745751187",
            "count": 0
        },
        {
            "id": "100000581558733",
            "count": 0
        },
        {
            "id": "100090460245018",
            "count": 0
        },
        {
            "id": "100071825551845",
            "count": 0
        },
        {
            "id": "100074221683696",
            "count": 0
        },
        {
            "id": "100051705516865",
            "count": 0
        },
        {
            "id": "100093601097821",
            "count": 0
        },
        {
            "id": "100092463641830",
            "count": 0
        },
        {
            "id": "100086747072197",
            "count": 0
        },
        {
            "id": "100087140087994",
            "count": 0
        },
        {
            "id": "593577006",
            "count": 0
        },
        {
            "id": "100089335839120",
            "count": 0
        },
        {
            "id": "100039655626737",
            "count": 0
        },
        {
            "id": "100060340563670",
            "count": 0
        },
        {
            "id": "100055922806682",
            "count": 0
        },
        {
            "id": "100086034079238",
            "count": 0
        },
        {
            "id": "100023544711106",
            "count": 0
        },
        {
            "id": "100041532814544",
            "count": 1
        },
        {
            "id": "100029722602303",
            "count": 0
        },
        {
            "id": "100080328249802",
            "count": 0
        },
        {
            "id": "100010335499038",
            "count": 0
        },
        {
            "id": "100069748090053",
            "count": 0
        },
        {
            "id": "100003406765872",
            "count": 0
        },
        {
            "id": "100077980504363",
            "count": 2
        },
        {
            "id": "100008698744166",
            "count": 0
        },
        {
            "id": "61552325675338",
            "count": 1
        },
        {
            "id": "100089495797706",
            "count": 0
        },
        {
            "id": "100065063115683",
            "count": 0
        },
        {
            "id": "100071575183469",
            "count": 0
        },
        {
            "id": "61552528605499",
            "count": 0
        },
        {
            "id": "100091798445418",
            "count": 0
        },
        {
            "id": "61555045637875",
            "count": 0
        },
        {
            "id": "61553986426290",
            "count": 0
        },
        {
            "id": "100083670401783",
            "count": 0
        },
        {
            "id": "100015524284219",
            "count": 0
        },
        {
            "id": "100076269693499",
            "count": 0
        },
        {
            "id": "100010375871562",
            "count": 0
        },
        {
            "id": "100001652922374",
            "count": 0
        },
        {
            "id": "100067912153258",
            "count": 0
        },
        {
            "id": "100008578069233",
            "count": 0
        },
        {
            "id": "100010017465525",
            "count": 0
        },
        {
            "id": "100029520645001",
            "count": 0
        },
        {
            "id": "100051522635038",
            "count": 0
        },
        {
            "id": "61554864811597",
            "count": 0
        },
        {
            "id": "100010029917951",
            "count": 0
        },
        {
            "id": "100042687823036",
            "count": 0
        },
        {
            "id": "100074520602356",
            "count": 0
        },
        {
            "id": "100029000060433",
            "count": 0
        },
        {
            "id": "100026096952865",
            "count": 0
        },
        {
            "id": "527284309",
            "count": 0
        },
        {
            "id": "100073100306986",
            "count": 0
        },
        {
            "id": "100063689841835",
            "count": 0
        },
        {
            "id": "100085947075503",
            "count": 0
        },
        {
            "id": "61552492708688",
            "count": 0
        },
        {
            "id": "100061200117315",
            "count": 0
        },
        {
            "id": "100033208838863",
            "count": 0
        },
        {
            "id": "100039963912352",
            "count": 0
        },
        {
            "id": "100044530383890",
            "count": 0
        },
        {
            "id": "100053549552408",
            "count": 0
        },
        {
            "id": "100052815040705",
            "count": 0
        },
        {
            "id": "100056791542702",
            "count": 0
        },
        {
            "id": "100091338002191",
            "count": 0
        },
        {
            "id": "100080128164058",
            "count": 0
        },
        {
            "id": "100035767660990",
            "count": 0
        },
        {
            "id": "100094046653809",
            "count": 0
        },
        {
            "id": "61555587786047",
            "count": 0
        },
        {
            "id": "100092754290822",
            "count": 0
        },
        {
            "id": "100078988442610",
            "count": 0
        },
        {
            "id": "61555388953012",
            "count": 0
        },
        {
            "id": "100089118994023",
            "count": 0
        },
        {
            "id": "100077513002567",
            "count": 0
        },
        {
            "id": "100000658715341",
            "count": 0
        },
        {
            "id": "61555603836119",
            "count": 0
        },
        {
            "id": "61551997800865",
            "count": 0
        },
        {
            "id": "100070766566678",
            "count": 0
        },
        {
            "id": "100091893014482",
            "count": 0
        },
        {
            "id": "100066552602287",
            "count": 0
        },
        {
            "id": "100056838862225",
            "count": 0
        },
        {
            "id": "100053648190277",
            "count": 0
        },
        {
            "id": "100082667356129",
            "count": 0
        },
        {
            "id": "100082843170172",
            "count": 1
        },
        {
            "id": "61555428761173",
            "count": 0
        },
        {
            "id": "61551115508535",
            "count": 0
        },
        {
            "id": "100059341830588",
            "count": 0
        },
        {
            "id": "100087709722304",
            "count": 0
        },
        {
            "id": "61554245590654",
            "count": 0
        },
        {
            "id": "100029693740560",
            "count": 0
        },
        {
            "id": "61555727009752",
            "count": 0
        },
        {
            "id": "61552569996624",
            "count": 0
        },
        {
            "id": "100045188618507",
            "count": 0
        },
        {
            "id": "100088085177610",
            "count": 0
        },
        {
            "id": "100003482330759",
            "count": 1
        },
        {
            "id": "100025646925091",
            "count": 0
        },
        {
            "id": "100092010460002",
            "count": 0
        },
        {
            "id": "61553348980256",
            "count": 2
        }
    ],
    "week": [
        {
            "id": "61550037082227",
            "count": 0
        },
        {
            "id": "100093581300531",
            "count": 0
        },
        {
            "id": "100022653450378",
            "count": 0
        },
        {
            "id": "100072180236134",
            "count": 0
        },
        {
            "id": "100006195543459",
            "count": 0
        },
        {
            "id": "100095290150085",
            "count": 0
        },
        {
            "id": "100056927749389",
            "count": 0
        },
        {
            "id": "100041487833040",
            "count": 0
        },
        {
            "id": "100049442797056",
            "count": 0
        },
        {
            "id": "61553166988834",
            "count": 0
        },
        {
            "id": "100041083759097",
            "count": 0
        },
        {
            "id": "100081074084324",
            "count": 0
        },
        {
            "id": "100006274510474",
            "count": 0
        },
        {
            "id": "100050450796007",
            "count": 0
        },
        {
            "id": "100071880593545",
            "count": 0
        },
        {
            "id": "100092377898995",
            "count": 0
        },
        {
            "id": "100001909776644",
            "count": 0
        },
        {
            "id": "100082247235177",
            "count": 0
        },
        {
            "id": "100047481257472",
            "count": 0
        },
        {
            "id": "100055592632190",
            "count": 0
        },
        {
            "id": "100080195076753",
            "count": 0
        },
        {
            "id": "100063274929355",
            "count": 0
        },
        {
            "id": "100084713389776",
            "count": 0
        },
        {
            "id": "100073291639820",
            "count": 0
        },
        {
            "id": "100006808637969",
            "count": 0
        },
        {
            "id": "100005954550355",
            "count": 0
        },
        {
            "id": "61555273376453",
            "count": 0
        },
        {
            "id": "61553745751187",
            "count": 0
        },
        {
            "id": "100000581558733",
            "count": 0
        },
        {
            "id": "100090460245018",
            "count": 0
        },
        {
            "id": "100071825551845",
            "count": 0
        },
        {
            "id": "100074221683696",
            "count": 0
        },
        {
            "id": "100051705516865",
            "count": 0
        },
        {
            "id": "100093601097821",
            "count": 0
        },
        {
            "id": "100092463641830",
            "count": 0
        },
        {
            "id": "100086747072197",
            "count": 0
        },
        {
            "id": "100087140087994",
            "count": 0
        },
        {
            "id": "593577006",
            "count": 0
        },
        {
            "id": "100089335839120",
            "count": 0
        },
        {
            "id": "100039655626737",
            "count": 0
        },
        {
            "id": "100060340563670",
            "count": 0
        },
        {
            "id": "100055922806682",
            "count": 0
        },
        {
            "id": "100086034079238",
            "count": 0
        },
        {
            "id": "100023544711106",
            "count": 0
        },
        {
            "id": "100041532814544",
            "count": 1
        },
        {
            "id": "100029722602303",
            "count": 0
        },
        {
            "id": "100080328249802",
            "count": 0
        },
        {
            "id": "100010335499038",
            "count": 0
        },
        {
            "id": "100069748090053",
            "count": 0
        },
        {
            "id": "100003406765872",
            "count": 0
        },
        {
            "id": "100077980504363",
            "count": 2
        },
        {
            "id": "100008698744166",
            "count": 0
        },
        {
            "id": "61552325675338",
            "count": 1
        },
        {
            "id": "100089495797706",
            "count": 0
        },
        {
            "id": "100065063115683",
            "count": 0
        },
        {
            "id": "100071575183469",
            "count": 0
        },
        {
            "id": "61552528605499",
            "count": 0
        },
        {
            "id": "100091798445418",
            "count": 0
        },
        {
            "id": "61555045637875",
            "count": 0
        },
        {
            "id": "61553986426290",
            "count": 0
        },
        {
            "id": "100083670401783",
            "count": 0
        },
        {
            "id": "100015524284219",
            "count": 0
        },
        {
            "id": "100076269693499",
            "count": 0
        },
        {
            "id": "100010375871562",
            "count": 0
        },
        {
            "id": "100001652922374",
            "count": 0
        },
        {
            "id": "100067912153258",
            "count": 0
        },
        {
            "id": "100008578069233",
            "count": 0
        },
        {
            "id": "100010017465525",
            "count": 0
        },
        {
            "id": "100029520645001",
            "count": 0
        },
        {
            "id": "100051522635038",
            "count": 0
        },
        {
            "id": "61554864811597",
            "count": 0
        },
        {
            "id": "100010029917951",
            "count": 0
        },
        {
            "id": "100042687823036",
            "count": 0
        },
        {
            "id": "100074520602356",
            "count": 0
        },
        {
            "id": "100029000060433",
            "count": 0
        },
        {
            "id": "100026096952865",
            "count": 0
        },
        {
            "id": "527284309",
            "count": 0
        },
        {
            "id": "100073100306986",
            "count": 0
        },
        {
            "id": "100063689841835",
            "count": 0
        },
        {
            "id": "100085947075503",
            "count": 0
        },
        {
            "id": "61552492708688",
            "count": 0
        },
        {
            "id": "100061200117315",
            "count": 0
        },
        {
            "id": "100033208838863",
            "count": 0
        },
        {
            "id": "100039963912352",
            "count": 0
        },
        {
            "id": "100044530383890",
            "count": 0
        },
        {
            "id": "100053549552408",
            "count": 0
        },
        {
            "id": "100052815040705",
            "count": 0
        },
        {
            "id": "100056791542702",
            "count": 0
        },
        {
            "id": "100091338002191",
            "count": 0
        },
        {
            "id": "100080128164058",
            "count": 0
        },
        {
            "id": "100035767660990",
            "count": 0
        },
        {
            "id": "100094046653809",
            "count": 0
        },
        {
            "id": "61555587786047",
            "count": 0
        },
        {
            "id": "100092754290822",
            "count": 0
        },
        {
            "id": "100078988442610",
            "count": 0
        },
        {
            "id": "61555388953012",
            "count": 0
        },
        {
            "id": "100089118994023",
            "count": 0
        },
        {
            "id": "100077513002567",
            "count": 0
        },
        {
            "id": "100000658715341",
            "count": 0
        },
        {
            "id": "61555603836119",
            "count": 0
        },
        {
            "id": "61551997800865",
            "count": 0
        },
        {
            "id": "100070766566678",
            "count": 0
        },
        {
            "id": "100091893014482",
            "count": 0
        },
        {
            "id": "100066552602287",
            "count": 0
        },
        {
            "id": "100056838862225",
            "count": 0
        },
        {
            "id": "100053648190277",
            "count": 0
        },
        {
            "id": "100082667356129",
            "count": 0
        },
        {
            "id": "100082843170172",
            "count": 1
        },
        {
            "id": "61555428761173",
            "count": 0
        },
        {
            "id": "61551115508535",
            "count": 0
        },
        {
            "id": "100059341830588",
            "count": 0
        },
        {
            "id": "100087709722304",
            "count": 0
        },
        {
            "id": "61554245590654",
            "count": 0
        },
        {
            "id": "100029693740560",
            "count": 0
        },
        {
            "id": "61555727009752",
            "count": 0
        },
        {
            "id": "61552569996624",
            "count": 0
        },
        {
            "id": "100045188618507",
            "count": 0
        },
        {
            "id": "100088085177610",
            "count": 0
        },
        {
            "id": "100003482330759",
            "count": 1
        },
        {
            "id": "100025646925091",
            "count": 0
        },
        {
            "id": "100092010460002",
            "count": 0
        },
        {
            "id": "61553348980256",
            "count": 2
        }
    ],
    "day": [
        {
            "id": "61550037082227",
            "count": 0
        },
        {
            "id": "100093581300531",
            "count": 0
        },
        {
            "id": "100022653450378",
            "count": 0
        },
        {
            "id": "100072180236134",
            "count": 0
        },
        {
            "id": "100006195543459",
            "count": 0
        },
        {
            "id": "100095290150085",
            "count": 0
        },
        {
            "id": "100056927749389",
            "count": 0
        },
        {
            "id": "100041487833040",
            "count": 0
        },
        {
            "id": "100049442797056",
            "count": 0
        },
        {
            "id": "61553166988834",
            "count": 0
        },
        {
            "id": "100041083759097",
            "count": 0
        },
        {
            "id": "100081074084324",
            "count": 0
        },
        {
            "id": "100006274510474",
            "count": 0
        },
        {
            "id": "100050450796007",
            "count": 0
        },
        {
            "id": "100071880593545",
            "count": 0
        },
        {
            "id": "100092377898995",
            "count": 0
        },
        {
            "id": "100001909776644",
            "count": 0
        },
        {
            "id": "100082247235177",
            "count": 0
        },
        {
            "id": "100047481257472",
            "count": 0
        },
        {
            "id": "100055592632190",
            "count": 0
        },
        {
            "id": "100080195076753",
            "count": 0
        },
        {
            "id": "100063274929355",
            "count": 0
        },
        {
            "id": "100084713389776",
            "count": 0
        },
        {
            "id": "100073291639820",
            "count": 0
        },
        {
            "id": "100006808637969",
            "count": 0
        },
        {
            "id": "100005954550355",
            "count": 0
        },
        {
            "id": "61555273376453",
            "count": 0
        },
        {
            "id": "61553745751187",
            "count": 0
        },
        {
            "id": "100000581558733",
            "count": 0
        },
        {
            "id": "100090460245018",
            "count": 0
        },
        {
            "id": "100071825551845",
            "count": 0
        },
        {
            "id": "100074221683696",
            "count": 0
        },
        {
            "id": "100051705516865",
            "count": 0
        },
        {
            "id": "100093601097821",
            "count": 0
        },
        {
            "id": "100092463641830",
            "count": 0
        },
        {
            "id": "100086747072197",
            "count": 0
        },
        {
            "id": "100087140087994",
            "count": 0
        },
        {
            "id": "593577006",
            "count": 0
        },
        {
            "id": "100089335839120",
            "count": 0
        },
        {
            "id": "100039655626737",
            "count": 0
        },
        {
            "id": "100060340563670",
            "count": 0
        },
        {
            "id": "100055922806682",
            "count": 0
        },
        {
            "id": "100086034079238",
            "count": 0
        },
        {
            "id": "100023544711106",
            "count": 0
        },
        {
            "id": "100041532814544",
            "count": 1
        },
        {
            "id": "100029722602303",
            "count": 0
        },
        {
            "id": "100080328249802",
            "count": 0
        },
        {
            "id": "100010335499038",
            "count": 0
        },
        {
            "id": "100069748090053",
            "count": 0
        },
        {
            "id": "100003406765872",
            "count": 0
        },
        {
            "id": "100077980504363",
            "count": 2
        },
        {
            "id": "100008698744166",
            "count": 0
        },
        {
            "id": "61552325675338",
            "count": 1
        },
        {
            "id": "100089495797706",
            "count": 0
        },
        {
            "id": "100065063115683",
            "count": 0
        },
        {
            "id": "100071575183469",
            "count": 0
        },
        {
            "id": "61552528605499",
            "count": 0
        },
        {
            "id": "100091798445418",
            "count": 0
        },
        {
            "id": "61555045637875",
            "count": 0
        },
        {
            "id": "61553986426290",
            "count": 0
        },
        {
            "id": "100083670401783",
            "count": 0
        },
        {
            "id": "100015524284219",
            "count": 0
        },
        {
            "id": "100076269693499",
            "count": 0
        },
        {
            "id": "100010375871562",
            "count": 0
        },
        {
            "id": "100001652922374",
            "count": 0
        },
        {
            "id": "100067912153258",
            "count": 0
        },
        {
            "id": "100008578069233",
            "count": 0
        },
        {
            "id": "100010017465525",
            "count": 0
        },
        {
            "id": "100029520645001",
            "count": 0
        },
        {
            "id": "100051522635038",
            "count": 0
        },
        {
            "id": "61554864811597",
            "count": 0
        },
        {
            "id": "100010029917951",
            "count": 0
        },
        {
            "id": "100042687823036",
            "count": 0
        },
        {
            "id": "100074520602356",
            "count": 0
        },
        {
            "id": "100029000060433",
            "count": 0
        },
        {
            "id": "100026096952865",
            "count": 0
        },
        {
            "id": "527284309",
            "count": 0
        },
        {
            "id": "100073100306986",
            "count": 0
        },
        {
            "id": "100063689841835",
            "count": 0
        },
        {
            "id": "100085947075503",
            "count": 0
        },
        {
            "id": "61552492708688",
            "count": 0
        },
        {
            "id": "100061200117315",
            "count": 0
        },
        {
            "id": "100033208838863",
            "count": 0
        },
        {
            "id": "100039963912352",
            "count": 0
        },
        {
            "id": "100044530383890",
            "count": 0
        },
        {
            "id": "100053549552408",
            "count": 0
        },
        {
            "id": "100052815040705",
            "count": 0
        },
        {
            "id": "100056791542702",
            "count": 0
        },
        {
            "id": "100091338002191",
            "count": 0
        },
        {
            "id": "100080128164058",
            "count": 0
        },
        {
            "id": "100035767660990",
            "count": 0
        },
        {
            "id": "100094046653809",
            "count": 0
        },
        {
            "id": "61555587786047",
            "count": 0
        },
        {
            "id": "100092754290822",
            "count": 0
        },
        {
            "id": "100078988442610",
            "count": 0
        },
        {
            "id": "61555388953012",
            "count": 0
        },
        {
            "id": "100089118994023",
            "count": 0
        },
        {
            "id": "100077513002567",
            "count": 0
        },
        {
            "id": "100000658715341",
            "count": 0
        },
        {
            "id": "61555603836119",
            "count": 0
        },
        {
            "id": "61551997800865",
            "count": 0
        },
        {
            "id": "100070766566678",
            "count": 0
        },
        {
            "id": "100091893014482",
            "count": 0
        },
        {
            "id": "100066552602287",
            "count": 0
        },
        {
            "id": "100056838862225",
            "count": 0
        },
        {
            "id": "100053648190277",
            "count": 0
        },
        {
            "id": "100082667356129",
            "count": 0
        },
        {
            "id": "100082843170172",
            "count": 1
        },
        {
            "id": "61555428761173",
            "count": 0
        },
        {
            "id": "61551115508535",
            "count": 0
        },
        {
            "id": "100059341830588",
            "count": 0
        },
        {
            "id": "100087709722304",
            "count": 0
        },
        {
            "id": "61554245590654",
            "count": 0
        },
        {
            "id": "100029693740560",
            "count": 0
        },
        {
            "id": "61555727009752",
            "count": 0
        },
        {
            "id": "61552569996624",
            "count": 0
        },
        {
            "id": "100045188618507",
            "count": 0
        },
        {
            "id": "100088085177610",
            "count": 0
        },
        {
            "id": "100003482330759",
            "count": 1
        },
        {
            "id": "100025646925091",
            "count": 0
        },
        {
            "id": "100092010460002",
            "count": 0
        },
        {
            "id": "61553348980256",
            "count": 2
        }
    ],
    "time": 2,
    "last": {
        "time": 5,
        "day": [
            {
                "id": "61550037082227",
                "count": 0
            },
            {
                "id": "100093581300531",
                "count": 0
            },
            {
                "id": "100022653450378",
                "count": 0
            },
            {
                "id": "100072180236134",
                "count": 0
            },
            {
                "id": "100006195543459",
                "count": 0
            },
            {
                "id": "100095290150085",
                "count": 0
            },
            {
                "id": "100056927749389",
                "count": 0
            },
            {
                "id": "100041487833040",
                "count": 0
            },
            {
                "id": "100049442797056",
                "count": 0
            },
            {
                "id": "61553166988834",
                "count": 0
            },
            {
                "id": "100041083759097",
                "count": 0
            },
            {
                "id": "100081074084324",
                "count": 0
            },
            {
                "id": "100006274510474",
                "count": 0
            },
            {
                "id": "100050450796007",
                "count": 0
            },
            {
                "id": "100071880593545",
                "count": 0
            },
            {
                "id": "100092377898995",
                "count": 0
            },
            {
                "id": "100001909776644",
                "count": 0
            },
            {
                "id": "100082247235177",
                "count": 0
            },
            {
                "id": "100047481257472",
                "count": 0
            },
            {
                "id": "100055592632190",
                "count": 0
            },
            {
                "id": "100080195076753",
                "count": 0
            },
            {
                "id": "100063274929355",
                "count": 0
            },
            {
                "id": "100084713389776",
                "count": 0
            },
            {
                "id": "100073291639820",
                "count": 0
            },
            {
                "id": "100006808637969",
                "count": 0
            },
            {
                "id": "100005954550355",
                "count": 0
            },
            {
                "id": "61555273376453",
                "count": 0
            },
            {
                "id": "61553745751187",
                "count": 0
            },
            {
                "id": "100000581558733",
                "count": 0
            },
            {
                "id": "100090460245018",
                "count": 0
            },
            {
                "id": "100071825551845",
                "count": 0
            },
            {
                "id": "100074221683696",
                "count": 0
            },
            {
                "id": "100051705516865",
                "count": 0
            },
            {
                "id": "100093601097821",
                "count": 0
            },
            {
                "id": "100092463641830",
                "count": 0
            },
            {
                "id": "100086747072197",
                "count": 0
            },
            {
                "id": "100087140087994",
                "count": 0
            },
            {
                "id": "593577006",
                "count": 0
            },
            {
                "id": "100089335839120",
                "count": 0
            },
            {
                "id": "100039655626737",
                "count": 0
            },
            {
                "id": "100060340563670",
                "count": 0
            },
            {
                "id": "100055922806682",
                "count": 0
            },
            {
                "id": "100086034079238",
                "count": 0
            },
            {
                "id": "100023544711106",
                "count": 0
            },
            {
                "id": "100041532814544",
                "count": 0
            },
            {
                "id": "100029722602303",
                "count": 0
            },
            {
                "id": "100080328249802",
                "count": 0
            },
            {
                "id": "100010335499038",
                "count": 0
            },
            {
                "id": "100069748090053",
                "count": 0
            },
            {
                "id": "100003406765872",
                "count": 0
            },
            {
                "id": "100077980504363",
                "count": 0
            },
            {
                "id": "100008698744166",
                "count": 0
            },
            {
                "id": "61552325675338",
                "count": 0
            },
            {
                "id": "100089495797706",
                "count": 0
            },
            {
                "id": "100065063115683",
                "count": 0
            },
            {
                "id": "100071575183469",
                "count": 0
            },
            {
                "id": "61552528605499",
                "count": 0
            },
            {
                "id": "100091798445418",
                "count": 0
            },
            {
                "id": "61555045637875",
                "count": 0
            },
            {
                "id": "61553986426290",
                "count": 0
            },
            {
                "id": "100083670401783",
                "count": 0
            },
            {
                "id": "100015524284219",
                "count": 0
            },
            {
                "id": "100076269693499",
                "count": 0
            },
            {
                "id": "100010375871562",
                "count": 0
            },
            {
                "id": "100001652922374",
                "count": 0
            },
            {
                "id": "100067912153258",
                "count": 0
            },
            {
                "id": "100008578069233",
                "count": 0
            },
            {
                "id": "100010017465525",
                "count": 0
            },
            {
                "id": "100029520645001",
                "count": 0
            },
            {
                "id": "100051522635038",
                "count": 0
            },
            {
                "id": "61554864811597",
                "count": 0
            },
            {
                "id": "100010029917951",
                "count": 0
            },
            {
                "id": "100042687823036",
                "count": 0
            },
            {
                "id": "100074520602356",
                "count": 0
            },
            {
                "id": "100029000060433",
                "count": 0
            },
            {
                "id": "100026096952865",
                "count": 0
            },
            {
                "id": "527284309",
                "count": 0
            },
            {
                "id": "100073100306986",
                "count": 0
            },
            {
                "id": "100063689841835",
                "count": 0
            },
            {
                "id": "100085947075503",
                "count": 0
            },
            {
                "id": "61552492708688",
                "count": 0
            },
            {
                "id": "100061200117315",
                "count": 0
            },
            {
                "id": "100033208838863",
                "count": 0
            },
            {
                "id": "100039963912352",
                "count": 0
            },
            {
                "id": "100044530383890",
                "count": 0
            },
            {
                "id": "100053549552408",
                "count": 0
            },
            {
                "id": "100052815040705",
                "count": 0
            },
            {
                "id": "100056791542702",
                "count": 0
            },
            {
                "id": "100091338002191",
                "count": 0
            },
            {
                "id": "100080128164058",
                "count": 0
            },
            {
                "id": "100035767660990",
                "count": 0
            },
            {
                "id": "100094046653809",
                "count": 0
            },
            {
                "id": "61555587786047",
                "count": 0
            },
            {
                "id": "100092754290822",
                "count": 0
            },
            {
                "id": "100078988442610",
                "count": 0
            },
            {
                "id": "61555388953012",
                "count": 0
            },
            {
                "id": "100089118994023",
                "count": 0
            },
            {
                "id": "100077513002567",
                "count": 0
            },
            {
                "id": "100000658715341",
                "count": 0
            },
            {
                "id": "61555603836119",
                "count": 0
            },
            {
                "id": "61551997800865",
                "count": 0
            },
            {
                "id": "100070766566678",
                "count": 0
            },
            {
                "id": "100091893014482",
                "count": 0
            },
            {
                "id": "100066552602287",
                "count": 0
            },
            {
                "id": "100056838862225",
                "count": 0
            },
            {
                "id": "100053648190277",
                "count": 0
            },
            {
                "id": "100082667356129",
                "count": 0
            },
            {
                "id": "100082843170172",
                "count": 0
            },
            {
                "id": "61555428761173",
                "count": 0
            },
            {
                "id": "61551115508535",
                "count": 0
            },
            {
                "id": "100059341830588",
                "count": 0
            },
            {
                "id": "100087709722304",
                "count": 0
            },
            {
                "id": "61554245590654",
                "count": 0
            },
            {
                "id": "100029693740560",
                "count": 0
            },
            {
                "id": "61555727009752",
                "count": 0
            },
            {
                "id": "61552569996624",
                "count": 0
            },
            {
                "id": "100045188618507",
                "count": 0
            },
            {
                "id": "100088085177610",
                "count": 0
            },
            {
                "id": "100003482330759",
                "count": 0
            },
            {
                "id": "100025646925091",
                "count": 0
            },
            {
                "id": "100092010460002",
                "count": 0
            },
            {
                "id": "61553348980256",
                "count": 0
            }
        ],
        "week": [
            {
                "id": "61550037082227",
                "count": 0
            },
            {
                "id": "100093581300531",
                "count": 0
            },
            {
                "id": "100022653450378",
                "count": 0
            },
            {
                "id": "100072180236134",
                "count": 0
            },
            {
                "id": "100006195543459",
                "count": 0
            },
            {
                "id": "100095290150085",
                "count": 0
            },
            {
                "id": "100056927749389",
                "count": 0
            },
            {
                "id": "100041487833040",
                "count": 0
            },
            {
                "id": "100049442797056",
                "count": 0
            },
            {
                "id": "61553166988834",
                "count": 0
            },
            {
                "id": "100041083759097",
                "count": 0
            },
            {
                "id": "100081074084324",
                "count": 0
            },
            {
                "id": "100006274510474",
                "count": 0
            },
            {
                "id": "100050450796007",
                "count": 0
            },
            {
                "id": "100071880593545",
                "count": 0
            },
            {
                "id": "100092377898995",
                "count": 0
            },
            {
                "id": "100001909776644",
                "count": 0
            },
            {
                "id": "100082247235177",
                "count": 0
            },
            {
                "id": "100047481257472",
                "count": 0
            },
            {
                "id": "100055592632190",
                "count": 0
            },
            {
                "id": "100080195076753",
                "count": 0
            },
            {
                "id": "100063274929355",
                "count": 0
            },
            {
                "id": "100084713389776",
                "count": 0
            },
            {
                "id": "100073291639820",
                "count": 0
            },
            {
                "id": "100006808637969",
                "count": 0
            },
            {
                "id": "100005954550355",
                "count": 0
            },
            {
                "id": "61555273376453",
                "count": 0
            },
            {
                "id": "61553745751187",
                "count": 0
            },
            {
                "id": "100000581558733",
                "count": 0
            },
            {
                "id": "100090460245018",
                "count": 0
            },
            {
                "id": "100071825551845",
                "count": 0
            },
            {
                "id": "100074221683696",
                "count": 0
            },
            {
                "id": "100051705516865",
                "count": 0
            },
            {
                "id": "100093601097821",
                "count": 0
            },
            {
                "id": "100092463641830",
                "count": 0
            },
            {
                "id": "100086747072197",
                "count": 0
            },
            {
                "id": "100087140087994",
                "count": 0
            },
            {
                "id": "593577006",
                "count": 0
            },
            {
                "id": "100089335839120",
                "count": 0
            },
            {
                "id": "100039655626737",
                "count": 0
            },
            {
                "id": "100060340563670",
                "count": 0
            },
            {
                "id": "100055922806682",
                "count": 0
            },
            {
                "id": "100086034079238",
                "count": 0
            },
            {
                "id": "100023544711106",
                "count": 0
            },
            {
                "id": "100041532814544",
                "count": 0
            },
            {
                "id": "100029722602303",
                "count": 0
            },
            {
                "id": "100080328249802",
                "count": 0
            },
            {
                "id": "100010335499038",
                "count": 0
            },
            {
                "id": "100069748090053",
                "count": 0
            },
            {
                "id": "100003406765872",
                "count": 0
            },
            {
                "id": "100077980504363",
                "count": 0
            },
            {
                "id": "100008698744166",
                "count": 0
            },
            {
                "id": "61552325675338",
                "count": 0
            },
            {
                "id": "100089495797706",
                "count": 0
            },
            {
                "id": "100065063115683",
                "count": 0
            },
            {
                "id": "100071575183469",
                "count": 0
            },
            {
                "id": "61552528605499",
                "count": 0
            },
            {
                "id": "100091798445418",
                "count": 0
            },
            {
                "id": "61555045637875",
                "count": 0
            },
            {
                "id": "61553986426290",
                "count": 0
            },
            {
                "id": "100083670401783",
                "count": 0
            },
            {
                "id": "100015524284219",
                "count": 0
            },
            {
                "id": "100076269693499",
                "count": 0
            },
            {
                "id": "100010375871562",
                "count": 0
            },
            {
                "id": "100001652922374",
                "count": 0
            },
            {
                "id": "100067912153258",
                "count": 0
            },
            {
                "id": "100008578069233",
                "count": 0
            },
            {
                "id": "100010017465525",
                "count": 0
            },
            {
                "id": "100029520645001",
                "count": 0
            },
            {
                "id": "100051522635038",
                "count": 0
            },
            {
                "id": "61554864811597",
                "count": 0
            },
            {
                "id": "100010029917951",
                "count": 0
            },
            {
                "id": "100042687823036",
                "count": 0
            },
            {
                "id": "100074520602356",
                "count": 0
            },
            {
                "id": "100029000060433",
                "count": 0
            },
            {
                "id": "100026096952865",
                "count": 0
            },
            {
                "id": "527284309",
                "count": 0
            },
            {
                "id": "100073100306986",
                "count": 0
            },
            {
                "id": "100063689841835",
                "count": 0
            },
            {
                "id": "100085947075503",
                "count": 0
            },
            {
                "id": "61552492708688",
                "count": 0
            },
            {
                "id": "100061200117315",
                "count": 0
            },
            {
                "id": "100033208838863",
                "count": 0
            },
            {
                "id": "100039963912352",
                "count": 0
            },
            {
                "id": "100044530383890",
                "count": 0
            },
            {
                "id": "100053549552408",
                "count": 0
            },
            {
                "id": "100052815040705",
                "count": 0
            },
            {
                "id": "100056791542702",
                "count": 0
            },
            {
                "id": "100091338002191",
                "count": 0
            },
            {
                "id": "100080128164058",
                "count": 0
            },
            {
                "id": "100035767660990",
                "count": 0
            },
            {
                "id": "100094046653809",
                "count": 0
            },
            {
                "id": "61555587786047",
                "count": 0
            },
            {
                "id": "100092754290822",
                "count": 0
            },
            {
                "id": "100078988442610",
                "count": 0
            },
            {
                "id": "61555388953012",
                "count": 0
            },
            {
                "id": "100089118994023",
                "count": 0
            },
            {
                "id": "100077513002567",
                "count": 0
            },
            {
                "id": "100000658715341",
                "count": 0
            },
            {
                "id": "61555603836119",
                "count": 0
            },
            {
                "id": "61551997800865",
                "count": 0
            },
            {
                "id": "100070766566678",
                "count": 0
            },
            {
                "id": "100091893014482",
                "count": 0
            },
            {
                "id": "100066552602287",
                "count": 0
            },
            {
                "id": "100056838862225",
                "count": 0
            },
            {
                "id": "100053648190277",
                "count": 0
            },
            {
                "id": "100082667356129",
                "count": 0
            },
            {
                "id": "100082843170172",
                "count": 0
            },
            {
                "id": "61555428761173",
                "count": 0
            },
            {
                "id": "61551115508535",
                "count": 0
            },
            {
                "id": "100059341830588",
                "count": 0
            },
            {
                "id": "100087709722304",
                "count": 0
            },
            {
                "id": "61554245590654",
                "count": 0
            },
            {
                "id": "100029693740560",
                "count": 0
            },
            {
                "id": "61555727009752",
                "count": 0
            },
            {
                "id": "61552569996624",
                "count": 0
            },
            {
                "id": "100045188618507",
                "count": 0
            },
            {
                "id": "100088085177610",
                "count": 0
            },
            {
                "id": "100003482330759",
                "count": 0
            },
            {
                "id": "100025646925091",
                "count": 0
            },
            {
                "id": "100092010460002",
                "count": 0
            },
            {
                "id": "61553348980256",
                "count": 0
            }
        ]
    }
}