{
    "total": [
        {
            "id": "100093264523210",
            "count": 28
        },
        {
            "id": "100076001623455",
            "count": 0
        },
        {
            "id": "100075778393362",
            "count": 0
        },
        {
            "id": "100080028294585",
            "count": 0
        },
        {
            "id": "100088334332155",
            "count": 0
        },
        {
            "id": "100094312697216",
            "count": 27
        },
        {
            "id": "100075058221244",
            "count": 4
        },
        {
            "id": "100089670625526",
            "count": 1
        },
        {
            "id": "61554944182925",
            "count": 0
        },
        {
            "id": "100045914132564",
            "count": 0
        },
        {
            "id": "61551535163925",
            "count": 0
        },
        {
            "id": "100091312724625",
            "count": 0
        },
        {
            "id": "100083897712389",
            "count": 0
        },
        {
            "id": "100073067811445",
            "count": 0
        },
        {
            "id": "100090775159086",
            "count": 10
        },
        {
            "id": "61551488702462",
            "count": 0
        },
        {
            "id": "100073323384179",
            "count": 0
        },
        {
            "id": "100077361780295",
            "count": 0
        },
        {
            "id": "100061911080862",
            "count": 2
        },
        {
            "id": "100070028440842",
            "count": 0
        },
        {
            "id": "100087743334911",
            "count": 0
        },
        {
            "id": "61554438388985",
            "count": 0
        },
        {
            "id": "100082580843320",
            "count": 0
        },
        {
            "id": "100006274510474",
            "count": 1
        },
        {
            "id": "61554969446254",
            "count": 0
        },
        {
            "id": "61555635089175",
            "count": 3
        },
        {
            "id": "100070553651539",
            "count": 0
        },
        {
            "id": "100016337528521",
            "count": 0
        },
        {
            "id": "100015133066370",
            "count": 0
        },
        {
            "id": "100001789634153",
            "count": 0
        },
        {
            "id": "100071523566926",
            "count": 0
        },
        {
            "id": "61552721255294",
            "count": 0
        },
        {
            "id": "100048838570141",
            "count": 0
        },
        {
            "id": "100024314220831",
            "count": 0
        },
        {
            "id": "61555444821587",
            "count": 4
        },
        {
            "id": "100092550914769",
            "count": 0
        },
        {
            "id": "100027355200030",
            "count": 0
        },
        {
            "id": "100077070762554",
            "count": 11
        },
        {
            "id": "61550037082227",
            "count": 3
        },
        {
            "id": "61550115551529",
            "count": 19
        },
        {
            "id": "61555677184873",
            "count": 0
        },
        {
            "id": "61555634198341",
            "count": 14
        }
    ],
    "week": [
        {
            "id": "100093264523210",
            "count": 28
        },
        {
            "id": "100076001623455",
            "count": 0
        },
        {
            "id": "100075778393362",
            "count": 0
        },
        {
            "id": "100080028294585",
            "count": 0
        },
        {
            "id": "100088334332155",
            "count": 0
        },
        {
            "id": "100094312697216",
            "count": 27
        },
        {
            "id": "100075058221244",
            "count": 4
        },
        {
            "id": "100089670625526",
            "count": 1
        },
        {
            "id": "61554944182925",
            "count": 0
        },
        {
            "id": "100045914132564",
            "count": 0
        },
        {
            "id": "61551535163925",
            "count": 0
        },
        {
            "id": "100091312724625",
            "count": 0
        },
        {
            "id": "100083897712389",
            "count": 0
        },
        {
            "id": "100073067811445",
            "count": 0
        },
        {
            "id": "100090775159086",
            "count": 10
        },
        {
            "id": "61551488702462",
            "count": 0
        },
        {
            "id": "100073323384179",
            "count": 0
        },
        {
            "id": "100077361780295",
            "count": 0
        },
        {
            "id": "100061911080862",
            "count": 2
        },
        {
            "id": "100070028440842",
            "count": 0
        },
        {
            "id": "100087743334911",
            "count": 0
        },
        {
            "id": "61554438388985",
            "count": 0
        },
        {
            "id": "100082580843320",
            "count": 0
        },
        {
            "id": "100006274510474",
            "count": 1
        },
        {
            "id": "61554969446254",
            "count": 0
        },
        {
            "id": "61555635089175",
            "count": 3
        },
        {
            "id": "100070553651539",
            "count": 0
        },
        {
            "id": "100016337528521",
            "count": 0
        },
        {
            "id": "100015133066370",
            "count": 0
        },
        {
            "id": "100001789634153",
            "count": 0
        },
        {
            "id": "100071523566926",
            "count": 0
        },
        {
            "id": "61552721255294",
            "count": 0
        },
        {
            "id": "100048838570141",
            "count": 0
        },
        {
            "id": "100024314220831",
            "count": 0
        },
        {
            "id": "61555444821587",
            "count": 4
        },
        {
            "id": "100092550914769",
            "count": 0
        },
        {
            "id": "100027355200030",
            "count": 0
        },
        {
            "id": "100077070762554",
            "count": 11
        },
        {
            "id": "61550037082227",
            "count": 3
        },
        {
            "id": "61550115551529",
            "count": 19
        },
        {
            "id": "61555677184873",
            "count": 0
        },
        {
            "id": "61555634198341",
            "count": 14
        }
    ],
    "day": [
        {
            "id": "100093264523210",
            "count": 28
        },
        {
            "id": "100076001623455",
            "count": 0
        },
        {
            "id": "100075778393362",
            "count": 0
        },
        {
            "id": "100080028294585",
            "count": 0
        },
        {
            "id": "100088334332155",
            "count": 0
        },
        {
            "id": "100094312697216",
            "count": 27
        },
        {
            "id": "100075058221244",
            "count": 4
        },
        {
            "id": "100089670625526",
            "count": 1
        },
        {
            "id": "61554944182925",
            "count": 0
        },
        {
            "id": "100045914132564",
            "count": 0
        },
        {
            "id": "61551535163925",
            "count": 0
        },
        {
            "id": "100091312724625",
            "count": 0
        },
        {
            "id": "100083897712389",
            "count": 0
        },
        {
            "id": "100073067811445",
            "count": 0
        },
        {
            "id": "100090775159086",
            "count": 10
        },
        {
            "id": "61551488702462",
            "count": 0
        },
        {
            "id": "100073323384179",
            "count": 0
        },
        {
            "id": "100077361780295",
            "count": 0
        },
        {
            "id": "100061911080862",
            "count": 2
        },
        {
            "id": "100070028440842",
            "count": 0
        },
        {
            "id": "100087743334911",
            "count": 0
        },
        {
            "id": "61554438388985",
            "count": 0
        },
        {
            "id": "100082580843320",
            "count": 0
        },
        {
            "id": "100006274510474",
            "count": 1
        },
        {
            "id": "61554969446254",
            "count": 0
        },
        {
            "id": "61555635089175",
            "count": 3
        },
        {
            "id": "100070553651539",
            "count": 0
        },
        {
            "id": "100016337528521",
            "count": 0
        },
        {
            "id": "100015133066370",
            "count": 0
        },
        {
            "id": "100001789634153",
            "count": 0
        },
        {
            "id": "100071523566926",
            "count": 0
        },
        {
            "id": "61552721255294",
            "count": 0
        },
        {
            "id": "100048838570141",
            "count": 0
        },
        {
            "id": "100024314220831",
            "count": 0
        },
        {
            "id": "61555444821587",
            "count": 4
        },
        {
            "id": "100092550914769",
            "count": 0
        },
        {
            "id": "100027355200030",
            "count": 0
        },
        {
            "id": "100077070762554",
            "count": 11
        },
        {
            "id": "61550037082227",
            "count": 3
        },
        {
            "id": "61550115551529",
            "count": 19
        },
        {
            "id": "61555677184873",
            "count": 0
        },
        {
            "id": "61555634198341",
            "count": 14
        }
    ],
    "time": 2,
    "last": {
        "time": 5,
        "day": [
            {
                "id": "100093264523210",
                "count": 0
            },
            {
                "id": "100076001623455",
                "count": 0
            },
            {
                "id": "100075778393362",
                "count": 0
            },
            {
                "id": "100080028294585",
                "count": 0
            },
            {
                "id": "100088334332155",
                "count": 0
            },
            {
                "id": "100094762901406",
                "count": 0
            },
            {
                "id": "100094312697216",
                "count": 0
            },
            {
                "id": "100075058221244",
                "count": 0
            },
            {
                "id": "100089670625526",
                "count": 0
            },
            {
                "id": "61554944182925",
                "count": 0
            },
            {
                "id": "100045914132564",
                "count": 0
            },
            {
                "id": "61551535163925",
                "count": 0
            },
            {
                "id": "100091312724625",
                "count": 0
            },
            {
                "id": "100083897712389",
                "count": 0
            },
            {
                "id": "100073067811445",
                "count": 0
            },
            {
                "id": "100090775159086",
                "count": 0
            },
            {
                "id": "61551488702462",
                "count": 0
            },
            {
                "id": "100073323384179",
                "count": 0
            },
            {
                "id": "100077361780295",
                "count": 0
            },
            {
                "id": "100061911080862",
                "count": 0
            },
            {
                "id": "100070028440842",
                "count": 0
            },
            {
                "id": "100087743334911",
                "count": 0
            },
            {
                "id": "61554438388985",
                "count": 0
            },
            {
                "id": "100082580843320",
                "count": 0
            },
            {
                "id": "100006274510474",
                "count": 0
            },
            {
                "id": "61554969446254",
                "count": 0
            },
            {
                "id": "61555635089175",
                "count": 0
            },
            {
                "id": "100070553651539",
                "count": 0
            },
            {
                "id": "100016337528521",
                "count": 0
            },
            {
                "id": "100015133066370",
                "count": 0
            },
            {
                "id": "100001789634153",
                "count": 0
            },
            {
                "id": "100071523566926",
                "count": 0
            },
            {
                "id": "61552721255294",
                "count": 0
            },
            {
                "id": "100048838570141",
                "count": 0
            },
            {
                "id": "100024314220831",
                "count": 0
            },
            {
                "id": "61555444821587",
                "count": 0
            },
            {
                "id": "61555344737739",
                "count": 0
            },
            {
                "id": "100092550914769",
                "count": 0
            },
            {
                "id": "100027355200030",
                "count": 0
            },
            {
                "id": "100077070762554",
                "count": 0
            },
            {
                "id": "100059454822702",
                "count": 0
            },
            {
                "id": "61550037082227",
                "count": 0
            },
            {
                "id": "61550115551529",
                "count": 0
            },
            {
                "id": "61555154366167",
                "count": 0
            },
            {
                "id": "61555677184873",
                "count": 0
            },
            {
                "id": "61555634198341",
                "count": 0
            }
        ],
        "week": [
            {
                "id": "100093264523210",
                "count": 0
            },
            {
                "id": "100076001623455",
                "count": 0
            },
            {
                "id": "100075778393362",
                "count": 0
            },
            {
                "id": "100080028294585",
                "count": 0
            },
            {
                "id": "100088334332155",
                "count": 0
            },
            {
                "id": "100094762901406",
                "count": 0
            },
            {
                "id": "100094312697216",
                "count": 0
            },
            {
                "id": "100075058221244",
                "count": 0
            },
            {
                "id": "100089670625526",
                "count": 0
            },
            {
                "id": "61554944182925",
                "count": 0
            },
            {
                "id": "100045914132564",
                "count": 0
            },
            {
                "id": "61551535163925",
                "count": 0
            },
            {
                "id": "100091312724625",
                "count": 0
            },
            {
                "id": "100083897712389",
                "count": 0
            },
            {
                "id": "100073067811445",
                "count": 0
            },
            {
                "id": "100090775159086",
                "count": 0
            },
            {
                "id": "61551488702462",
                "count": 0
            },
            {
                "id": "100073323384179",
                "count": 0
            },
            {
                "id": "100077361780295",
                "count": 0
            },
            {
                "id": "100061911080862",
                "count": 0
            },
            {
                "id": "100070028440842",
                "count": 0
            },
            {
                "id": "100087743334911",
                "count": 0
            },
            {
                "id": "61554438388985",
                "count": 0
            },
            {
                "id": "100082580843320",
                "count": 0
            },
            {
                "id": "100006274510474",
                "count": 0
            },
            {
                "id": "61554969446254",
                "count": 0
            },
            {
                "id": "61555635089175",
                "count": 0
            },
            {
                "id": "100070553651539",
                "count": 0
            },
            {
                "id": "100016337528521",
                "count": 0
            },
            {
                "id": "100015133066370",
                "count": 0
            },
            {
                "id": "100001789634153",
                "count": 0
            },
            {
                "id": "100071523566926",
                "count": 0
            },
            {
                "id": "61552721255294",
                "count": 0
            },
            {
                "id": "100048838570141",
                "count": 0
            },
            {
                "id": "100024314220831",
                "count": 0
            },
            {
                "id": "61555444821587",
                "count": 0
            },
            {
                "id": "61555344737739",
                "count": 0
            },
            {
                "id": "100092550914769",
                "count": 0
            },
            {
                "id": "100027355200030",
                "count": 0
            },
            {
                "id": "100077070762554",
                "count": 0
            },
            {
                "id": "100059454822702",
                "count": 0
            },
            {
                "id": "61550037082227",
                "count": 0
            },
            {
                "id": "61550115551529",
                "count": 0
            },
            {
                "id": "61555154366167",
                "count": 0
            },
            {
                "id": "61555677184873",
                "count": 0
            },
            {
                "id": "61555634198341",
                "count": 0
            }
        ]
    }
}