{
    "total": [
        {
            "id": "100004001026261",
            "count": 0
        },
        {
            "id": "61551747333544",
            "count": 4
        },
        {
            "id": "61551120508642",
            "count": 0
        },
        {
            "id": "100038791595043",
            "count": 73
        },
        {
            "id": "100018088576695",
            "count": 10
        },
        {
            "id": "100095105192124",
            "count": 0
        },
        {
            "id": "100091891485289",
            "count": 13
        },
        {
            "id": "100067655090795",
            "count": 61
        },
        {
            "id": "100022448225417",
            "count": 268
        },
        {
            "id": "61553182838112",
            "count": 0
        },
        {
            "id": "61552215686270",
            "count": 0
        },
        {
            "id": "100029072903979",
            "count": 3
        },
        {
            "id": "100083244550129",
            "count": 0
        },
        {
            "id": "100044321752774",
            "count": 0
        },
        {
            "id": "100081797352234",
            "count": 0
        },
        {
            "id": "100084329895588",
            "count": 0
        },
        {
            "id": "61551548624034",
            "count": 0
        },
        {
            "id": "100094236391871",
            "count": 0
        },
        {
            "id": "100038678414010",
            "count": 0
        },
        {
            "id": "100094016695915",
            "count": 0
        },
        {
            "id": "100080476122191",
            "count": 0
        },
        {
            "id": "100035718671407",
            "count": 0
        },
        {
            "id": "100094301281835",
            "count": 63
        },
        {
            "id": "100051451965796",
            "count": 275
        },
        {
            "id": "100005235045663",
            "count": 0
        },
        {
            "id": "100094703701522",
            "count": 98
        },
        {
            "id": "100001986424154",
            "count": 0
        },
        {
            "id": "100080422647611",
            "count": 0
        },
        {
            "id": "61552123057620",
            "count": 297
        },
        {
            "id": "61550860808086",
            "count": 0
        },
        {
            "id": "100091617204340",
            "count": 0
        },
        {
            "id": "100090458979503",
            "count": 24
        },
        {
            "id": "593577006",
            "count": 212
        },
        {
            "id": "100031845708228",
            "count": 15
        },
        {
            "id": "100077980504363",
            "count": 547
        },
        {
            "id": "100088737923043",
            "count": 11
        },
        {
            "id": "100090168070553",
            "count": 383
        },
        {
            "id": "100074485740415",
            "count": 0
        },
        {
            "id": "100072696458960",
            "count": 185
        },
        {
            "id": "100090260659479",
            "count": 128
        },
        {
            "id": "61551788562933",
            "count": 0
        },
        {
            "id": "61552948641641",
            "count": 0
        },
        {
            "id": "61554438130834",
            "count": 0
        },
        {
            "id": "61554330669793",
            "count": 0
        },
        {
            "id": "61553670189094",
            "count": 0
        },
        {
            "id": "100074224563535",
            "count": 337
        },
        {
            "id": "100005529751371",
            "count": 0
        },
        {
            "id": "100000385494382",
            "count": 0
        },
        {
            "id": "61554380893904",
            "count": 0
        },
        {
            "id": "100001378940139",
            "count": 0
        },
        {
            "id": "100008225821165",
            "count": 165
        },
        {
            "id": "61554972591517",
            "count": 0
        },
        {
            "id": "100078168302063",
            "count": 0
        },
        {
            "id": "61550083044156",
            "count": 0
        },
        {
            "id": "100088805687330",
            "count": 0
        },
        {
            "id": "100003303916938",
            "count": 0
        },
        {
            "id": "61554848964926",
            "count": 0
        },
        {
            "id": "100050465257319",
            "count": 0
        },
        {
            "id": "100026066957350",
            "count": 0
        },
        {
            "id": "100068832382948",
            "count": 1
        },
        {
            "id": "61554987294939",
            "count": 7
        },
        {
            "id": "61554672668571",
            "count": 0
        },
        {
            "id": "100076797473869",
            "count": 1
        },
        {
            "id": "61554676301184",
            "count": 16
        },
        {
            "id": "61550900025099",
            "count": 0
        },
        {
            "id": "100088828990792",
            "count": 0
        },
        {
            "id": "100033572564696",
            "count": 0
        },
        {
            "id": "61554832884350",
            "count": 0
        },
        {
            "id": "61554107373295",
            "count": 44
        },
        {
            "id": "100027187763993",
            "count": 326
        },
        {
            "id": "61552981521155",
            "count": 0
        },
        {
            "id": "100000812303642",
            "count": 250
        },
        {
            "id": "100085073240621",
            "count": 33
        },
        {
            "id": "61554745177235",
            "count": 0
        },
        {
            "id": "100080647629698",
            "count": 26
        },
        {
            "id": "100089774139187",
            "count": 0
        },
        {
            "id": "61550826891708",
            "count": 0
        },
        {
            "id": "61553895095325",
            "count": 0
        },
        {
            "id": "61555291610806",
            "count": 0
        },
        {
            "id": "100092504626324",
            "count": 0
        },
        {
            "id": "61554727913900",
            "count": 132
        },
        {
            "id": "100038391126000",
            "count": 0
        },
        {
            "id": "100077645110355",
            "count": 4
        },
        {
            "id": "100091271858806",
            "count": 109
        },
        {
            "id": "61554533647809",
            "count": 227
        },
        {
            "id": "100081500236829",
            "count": 32
        },
        {
            "id": "61551779831282",
            "count": 0
        },
        {
            "id": "100059953981036",
            "count": 0
        },
        {
            "id": "100093834681242",
            "count": 0
        },
        {
            "id": "61554288235211",
            "count": 0
        },
        {
            "id": "61554807098052",
            "count": 39
        },
        {
            "id": "100000745531418",
            "count": 123
        },
        {
            "id": "100053094052786",
            "count": 0
        },
        {
            "id": "1215894120",
            "count": 202
        },
        {
            "id": "61555061284528",
            "count": 39
        },
        {
            "id": "61554027301141",
            "count": 129
        },
        {
            "id": "61554770537667",
            "count": 132
        },
        {
            "id": "100086415765506",
            "count": 436
        },
        {
            "id": "61555297795246",
            "count": 18
        },
        {
            "id": "61555065869306",
            "count": 20
        },
        {
            "id": "100095621977099",
            "count": 0
        },
        {
            "id": "61555282257448",
            "count": 82
        },
        {
            "id": "100040514860057",
            "count": 0
        },
        {
            "id": "100092941920600",
            "count": 0
        },
        {
            "id": "61551489817933",
            "count": 116
        },
        {
            "id": "61555253219012",
            "count": 147
        },
        {
            "id": "100093566903850",
            "count": 0
        },
        {
            "id": "61555196042097",
            "count": 22
        },
        {
            "id": "61554956021321",
            "count": 0
        },
        {
            "id": "100076769911099",
            "count": 9
        },
        {
            "id": "100001457731968",
            "count": 4
        },
        {
            "id": "100044285316115",
            "count": 44
        },
        {
            "id": "61551810098837",
            "count": 0
        },
        {
            "id": "100037211391552",
            "count": 7
        },
        {
            "id": "100079557714787",
            "count": 10
        }
    ],
    "week": [
        {
            "id": "100004001026261",
            "count": 0
        },
        {
            "id": "61551747333544",
            "count": 4
        },
        {
            "id": "61551120508642",
            "count": 0
        },
        {
            "id": "100038791595043",
            "count": 73
        },
        {
            "id": "100018088576695",
            "count": 10
        },
        {
            "id": "100095105192124",
            "count": 0
        },
        {
            "id": "100091891485289",
            "count": 13
        },
        {
            "id": "100067655090795",
            "count": 61
        },
        {
            "id": "100022448225417",
            "count": 268
        },
        {
            "id": "61553182838112",
            "count": 0
        },
        {
            "id": "61552215686270",
            "count": 0
        },
        {
            "id": "100029072903979",
            "count": 3
        },
        {
            "id": "100083244550129",
            "count": 0
        },
        {
            "id": "100044321752774",
            "count": 0
        },
        {
            "id": "100081797352234",
            "count": 0
        },
        {
            "id": "100084329895588",
            "count": 0
        },
        {
            "id": "61551548624034",
            "count": 0
        },
        {
            "id": "100094236391871",
            "count": 0
        },
        {
            "id": "100038678414010",
            "count": 0
        },
        {
            "id": "100094016695915",
            "count": 0
        },
        {
            "id": "100080476122191",
            "count": 0
        },
        {
            "id": "100035718671407",
            "count": 0
        },
        {
            "id": "100094301281835",
            "count": 63
        },
        {
            "id": "100051451965796",
            "count": 275
        },
        {
            "id": "100005235045663",
            "count": 0
        },
        {
            "id": "100094703701522",
            "count": 98
        },
        {
            "id": "100001986424154",
            "count": 0
        },
        {
            "id": "100080422647611",
            "count": 0
        },
        {
            "id": "61552123057620",
            "count": 297
        },
        {
            "id": "61550860808086",
            "count": 0
        },
        {
            "id": "100091617204340",
            "count": 0
        },
        {
            "id": "100090458979503",
            "count": 24
        },
        {
            "id": "593577006",
            "count": 212
        },
        {
            "id": "100031845708228",
            "count": 15
        },
        {
            "id": "100077980504363",
            "count": 547
        },
        {
            "id": "100088737923043",
            "count": 11
        },
        {
            "id": "100090168070553",
            "count": 383
        },
        {
            "id": "100074485740415",
            "count": 0
        },
        {
            "id": "100072696458960",
            "count": 185
        },
        {
            "id": "100090260659479",
            "count": 128
        },
        {
            "id": "61551788562933",
            "count": 0
        },
        {
            "id": "61552948641641",
            "count": 0
        },
        {
            "id": "61554438130834",
            "count": 0
        },
        {
            "id": "61554330669793",
            "count": 0
        },
        {
            "id": "61553670189094",
            "count": 0
        },
        {
            "id": "100074224563535",
            "count": 337
        },
        {
            "id": "100005529751371",
            "count": 0
        },
        {
            "id": "100000385494382",
            "count": 0
        },
        {
            "id": "61554380893904",
            "count": 0
        },
        {
            "id": "100001378940139",
            "count": 0
        },
        {
            "id": "100008225821165",
            "count": 165
        },
        {
            "id": "61554972591517",
            "count": 0
        },
        {
            "id": "100078168302063",
            "count": 0
        },
        {
            "id": "61550083044156",
            "count": 0
        },
        {
            "id": "100088805687330",
            "count": 0
        },
        {
            "id": "100003303916938",
            "count": 0
        },
        {
            "id": "61554848964926",
            "count": 0
        },
        {
            "id": "100050465257319",
            "count": 0
        },
        {
            "id": "100026066957350",
            "count": 0
        },
        {
            "id": "100068832382948",
            "count": 1
        },
        {
            "id": "61554987294939",
            "count": 7
        },
        {
            "id": "61554672668571",
            "count": 0
        },
        {
            "id": "100076797473869",
            "count": 1
        },
        {
            "id": "61554676301184",
            "count": 16
        },
        {
            "id": "61550900025099",
            "count": 0
        },
        {
            "id": "100088828990792",
            "count": 0
        },
        {
            "id": "100033572564696",
            "count": 0
        },
        {
            "id": "61554832884350",
            "count": 0
        },
        {
            "id": "61554107373295",
            "count": 44
        },
        {
            "id": "100027187763993",
            "count": 326
        },
        {
            "id": "61552981521155",
            "count": 0
        },
        {
            "id": "100000812303642",
            "count": 250
        },
        {
            "id": "100085073240621",
            "count": 33
        },
        {
            "id": "61554745177235",
            "count": 0
        },
        {
            "id": "100080647629698",
            "count": 26
        },
        {
            "id": "100089774139187",
            "count": 0
        },
        {
            "id": "61550826891708",
            "count": 0
        },
        {
            "id": "61553895095325",
            "count": 0
        },
        {
            "id": "61555291610806",
            "count": 0
        },
        {
            "id": "100092504626324",
            "count": 0
        },
        {
            "id": "61554727913900",
            "count": 132
        },
        {
            "id": "100038391126000",
            "count": 0
        },
        {
            "id": "100077645110355",
            "count": 4
        },
        {
            "id": "100091271858806",
            "count": 109
        },
        {
            "id": "61554533647809",
            "count": 227
        },
        {
            "id": "100081500236829",
            "count": 32
        },
        {
            "id": "61551779831282",
            "count": 0
        },
        {
            "id": "100059953981036",
            "count": 0
        },
        {
            "id": "100093834681242",
            "count": 0
        },
        {
            "id": "61554288235211",
            "count": 0
        },
        {
            "id": "61554807098052",
            "count": 39
        },
        {
            "id": "100000745531418",
            "count": 123
        },
        {
            "id": "100053094052786",
            "count": 0
        },
        {
            "id": "1215894120",
            "count": 202
        },
        {
            "id": "61555061284528",
            "count": 39
        },
        {
            "id": "61554027301141",
            "count": 129
        },
        {
            "id": "61554770537667",
            "count": 132
        },
        {
            "id": "100086415765506",
            "count": 436
        },
        {
            "id": "61555297795246",
            "count": 18
        },
        {
            "id": "61555065869306",
            "count": 20
        },
        {
            "id": "100095621977099",
            "count": 0
        },
        {
            "id": "61555282257448",
            "count": 82
        },
        {
            "id": "100040514860057",
            "count": 0
        },
        {
            "id": "100092941920600",
            "count": 0
        },
        {
            "id": "61551489817933",
            "count": 116
        },
        {
            "id": "61555253219012",
            "count": 147
        },
        {
            "id": "100093566903850",
            "count": 0
        },
        {
            "id": "61555196042097",
            "count": 22
        },
        {
            "id": "61554956021321",
            "count": 0
        },
        {
            "id": "100076769911099",
            "count": 9
        },
        {
            "id": "100001457731968",
            "count": 4
        },
        {
            "id": "100044285316115",
            "count": 44
        },
        {
            "id": "61551810098837",
            "count": 0
        },
        {
            "id": "100037211391552",
            "count": 7
        },
        {
            "id": "100079557714787",
            "count": 10
        }
    ],
    "day": [
        {
            "id": "100004001026261",
            "count": 0
        },
        {
            "id": "61551747333544",
            "count": 4
        },
        {
            "id": "61551120508642",
            "count": 0
        },
        {
            "id": "100038791595043",
            "count": 73
        },
        {
            "id": "100018088576695",
            "count": 10
        },
        {
            "id": "100095105192124",
            "count": 0
        },
        {
            "id": "100091891485289",
            "count": 13
        },
        {
            "id": "100067655090795",
            "count": 61
        },
        {
            "id": "100022448225417",
            "count": 268
        },
        {
            "id": "61553182838112",
            "count": 0
        },
        {
            "id": "61552215686270",
            "count": 0
        },
        {
            "id": "100029072903979",
            "count": 3
        },
        {
            "id": "100083244550129",
            "count": 0
        },
        {
            "id": "100044321752774",
            "count": 0
        },
        {
            "id": "100081797352234",
            "count": 0
        },
        {
            "id": "100084329895588",
            "count": 0
        },
        {
            "id": "61551548624034",
            "count": 0
        },
        {
            "id": "100094236391871",
            "count": 0
        },
        {
            "id": "100038678414010",
            "count": 0
        },
        {
            "id": "100094016695915",
            "count": 0
        },
        {
            "id": "100080476122191",
            "count": 0
        },
        {
            "id": "100035718671407",
            "count": 0
        },
        {
            "id": "100094301281835",
            "count": 63
        },
        {
            "id": "100051451965796",
            "count": 275
        },
        {
            "id": "100005235045663",
            "count": 0
        },
        {
            "id": "100094703701522",
            "count": 98
        },
        {
            "id": "100001986424154",
            "count": 0
        },
        {
            "id": "100080422647611",
            "count": 0
        },
        {
            "id": "61552123057620",
            "count": 297
        },
        {
            "id": "61550860808086",
            "count": 0
        },
        {
            "id": "100091617204340",
            "count": 0
        },
        {
            "id": "100090458979503",
            "count": 24
        },
        {
            "id": "593577006",
            "count": 212
        },
        {
            "id": "100031845708228",
            "count": 15
        },
        {
            "id": "100077980504363",
            "count": 547
        },
        {
            "id": "100088737923043",
            "count": 11
        },
        {
            "id": "100090168070553",
            "count": 383
        },
        {
            "id": "100074485740415",
            "count": 0
        },
        {
            "id": "100072696458960",
            "count": 185
        },
        {
            "id": "100090260659479",
            "count": 128
        },
        {
            "id": "61551788562933",
            "count": 0
        },
        {
            "id": "61552948641641",
            "count": 0
        },
        {
            "id": "61554438130834",
            "count": 0
        },
        {
            "id": "61554330669793",
            "count": 0
        },
        {
            "id": "61553670189094",
            "count": 0
        },
        {
            "id": "100074224563535",
            "count": 337
        },
        {
            "id": "100005529751371",
            "count": 0
        },
        {
            "id": "100000385494382",
            "count": 0
        },
        {
            "id": "61554380893904",
            "count": 0
        },
        {
            "id": "100001378940139",
            "count": 0
        },
        {
            "id": "100008225821165",
            "count": 165
        },
        {
            "id": "61554972591517",
            "count": 0
        },
        {
            "id": "100078168302063",
            "count": 0
        },
        {
            "id": "61550083044156",
            "count": 0
        },
        {
            "id": "100088805687330",
            "count": 0
        },
        {
            "id": "100003303916938",
            "count": 0
        },
        {
            "id": "61554848964926",
            "count": 0
        },
        {
            "id": "100050465257319",
            "count": 0
        },
        {
            "id": "100026066957350",
            "count": 0
        },
        {
            "id": "100068832382948",
            "count": 1
        },
        {
            "id": "61554987294939",
            "count": 7
        },
        {
            "id": "61554672668571",
            "count": 0
        },
        {
            "id": "100076797473869",
            "count": 1
        },
        {
            "id": "61554676301184",
            "count": 16
        },
        {
            "id": "61550900025099",
            "count": 0
        },
        {
            "id": "100088828990792",
            "count": 0
        },
        {
            "id": "100033572564696",
            "count": 0
        },
        {
            "id": "61554832884350",
            "count": 0
        },
        {
            "id": "61554107373295",
            "count": 44
        },
        {
            "id": "100027187763993",
            "count": 326
        },
        {
            "id": "61552981521155",
            "count": 0
        },
        {
            "id": "100000812303642",
            "count": 250
        },
        {
            "id": "100085073240621",
            "count": 33
        },
        {
            "id": "61554745177235",
            "count": 0
        },
        {
            "id": "100080647629698",
            "count": 26
        },
        {
            "id": "100089774139187",
            "count": 0
        },
        {
            "id": "61550826891708",
            "count": 0
        },
        {
            "id": "61553895095325",
            "count": 0
        },
        {
            "id": "61555291610806",
            "count": 0
        },
        {
            "id": "100092504626324",
            "count": 0
        },
        {
            "id": "61554727913900",
            "count": 132
        },
        {
            "id": "100038391126000",
            "count": 0
        },
        {
            "id": "100077645110355",
            "count": 4
        },
        {
            "id": "100091271858806",
            "count": 109
        },
        {
            "id": "61554533647809",
            "count": 227
        },
        {
            "id": "100081500236829",
            "count": 32
        },
        {
            "id": "61551779831282",
            "count": 0
        },
        {
            "id": "100059953981036",
            "count": 0
        },
        {
            "id": "100093834681242",
            "count": 0
        },
        {
            "id": "61554288235211",
            "count": 0
        },
        {
            "id": "61554807098052",
            "count": 39
        },
        {
            "id": "100000745531418",
            "count": 123
        },
        {
            "id": "100053094052786",
            "count": 0
        },
        {
            "id": "1215894120",
            "count": 202
        },
        {
            "id": "61555061284528",
            "count": 39
        },
        {
            "id": "61554027301141",
            "count": 129
        },
        {
            "id": "61554770537667",
            "count": 132
        },
        {
            "id": "100086415765506",
            "count": 436
        },
        {
            "id": "61555297795246",
            "count": 18
        },
        {
            "id": "61555065869306",
            "count": 20
        },
        {
            "id": "100095621977099",
            "count": 0
        },
        {
            "id": "61555282257448",
            "count": 82
        },
        {
            "id": "100040514860057",
            "count": 0
        },
        {
            "id": "100092941920600",
            "count": 0
        },
        {
            "id": "61551489817933",
            "count": 116
        },
        {
            "id": "61555253219012",
            "count": 147
        },
        {
            "id": "100093566903850",
            "count": 0
        },
        {
            "id": "61555196042097",
            "count": 22
        },
        {
            "id": "61554956021321",
            "count": 0
        },
        {
            "id": "100076769911099",
            "count": 9
        },
        {
            "id": "100001457731968",
            "count": 4
        },
        {
            "id": "100044285316115",
            "count": 44
        },
        {
            "id": "61551810098837",
            "count": 0
        },
        {
            "id": "100037211391552",
            "count": 7
        },
        {
            "id": "100079557714787",
            "count": 10
        }
    ],
    "time": 2,
    "last": {
        "time": 0,
        "day": [
            {
                "id": "100004001026261",
                "count": 0
            },
            {
                "id": "61551747333544",
                "count": 0
            },
            {
                "id": "61551120508642",
                "count": 0
            },
            {
                "id": "100038791595043",
                "count": 0
            },
            {
                "id": "100018088576695",
                "count": 0
            },
            {
                "id": "100095105192124",
                "count": 0
            },
            {
                "id": "100091891485289",
                "count": 0
            },
            {
                "id": "100067655090795",
                "count": 0
            },
            {
                "id": "100022448225417",
                "count": 0
            },
            {
                "id": "61553182838112",
                "count": 0
            },
            {
                "id": "61552215686270",
                "count": 0
            },
            {
                "id": "100029072903979",
                "count": 0
            },
            {
                "id": "100083244550129",
                "count": 0
            },
            {
                "id": "100044321752774",
                "count": 0
            },
            {
                "id": "100081797352234",
                "count": 0
            },
            {
                "id": "100084329895588",
                "count": 0
            },
            {
                "id": "61551548624034",
                "count": 0
            },
            {
                "id": "100094236391871",
                "count": 0
            },
            {
                "id": "100038678414010",
                "count": 0
            },
            {
                "id": "100094016695915",
                "count": 0
            },
            {
                "id": "100080476122191",
                "count": 0
            },
            {
                "id": "100035718671407",
                "count": 0
            },
            {
                "id": "100094301281835",
                "count": 0
            },
            {
                "id": "100051451965796",
                "count": 0
            },
            {
                "id": "100005235045663",
                "count": 0
            },
            {
                "id": "100094703701522",
                "count": 0
            },
            {
                "id": "100001986424154",
                "count": 0
            },
            {
                "id": "100080422647611",
                "count": 0
            },
            {
                "id": "61552123057620",
                "count": 0
            },
            {
                "id": "61550860808086",
                "count": 0
            },
            {
                "id": "100091617204340",
                "count": 0
            },
            {
                "id": "100090458979503",
                "count": 0
            },
            {
                "id": "593577006",
                "count": 0
            },
            {
                "id": "100031845708228",
                "count": 0
            },
            {
                "id": "100077980504363",
                "count": 0
            },
            {
                "id": "100088737923043",
                "count": 0
            },
            {
                "id": "100090168070553",
                "count": 0
            },
            {
                "id": "100000745531418",
                "count": 0
            },
            {
                "id": "100074485740415",
                "count": 0
            },
            {
                "id": "100072696458960",
                "count": 0
            },
            {
                "id": "100090260659479",
                "count": 0
            },
            {
                "id": "61551788562933",
                "count": 0
            },
            {
                "id": "61552948641641",
                "count": 0
            },
            {
                "id": "100051225465219",
                "count": 0
            },
            {
                "id": "61554438130834",
                "count": 0
            },
            {
                "id": "61554330669793",
                "count": 0
            },
            {
                "id": "61553670189094",
                "count": 0
            },
            {
                "id": "100074224563535",
                "count": 0
            },
            {
                "id": "100005529751371",
                "count": 0
            },
            {
                "id": "100000385494382",
                "count": 0
            },
            {
                "id": "61554380893904",
                "count": 0
            },
            {
                "id": "100001378940139",
                "count": 0
            },
            {
                "id": "100008225821165",
                "count": 0
            },
            {
                "id": "61554972591517",
                "count": 0
            },
            {
                "id": "100078168302063",
                "count": 0
            },
            {
                "id": "61550083044156",
                "count": 0
            },
            {
                "id": "100088805687330",
                "count": 0
            },
            {
                "id": "100003303916938",
                "count": 0
            },
            {
                "id": "61554848964926",
                "count": 0
            },
            {
                "id": "100050465257319",
                "count": 0
            },
            {
                "id": "100026066957350",
                "count": 0
            },
            {
                "id": "100068832382948",
                "count": 0
            },
            {
                "id": "61554987294939",
                "count": 0
            },
            {
                "id": "61554672668571",
                "count": 0
            },
            {
                "id": "100076797473869",
                "count": 0
            },
            {
                "id": "61554676301184",
                "count": 0
            },
            {
                "id": "61550900025099",
                "count": 0
            },
            {
                "id": "100088828990792",
                "count": 0
            },
            {
                "id": "100033572564696",
                "count": 0
            },
            {
                "id": "61554832884350",
                "count": 0
            },
            {
                "id": "61554107373295",
                "count": 0
            },
            {
                "id": "100027187763993",
                "count": 0
            },
            {
                "id": "61552981521155",
                "count": 0
            },
            {
                "id": "100000812303642",
                "count": 0
            },
            {
                "id": "100085073240621",
                "count": 0
            },
            {
                "id": "61554745177235",
                "count": 0
            },
            {
                "id": "100080647629698",
                "count": 0
            },
            {
                "id": "100089774139187",
                "count": 0
            },
            {
                "id": "61550826891708",
                "count": 0
            },
            {
                "id": "61553895095325",
                "count": 0
            },
            {
                "id": "61555291610806",
                "count": 0
            },
            {
                "id": "100092504626324",
                "count": 0
            },
            {
                "id": "61554727913900",
                "count": 0
            },
            {
                "id": "100038391126000",
                "count": 0
            },
            {
                "id": "100077645110355",
                "count": 0
            },
            {
                "id": "61555065869306",
                "count": 0
            },
            {
                "id": "100034521728039",
                "count": 0
            },
            {
                "id": "100091271858806",
                "count": 0
            },
            {
                "id": "61552918438585",
                "count": 0
            },
            {
                "id": "61554533647809",
                "count": 0
            },
            {
                "id": "100081500236829",
                "count": 0
            },
            {
                "id": "61551779831282",
                "count": 0
            },
            {
                "id": "100059953981036",
                "count": 0
            },
            {
                "id": "100093834681242",
                "count": 0
            },
            {
                "id": "61554288235211",
                "count": 0
            },
            {
                "id": "61554807098052",
                "count": 0
            },
            {
                "id": "100053094052786",
                "count": 0
            },
            {
                "id": "1215894120",
                "count": 0
            },
            {
                "id": "61555061284528",
                "count": 0
            },
            {
                "id": "61554027301141",
                "count": 0
            },
            {
                "id": "61554770537667",
                "count": 0
            },
            {
                "id": "100086415765506",
                "count": 0
            },
            {
                "id": "61555297795246",
                "count": 0
            },
            {
                "id": "100095621977099",
                "count": 0
            },
            {
                "id": "61555282257448",
                "count": 0
            },
            {
                "id": "100040514860057",
                "count": 0
            },
            {
                "id": "100092941920600",
                "count": 0
            },
            {
                "id": "61551489817933",
                "count": 0
            },
            {
                "id": "61555253219012",
                "count": 0
            },
            {
                "id": "100093566903850",
                "count": 0
            },
            {
                "id": "61555196042097",
                "count": 0
            },
            {
                "id": "61554956021321",
                "count": 0
            },
            {
                "id": "100076769911099",
                "count": 0
            },
            {
                "id": "100001457731968",
                "count": 0
            },
            {
                "id": "100044285316115",
                "count": 0
            },
            {
                "id": "61551810098837",
                "count": 0
            },
            {
                "id": "100037211391552",
                "count": 0
            },
            {
                "id": "100079557714787",
                "count": 0
            }
        ],
        "week": [
            {
                "id": "100004001026261",
                "count": 0
            },
            {
                "id": "61551747333544",
                "count": 0
            },
            {
                "id": "61551120508642",
                "count": 0
            },
            {
                "id": "100038791595043",
                "count": 0
            },
            {
                "id": "100018088576695",
                "count": 0
            },
            {
                "id": "100095105192124",
                "count": 0
            },
            {
                "id": "100091891485289",
                "count": 0
            },
            {
                "id": "100067655090795",
                "count": 0
            },
            {
                "id": "100022448225417",
                "count": 0
            },
            {
                "id": "61553182838112",
                "count": 0
            },
            {
                "id": "61552215686270",
                "count": 0
            },
            {
                "id": "100029072903979",
                "count": 0
            },
            {
                "id": "100083244550129",
                "count": 0
            },
            {
                "id": "100044321752774",
                "count": 0
            },
            {
                "id": "100081797352234",
                "count": 0
            },
            {
                "id": "100084329895588",
                "count": 0
            },
            {
                "id": "61551548624034",
                "count": 0
            },
            {
                "id": "100094236391871",
                "count": 0
            },
            {
                "id": "100038678414010",
                "count": 0
            },
            {
                "id": "100094016695915",
                "count": 0
            },
            {
                "id": "100080476122191",
                "count": 0
            },
            {
                "id": "100035718671407",
                "count": 0
            },
            {
                "id": "100094301281835",
                "count": 0
            },
            {
                "id": "100051451965796",
                "count": 0
            },
            {
                "id": "100005235045663",
                "count": 0
            },
            {
                "id": "100094703701522",
                "count": 0
            },
            {
                "id": "100001986424154",
                "count": 0
            },
            {
                "id": "100080422647611",
                "count": 0
            },
            {
                "id": "61552123057620",
                "count": 0
            },
            {
                "id": "61550860808086",
                "count": 0
            },
            {
                "id": "100091617204340",
                "count": 0
            },
            {
                "id": "100090458979503",
                "count": 0
            },
            {
                "id": "593577006",
                "count": 0
            },
            {
                "id": "100031845708228",
                "count": 0
            },
            {
                "id": "100077980504363",
                "count": 0
            },
            {
                "id": "100088737923043",
                "count": 0
            },
            {
                "id": "100090168070553",
                "count": 0
            },
            {
                "id": "100000745531418",
                "count": 0
            },
            {
                "id": "100074485740415",
                "count": 0
            },
            {
                "id": "100072696458960",
                "count": 0
            },
            {
                "id": "100090260659479",
                "count": 0
            },
            {
                "id": "61551788562933",
                "count": 0
            },
            {
                "id": "61552948641641",
                "count": 0
            },
            {
                "id": "100051225465219",
                "count": 0
            },
            {
                "id": "61554438130834",
                "count": 0
            },
            {
                "id": "61554330669793",
                "count": 0
            },
            {
                "id": "61553670189094",
                "count": 0
            },
            {
                "id": "100074224563535",
                "count": 0
            },
            {
                "id": "100005529751371",
                "count": 0
            },
            {
                "id": "100000385494382",
                "count": 0
            },
            {
                "id": "61554380893904",
                "count": 0
            },
            {
                "id": "100001378940139",
                "count": 0
            },
            {
                "id": "100008225821165",
                "count": 0
            },
            {
                "id": "61554972591517",
                "count": 0
            },
            {
                "id": "100078168302063",
                "count": 0
            },
            {
                "id": "61550083044156",
                "count": 0
            },
            {
                "id": "100088805687330",
                "count": 0
            },
            {
                "id": "100003303916938",
                "count": 0
            },
            {
                "id": "61554848964926",
                "count": 0
            },
            {
                "id": "100050465257319",
                "count": 0
            },
            {
                "id": "100026066957350",
                "count": 0
            },
            {
                "id": "100068832382948",
                "count": 0
            },
            {
                "id": "61554987294939",
                "count": 0
            },
            {
                "id": "61554672668571",
                "count": 0
            },
            {
                "id": "100076797473869",
                "count": 0
            },
            {
                "id": "61554676301184",
                "count": 0
            },
            {
                "id": "61550900025099",
                "count": 0
            },
            {
                "id": "100088828990792",
                "count": 0
            },
            {
                "id": "100033572564696",
                "count": 0
            },
            {
                "id": "61554832884350",
                "count": 0
            },
            {
                "id": "61554107373295",
                "count": 0
            },
            {
                "id": "100027187763993",
                "count": 0
            },
            {
                "id": "61552981521155",
                "count": 0
            },
            {
                "id": "100000812303642",
                "count": 0
            },
            {
                "id": "100085073240621",
                "count": 0
            },
            {
                "id": "61554745177235",
                "count": 0
            },
            {
                "id": "100080647629698",
                "count": 0
            },
            {
                "id": "100089774139187",
                "count": 0
            },
            {
                "id": "61550826891708",
                "count": 0
            },
            {
                "id": "61553895095325",
                "count": 0
            },
            {
                "id": "61555291610806",
                "count": 0
            },
            {
                "id": "100092504626324",
                "count": 0
            },
            {
                "id": "61554727913900",
                "count": 0
            },
            {
                "id": "100038391126000",
                "count": 0
            },
            {
                "id": "100077645110355",
                "count": 0
            },
            {
                "id": "61555065869306",
                "count": 0
            },
            {
                "id": "100034521728039",
                "count": 0
            },
            {
                "id": "100091271858806",
                "count": 0
            },
            {
                "id": "61552918438585",
                "count": 0
            },
            {
                "id": "61554533647809",
                "count": 0
            },
            {
                "id": "100081500236829",
                "count": 0
            },
            {
                "id": "61551779831282",
                "count": 0
            },
            {
                "id": "100059953981036",
                "count": 0
            },
            {
                "id": "100093834681242",
                "count": 0
            },
            {
                "id": "61554288235211",
                "count": 0
            },
            {
                "id": "61554807098052",
                "count": 0
            },
            {
                "id": "100053094052786",
                "count": 0
            },
            {
                "id": "1215894120",
                "count": 0
            },
            {
                "id": "61555061284528",
                "count": 0
            },
            {
                "id": "61554027301141",
                "count": 0
            },
            {
                "id": "61554770537667",
                "count": 0
            },
            {
                "id": "100086415765506",
                "count": 0
            },
            {
                "id": "61555297795246",
                "count": 0
            },
            {
                "id": "100095621977099",
                "count": 0
            },
            {
                "id": "61555282257448",
                "count": 0
            },
            {
                "id": "100040514860057",
                "count": 0
            },
            {
                "id": "100092941920600",
                "count": 0
            },
            {
                "id": "61551489817933",
                "count": 0
            },
            {
                "id": "61555253219012",
                "count": 0
            },
            {
                "id": "100093566903850",
                "count": 0
            },
            {
                "id": "61555196042097",
                "count": 0
            },
            {
                "id": "61554956021321",
                "count": 0
            },
            {
                "id": "100076769911099",
                "count": 0
            },
            {
                "id": "100001457731968",
                "count": 0
            },
            {
                "id": "100044285316115",
                "count": 0
            },
            {
                "id": "61551810098837",
                "count": 0
            },
            {
                "id": "100037211391552",
                "count": 0
            },
            {
                "id": "100079557714787",
                "count": 0
            }
        ]
    }
}