{
    "total": [
        {
            "id": "61552951353016",
            "count": 0
        },
        {
            "id": "100094732320738",
            "count": 2
        },
        {
            "id": "61555756589720",
            "count": 2
        }
    ],
    "week": [
        {
            "id": "61552951353016",
            "count": 0
        },
        {
            "id": "100094732320738",
            "count": 2
        },
        {
            "id": "61555756589720",
            "count": 2
        }
    ],
    "day": [
        {
            "id": "61552951353016",
            "count": 0
        },
        {
            "id": "100094732320738",
            "count": 2
        },
        {
            "id": "61555756589720",
            "count": 2
        }
    ],
    "time": 2,
    "last": {
        "time": 5,
        "day": [
            {
                "id": "61552951353016",
                "count": 0
            },
            {
                "id": "100094732320738",
                "count": 0
            },
            {
                "id": "61555756589720",
                "count": 0
            }
        ],
        "week": [
            {
                "id": "61552951353016",
                "count": 0
            },
            {
                "id": "100094732320738",
                "count": 0
            },
            {
                "id": "61555756589720",
                "count": 0
            }
        ]
    }
}