{
    "total": [
        {
            "id": "61554568286246",
            "count": 53
        },
        {
            "id": "61555731088473",
            "count": 0
        },
        {
            "id": "100077980504363",
            "count": 177
        }
    ],
    "week": [
        {
            "id": "61554568286246",
            "count": 53
        },
        {
            "id": "61555731088473",
            "count": 0
        },
        {
            "id": "100077980504363",
            "count": 177
        }
    ],
    "day": [
        {
            "id": "61554568286246",
            "count": 53
        },
        {
            "id": "61555731088473",
            "count": 0
        },
        {
            "id": "100077980504363",
            "count": 177
        }
    ],
    "time": 2,
    "last": {
        "time": 6,
        "day": [
            {
                "id": "61554568286246",
                "count": 0
            },
            {
                "id": "61555731088473",
                "count": 0
            },
            {
                "id": "100077980504363",
                "count": 0
            }
        ],
        "week": [
            {
                "id": "61554568286246",
                "count": 0
            },
            {
                "id": "61555731088473",
                "count": 0
            },
            {
                "id": "100077980504363",
                "count": 0
            }
        ]
    }
}