{
    "total": [
        {
            "id": "100039718591975",
            "count": 57
        },
        {
            "id": "100077980504363",
            "count": 145
        },
        {
            "id": "100047807349926",
            "count": 64
        },
        {
            "id": "61551995616532",
            "count": 21
        },
        {
            "id": "100055196785138",
            "count": 16
        },
        {
            "id": "100088272393789",
            "count": 0
        },
        {
            "id": "61555740481258",
            "count": 6
        },
        {
            "id": "100092484434853",
            "count": 73
        },
        {
            "id": "100083225325572",
            "count": 4
        },
        {
            "id": "100047759311760",
            "count": 3
        },
        {
            "id": "100082244485034",
            "count": 9
        },
        {
            "id": "100037572461530",
            "count": 1
        },
        {
            "id": "100083098641188",
            "count": 19
        },
        {
            "id": "100087254597809",
            "count": 7
        },
        {
            "id": "100084139877476",
            "count": 0
        },
        {
            "id": "61553729878776",
            "count": 0
        },
        {
            "id": "100080065874122",
            "count": 4
        },
        {
            "id": "61553199426541",
            "count": 0
        }
    ],
    "week": [
        {
            "id": "100039718591975",
            "count": 57
        },
        {
            "id": "100077980504363",
            "count": 145
        },
        {
            "id": "100047807349926",
            "count": 64
        },
        {
            "id": "61551995616532",
            "count": 21
        },
        {
            "id": "100055196785138",
            "count": 16
        },
        {
            "id": "100088272393789",
            "count": 0
        },
        {
            "id": "61555740481258",
            "count": 6
        },
        {
            "id": "100092484434853",
            "count": 73
        },
        {
            "id": "100083225325572",
            "count": 4
        },
        {
            "id": "100047759311760",
            "count": 3
        },
        {
            "id": "100082244485034",
            "count": 9
        },
        {
            "id": "100037572461530",
            "count": 1
        },
        {
            "id": "100083098641188",
            "count": 19
        },
        {
            "id": "100087254597809",
            "count": 7
        },
        {
            "id": "100084139877476",
            "count": 0
        },
        {
            "id": "61553729878776",
            "count": 0
        },
        {
            "id": "100080065874122",
            "count": 4
        },
        {
            "id": "61553199426541",
            "count": 0
        }
    ],
    "day": [
        {
            "id": "100039718591975",
            "count": 57
        },
        {
            "id": "100077980504363",
            "count": 145
        },
        {
            "id": "100047807349926",
            "count": 64
        },
        {
            "id": "61551995616532",
            "count": 21
        },
        {
            "id": "100055196785138",
            "count": 16
        },
        {
            "id": "100088272393789",
            "count": 0
        },
        {
            "id": "61555740481258",
            "count": 6
        },
        {
            "id": "100092484434853",
            "count": 73
        },
        {
            "id": "100083225325572",
            "count": 4
        },
        {
            "id": "100047759311760",
            "count": 3
        },
        {
            "id": "100082244485034",
            "count": 9
        },
        {
            "id": "100037572461530",
            "count": 1
        },
        {
            "id": "100083098641188",
            "count": 19
        },
        {
            "id": "100087254597809",
            "count": 7
        },
        {
            "id": "100084139877476",
            "count": 0
        },
        {
            "id": "61553729878776",
            "count": 0
        },
        {
            "id": "100080065874122",
            "count": 4
        },
        {
            "id": "61553199426541",
            "count": 0
        }
    ],
    "time": 2,
    "last": {
        "time": 0,
        "day": [
            {
                "id": "100039718591975",
                "count": 0
            },
            {
                "id": "100077980504363",
                "count": 0
            },
            {
                "id": "100047807349926",
                "count": 0
            },
            {
                "id": "61551995616532",
                "count": 0
            },
            {
                "id": "100055196785138",
                "count": 0
            },
            {
                "id": "100088272393789",
                "count": 0
            },
            {
                "id": "61555740481258",
                "count": 0
            },
            {
                "id": "100092484434853",
                "count": 0
            },
            {
                "id": "100083225325572",
                "count": 0
            },
            {
                "id": "100047759311760",
                "count": 0
            },
            {
                "id": "100082244485034",
                "count": 0
            },
            {
                "id": "100037572461530",
                "count": 0
            },
            {
                "id": "100083098641188",
                "count": 0
            },
            {
                "id": "100087254597809",
                "count": 0
            },
            {
                "id": "100084139877476",
                "count": 0
            },
            {
                "id": "61553729878776",
                "count": 0
            },
            {
                "id": "100080065874122",
                "count": 0
            },
            {
                "id": "61553199426541",
                "count": 0
            }
        ],
        "week": [
            {
                "id": "100039718591975",
                "count": 0
            },
            {
                "id": "100077980504363",
                "count": 0
            },
            {
                "id": "100047807349926",
                "count": 0
            },
            {
                "id": "61551995616532",
                "count": 0
            },
            {
                "id": "100055196785138",
                "count": 0
            },
            {
                "id": "100088272393789",
                "count": 0
            },
            {
                "id": "61555740481258",
                "count": 0
            },
            {
                "id": "100092484434853",
                "count": 0
            },
            {
                "id": "100083225325572",
                "count": 0
            },
            {
                "id": "100047759311760",
                "count": 0
            },
            {
                "id": "100082244485034",
                "count": 0
            },
            {
                "id": "100037572461530",
                "count": 0
            },
            {
                "id": "100083098641188",
                "count": 0
            },
            {
                "id": "100087254597809",
                "count": 0
            },
            {
                "id": "100084139877476",
                "count": 0
            },
            {
                "id": "61553729878776",
                "count": 0
            },
            {
                "id": "100080065874122",
                "count": 0
            },
            {
                "id": "61553199426541",
                "count": 0
            }
        ]
    }
}