{
    "total": [
        {
            "id": "100050050174167",
            "count": 0
        },
        {
            "id": "100087624305007",
            "count": 1
        },
        {
            "id": "100080285889349",
            "count": 0
        },
        {
            "id": "100091622771530",
            "count": 0
        },
        {
            "id": "61553349216286",
            "count": 0
        },
        {
            "id": "100087591494915",
            "count": 0
        },
        {
            "id": "100090088371998",
            "count": 0
        },
        {
            "id": "61555149504191",
            "count": 0
        },
        {
            "id": "61555007487853",
            "count": 0
        },
        {
            "id": "100070207921540",
            "count": 0
        },
        {
            "id": "61551776023441",
            "count": 6
        },
        {
            "id": "100093839091482",
            "count": 0
        },
        {
            "id": "61554552417727",
            "count": 9
        },
        {
            "id": "100090305580673",
            "count": 0
        },
        {
            "id": "100094088987735",
            "count": 0
        },
        {
            "id": "61550349090889",
            "count": 0
        },
        {
            "id": "100076515777756",
            "count": 0
        },
        {
            "id": "100082690267302",
            "count": 28
        },
        {
            "id": "100080457811871",
            "count": 0
        },
        {
            "id": "61553401031830",
            "count": 13
        },
        {
            "id": "100086346686126",
            "count": 0
        },
        {
            "id": "61550088023424",
            "count": 0
        },
        {
            "id": "100091076510931",
            "count": 0
        },
        {
            "id": "100086853340623",
            "count": 0
        },
        {
            "id": "61554964325560",
            "count": 0
        },
        {
            "id": "100095389160133",
            "count": 0
        },
        {
            "id": "100088089366951",
            "count": 0
        },
        {
            "id": "100076113949731",
            "count": 0
        },
        {
            "id": "100063702661402",
            "count": 0
        },
        {
            "id": "100093174500674",
            "count": 0
        },
        {
            "id": "61550109811607",
            "count": 0
        },
        {
            "id": "100078917556814",
            "count": 0
        },
        {
            "id": "100073239312563",
            "count": 3
        },
        {
            "id": "61555073585378",
            "count": 0
        },
        {
            "id": "61553470657193",
            "count": 0
        },
        {
            "id": "100087479357519",
            "count": 0
        },
        {
            "id": "100077428110444",
            "count": 0
        },
        {
            "id": "100083552504228",
            "count": 0
        },
        {
            "id": "61554754449332",
            "count": 0
        },
        {
            "id": "61554473753059",
            "count": 0
        },
        {
            "id": "100064002999298",
            "count": 0
        },
        {
            "id": "100079960022852",
            "count": 0
        },
        {
            "id": "61551836192034",
            "count": 0
        },
        {
            "id": "61552481468755",
            "count": 0
        },
        {
            "id": "61553196210540",
            "count": 0
        },
        {
            "id": "61553257810424",
            "count": 0
        },
        {
            "id": "61554131115669",
            "count": 0
        },
        {
            "id": "61554424237516",
            "count": 0
        },
        {
            "id": "61554723071200",
            "count": 0
        },
        {
            "id": "61554873853087",
            "count": 0
        },
        {
            "id": "100087216309746",
            "count": 0
        },
        {
            "id": "100092586880047",
            "count": 0
        },
        {
            "id": "61550072573711",
            "count": 0
        },
        {
            "id": "100070270132751",
            "count": 0
        },
        {
            "id": "61555391631515",
            "count": 0
        },
        {
            "id": "100091465368267",
            "count": 0
        },
        {
            "id": "61555408915432",
            "count": 0
        },
        {
            "id": "61555178307407",
            "count": 0
        },
        {
            "id": "100090215355522",
            "count": 0
        },
        {
            "id": "100092876220585",
            "count": 24
        },
        {
            "id": "61554871914906",
            "count": 0
        },
        {
            "id": "61550721964094",
            "count": 0
        },
        {
            "id": "61555381495125",
            "count": 0
        },
        {
            "id": "61552636235768",
            "count": 0
        },
        {
            "id": "61554855543963",
            "count": 0
        },
        {
            "id": "100082782741658",
            "count": 0
        },
        {
            "id": "100073938862932",
            "count": 0
        },
        {
            "id": "100093573825647",
            "count": 0
        },
        {
            "id": "100086405162382",
            "count": 0
        },
        {
            "id": "61554902370098",
            "count": 0
        },
        {
            "id": "61555148081209",
            "count": 0
        },
        {
            "id": "61552185051095",
            "count": 4
        },
        {
            "id": "61555041998587",
            "count": 0
        },
        {
            "id": "61554770981340",
            "count": 208
        },
        {
            "id": "61553987609533",
            "count": 0
        },
        {
            "id": "100093494611793",
            "count": 0
        },
        {
            "id": "61555185730567",
            "count": 0
        },
        {
            "id": "100087570596005",
            "count": 0
        },
        {
            "id": "61553828293394",
            "count": 0
        },
        {
            "id": "61554748152022",
            "count": 0
        },
        {
            "id": "61555198778205",
            "count": 0
        },
        {
            "id": "61551793952649",
            "count": 0
        },
        {
            "id": "61550823172659",
            "count": 0
        },
        {
            "id": "61550237030796",
            "count": 0
        },
        {
            "id": "100023613430193",
            "count": 0
        },
        {
            "id": "100031230603251",
            "count": 0
        },
        {
            "id": "676396838",
            "count": 0
        },
        {
            "id": "61555462281194",
            "count": 0
        },
        {
            "id": "61555597910910",
            "count": 0
        },
        {
            "id": "100081775794360",
            "count": 0
        },
        {
            "id": "61555332245141",
            "count": 0
        },
        {
            "id": "100004057808134",
            "count": 0
        },
        {
            "id": "100001149346432",
            "count": 0
        },
        {
            "id": "61555351504870",
            "count": 17
        },
        {
            "id": "61555235342537",
            "count": 0
        },
        {
            "id": "100093599951940",
            "count": 0
        },
        {
            "id": "100081269497431",
            "count": 0
        },
        {
            "id": "61554651369668",
            "count": 0
        },
        {
            "id": "61554152833413",
            "count": 0
        },
        {
            "id": "61552657845647",
            "count": 0
        },
        {
            "id": "61553983583807",
            "count": 0
        },
        {
            "id": "100090926391971",
            "count": 0
        },
        {
            "id": "61554690031427",
            "count": 0
        },
        {
            "id": "61552265343455",
            "count": 0
        },
        {
            "id": "61555423015443",
            "count": 0
        },
        {
            "id": "61554748521977",
            "count": 0
        },
        {
            "id": "100094419352598",
            "count": 0
        },
        {
            "id": "61553002288241",
            "count": 0
        },
        {
            "id": "100011666886117",
            "count": 0
        },
        {
            "id": "100069367333398",
            "count": 0
        },
        {
            "id": "100088810719562",
            "count": 0
        },
        {
            "id": "61550980648098",
            "count": 0
        },
        {
            "id": "61554888940857",
            "count": 0
        },
        {
            "id": "100090290918080",
            "count": 0
        },
        {
            "id": "100079878943570",
            "count": 0
        },
        {
            "id": "100003556752471",
            "count": 0
        },
        {
            "id": "100074433486941",
            "count": 0
        },
        {
            "id": "61555531382961",
            "count": 0
        },
        {
            "id": "100082279272321",
            "count": 0
        },
        {
            "id": "61555346886997",
            "count": 116
        },
        {
            "id": "61550532886829",
            "count": 6
        },
        {
            "id": "61554861870068",
            "count": 0
        },
        {
            "id": "100094539891147",
            "count": 12
        },
        {
            "id": "100094779854530",
            "count": 0
        },
        {
            "id": "754496256",
            "count": 0
        },
        {
            "id": "100053488064454",
            "count": 0
        },
        {
            "id": "61555556043082",
            "count": 0
        },
        {
            "id": "61555015060828",
            "count": 0
        },
        {
            "id": "61555212216772",
            "count": 0
        },
        {
            "id": "100055021135084",
            "count": 0
        },
        {
            "id": "61551761126634",
            "count": 0
        },
        {
            "id": "61555503088892",
            "count": 0
        },
        {
            "id": "100069823646291",
            "count": 0
        },
        {
            "id": "100075804362731",
            "count": 0
        },
        {
            "id": "100078027371572",
            "count": 0
        },
        {
            "id": "100077130257189",
            "count": 0
        },
        {
            "id": "100093122614068",
            "count": 0
        },
        {
            "id": "100052766954235",
            "count": 13
        },
        {
            "id": "100078920453660",
            "count": 0
        },
        {
            "id": "100074889344256",
            "count": 77
        },
        {
            "id": "61553455081633",
            "count": 0
        },
        {
            "id": "61555791535083",
            "count": 0
        },
        {
            "id": "61555339242640",
            "count": 0
        },
        {
            "id": "61555272855711",
            "count": 0
        },
        {
            "id": "61555725627480",
            "count": 0
        },
        {
            "id": "100093104305213",
            "count": 0
        },
        {
            "id": "61555524532043",
            "count": 0
        },
        {
            "id": "100053010233581",
            "count": 0
        },
        {
            "id": "100085017235090",
            "count": 1
        },
        {
            "id": "61555253267441",
            "count": 0
        },
        {
            "id": "61555394737451",
            "count": 0
        },
        {
            "id": "61555789286089",
            "count": 0
        },
        {
            "id": "100092159634693",
            "count": 0
        },
        {
            "id": "1667486092",
            "count": 0
        },
        {
            "id": "100079999735870",
            "count": 0
        },
        {
            "id": "100004095012202",
            "count": 0
        },
        {
            "id": "1099974218",
            "count": 6
        },
        {
            "id": "61555776116903",
            "count": 0
        },
        {
            "id": "100090026750137",
            "count": 0
        },
        {
            "id": "61555372603393",
            "count": 51
        },
        {
            "id": "100081023208334",
            "count": 64
        },
        {
            "id": "61552125144713",
            "count": 37
        },
        {
            "id": "100075963637361",
            "count": 0
        },
        {
            "id": "100059765285823",
            "count": 0
        }
    ],
    "week": [
        {
            "id": "100050050174167",
            "count": 0
        },
        {
            "id": "100087624305007",
            "count": 1
        },
        {
            "id": "100080285889349",
            "count": 0
        },
        {
            "id": "100091622771530",
            "count": 0
        },
        {
            "id": "61553349216286",
            "count": 0
        },
        {
            "id": "100087591494915",
            "count": 0
        },
        {
            "id": "100090088371998",
            "count": 0
        },
        {
            "id": "61555149504191",
            "count": 0
        },
        {
            "id": "61555007487853",
            "count": 0
        },
        {
            "id": "100070207921540",
            "count": 0
        },
        {
            "id": "61551776023441",
            "count": 6
        },
        {
            "id": "100093839091482",
            "count": 0
        },
        {
            "id": "61554552417727",
            "count": 9
        },
        {
            "id": "100090305580673",
            "count": 0
        },
        {
            "id": "100094088987735",
            "count": 0
        },
        {
            "id": "61550349090889",
            "count": 0
        },
        {
            "id": "100076515777756",
            "count": 0
        },
        {
            "id": "100082690267302",
            "count": 28
        },
        {
            "id": "100080457811871",
            "count": 0
        },
        {
            "id": "61553401031830",
            "count": 13
        },
        {
            "id": "100086346686126",
            "count": 0
        },
        {
            "id": "61550088023424",
            "count": 0
        },
        {
            "id": "100091076510931",
            "count": 0
        },
        {
            "id": "100086853340623",
            "count": 0
        },
        {
            "id": "61554964325560",
            "count": 0
        },
        {
            "id": "100095389160133",
            "count": 0
        },
        {
            "id": "100088089366951",
            "count": 0
        },
        {
            "id": "100076113949731",
            "count": 0
        },
        {
            "id": "100063702661402",
            "count": 0
        },
        {
            "id": "100093174500674",
            "count": 0
        },
        {
            "id": "61550109811607",
            "count": 0
        },
        {
            "id": "100078917556814",
            "count": 0
        },
        {
            "id": "100073239312563",
            "count": 3
        },
        {
            "id": "61555073585378",
            "count": 0
        },
        {
            "id": "61553470657193",
            "count": 0
        },
        {
            "id": "100087479357519",
            "count": 0
        },
        {
            "id": "100077428110444",
            "count": 0
        },
        {
            "id": "100083552504228",
            "count": 0
        },
        {
            "id": "61554754449332",
            "count": 0
        },
        {
            "id": "61554473753059",
            "count": 0
        },
        {
            "id": "100064002999298",
            "count": 0
        },
        {
            "id": "100079960022852",
            "count": 0
        },
        {
            "id": "61551836192034",
            "count": 0
        },
        {
            "id": "61552481468755",
            "count": 0
        },
        {
            "id": "61553196210540",
            "count": 0
        },
        {
            "id": "61553257810424",
            "count": 0
        },
        {
            "id": "61554131115669",
            "count": 0
        },
        {
            "id": "61554424237516",
            "count": 0
        },
        {
            "id": "61554723071200",
            "count": 0
        },
        {
            "id": "61554873853087",
            "count": 0
        },
        {
            "id": "100087216309746",
            "count": 0
        },
        {
            "id": "100092586880047",
            "count": 0
        },
        {
            "id": "61550072573711",
            "count": 0
        },
        {
            "id": "100070270132751",
            "count": 0
        },
        {
            "id": "61555391631515",
            "count": 0
        },
        {
            "id": "100091465368267",
            "count": 0
        },
        {
            "id": "61555408915432",
            "count": 0
        },
        {
            "id": "61555178307407",
            "count": 0
        },
        {
            "id": "100090215355522",
            "count": 0
        },
        {
            "id": "100092876220585",
            "count": 24
        },
        {
            "id": "61554871914906",
            "count": 0
        },
        {
            "id": "61550721964094",
            "count": 0
        },
        {
            "id": "61555381495125",
            "count": 0
        },
        {
            "id": "61552636235768",
            "count": 0
        },
        {
            "id": "61554855543963",
            "count": 0
        },
        {
            "id": "100082782741658",
            "count": 0
        },
        {
            "id": "100073938862932",
            "count": 0
        },
        {
            "id": "100093573825647",
            "count": 0
        },
        {
            "id": "100086405162382",
            "count": 0
        },
        {
            "id": "61554902370098",
            "count": 0
        },
        {
            "id": "61555148081209",
            "count": 0
        },
        {
            "id": "61552185051095",
            "count": 4
        },
        {
            "id": "61555041998587",
            "count": 0
        },
        {
            "id": "61554770981340",
            "count": 208
        },
        {
            "id": "61553987609533",
            "count": 0
        },
        {
            "id": "100093494611793",
            "count": 0
        },
        {
            "id": "61555185730567",
            "count": 0
        },
        {
            "id": "100087570596005",
            "count": 0
        },
        {
            "id": "61553828293394",
            "count": 0
        },
        {
            "id": "61554748152022",
            "count": 0
        },
        {
            "id": "61555198778205",
            "count": 0
        },
        {
            "id": "61551793952649",
            "count": 0
        },
        {
            "id": "61550823172659",
            "count": 0
        },
        {
            "id": "61550237030796",
            "count": 0
        },
        {
            "id": "100023613430193",
            "count": 0
        },
        {
            "id": "100031230603251",
            "count": 0
        },
        {
            "id": "676396838",
            "count": 0
        },
        {
            "id": "61555462281194",
            "count": 0
        },
        {
            "id": "61555597910910",
            "count": 0
        },
        {
            "id": "100081775794360",
            "count": 0
        },
        {
            "id": "61555332245141",
            "count": 0
        },
        {
            "id": "100004057808134",
            "count": 0
        },
        {
            "id": "100001149346432",
            "count": 0
        },
        {
            "id": "61555351504870",
            "count": 17
        },
        {
            "id": "61555235342537",
            "count": 0
        },
        {
            "id": "100093599951940",
            "count": 0
        },
        {
            "id": "100081269497431",
            "count": 0
        },
        {
            "id": "61554651369668",
            "count": 0
        },
        {
            "id": "61554152833413",
            "count": 0
        },
        {
            "id": "61552657845647",
            "count": 0
        },
        {
            "id": "61553983583807",
            "count": 0
        },
        {
            "id": "100090926391971",
            "count": 0
        },
        {
            "id": "61554690031427",
            "count": 0
        },
        {
            "id": "61552265343455",
            "count": 0
        },
        {
            "id": "61555423015443",
            "count": 0
        },
        {
            "id": "61554748521977",
            "count": 0
        },
        {
            "id": "100094419352598",
            "count": 0
        },
        {
            "id": "61553002288241",
            "count": 0
        },
        {
            "id": "100011666886117",
            "count": 0
        },
        {
            "id": "100069367333398",
            "count": 0
        },
        {
            "id": "100088810719562",
            "count": 0
        },
        {
            "id": "61550980648098",
            "count": 0
        },
        {
            "id": "61554888940857",
            "count": 0
        },
        {
            "id": "100090290918080",
            "count": 0
        },
        {
            "id": "100079878943570",
            "count": 0
        },
        {
            "id": "100003556752471",
            "count": 0
        },
        {
            "id": "100074433486941",
            "count": 0
        },
        {
            "id": "61555531382961",
            "count": 0
        },
        {
            "id": "100082279272321",
            "count": 0
        },
        {
            "id": "61555346886997",
            "count": 116
        },
        {
            "id": "61550532886829",
            "count": 6
        },
        {
            "id": "61554861870068",
            "count": 0
        },
        {
            "id": "100094539891147",
            "count": 12
        },
        {
            "id": "100094779854530",
            "count": 0
        },
        {
            "id": "754496256",
            "count": 0
        },
        {
            "id": "100053488064454",
            "count": 0
        },
        {
            "id": "61555556043082",
            "count": 0
        },
        {
            "id": "61555015060828",
            "count": 0
        },
        {
            "id": "61555212216772",
            "count": 0
        },
        {
            "id": "100055021135084",
            "count": 0
        },
        {
            "id": "61551761126634",
            "count": 0
        },
        {
            "id": "61555503088892",
            "count": 0
        },
        {
            "id": "100069823646291",
            "count": 0
        },
        {
            "id": "100075804362731",
            "count": 0
        },
        {
            "id": "100078027371572",
            "count": 0
        },
        {
            "id": "100077130257189",
            "count": 0
        },
        {
            "id": "100093122614068",
            "count": 0
        },
        {
            "id": "100052766954235",
            "count": 13
        },
        {
            "id": "100078920453660",
            "count": 0
        },
        {
            "id": "100074889344256",
            "count": 77
        },
        {
            "id": "61553455081633",
            "count": 0
        },
        {
            "id": "61555791535083",
            "count": 0
        },
        {
            "id": "61555339242640",
            "count": 0
        },
        {
            "id": "61555272855711",
            "count": 0
        },
        {
            "id": "61555725627480",
            "count": 0
        },
        {
            "id": "100093104305213",
            "count": 0
        },
        {
            "id": "61555524532043",
            "count": 0
        },
        {
            "id": "100053010233581",
            "count": 0
        },
        {
            "id": "100085017235090",
            "count": 1
        },
        {
            "id": "61555253267441",
            "count": 0
        },
        {
            "id": "61555394737451",
            "count": 0
        },
        {
            "id": "61555789286089",
            "count": 0
        },
        {
            "id": "100092159634693",
            "count": 0
        },
        {
            "id": "1667486092",
            "count": 0
        },
        {
            "id": "100079999735870",
            "count": 0
        },
        {
            "id": "100004095012202",
            "count": 0
        },
        {
            "id": "1099974218",
            "count": 6
        },
        {
            "id": "61555776116903",
            "count": 0
        },
        {
            "id": "100090026750137",
            "count": 0
        },
        {
            "id": "61555372603393",
            "count": 51
        },
        {
            "id": "100081023208334",
            "count": 64
        },
        {
            "id": "61552125144713",
            "count": 37
        },
        {
            "id": "100075963637361",
            "count": 0
        },
        {
            "id": "100059765285823",
            "count": 0
        }
    ],
    "day": [
        {
            "id": "100050050174167",
            "count": 0
        },
        {
            "id": "100087624305007",
            "count": 1
        },
        {
            "id": "100080285889349",
            "count": 0
        },
        {
            "id": "100091622771530",
            "count": 0
        },
        {
            "id": "61553349216286",
            "count": 0
        },
        {
            "id": "100087591494915",
            "count": 0
        },
        {
            "id": "100090088371998",
            "count": 0
        },
        {
            "id": "61555149504191",
            "count": 0
        },
        {
            "id": "61555007487853",
            "count": 0
        },
        {
            "id": "100070207921540",
            "count": 0
        },
        {
            "id": "61551776023441",
            "count": 6
        },
        {
            "id": "100093839091482",
            "count": 0
        },
        {
            "id": "61554552417727",
            "count": 9
        },
        {
            "id": "100090305580673",
            "count": 0
        },
        {
            "id": "100094088987735",
            "count": 0
        },
        {
            "id": "61550349090889",
            "count": 0
        },
        {
            "id": "100076515777756",
            "count": 0
        },
        {
            "id": "100082690267302",
            "count": 28
        },
        {
            "id": "100080457811871",
            "count": 0
        },
        {
            "id": "61553401031830",
            "count": 13
        },
        {
            "id": "100086346686126",
            "count": 0
        },
        {
            "id": "61550088023424",
            "count": 0
        },
        {
            "id": "100091076510931",
            "count": 0
        },
        {
            "id": "100086853340623",
            "count": 0
        },
        {
            "id": "61554964325560",
            "count": 0
        },
        {
            "id": "100095389160133",
            "count": 0
        },
        {
            "id": "100088089366951",
            "count": 0
        },
        {
            "id": "100076113949731",
            "count": 0
        },
        {
            "id": "100063702661402",
            "count": 0
        },
        {
            "id": "100093174500674",
            "count": 0
        },
        {
            "id": "61550109811607",
            "count": 0
        },
        {
            "id": "100078917556814",
            "count": 0
        },
        {
            "id": "100073239312563",
            "count": 3
        },
        {
            "id": "61555073585378",
            "count": 0
        },
        {
            "id": "61553470657193",
            "count": 0
        },
        {
            "id": "100087479357519",
            "count": 0
        },
        {
            "id": "100077428110444",
            "count": 0
        },
        {
            "id": "100083552504228",
            "count": 0
        },
        {
            "id": "61554754449332",
            "count": 0
        },
        {
            "id": "61554473753059",
            "count": 0
        },
        {
            "id": "100064002999298",
            "count": 0
        },
        {
            "id": "100079960022852",
            "count": 0
        },
        {
            "id": "61551836192034",
            "count": 0
        },
        {
            "id": "61552481468755",
            "count": 0
        },
        {
            "id": "61553196210540",
            "count": 0
        },
        {
            "id": "61553257810424",
            "count": 0
        },
        {
            "id": "61554131115669",
            "count": 0
        },
        {
            "id": "61554424237516",
            "count": 0
        },
        {
            "id": "61554723071200",
            "count": 0
        },
        {
            "id": "61554873853087",
            "count": 0
        },
        {
            "id": "100087216309746",
            "count": 0
        },
        {
            "id": "100092586880047",
            "count": 0
        },
        {
            "id": "61550072573711",
            "count": 0
        },
        {
            "id": "100070270132751",
            "count": 0
        },
        {
            "id": "61555391631515",
            "count": 0
        },
        {
            "id": "100091465368267",
            "count": 0
        },
        {
            "id": "61555408915432",
            "count": 0
        },
        {
            "id": "61555178307407",
            "count": 0
        },
        {
            "id": "100090215355522",
            "count": 0
        },
        {
            "id": "100092876220585",
            "count": 24
        },
        {
            "id": "61554871914906",
            "count": 0
        },
        {
            "id": "61550721964094",
            "count": 0
        },
        {
            "id": "61555381495125",
            "count": 0
        },
        {
            "id": "61552636235768",
            "count": 0
        },
        {
            "id": "61554855543963",
            "count": 0
        },
        {
            "id": "100082782741658",
            "count": 0
        },
        {
            "id": "100073938862932",
            "count": 0
        },
        {
            "id": "100093573825647",
            "count": 0
        },
        {
            "id": "100086405162382",
            "count": 0
        },
        {
            "id": "61554902370098",
            "count": 0
        },
        {
            "id": "61555148081209",
            "count": 0
        },
        {
            "id": "61552185051095",
            "count": 4
        },
        {
            "id": "61555041998587",
            "count": 0
        },
        {
            "id": "61554770981340",
            "count": 208
        },
        {
            "id": "61553987609533",
            "count": 0
        },
        {
            "id": "100093494611793",
            "count": 0
        },
        {
            "id": "61555185730567",
            "count": 0
        },
        {
            "id": "100087570596005",
            "count": 0
        },
        {
            "id": "61553828293394",
            "count": 0
        },
        {
            "id": "61554748152022",
            "count": 0
        },
        {
            "id": "61555198778205",
            "count": 0
        },
        {
            "id": "61551793952649",
            "count": 0
        },
        {
            "id": "61550823172659",
            "count": 0
        },
        {
            "id": "61550237030796",
            "count": 0
        },
        {
            "id": "100023613430193",
            "count": 0
        },
        {
            "id": "100031230603251",
            "count": 0
        },
        {
            "id": "676396838",
            "count": 0
        },
        {
            "id": "61555462281194",
            "count": 0
        },
        {
            "id": "61555597910910",
            "count": 0
        },
        {
            "id": "100081775794360",
            "count": 0
        },
        {
            "id": "61555332245141",
            "count": 0
        },
        {
            "id": "100004057808134",
            "count": 0
        },
        {
            "id": "100001149346432",
            "count": 0
        },
        {
            "id": "61555351504870",
            "count": 17
        },
        {
            "id": "61555235342537",
            "count": 0
        },
        {
            "id": "100093599951940",
            "count": 0
        },
        {
            "id": "100081269497431",
            "count": 0
        },
        {
            "id": "61554651369668",
            "count": 0
        },
        {
            "id": "61554152833413",
            "count": 0
        },
        {
            "id": "61552657845647",
            "count": 0
        },
        {
            "id": "61553983583807",
            "count": 0
        },
        {
            "id": "100090926391971",
            "count": 0
        },
        {
            "id": "61554690031427",
            "count": 0
        },
        {
            "id": "61552265343455",
            "count": 0
        },
        {
            "id": "61555423015443",
            "count": 0
        },
        {
            "id": "61554748521977",
            "count": 0
        },
        {
            "id": "100094419352598",
            "count": 0
        },
        {
            "id": "61553002288241",
            "count": 0
        },
        {
            "id": "100011666886117",
            "count": 0
        },
        {
            "id": "100069367333398",
            "count": 0
        },
        {
            "id": "100088810719562",
            "count": 0
        },
        {
            "id": "61550980648098",
            "count": 0
        },
        {
            "id": "61554888940857",
            "count": 0
        },
        {
            "id": "100090290918080",
            "count": 0
        },
        {
            "id": "100079878943570",
            "count": 0
        },
        {
            "id": "100003556752471",
            "count": 0
        },
        {
            "id": "100074433486941",
            "count": 0
        },
        {
            "id": "61555531382961",
            "count": 0
        },
        {
            "id": "100082279272321",
            "count": 0
        },
        {
            "id": "61555346886997",
            "count": 116
        },
        {
            "id": "61550532886829",
            "count": 6
        },
        {
            "id": "61554861870068",
            "count": 0
        },
        {
            "id": "100094539891147",
            "count": 12
        },
        {
            "id": "100094779854530",
            "count": 0
        },
        {
            "id": "754496256",
            "count": 0
        },
        {
            "id": "100053488064454",
            "count": 0
        },
        {
            "id": "61555556043082",
            "count": 0
        },
        {
            "id": "61555015060828",
            "count": 0
        },
        {
            "id": "61555212216772",
            "count": 0
        },
        {
            "id": "100055021135084",
            "count": 0
        },
        {
            "id": "61551761126634",
            "count": 0
        },
        {
            "id": "61555503088892",
            "count": 0
        },
        {
            "id": "100069823646291",
            "count": 0
        },
        {
            "id": "100075804362731",
            "count": 0
        },
        {
            "id": "100078027371572",
            "count": 0
        },
        {
            "id": "100077130257189",
            "count": 0
        },
        {
            "id": "100093122614068",
            "count": 0
        },
        {
            "id": "100052766954235",
            "count": 13
        },
        {
            "id": "100078920453660",
            "count": 0
        },
        {
            "id": "100074889344256",
            "count": 77
        },
        {
            "id": "61553455081633",
            "count": 0
        },
        {
            "id": "61555791535083",
            "count": 0
        },
        {
            "id": "61555339242640",
            "count": 0
        },
        {
            "id": "61555272855711",
            "count": 0
        },
        {
            "id": "61555725627480",
            "count": 0
        },
        {
            "id": "100093104305213",
            "count": 0
        },
        {
            "id": "61555524532043",
            "count": 0
        },
        {
            "id": "100053010233581",
            "count": 0
        },
        {
            "id": "100085017235090",
            "count": 1
        },
        {
            "id": "61555253267441",
            "count": 0
        },
        {
            "id": "61555394737451",
            "count": 0
        },
        {
            "id": "61555789286089",
            "count": 0
        },
        {
            "id": "100092159634693",
            "count": 0
        },
        {
            "id": "1667486092",
            "count": 0
        },
        {
            "id": "100079999735870",
            "count": 0
        },
        {
            "id": "100004095012202",
            "count": 0
        },
        {
            "id": "1099974218",
            "count": 6
        },
        {
            "id": "61555776116903",
            "count": 0
        },
        {
            "id": "100090026750137",
            "count": 0
        },
        {
            "id": "61555372603393",
            "count": 51
        },
        {
            "id": "100081023208334",
            "count": 64
        },
        {
            "id": "61552125144713",
            "count": 37
        },
        {
            "id": "100075963637361",
            "count": 0
        },
        {
            "id": "100059765285823",
            "count": 0
        }
    ],
    "time": 2,
    "last": {
        "time": 3,
        "day": [
            {
                "id": "100050050174167",
                "count": 0
            },
            {
                "id": "100087624305007",
                "count": 0
            },
            {
                "id": "100080285889349",
                "count": 0
            },
            {
                "id": "100091622771530",
                "count": 0
            },
            {
                "id": "61553349216286",
                "count": 0
            },
            {
                "id": "100087591494915",
                "count": 0
            },
            {
                "id": "100090088371998",
                "count": 0
            },
            {
                "id": "61555149504191",
                "count": 0
            },
            {
                "id": "61555007487853",
                "count": 0
            },
            {
                "id": "100070207921540",
                "count": 0
            },
            {
                "id": "61551776023441",
                "count": 0
            },
            {
                "id": "100093839091482",
                "count": 0
            },
            {
                "id": "61554552417727",
                "count": 0
            },
            {
                "id": "100090305580673",
                "count": 0
            },
            {
                "id": "100094088987735",
                "count": 0
            },
            {
                "id": "61550349090889",
                "count": 0
            },
            {
                "id": "100076515777756",
                "count": 0
            },
            {
                "id": "100082690267302",
                "count": 0
            },
            {
                "id": "100080457811871",
                "count": 0
            },
            {
                "id": "61553401031830",
                "count": 0
            },
            {
                "id": "100086346686126",
                "count": 0
            },
            {
                "id": "61550088023424",
                "count": 0
            },
            {
                "id": "100091076510931",
                "count": 0
            },
            {
                "id": "100086853340623",
                "count": 0
            },
            {
                "id": "61554964325560",
                "count": 0
            },
            {
                "id": "100095389160133",
                "count": 0
            },
            {
                "id": "100088089366951",
                "count": 0
            },
            {
                "id": "100076113949731",
                "count": 0
            },
            {
                "id": "100063702661402",
                "count": 0
            },
            {
                "id": "100093174500674",
                "count": 0
            },
            {
                "id": "61550109811607",
                "count": 0
            },
            {
                "id": "100078917556814",
                "count": 0
            },
            {
                "id": "100073239312563",
                "count": 0
            },
            {
                "id": "61555073585378",
                "count": 0
            },
            {
                "id": "61553470657193",
                "count": 0
            },
            {
                "id": "100087479357519",
                "count": 0
            },
            {
                "id": "100077428110444",
                "count": 0
            },
            {
                "id": "100083552504228",
                "count": 0
            },
            {
                "id": "61554754449332",
                "count": 0
            },
            {
                "id": "61554473753059",
                "count": 0
            },
            {
                "id": "100064002999298",
                "count": 0
            },
            {
                "id": "100079960022852",
                "count": 0
            },
            {
                "id": "61551836192034",
                "count": 0
            },
            {
                "id": "61552481468755",
                "count": 0
            },
            {
                "id": "61553196210540",
                "count": 0
            },
            {
                "id": "61553257810424",
                "count": 0
            },
            {
                "id": "61554131115669",
                "count": 0
            },
            {
                "id": "61554424237516",
                "count": 0
            },
            {
                "id": "61554723071200",
                "count": 0
            },
            {
                "id": "61554873853087",
                "count": 0
            },
            {
                "id": "100087216309746",
                "count": 0
            },
            {
                "id": "100092586880047",
                "count": 0
            },
            {
                "id": "61550072573711",
                "count": 0
            },
            {
                "id": "100070270132751",
                "count": 0
            },
            {
                "id": "61555391631515",
                "count": 0
            },
            {
                "id": "100091465368267",
                "count": 0
            },
            {
                "id": "61555408915432",
                "count": 0
            },
            {
                "id": "61555178307407",
                "count": 0
            },
            {
                "id": "100090215355522",
                "count": 0
            },
            {
                "id": "100092876220585",
                "count": 0
            },
            {
                "id": "61554871914906",
                "count": 0
            },
            {
                "id": "61550721964094",
                "count": 0
            },
            {
                "id": "61555381495125",
                "count": 0
            },
            {
                "id": "61552636235768",
                "count": 0
            },
            {
                "id": "61554855543963",
                "count": 0
            },
            {
                "id": "100082782741658",
                "count": 0
            },
            {
                "id": "100073938862932",
                "count": 0
            },
            {
                "id": "100079070256136",
                "count": 0
            },
            {
                "id": "100093573825647",
                "count": 0
            },
            {
                "id": "100086405162382",
                "count": 0
            },
            {
                "id": "61554902370098",
                "count": 0
            },
            {
                "id": "61555148081209",
                "count": 0
            },
            {
                "id": "61552185051095",
                "count": 0
            },
            {
                "id": "61552125144713",
                "count": 0
            },
            {
                "id": "61555041998587",
                "count": 0
            },
            {
                "id": "61554770981340",
                "count": 0
            },
            {
                "id": "61553987609533",
                "count": 0
            },
            {
                "id": "100093494611793",
                "count": 0
            },
            {
                "id": "61555185730567",
                "count": 0
            },
            {
                "id": "100087570596005",
                "count": 0
            },
            {
                "id": "61553828293394",
                "count": 0
            },
            {
                "id": "61554748152022",
                "count": 0
            },
            {
                "id": "61555198778205",
                "count": 0
            },
            {
                "id": "61551793952649",
                "count": 0
            },
            {
                "id": "61550823172659",
                "count": 0
            },
            {
                "id": "61550237030796",
                "count": 0
            },
            {
                "id": "100023613430193",
                "count": 0
            },
            {
                "id": "100031230603251",
                "count": 0
            },
            {
                "id": "676396838",
                "count": 0
            },
            {
                "id": "61555462281194",
                "count": 0
            },
            {
                "id": "61555597910910",
                "count": 0
            },
            {
                "id": "100081775794360",
                "count": 0
            },
            {
                "id": "61555332245141",
                "count": 0
            },
            {
                "id": "100004057808134",
                "count": 0
            },
            {
                "id": "100001149346432",
                "count": 0
            },
            {
                "id": "61555351504870",
                "count": 0
            },
            {
                "id": "61555235342537",
                "count": 0
            },
            {
                "id": "100093599951940",
                "count": 0
            },
            {
                "id": "100081269497431",
                "count": 0
            },
            {
                "id": "61554651369668",
                "count": 0
            },
            {
                "id": "61554152833413",
                "count": 0
            },
            {
                "id": "61552657845647",
                "count": 0
            },
            {
                "id": "61553983583807",
                "count": 0
            },
            {
                "id": "100090926391971",
                "count": 0
            },
            {
                "id": "61554690031427",
                "count": 0
            },
            {
                "id": "61552265343455",
                "count": 0
            },
            {
                "id": "61555423015443",
                "count": 0
            },
            {
                "id": "61554748521977",
                "count": 0
            },
            {
                "id": "100094419352598",
                "count": 0
            },
            {
                "id": "61553002288241",
                "count": 0
            },
            {
                "id": "100011666886117",
                "count": 0
            },
            {
                "id": "100069367333398",
                "count": 0
            },
            {
                "id": "100088810719562",
                "count": 0
            },
            {
                "id": "61550980648098",
                "count": 0
            },
            {
                "id": "61554888940857",
                "count": 0
            },
            {
                "id": "100090290918080",
                "count": 0
            },
            {
                "id": "100079878943570",
                "count": 0
            },
            {
                "id": "100003556752471",
                "count": 0
            },
            {
                "id": "100074433486941",
                "count": 0
            },
            {
                "id": "61555531382961",
                "count": 0
            },
            {
                "id": "100082279272321",
                "count": 0
            },
            {
                "id": "61555346886997",
                "count": 0
            },
            {
                "id": "61550532886829",
                "count": 0
            },
            {
                "id": "61554861870068",
                "count": 0
            },
            {
                "id": "100094539891147",
                "count": 0
            },
            {
                "id": "100094779854530",
                "count": 0
            },
            {
                "id": "754496256",
                "count": 0
            },
            {
                "id": "100053488064454",
                "count": 0
            },
            {
                "id": "61555556043082",
                "count": 0
            },
            {
                "id": "61555369749987",
                "count": 0
            },
            {
                "id": "61555015060828",
                "count": 0
            },
            {
                "id": "61555212216772",
                "count": 0
            },
            {
                "id": "100055021135084",
                "count": 0
            },
            {
                "id": "61551761126634",
                "count": 0
            },
            {
                "id": "61555503088892",
                "count": 0
            },
            {
                "id": "100069823646291",
                "count": 0
            },
            {
                "id": "61550978729898",
                "count": 0
            },
            {
                "id": "100075804362731",
                "count": 0
            },
            {
                "id": "100078027371572",
                "count": 0
            },
            {
                "id": "100077130257189",
                "count": 0
            },
            {
                "id": "100093122614068",
                "count": 0
            },
            {
                "id": "100052766954235",
                "count": 0
            },
            {
                "id": "100078920453660",
                "count": 0
            },
            {
                "id": "100074889344256",
                "count": 0
            },
            {
                "id": "61553455081633",
                "count": 0
            },
            {
                "id": "100095524274415",
                "count": 0
            },
            {
                "id": "61555791535083",
                "count": 0
            },
            {
                "id": "61555339242640",
                "count": 0
            },
            {
                "id": "61555272855711",
                "count": 0
            },
            {
                "id": "61555725627480",
                "count": 0
            },
            {
                "id": "100093104305213",
                "count": 0
            },
            {
                "id": "61555524532043",
                "count": 0
            },
            {
                "id": "100053010233581",
                "count": 0
            },
            {
                "id": "100085017235090",
                "count": 0
            },
            {
                "id": "61555253267441",
                "count": 0
            },
            {
                "id": "61555394737451",
                "count": 0
            },
            {
                "id": "61555789286089",
                "count": 0
            },
            {
                "id": "100092159634693",
                "count": 0
            },
            {
                "id": "1667486092",
                "count": 0
            },
            {
                "id": "100079999735870",
                "count": 0
            },
            {
                "id": "100004095012202",
                "count": 0
            },
            {
                "id": "1099974218",
                "count": 0
            },
            {
                "id": "61555776116903",
                "count": 0
            },
            {
                "id": "100090026750137",
                "count": 0
            },
            {
                "id": "61555372603393",
                "count": 0
            },
            {
                "id": "100081023208334",
                "count": 0
            },
            {
                "id": "100075963637361",
                "count": 0
            },
            {
                "id": "100059765285823",
                "count": 0
            }
        ],
        "week": [
            {
                "id": "100050050174167",
                "count": 0
            },
            {
                "id": "100087624305007",
                "count": 0
            },
            {
                "id": "100080285889349",
                "count": 0
            },
            {
                "id": "100091622771530",
                "count": 0
            },
            {
                "id": "61553349216286",
                "count": 0
            },
            {
                "id": "100087591494915",
                "count": 0
            },
            {
                "id": "100090088371998",
                "count": 0
            },
            {
                "id": "61555149504191",
                "count": 0
            },
            {
                "id": "61555007487853",
                "count": 0
            },
            {
                "id": "100070207921540",
                "count": 0
            },
            {
                "id": "61551776023441",
                "count": 0
            },
            {
                "id": "100093839091482",
                "count": 0
            },
            {
                "id": "61554552417727",
                "count": 0
            },
            {
                "id": "100090305580673",
                "count": 0
            },
            {
                "id": "100094088987735",
                "count": 0
            },
            {
                "id": "61550349090889",
                "count": 0
            },
            {
                "id": "100076515777756",
                "count": 0
            },
            {
                "id": "100082690267302",
                "count": 0
            },
            {
                "id": "100080457811871",
                "count": 0
            },
            {
                "id": "61553401031830",
                "count": 0
            },
            {
                "id": "100086346686126",
                "count": 0
            },
            {
                "id": "61550088023424",
                "count": 0
            },
            {
                "id": "100091076510931",
                "count": 0
            },
            {
                "id": "100086853340623",
                "count": 0
            },
            {
                "id": "61554964325560",
                "count": 0
            },
            {
                "id": "100095389160133",
                "count": 0
            },
            {
                "id": "100088089366951",
                "count": 0
            },
            {
                "id": "100076113949731",
                "count": 0
            },
            {
                "id": "100063702661402",
                "count": 0
            },
            {
                "id": "100093174500674",
                "count": 0
            },
            {
                "id": "61550109811607",
                "count": 0
            },
            {
                "id": "100078917556814",
                "count": 0
            },
            {
                "id": "100073239312563",
                "count": 0
            },
            {
                "id": "61555073585378",
                "count": 0
            },
            {
                "id": "61553470657193",
                "count": 0
            },
            {
                "id": "100087479357519",
                "count": 0
            },
            {
                "id": "100077428110444",
                "count": 0
            },
            {
                "id": "100083552504228",
                "count": 0
            },
            {
                "id": "61554754449332",
                "count": 0
            },
            {
                "id": "61554473753059",
                "count": 0
            },
            {
                "id": "100064002999298",
                "count": 0
            },
            {
                "id": "100079960022852",
                "count": 0
            },
            {
                "id": "61551836192034",
                "count": 0
            },
            {
                "id": "61552481468755",
                "count": 0
            },
            {
                "id": "61553196210540",
                "count": 0
            },
            {
                "id": "61553257810424",
                "count": 0
            },
            {
                "id": "61554131115669",
                "count": 0
            },
            {
                "id": "61554424237516",
                "count": 0
            },
            {
                "id": "61554723071200",
                "count": 0
            },
            {
                "id": "61554873853087",
                "count": 0
            },
            {
                "id": "100087216309746",
                "count": 0
            },
            {
                "id": "100092586880047",
                "count": 0
            },
            {
                "id": "61550072573711",
                "count": 0
            },
            {
                "id": "100070270132751",
                "count": 0
            },
            {
                "id": "61555391631515",
                "count": 0
            },
            {
                "id": "100091465368267",
                "count": 0
            },
            {
                "id": "61555408915432",
                "count": 0
            },
            {
                "id": "61555178307407",
                "count": 0
            },
            {
                "id": "100090215355522",
                "count": 0
            },
            {
                "id": "100092876220585",
                "count": 0
            },
            {
                "id": "61554871914906",
                "count": 0
            },
            {
                "id": "61550721964094",
                "count": 0
            },
            {
                "id": "61555381495125",
                "count": 0
            },
            {
                "id": "61552636235768",
                "count": 0
            },
            {
                "id": "61554855543963",
                "count": 0
            },
            {
                "id": "100082782741658",
                "count": 0
            },
            {
                "id": "100073938862932",
                "count": 0
            },
            {
                "id": "100079070256136",
                "count": 0
            },
            {
                "id": "100093573825647",
                "count": 0
            },
            {
                "id": "100086405162382",
                "count": 0
            },
            {
                "id": "61554902370098",
                "count": 0
            },
            {
                "id": "61555148081209",
                "count": 0
            },
            {
                "id": "61552185051095",
                "count": 0
            },
            {
                "id": "61552125144713",
                "count": 0
            },
            {
                "id": "61555041998587",
                "count": 0
            },
            {
                "id": "61554770981340",
                "count": 0
            },
            {
                "id": "61553987609533",
                "count": 0
            },
            {
                "id": "100093494611793",
                "count": 0
            },
            {
                "id": "61555185730567",
                "count": 0
            },
            {
                "id": "100087570596005",
                "count": 0
            },
            {
                "id": "61553828293394",
                "count": 0
            },
            {
                "id": "61554748152022",
                "count": 0
            },
            {
                "id": "61555198778205",
                "count": 0
            },
            {
                "id": "61551793952649",
                "count": 0
            },
            {
                "id": "61550823172659",
                "count": 0
            },
            {
                "id": "61550237030796",
                "count": 0
            },
            {
                "id": "100023613430193",
                "count": 0
            },
            {
                "id": "100031230603251",
                "count": 0
            },
            {
                "id": "676396838",
                "count": 0
            },
            {
                "id": "61555462281194",
                "count": 0
            },
            {
                "id": "61555597910910",
                "count": 0
            },
            {
                "id": "100081775794360",
                "count": 0
            },
            {
                "id": "61555332245141",
                "count": 0
            },
            {
                "id": "100004057808134",
                "count": 0
            },
            {
                "id": "100001149346432",
                "count": 0
            },
            {
                "id": "61555351504870",
                "count": 0
            },
            {
                "id": "61555235342537",
                "count": 0
            },
            {
                "id": "100093599951940",
                "count": 0
            },
            {
                "id": "100081269497431",
                "count": 0
            },
            {
                "id": "61554651369668",
                "count": 0
            },
            {
                "id": "61554152833413",
                "count": 0
            },
            {
                "id": "61552657845647",
                "count": 0
            },
            {
                "id": "61553983583807",
                "count": 0
            },
            {
                "id": "100090926391971",
                "count": 0
            },
            {
                "id": "61554690031427",
                "count": 0
            },
            {
                "id": "61552265343455",
                "count": 0
            },
            {
                "id": "61555423015443",
                "count": 0
            },
            {
                "id": "61554748521977",
                "count": 0
            },
            {
                "id": "100094419352598",
                "count": 0
            },
            {
                "id": "61553002288241",
                "count": 0
            },
            {
                "id": "100011666886117",
                "count": 0
            },
            {
                "id": "100069367333398",
                "count": 0
            },
            {
                "id": "100088810719562",
                "count": 0
            },
            {
                "id": "61550980648098",
                "count": 0
            },
            {
                "id": "61554888940857",
                "count": 0
            },
            {
                "id": "100090290918080",
                "count": 0
            },
            {
                "id": "100079878943570",
                "count": 0
            },
            {
                "id": "100003556752471",
                "count": 0
            },
            {
                "id": "100074433486941",
                "count": 0
            },
            {
                "id": "61555531382961",
                "count": 0
            },
            {
                "id": "100082279272321",
                "count": 0
            },
            {
                "id": "61555346886997",
                "count": 0
            },
            {
                "id": "61550532886829",
                "count": 0
            },
            {
                "id": "61554861870068",
                "count": 0
            },
            {
                "id": "100094539891147",
                "count": 0
            },
            {
                "id": "100094779854530",
                "count": 0
            },
            {
                "id": "754496256",
                "count": 0
            },
            {
                "id": "100053488064454",
                "count": 0
            },
            {
                "id": "61555556043082",
                "count": 0
            },
            {
                "id": "61555369749987",
                "count": 0
            },
            {
                "id": "61555015060828",
                "count": 0
            },
            {
                "id": "61555212216772",
                "count": 0
            },
            {
                "id": "100055021135084",
                "count": 0
            },
            {
                "id": "61551761126634",
                "count": 0
            },
            {
                "id": "61555503088892",
                "count": 0
            },
            {
                "id": "100069823646291",
                "count": 0
            },
            {
                "id": "61550978729898",
                "count": 0
            },
            {
                "id": "100075804362731",
                "count": 0
            },
            {
                "id": "100078027371572",
                "count": 0
            },
            {
                "id": "100077130257189",
                "count": 0
            },
            {
                "id": "100093122614068",
                "count": 0
            },
            {
                "id": "100052766954235",
                "count": 0
            },
            {
                "id": "100078920453660",
                "count": 0
            },
            {
                "id": "100074889344256",
                "count": 0
            },
            {
                "id": "61553455081633",
                "count": 0
            },
            {
                "id": "100095524274415",
                "count": 0
            },
            {
                "id": "61555791535083",
                "count": 0
            },
            {
                "id": "61555339242640",
                "count": 0
            },
            {
                "id": "61555272855711",
                "count": 0
            },
            {
                "id": "61555725627480",
                "count": 0
            },
            {
                "id": "100093104305213",
                "count": 0
            },
            {
                "id": "61555524532043",
                "count": 0
            },
            {
                "id": "100053010233581",
                "count": 0
            },
            {
                "id": "100085017235090",
                "count": 0
            },
            {
                "id": "61555253267441",
                "count": 0
            },
            {
                "id": "61555394737451",
                "count": 0
            },
            {
                "id": "61555789286089",
                "count": 0
            },
            {
                "id": "100092159634693",
                "count": 0
            },
            {
                "id": "1667486092",
                "count": 0
            },
            {
                "id": "100079999735870",
                "count": 0
            },
            {
                "id": "100004095012202",
                "count": 0
            },
            {
                "id": "1099974218",
                "count": 0
            },
            {
                "id": "61555776116903",
                "count": 0
            },
            {
                "id": "100090026750137",
                "count": 0
            },
            {
                "id": "61555372603393",
                "count": 0
            },
            {
                "id": "100081023208334",
                "count": 0
            },
            {
                "id": "100075963637361",
                "count": 0
            },
            {
                "id": "100059765285823",
                "count": 0
            }
        ]
    }
}