{
    "total": [
        {
            "id": "61551065994470",
            "count": 0
        },
        {
            "id": "100094583194720",
            "count": 1
        },
        {
            "id": "100062392141677",
            "count": 0
        },
        {
            "id": "61551327525570",
            "count": 0
        },
        {
            "id": "100074106619854",
            "count": 0
        },
        {
            "id": "61550906109471",
            "count": 0
        },
        {
            "id": "100089960063584",
            "count": 0
        },
        {
            "id": "100002891751918",
            "count": 0
        },
        {
            "id": "100087458748499",
            "count": 0
        },
        {
            "id": "565827238",
            "count": 0
        },
        {
            "id": "100000776005463",
            "count": 0
        },
        {
            "id": "100092622625968",
            "count": 0
        },
        {
            "id": "100094455730996",
            "count": 0
        },
        {
            "id": "100094335182466",
            "count": 0
        },
        {
            "id": "100000178670746",
            "count": 0
        },
        {
            "id": "100077980504363",
            "count": 12
        },
        {
            "id": "100045592457894",
            "count": 0
        },
        {
            "id": "100080071160248",
            "count": 0
        },
        {
            "id": "100093102522437",
            "count": 0
        },
        {
            "id": "100094303174646",
            "count": 0
        },
        {
            "id": "100081321341449",
            "count": 0
        },
        {
            "id": "100069092882366",
            "count": 0
        },
        {
            "id": "100087482349324",
            "count": 0
        },
        {
            "id": "100046357336185",
            "count": 0
        },
        {
            "id": "100078160149944",
            "count": 0
        },
        {
            "id": "100080999726081",
            "count": 0
        },
        {
            "id": "100095426108581",
            "count": 0
        },
        {
            "id": "100024369082605",
            "count": 0
        },
        {
            "id": "100075950478394",
            "count": 0
        },
        {
            "id": "100092307363218",
            "count": 1
        },
        {
            "id": "61551192179413",
            "count": 0
        },
        {
            "id": "100095138376255",
            "count": 0
        },
        {
            "id": "100081834746043",
            "count": 0
        },
        {
            "id": "100074150782065",
            "count": 0
        },
        {
            "id": "100014621800678",
            "count": 0
        },
        {
            "id": "61550949681434",
            "count": 0
        },
        {
            "id": "100080348125376",
            "count": 0
        },
        {
            "id": "100094271707515",
            "count": 0
        },
        {
            "id": "100091465368267",
            "count": 0
        },
        {
            "id": "100094111404448",
            "count": 0
        },
        {
            "id": "100071604745291",
            "count": 0
        },
        {
            "id": "100076377320847",
            "count": 0
        },
        {
            "id": "100072694742736",
            "count": 0
        },
        {
            "id": "61553639783456",
            "count": 0
        },
        {
            "id": "100088806946739",
            "count": 0
        },
        {
            "id": "61552058213814",
            "count": 0
        },
        {
            "id": "100007270547815",
            "count": 0
        },
        {
            "id": "100087325970761",
            "count": 0
        },
        {
            "id": "100084350626166",
            "count": 0
        },
        {
            "id": "100074996341955",
            "count": 0
        }
    ],
    "week": [
        {
            "id": "61551065994470",
            "count": 0
        },
        {
            "id": "100094583194720",
            "count": 1
        },
        {
            "id": "100062392141677",
            "count": 0
        },
        {
            "id": "61551327525570",
            "count": 0
        },
        {
            "id": "100074106619854",
            "count": 0
        },
        {
            "id": "61550906109471",
            "count": 0
        },
        {
            "id": "100089960063584",
            "count": 0
        },
        {
            "id": "100002891751918",
            "count": 0
        },
        {
            "id": "100087458748499",
            "count": 0
        },
        {
            "id": "565827238",
            "count": 0
        },
        {
            "id": "100000776005463",
            "count": 0
        },
        {
            "id": "100092622625968",
            "count": 0
        },
        {
            "id": "100094455730996",
            "count": 0
        },
        {
            "id": "100094335182466",
            "count": 0
        },
        {
            "id": "100000178670746",
            "count": 0
        },
        {
            "id": "100077980504363",
            "count": 12
        },
        {
            "id": "100045592457894",
            "count": 0
        },
        {
            "id": "100080071160248",
            "count": 0
        },
        {
            "id": "100093102522437",
            "count": 0
        },
        {
            "id": "100094303174646",
            "count": 0
        },
        {
            "id": "100081321341449",
            "count": 0
        },
        {
            "id": "100069092882366",
            "count": 0
        },
        {
            "id": "100087482349324",
            "count": 0
        },
        {
            "id": "100046357336185",
            "count": 0
        },
        {
            "id": "100078160149944",
            "count": 0
        },
        {
            "id": "100080999726081",
            "count": 0
        },
        {
            "id": "100095426108581",
            "count": 0
        },
        {
            "id": "100024369082605",
            "count": 0
        },
        {
            "id": "100075950478394",
            "count": 0
        },
        {
            "id": "100092307363218",
            "count": 1
        },
        {
            "id": "61551192179413",
            "count": 0
        },
        {
            "id": "100095138376255",
            "count": 0
        },
        {
            "id": "100081834746043",
            "count": 0
        },
        {
            "id": "100074150782065",
            "count": 0
        },
        {
            "id": "100014621800678",
            "count": 0
        },
        {
            "id": "61550949681434",
            "count": 0
        },
        {
            "id": "100080348125376",
            "count": 0
        },
        {
            "id": "100094271707515",
            "count": 0
        },
        {
            "id": "100091465368267",
            "count": 0
        },
        {
            "id": "100094111404448",
            "count": 0
        },
        {
            "id": "100071604745291",
            "count": 0
        },
        {
            "id": "100076377320847",
            "count": 0
        },
        {
            "id": "100072694742736",
            "count": 0
        },
        {
            "id": "61553639783456",
            "count": 0
        },
        {
            "id": "100088806946739",
            "count": 0
        },
        {
            "id": "61552058213814",
            "count": 0
        },
        {
            "id": "100007270547815",
            "count": 0
        },
        {
            "id": "100087325970761",
            "count": 0
        },
        {
            "id": "100084350626166",
            "count": 0
        },
        {
            "id": "100074996341955",
            "count": 0
        }
    ],
    "day": [
        {
            "id": "61551065994470",
            "count": 0
        },
        {
            "id": "100094583194720",
            "count": 1
        },
        {
            "id": "100062392141677",
            "count": 0
        },
        {
            "id": "61551327525570",
            "count": 0
        },
        {
            "id": "100074106619854",
            "count": 0
        },
        {
            "id": "61550906109471",
            "count": 0
        },
        {
            "id": "100089960063584",
            "count": 0
        },
        {
            "id": "100002891751918",
            "count": 0
        },
        {
            "id": "100087458748499",
            "count": 0
        },
        {
            "id": "565827238",
            "count": 0
        },
        {
            "id": "100000776005463",
            "count": 0
        },
        {
            "id": "100092622625968",
            "count": 0
        },
        {
            "id": "100094455730996",
            "count": 0
        },
        {
            "id": "100094335182466",
            "count": 0
        },
        {
            "id": "100000178670746",
            "count": 0
        },
        {
            "id": "100077980504363",
            "count": 12
        },
        {
            "id": "100045592457894",
            "count": 0
        },
        {
            "id": "100080071160248",
            "count": 0
        },
        {
            "id": "100093102522437",
            "count": 0
        },
        {
            "id": "100094303174646",
            "count": 0
        },
        {
            "id": "100081321341449",
            "count": 0
        },
        {
            "id": "100069092882366",
            "count": 0
        },
        {
            "id": "100087482349324",
            "count": 0
        },
        {
            "id": "100046357336185",
            "count": 0
        },
        {
            "id": "100078160149944",
            "count": 0
        },
        {
            "id": "100080999726081",
            "count": 0
        },
        {
            "id": "100095426108581",
            "count": 0
        },
        {
            "id": "100024369082605",
            "count": 0
        },
        {
            "id": "100075950478394",
            "count": 0
        },
        {
            "id": "100092307363218",
            "count": 1
        },
        {
            "id": "61551192179413",
            "count": 0
        },
        {
            "id": "100095138376255",
            "count": 0
        },
        {
            "id": "100081834746043",
            "count": 0
        },
        {
            "id": "100074150782065",
            "count": 0
        },
        {
            "id": "100014621800678",
            "count": 0
        },
        {
            "id": "61550949681434",
            "count": 0
        },
        {
            "id": "100080348125376",
            "count": 0
        },
        {
            "id": "100094271707515",
            "count": 0
        },
        {
            "id": "100091465368267",
            "count": 0
        },
        {
            "id": "100094111404448",
            "count": 0
        },
        {
            "id": "100071604745291",
            "count": 0
        },
        {
            "id": "100076377320847",
            "count": 0
        },
        {
            "id": "100072694742736",
            "count": 0
        },
        {
            "id": "61553639783456",
            "count": 0
        },
        {
            "id": "100088806946739",
            "count": 0
        },
        {
            "id": "61552058213814",
            "count": 0
        },
        {
            "id": "100007270547815",
            "count": 0
        },
        {
            "id": "100087325970761",
            "count": 0
        },
        {
            "id": "100084350626166",
            "count": 0
        },
        {
            "id": "100074996341955",
            "count": 0
        }
    ],
    "time": 2,
    "last": {
        "time": 4,
        "day": [
            {
                "id": "61551065994470",
                "count": 0
            },
            {
                "id": "100094583194720",
                "count": 0
            },
            {
                "id": "100062392141677",
                "count": 0
            },
            {
                "id": "61551327525570",
                "count": 0
            },
            {
                "id": "100074106619854",
                "count": 0
            },
            {
                "id": "61550906109471",
                "count": 0
            },
            {
                "id": "100089960063584",
                "count": 0
            },
            {
                "id": "100002891751918",
                "count": 0
            },
            {
                "id": "100087458748499",
                "count": 0
            },
            {
                "id": "565827238",
                "count": 0
            },
            {
                "id": "100000776005463",
                "count": 0
            },
            {
                "id": "100092622625968",
                "count": 0
            },
            {
                "id": "100094455730996",
                "count": 0
            },
            {
                "id": "100094335182466",
                "count": 0
            },
            {
                "id": "100000178670746",
                "count": 0
            },
            {
                "id": "100077980504363",
                "count": 0
            },
            {
                "id": "100045592457894",
                "count": 0
            },
            {
                "id": "100080071160248",
                "count": 0
            },
            {
                "id": "100093102522437",
                "count": 0
            },
            {
                "id": "100094303174646",
                "count": 0
            },
            {
                "id": "100081321341449",
                "count": 0
            },
            {
                "id": "100069092882366",
                "count": 0
            },
            {
                "id": "100087482349324",
                "count": 0
            },
            {
                "id": "100046357336185",
                "count": 0
            },
            {
                "id": "100078160149944",
                "count": 0
            },
            {
                "id": "100080999726081",
                "count": 0
            },
            {
                "id": "100095426108581",
                "count": 0
            },
            {
                "id": "100024369082605",
                "count": 0
            },
            {
                "id": "100075950478394",
                "count": 0
            },
            {
                "id": "100092307363218",
                "count": 0
            },
            {
                "id": "61551192179413",
                "count": 0
            },
            {
                "id": "100095138376255",
                "count": 0
            },
            {
                "id": "100081834746043",
                "count": 0
            },
            {
                "id": "100074150782065",
                "count": 0
            },
            {
                "id": "100014621800678",
                "count": 0
            },
            {
                "id": "61550949681434",
                "count": 0
            },
            {
                "id": "100080348125376",
                "count": 0
            },
            {
                "id": "100094271707515",
                "count": 0
            },
            {
                "id": "100091465368267",
                "count": 0
            },
            {
                "id": "100094111404448",
                "count": 0
            },
            {
                "id": "100071604745291",
                "count": 0
            },
            {
                "id": "100076377320847",
                "count": 0
            },
            {
                "id": "100072694742736",
                "count": 0
            },
            {
                "id": "61553639783456",
                "count": 0
            },
            {
                "id": "100088806946739",
                "count": 0
            },
            {
                "id": "61552058213814",
                "count": 0
            },
            {
                "id": "100007270547815",
                "count": 0
            },
            {
                "id": "100087325970761",
                "count": 0
            },
            {
                "id": "100084350626166",
                "count": 0
            },
            {
                "id": "100074996341955",
                "count": 0
            }
        ],
        "week": [
            {
                "id": "61551065994470",
                "count": 0
            },
            {
                "id": "100094583194720",
                "count": 0
            },
            {
                "id": "100062392141677",
                "count": 0
            },
            {
                "id": "61551327525570",
                "count": 0
            },
            {
                "id": "100074106619854",
                "count": 0
            },
            {
                "id": "61550906109471",
                "count": 0
            },
            {
                "id": "100089960063584",
                "count": 0
            },
            {
                "id": "100002891751918",
                "count": 0
            },
            {
                "id": "100087458748499",
                "count": 0
            },
            {
                "id": "565827238",
                "count": 0
            },
            {
                "id": "100000776005463",
                "count": 0
            },
            {
                "id": "100092622625968",
                "count": 0
            },
            {
                "id": "100094455730996",
                "count": 0
            },
            {
                "id": "100094335182466",
                "count": 0
            },
            {
                "id": "100000178670746",
                "count": 0
            },
            {
                "id": "100077980504363",
                "count": 0
            },
            {
                "id": "100045592457894",
                "count": 0
            },
            {
                "id": "100080071160248",
                "count": 0
            },
            {
                "id": "100093102522437",
                "count": 0
            },
            {
                "id": "100094303174646",
                "count": 0
            },
            {
                "id": "100081321341449",
                "count": 0
            },
            {
                "id": "100069092882366",
                "count": 0
            },
            {
                "id": "100087482349324",
                "count": 0
            },
            {
                "id": "100046357336185",
                "count": 0
            },
            {
                "id": "100078160149944",
                "count": 0
            },
            {
                "id": "100080999726081",
                "count": 0
            },
            {
                "id": "100095426108581",
                "count": 0
            },
            {
                "id": "100024369082605",
                "count": 0
            },
            {
                "id": "100075950478394",
                "count": 0
            },
            {
                "id": "100092307363218",
                "count": 0
            },
            {
                "id": "61551192179413",
                "count": 0
            },
            {
                "id": "100095138376255",
                "count": 0
            },
            {
                "id": "100081834746043",
                "count": 0
            },
            {
                "id": "100074150782065",
                "count": 0
            },
            {
                "id": "100014621800678",
                "count": 0
            },
            {
                "id": "61550949681434",
                "count": 0
            },
            {
                "id": "100080348125376",
                "count": 0
            },
            {
                "id": "100094271707515",
                "count": 0
            },
            {
                "id": "100091465368267",
                "count": 0
            },
            {
                "id": "100094111404448",
                "count": 0
            },
            {
                "id": "100071604745291",
                "count": 0
            },
            {
                "id": "100076377320847",
                "count": 0
            },
            {
                "id": "100072694742736",
                "count": 0
            },
            {
                "id": "61553639783456",
                "count": 0
            },
            {
                "id": "100088806946739",
                "count": 0
            },
            {
                "id": "61552058213814",
                "count": 0
            },
            {
                "id": "100007270547815",
                "count": 0
            },
            {
                "id": "100087325970761",
                "count": 0
            },
            {
                "id": "100084350626166",
                "count": 0
            },
            {
                "id": "100074996341955",
                "count": 0
            }
        ]
    }
}