{
    "total": [
        {
            "id": "100069487093805",
            "count": 760
        },
        {
            "id": "100068451322749",
            "count": 63
        },
        {
            "id": "100074037233305",
            "count": 25
        },
        {
            "id": "100083122927075",
            "count": 94
        },
        {
            "id": "100077605127770",
            "count": 108
        },
        {
            "id": "100035939940591",
            "count": 5
        },
        {
            "id": "100077274087330",
            "count": 13
        },
        {
            "id": "100082813703805",
            "count": 2184
        },
        {
            "id": "100077980504363",
            "count": 548
        },
        {
            "id": "61552670469903",
            "count": 818
        },
        {
            "id": "100073459953173",
            "count": 18
        },
        {
            "id": "100056667867010",
            "count": 201
        },
        {
            "id": "100078999344044",
            "count": 123
        },
        {
            "id": "100035172385942",
            "count": 79
        },
        {
            "id": "100080743853621",
            "count": 1088
        },
        {
            "id": "100084164155366",
            "count": 580
        },
        {
            "id": "100022672251936",
            "count": 462
        },
        {
            "id": "100048188079844",
            "count": 110
        },
        {
            "id": "100066978665301",
            "count": 479
        },
        {
            "id": "100048841153215",
            "count": 32
        },
        {
            "id": "61552656899573",
            "count": 75
        },
        {
            "id": "100089687873752",
            "count": 20
        },
        {
            "id": "100059650685450",
            "count": 690
        },
        {
            "id": "61555879712238",
            "count": 61
        },
        {
            "id": "100041942313868",
            "count": 20
        },
        {
            "id": "100066887864502",
            "count": 16
        },
        {
            "id": "61554447034348",
            "count": 8
        },
        {
            "id": "100085083801571",
            "count": 38
        },
        {
            "id": "100077504735029",
            "count": 0
        },
        {
            "id": "61553772226382",
            "count": 0
        },
        {
            "id": "100093297664443",
            "count": 0
        },
        {
            "id": "100079412107690",
            "count": 1
        },
        {
            "id": "100052346414078",
            "count": 4
        },
        {
            "id": "100059386283520",
            "count": 0
        }
    ],
    "week": [
        {
            "id": "100069487093805",
            "count": 760
        },
        {
            "id": "100068451322749",
            "count": 63
        },
        {
            "id": "100074037233305",
            "count": 25
        },
        {
            "id": "100083122927075",
            "count": 94
        },
        {
            "id": "100077605127770",
            "count": 108
        },
        {
            "id": "100035939940591",
            "count": 5
        },
        {
            "id": "100077274087330",
            "count": 13
        },
        {
            "id": "100082813703805",
            "count": 2184
        },
        {
            "id": "100077980504363",
            "count": 548
        },
        {
            "id": "61552670469903",
            "count": 818
        },
        {
            "id": "100073459953173",
            "count": 18
        },
        {
            "id": "100056667867010",
            "count": 201
        },
        {
            "id": "100078999344044",
            "count": 123
        },
        {
            "id": "100035172385942",
            "count": 79
        },
        {
            "id": "100080743853621",
            "count": 1088
        },
        {
            "id": "100084164155366",
            "count": 580
        },
        {
            "id": "100022672251936",
            "count": 462
        },
        {
            "id": "100048188079844",
            "count": 110
        },
        {
            "id": "100066978665301",
            "count": 479
        },
        {
            "id": "100048841153215",
            "count": 32
        },
        {
            "id": "61552656899573",
            "count": 75
        },
        {
            "id": "100089687873752",
            "count": 20
        },
        {
            "id": "100059650685450",
            "count": 690
        },
        {
            "id": "61555879712238",
            "count": 61
        },
        {
            "id": "100041942313868",
            "count": 20
        },
        {
            "id": "100066887864502",
            "count": 16
        },
        {
            "id": "61554447034348",
            "count": 8
        },
        {
            "id": "100085083801571",
            "count": 38
        },
        {
            "id": "100077504735029",
            "count": 0
        },
        {
            "id": "61553772226382",
            "count": 0
        },
        {
            "id": "100093297664443",
            "count": 0
        },
        {
            "id": "100079412107690",
            "count": 1
        },
        {
            "id": "100052346414078",
            "count": 4
        },
        {
            "id": "100059386283520",
            "count": 0
        }
    ],
    "day": [
        {
            "id": "100069487093805",
            "count": 760
        },
        {
            "id": "100068451322749",
            "count": 63
        },
        {
            "id": "100074037233305",
            "count": 25
        },
        {
            "id": "100083122927075",
            "count": 94
        },
        {
            "id": "100077605127770",
            "count": 108
        },
        {
            "id": "100035939940591",
            "count": 5
        },
        {
            "id": "100077274087330",
            "count": 13
        },
        {
            "id": "100082813703805",
            "count": 2184
        },
        {
            "id": "100077980504363",
            "count": 548
        },
        {
            "id": "61552670469903",
            "count": 818
        },
        {
            "id": "100073459953173",
            "count": 18
        },
        {
            "id": "100056667867010",
            "count": 201
        },
        {
            "id": "100078999344044",
            "count": 123
        },
        {
            "id": "100035172385942",
            "count": 79
        },
        {
            "id": "100080743853621",
            "count": 1088
        },
        {
            "id": "100084164155366",
            "count": 580
        },
        {
            "id": "100022672251936",
            "count": 462
        },
        {
            "id": "100048188079844",
            "count": 110
        },
        {
            "id": "100066978665301",
            "count": 479
        },
        {
            "id": "100048841153215",
            "count": 32
        },
        {
            "id": "61552656899573",
            "count": 75
        },
        {
            "id": "100089687873752",
            "count": 20
        },
        {
            "id": "100059650685450",
            "count": 690
        },
        {
            "id": "61555879712238",
            "count": 61
        },
        {
            "id": "100041942313868",
            "count": 20
        },
        {
            "id": "100066887864502",
            "count": 16
        },
        {
            "id": "61554447034348",
            "count": 8
        },
        {
            "id": "100085083801571",
            "count": 38
        },
        {
            "id": "100077504735029",
            "count": 0
        },
        {
            "id": "61553772226382",
            "count": 0
        },
        {
            "id": "100093297664443",
            "count": 0
        },
        {
            "id": "100079412107690",
            "count": 1
        },
        {
            "id": "100052346414078",
            "count": 4
        },
        {
            "id": "100059386283520",
            "count": 0
        }
    ],
    "time": 2,
    "last": {
        "time": 4,
        "day": [
            {
                "id": "100069487093805",
                "count": 0
            },
            {
                "id": "100068451322749",
                "count": 0
            },
            {
                "id": "100084186662673",
                "count": 0
            },
            {
                "id": "100092353508101",
                "count": 0
            },
            {
                "id": "100050798460338",
                "count": 0
            },
            {
                "id": "100083987015175",
                "count": 0
            },
            {
                "id": "100025282905058",
                "count": 0
            },
            {
                "id": "100074037233305",
                "count": 0
            },
            {
                "id": "100083122927075",
                "count": 0
            },
            {
                "id": "100094451640307",
                "count": 0
            },
            {
                "id": "100085255527474",
                "count": 0
            },
            {
                "id": "100074643199581",
                "count": 0
            },
            {
                "id": "100077605127770",
                "count": 0
            },
            {
                "id": "100083942394799",
                "count": 0
            },
            {
                "id": "61552656899573",
                "count": 0
            },
            {
                "id": "100077097872288",
                "count": 0
            },
            {
                "id": "100087803240818",
                "count": 0
            },
            {
                "id": "100061872254786",
                "count": 0
            },
            {
                "id": "100035939940591",
                "count": 0
            },
            {
                "id": "100084921271026",
                "count": 0
            },
            {
                "id": "100077274087330",
                "count": 0
            },
            {
                "id": "100082813703805",
                "count": 0
            },
            {
                "id": "61555748385793",
                "count": 0
            },
            {
                "id": "100093214120139",
                "count": 0
            },
            {
                "id": "100067684551538",
                "count": 0
            },
            {
                "id": "100042538116860",
                "count": 0
            },
            {
                "id": "100010020258599",
                "count": 0
            },
            {
                "id": "100068478576359",
                "count": 0
            },
            {
                "id": "100077980504363",
                "count": 0
            },
            {
                "id": "100078052030052",
                "count": 0
            },
            {
                "id": "100069889564369",
                "count": 0
            },
            {
                "id": "100094034702226",
                "count": 0
            },
            {
                "id": "61552670469903",
                "count": 0
            },
            {
                "id": "100057707872009",
                "count": 0
            },
            {
                "id": "100089712226212",
                "count": 0
            },
            {
                "id": "100059083353111",
                "count": 0
            },
            {
                "id": "100084893082301",
                "count": 0
            },
            {
                "id": "61555414565203",
                "count": 0
            },
            {
                "id": "100060816304715",
                "count": 0
            },
            {
                "id": "100090279467705",
                "count": 0
            },
            {
                "id": "100084164155366",
                "count": 0
            },
            {
                "id": "100089154801282",
                "count": 0
            },
            {
                "id": "100094041227214",
                "count": 0
            },
            {
                "id": "100073459953173",
                "count": 0
            },
            {
                "id": "61553912168041",
                "count": 0
            },
            {
                "id": "100076145508156",
                "count": 0
            },
            {
                "id": "100049274803954",
                "count": 0
            },
            {
                "id": "100047876261374",
                "count": 0
            },
            {
                "id": "100079235122162",
                "count": 0
            },
            {
                "id": "100079313234094",
                "count": 0
            },
            {
                "id": "100074629057621",
                "count": 0
            },
            {
                "id": "100039855498926",
                "count": 0
            },
            {
                "id": "100056667867010",
                "count": 0
            },
            {
                "id": "100085083801571",
                "count": 0
            },
            {
                "id": "61554736286060",
                "count": 0
            },
            {
                "id": "100078999344044",
                "count": 0
            },
            {
                "id": "100093644866344",
                "count": 0
            },
            {
                "id": "100078279759456",
                "count": 0
            },
            {
                "id": "100035172385942",
                "count": 0
            },
            {
                "id": "100086439763887",
                "count": 0
            },
            {
                "id": "100080743853621",
                "count": 0
            },
            {
                "id": "100095162643121",
                "count": 0
            },
            {
                "id": "61554764882509",
                "count": 0
            },
            {
                "id": "61554009424917",
                "count": 0
            },
            {
                "id": "100081895192643",
                "count": 0
            },
            {
                "id": "100083712030736",
                "count": 0
            },
            {
                "id": "100084427218897",
                "count": 0
            },
            {
                "id": "100091372652590",
                "count": 0
            },
            {
                "id": "100052621274990",
                "count": 0
            },
            {
                "id": "100024398171109",
                "count": 0
            },
            {
                "id": "100022672251936",
                "count": 0
            },
            {
                "id": "100048188079844",
                "count": 0
            },
            {
                "id": "100066978665301",
                "count": 0
            },
            {
                "id": "100095291472270",
                "count": 0
            },
            {
                "id": "100074394833045",
                "count": 0
            },
            {
                "id": "100088906640923",
                "count": 0
            },
            {
                "id": "100082021354664",
                "count": 0
            },
            {
                "id": "100080683142272",
                "count": 0
            },
            {
                "id": "100048841153215",
                "count": 0
            },
            {
                "id": "100090417529950",
                "count": 0
            },
            {
                "id": "100089687873752",
                "count": 0
            },
            {
                "id": "100091898979070",
                "count": 0
            },
            {
                "id": "100059650685450",
                "count": 0
            },
            {
                "id": "100006053354954",
                "count": 0
            },
            {
                "id": "100091435101079",
                "count": 0
            },
            {
                "id": "100093132204267",
                "count": 0
            },
            {
                "id": "100047061780169",
                "count": 0
            },
            {
                "id": "100052346414078",
                "count": 0
            },
            {
                "id": "100070239727146",
                "count": 0
            },
            {
                "id": "100094077635790",
                "count": 0
            },
            {
                "id": "100072340819245",
                "count": 0
            },
            {
                "id": "100092311700206",
                "count": 0
            },
            {
                "id": "100066887864502",
                "count": 0
            },
            {
                "id": "100078949644679",
                "count": 0
            },
            {
                "id": "100041942313868",
                "count": 0
            },
            {
                "id": "61555879712238",
                "count": 0
            },
            {
                "id": "61554447034348",
                "count": 0
            },
            {
                "id": "100072977752674",
                "count": 0
            },
            {
                "id": "100044973931336",
                "count": 0
            },
            {
                "id": "100058355989328",
                "count": 0
            },
            {
                "id": "61552259669486",
                "count": 0
            },
            {
                "id": "100087424584698",
                "count": 0
            },
            {
                "id": "100088459196281",
                "count": 0
            },
            {
                "id": "100068096314882",
                "count": 0
            },
            {
                "id": "100072393627245",
                "count": 0
            },
            {
                "id": "100077504735029",
                "count": 0
            },
            {
                "id": "61553772226382",
                "count": 0
            },
            {
                "id": "100093297664443",
                "count": 0
            },
            {
                "id": "100079412107690",
                "count": 0
            },
            {
                "id": "100059386283520",
                "count": 0
            }
        ],
        "week": [
            {
                "id": "100069487093805",
                "count": 0
            },
            {
                "id": "100068451322749",
                "count": 0
            },
            {
                "id": "100084186662673",
                "count": 0
            },
            {
                "id": "100092353508101",
                "count": 0
            },
            {
                "id": "100050798460338",
                "count": 0
            },
            {
                "id": "100083987015175",
                "count": 0
            },
            {
                "id": "100025282905058",
                "count": 0
            },
            {
                "id": "100074037233305",
                "count": 0
            },
            {
                "id": "100083122927075",
                "count": 0
            },
            {
                "id": "100094451640307",
                "count": 0
            },
            {
                "id": "100085255527474",
                "count": 0
            },
            {
                "id": "100074643199581",
                "count": 0
            },
            {
                "id": "100077605127770",
                "count": 0
            },
            {
                "id": "100083942394799",
                "count": 0
            },
            {
                "id": "61552656899573",
                "count": 0
            },
            {
                "id": "100077097872288",
                "count": 0
            },
            {
                "id": "100087803240818",
                "count": 0
            },
            {
                "id": "100061872254786",
                "count": 0
            },
            {
                "id": "100035939940591",
                "count": 0
            },
            {
                "id": "100084921271026",
                "count": 0
            },
            {
                "id": "100077274087330",
                "count": 0
            },
            {
                "id": "100082813703805",
                "count": 0
            },
            {
                "id": "61555748385793",
                "count": 0
            },
            {
                "id": "100093214120139",
                "count": 0
            },
            {
                "id": "100067684551538",
                "count": 0
            },
            {
                "id": "100042538116860",
                "count": 0
            },
            {
                "id": "100010020258599",
                "count": 0
            },
            {
                "id": "100068478576359",
                "count": 0
            },
            {
                "id": "100077980504363",
                "count": 0
            },
            {
                "id": "100078052030052",
                "count": 0
            },
            {
                "id": "100069889564369",
                "count": 0
            },
            {
                "id": "100094034702226",
                "count": 0
            },
            {
                "id": "61552670469903",
                "count": 0
            },
            {
                "id": "100057707872009",
                "count": 0
            },
            {
                "id": "100089712226212",
                "count": 0
            },
            {
                "id": "100059083353111",
                "count": 0
            },
            {
                "id": "100084893082301",
                "count": 0
            },
            {
                "id": "61555414565203",
                "count": 0
            },
            {
                "id": "100060816304715",
                "count": 0
            },
            {
                "id": "100090279467705",
                "count": 0
            },
            {
                "id": "100084164155366",
                "count": 0
            },
            {
                "id": "100089154801282",
                "count": 0
            },
            {
                "id": "100094041227214",
                "count": 0
            },
            {
                "id": "100073459953173",
                "count": 0
            },
            {
                "id": "61553912168041",
                "count": 0
            },
            {
                "id": "100076145508156",
                "count": 0
            },
            {
                "id": "100049274803954",
                "count": 0
            },
            {
                "id": "100047876261374",
                "count": 0
            },
            {
                "id": "100079235122162",
                "count": 0
            },
            {
                "id": "100079313234094",
                "count": 0
            },
            {
                "id": "100074629057621",
                "count": 0
            },
            {
                "id": "100039855498926",
                "count": 0
            },
            {
                "id": "100056667867010",
                "count": 0
            },
            {
                "id": "100085083801571",
                "count": 0
            },
            {
                "id": "61554736286060",
                "count": 0
            },
            {
                "id": "100078999344044",
                "count": 0
            },
            {
                "id": "100093644866344",
                "count": 0
            },
            {
                "id": "100078279759456",
                "count": 0
            },
            {
                "id": "100035172385942",
                "count": 0
            },
            {
                "id": "100086439763887",
                "count": 0
            },
            {
                "id": "100080743853621",
                "count": 0
            },
            {
                "id": "100095162643121",
                "count": 0
            },
            {
                "id": "61554764882509",
                "count": 0
            },
            {
                "id": "61554009424917",
                "count": 0
            },
            {
                "id": "100081895192643",
                "count": 0
            },
            {
                "id": "100083712030736",
                "count": 0
            },
            {
                "id": "100084427218897",
                "count": 0
            },
            {
                "id": "100091372652590",
                "count": 0
            },
            {
                "id": "100052621274990",
                "count": 0
            },
            {
                "id": "100024398171109",
                "count": 0
            },
            {
                "id": "100022672251936",
                "count": 0
            },
            {
                "id": "100048188079844",
                "count": 0
            },
            {
                "id": "100066978665301",
                "count": 0
            },
            {
                "id": "100095291472270",
                "count": 0
            },
            {
                "id": "100074394833045",
                "count": 0
            },
            {
                "id": "100088906640923",
                "count": 0
            },
            {
                "id": "100082021354664",
                "count": 0
            },
            {
                "id": "100080683142272",
                "count": 0
            },
            {
                "id": "100048841153215",
                "count": 0
            },
            {
                "id": "100090417529950",
                "count": 0
            },
            {
                "id": "100089687873752",
                "count": 0
            },
            {
                "id": "100091898979070",
                "count": 0
            },
            {
                "id": "100059650685450",
                "count": 0
            },
            {
                "id": "100006053354954",
                "count": 0
            },
            {
                "id": "100091435101079",
                "count": 0
            },
            {
                "id": "100093132204267",
                "count": 0
            },
            {
                "id": "100047061780169",
                "count": 0
            },
            {
                "id": "100052346414078",
                "count": 0
            },
            {
                "id": "100070239727146",
                "count": 0
            },
            {
                "id": "100094077635790",
                "count": 0
            },
            {
                "id": "100072340819245",
                "count": 0
            },
            {
                "id": "100092311700206",
                "count": 0
            },
            {
                "id": "100066887864502",
                "count": 0
            },
            {
                "id": "100078949644679",
                "count": 0
            },
            {
                "id": "100041942313868",
                "count": 0
            },
            {
                "id": "61555879712238",
                "count": 0
            },
            {
                "id": "61554447034348",
                "count": 0
            },
            {
                "id": "100072977752674",
                "count": 0
            },
            {
                "id": "100044973931336",
                "count": 0
            },
            {
                "id": "100058355989328",
                "count": 0
            },
            {
                "id": "61552259669486",
                "count": 0
            },
            {
                "id": "100087424584698",
                "count": 0
            },
            {
                "id": "100088459196281",
                "count": 0
            },
            {
                "id": "100068096314882",
                "count": 0
            },
            {
                "id": "100072393627245",
                "count": 0
            },
            {
                "id": "100077504735029",
                "count": 0
            },
            {
                "id": "61553772226382",
                "count": 0
            },
            {
                "id": "100093297664443",
                "count": 0
            },
            {
                "id": "100079412107690",
                "count": 0
            },
            {
                "id": "100059386283520",
                "count": 0
            }
        ]
    }
}