{
    "total": [
        {
            "id": "100089197932544",
            "count": 27
        },
        {
            "id": "61560554916882",
            "count": 2
        },
        {
            "id": "61558696526307",
            "count": 0
        },
        {
            "id": "100091304140215",
            "count": 0
        },
        {
            "id": "100054671400126",
            "count": 0
        },
        {
            "id": "100074722142394",
            "count": 0
        },
        {
            "id": "61558057106481",
            "count": 0
        },
        {
            "id": "100084001924681",
            "count": 0
        },
        {
            "id": "61557570076893",
            "count": 0
        },
        {
            "id": "61558876097199",
            "count": 0
        },
        {
            "id": "100093456710969",
            "count": 0
        },
        {
            "id": "61557293633246",
            "count": 0
        },
        {
            "id": "61560541277050",
            "count": 0
        },
        {
            "id": "100078301011846",
            "count": 0
        },
        {
            "id": "61555809030974",
            "count": 29
        },
        {
            "id": "61560894162062",
            "count": 0
        },
        {
            "id": "61550053875648",
            "count": 41
        },
        {
            "id": "61561170662126",
            "count": 0
        },
        {
            "id": "61555130792989",
            "count": 0
        },
        {
            "id": "61561016039540",
            "count": 4
        },
        {
            "id": "61559915490674",
            "count": 0
        },
        {
            "id": "61561391937037",
            "count": 0
        },
        {
            "id": "100088548184296",
            "count": 0
        },
        {
            "id": "61556785972811",
            "count": 10
        },
        {
            "id": "100092524783678",
            "count": 0
        },
        {
            "id": "61556586057731",
            "count": 0
        },
        {
            "id": "61552024333003",
            "count": 0
        },
        {
            "id": "61553875963874",
            "count": 2
        },
        {
            "id": "61561446144839",
            "count": 0
        },
        {
            "id": "61555833990732",
            "count": 0
        },
        {
            "id": "61560883576418",
            "count": 3
        },
        {
            "id": "100088335511571",
            "count": 15
        },
        {
            "id": "100091895172539",
            "count": 8
        },
        {
            "id": "100084402163046",
            "count": 4
        },
        {
            "id": "100055623311612",
            "count": 1
        },
        {
            "id": "100081242047400",
            "count": 1
        },
        {
            "id": "61560042736143",
            "count": 2
        },
        {
            "id": "61560324823289",
            "count": 11
        },
        {
            "id": "61561111284099",
            "count": 1
        },
        {
            "id": "61558231524777",
            "count": 1
        }
    ],
    "week": [
        {
            "id": "100089197932544",
            "count": 27
        },
        {
            "id": "61560554916882",
            "count": 2
        },
        {
            "id": "61558696526307",
            "count": 0
        },
        {
            "id": "100091304140215",
            "count": 0
        },
        {
            "id": "100054671400126",
            "count": 0
        },
        {
            "id": "100074722142394",
            "count": 0
        },
        {
            "id": "61558057106481",
            "count": 0
        },
        {
            "id": "100084001924681",
            "count": 0
        },
        {
            "id": "61557570076893",
            "count": 0
        },
        {
            "id": "61558876097199",
            "count": 0
        },
        {
            "id": "100093456710969",
            "count": 0
        },
        {
            "id": "61557293633246",
            "count": 0
        },
        {
            "id": "61560541277050",
            "count": 0
        },
        {
            "id": "100078301011846",
            "count": 0
        },
        {
            "id": "61555809030974",
            "count": 29
        },
        {
            "id": "61560894162062",
            "count": 0
        },
        {
            "id": "61550053875648",
            "count": 41
        },
        {
            "id": "61561170662126",
            "count": 0
        },
        {
            "id": "61555130792989",
            "count": 0
        },
        {
            "id": "61561016039540",
            "count": 4
        },
        {
            "id": "61559915490674",
            "count": 0
        },
        {
            "id": "61561391937037",
            "count": 0
        },
        {
            "id": "100088548184296",
            "count": 0
        },
        {
            "id": "61556785972811",
            "count": 10
        },
        {
            "id": "100092524783678",
            "count": 0
        },
        {
            "id": "61556586057731",
            "count": 0
        },
        {
            "id": "61552024333003",
            "count": 0
        },
        {
            "id": "61553875963874",
            "count": 2
        },
        {
            "id": "61561446144839",
            "count": 0
        },
        {
            "id": "61555833990732",
            "count": 0
        },
        {
            "id": "61560883576418",
            "count": 3
        },
        {
            "id": "100088335511571",
            "count": 15
        },
        {
            "id": "100091895172539",
            "count": 8
        },
        {
            "id": "100084402163046",
            "count": 4
        },
        {
            "id": "100055623311612",
            "count": 1
        },
        {
            "id": "100081242047400",
            "count": 1
        },
        {
            "id": "61560042736143",
            "count": 2
        },
        {
            "id": "61560324823289",
            "count": 11
        },
        {
            "id": "61561111284099",
            "count": 1
        },
        {
            "id": "61558231524777",
            "count": 1
        }
    ],
    "day": [
        {
            "id": "100089197932544",
            "count": 27
        },
        {
            "id": "61560554916882",
            "count": 2
        },
        {
            "id": "61558696526307",
            "count": 0
        },
        {
            "id": "100091304140215",
            "count": 0
        },
        {
            "id": "100054671400126",
            "count": 0
        },
        {
            "id": "100074722142394",
            "count": 0
        },
        {
            "id": "61558057106481",
            "count": 0
        },
        {
            "id": "100084001924681",
            "count": 0
        },
        {
            "id": "61557570076893",
            "count": 0
        },
        {
            "id": "61558876097199",
            "count": 0
        },
        {
            "id": "100093456710969",
            "count": 0
        },
        {
            "id": "61557293633246",
            "count": 0
        },
        {
            "id": "61560541277050",
            "count": 0
        },
        {
            "id": "100078301011846",
            "count": 0
        },
        {
            "id": "61555809030974",
            "count": 29
        },
        {
            "id": "61560894162062",
            "count": 0
        },
        {
            "id": "61550053875648",
            "count": 41
        },
        {
            "id": "61561170662126",
            "count": 0
        },
        {
            "id": "61555130792989",
            "count": 0
        },
        {
            "id": "61561016039540",
            "count": 4
        },
        {
            "id": "61559915490674",
            "count": 0
        },
        {
            "id": "61561391937037",
            "count": 0
        },
        {
            "id": "100088548184296",
            "count": 0
        },
        {
            "id": "61556785972811",
            "count": 10
        },
        {
            "id": "100092524783678",
            "count": 0
        },
        {
            "id": "61556586057731",
            "count": 0
        },
        {
            "id": "61552024333003",
            "count": 0
        },
        {
            "id": "61553875963874",
            "count": 2
        },
        {
            "id": "61561446144839",
            "count": 0
        },
        {
            "id": "61555833990732",
            "count": 0
        },
        {
            "id": "61560883576418",
            "count": 3
        },
        {
            "id": "100088335511571",
            "count": 15
        },
        {
            "id": "100091895172539",
            "count": 8
        },
        {
            "id": "100084402163046",
            "count": 4
        },
        {
            "id": "100055623311612",
            "count": 1
        },
        {
            "id": "100081242047400",
            "count": 1
        },
        {
            "id": "61560042736143",
            "count": 2
        },
        {
            "id": "61560324823289",
            "count": 11
        },
        {
            "id": "61561111284099",
            "count": 1
        },
        {
            "id": "61558231524777",
            "count": 1
        }
    ],
    "time": 2,
    "last": {
        "time": 0,
        "day": [
            {
                "id": "100089197932544",
                "count": 0
            },
            {
                "id": "61560554916882",
                "count": 0
            },
            {
                "id": "61558696526307",
                "count": 0
            },
            {
                "id": "100091304140215",
                "count": 0
            },
            {
                "id": "100054671400126",
                "count": 0
            },
            {
                "id": "100074722142394",
                "count": 0
            },
            {
                "id": "61558057106481",
                "count": 0
            },
            {
                "id": "100084001924681",
                "count": 0
            },
            {
                "id": "61557570076893",
                "count": 0
            },
            {
                "id": "61558876097199",
                "count": 0
            },
            {
                "id": "100093456710969",
                "count": 0
            },
            {
                "id": "61557293633246",
                "count": 0
            },
            {
                "id": "61560541277050",
                "count": 0
            },
            {
                "id": "100078301011846",
                "count": 0
            },
            {
                "id": "61555809030974",
                "count": 0
            },
            {
                "id": "61560894162062",
                "count": 0
            },
            {
                "id": "61550053875648",
                "count": 0
            },
            {
                "id": "61561170662126",
                "count": 0
            },
            {
                "id": "61555130792989",
                "count": 0
            },
            {
                "id": "61561016039540",
                "count": 0
            },
            {
                "id": "61559915490674",
                "count": 0
            },
            {
                "id": "61561391937037",
                "count": 0
            },
            {
                "id": "100088548184296",
                "count": 0
            },
            {
                "id": "61556785972811",
                "count": 0
            },
            {
                "id": "100092524783678",
                "count": 0
            },
            {
                "id": "61556586057731",
                "count": 0
            },
            {
                "id": "61552024333003",
                "count": 0
            },
            {
                "id": "61553875963874",
                "count": 0
            },
            {
                "id": "61561446144839",
                "count": 0
            },
            {
                "id": "61555833990732",
                "count": 0
            },
            {
                "id": "61560883576418",
                "count": 0
            }
        ],
        "week": [
            {
                "id": "100089197932544",
                "count": 0
            },
            {
                "id": "61560554916882",
                "count": 0
            },
            {
                "id": "61558696526307",
                "count": 0
            },
            {
                "id": "100091304140215",
                "count": 0
            },
            {
                "id": "100054671400126",
                "count": 0
            },
            {
                "id": "100074722142394",
                "count": 0
            },
            {
                "id": "61558057106481",
                "count": 0
            },
            {
                "id": "100084001924681",
                "count": 0
            },
            {
                "id": "61557570076893",
                "count": 0
            },
            {
                "id": "61558876097199",
                "count": 0
            },
            {
                "id": "100093456710969",
                "count": 0
            },
            {
                "id": "61557293633246",
                "count": 0
            },
            {
                "id": "61560541277050",
                "count": 0
            },
            {
                "id": "100078301011846",
                "count": 0
            },
            {
                "id": "61555809030974",
                "count": 0
            },
            {
                "id": "61560894162062",
                "count": 0
            },
            {
                "id": "61550053875648",
                "count": 0
            },
            {
                "id": "61561170662126",
                "count": 0
            },
            {
                "id": "61555130792989",
                "count": 0
            },
            {
                "id": "61561016039540",
                "count": 0
            },
            {
                "id": "61559915490674",
                "count": 0
            },
            {
                "id": "61561391937037",
                "count": 0
            },
            {
                "id": "100088548184296",
                "count": 0
            },
            {
                "id": "61556785972811",
                "count": 0
            },
            {
                "id": "100092524783678",
                "count": 0
            },
            {
                "id": "61556586057731",
                "count": 0
            },
            {
                "id": "61552024333003",
                "count": 0
            },
            {
                "id": "61553875963874",
                "count": 0
            },
            {
                "id": "61561446144839",
                "count": 0
            },
            {
                "id": "61555833990732",
                "count": 0
            },
            {
                "id": "61560883576418",
                "count": 0
            }
        ]
    }
}