{
    "total": [
        {
            "id": "100064984538762",
            "count": 1
        },
        {
            "id": "100080747475471",
            "count": 1
        },
        {
            "id": "100066496531391",
            "count": 2
        },
        {
            "id": "61554731123940",
            "count": 11
        },
        {
            "id": "100079910440124",
            "count": 11
        },
        {
            "id": "100075298521868",
            "count": 0
        },
        {
            "id": "100037033106039",
            "count": 7
        },
        {
            "id": "100068597776392",
            "count": 0
        },
        {
            "id": "100093834681242",
            "count": 0
        },
        {
            "id": "100025452960563",
            "count": 3
        }
    ],
    "week": [
        {
            "id": "100064984538762",
            "count": 1
        },
        {
            "id": "100080747475471",
            "count": 1
        },
        {
            "id": "100066496531391",
            "count": 2
        },
        {
            "id": "61554731123940",
            "count": 11
        },
        {
            "id": "100079910440124",
            "count": 11
        },
        {
            "id": "100075298521868",
            "count": 0
        },
        {
            "id": "100037033106039",
            "count": 7
        },
        {
            "id": "100068597776392",
            "count": 0
        },
        {
            "id": "100093834681242",
            "count": 0
        },
        {
            "id": "100025452960563",
            "count": 3
        }
    ],
    "day": [
        {
            "id": "100064984538762",
            "count": 1
        },
        {
            "id": "100080747475471",
            "count": 1
        },
        {
            "id": "100066496531391",
            "count": 2
        },
        {
            "id": "61554731123940",
            "count": 11
        },
        {
            "id": "100079910440124",
            "count": 11
        },
        {
            "id": "100075298521868",
            "count": 0
        },
        {
            "id": "100037033106039",
            "count": 7
        },
        {
            "id": "100068597776392",
            "count": 0
        },
        {
            "id": "100093834681242",
            "count": 0
        },
        {
            "id": "100025452960563",
            "count": 3
        }
    ],
    "time": 2,
    "last": {
        "time": 0,
        "day": [
            {
                "id": "100064984538762",
                "count": 0
            },
            {
                "id": "100080747475471",
                "count": 0
            },
            {
                "id": "100066496531391",
                "count": 0
            },
            {
                "id": "61554731123940",
                "count": 0
            },
            {
                "id": "100079910440124",
                "count": 0
            },
            {
                "id": "100075298521868",
                "count": 0
            },
            {
                "id": "100037033106039",
                "count": 0
            },
            {
                "id": "100068597776392",
                "count": 0
            },
            {
                "id": "100093834681242",
                "count": 0
            },
            {
                "id": "100025452960563",
                "count": 0
            }
        ],
        "week": [
            {
                "id": "100064984538762",
                "count": 0
            },
            {
                "id": "100080747475471",
                "count": 0
            },
            {
                "id": "100066496531391",
                "count": 0
            },
            {
                "id": "61554731123940",
                "count": 0
            },
            {
                "id": "100079910440124",
                "count": 0
            },
            {
                "id": "100075298521868",
                "count": 0
            },
            {
                "id": "100037033106039",
                "count": 0
            },
            {
                "id": "100068597776392",
                "count": 0
            },
            {
                "id": "100093834681242",
                "count": 0
            },
            {
                "id": "100025452960563",
                "count": 0
            }
        ]
    }
}