{
    "total": [
        {
            "id": "100083480234703",
            "count": 0
        },
        {
            "id": "100071203685651",
            "count": 0
        },
        {
            "id": "100090760085402",
            "count": 0
        },
        {
            "id": "100087177368468",
            "count": 0
        },
        {
            "id": "100077459650289",
            "count": 0
        },
        {
            "id": "100084002123308",
            "count": 0
        },
        {
            "id": "61554830250090",
            "count": 0
        },
        {
            "id": "100006449618947",
            "count": 0
        },
        {
            "id": "61554016386774",
            "count": 0
        },
        {
            "id": "100088929165526",
            "count": 0
        },
        {
            "id": "100027045323169",
            "count": 0
        },
        {
            "id": "100060412366352",
            "count": 0
        },
        {
            "id": "100081509347355",
            "count": 0
        },
        {
            "id": "100090997951334",
            "count": 0
        },
        {
            "id": "100095119983231",
            "count": 0
        },
        {
            "id": "100095068745540",
            "count": 0
        },
        {
            "id": "100095026705019",
            "count": 0
        },
        {
            "id": "100094887276121",
            "count": 0
        },
        {
            "id": "100094739561168",
            "count": 0
        },
        {
            "id": "100094694016774",
            "count": 0
        },
        {
            "id": "100094583775143",
            "count": 0
        },
        {
            "id": "100094493392269",
            "count": 0
        },
        {
            "id": "100094448966654",
            "count": 0
        },
        {
            "id": "100094355474202",
            "count": 0
        },
        {
            "id": "100094345746450",
            "count": 0
        },
        {
            "id": "100069501735946",
            "count": 0
        },
        {
            "id": "100082915194520",
            "count": 0
        },
        {
            "id": "100071758160341",
            "count": 0
        },
        {
            "id": "100074102136917",
            "count": 0
        },
        {
            "id": "100091150762502",
            "count": 0
        },
        {
            "id": "61552970486393",
            "count": 0
        },
        {
            "id": "100087208404607",
            "count": 0
        },
        {
            "id": "100075447026739",
            "count": 23
        },
        {
            "id": "100091365027302",
            "count": 0
        },
        {
            "id": "100083150894249",
            "count": 0
        },
        {
            "id": "100093633967112",
            "count": 0
        },
        {
            "id": "61552110691281",
            "count": 0
        },
        {
            "id": "61553803028351",
            "count": 0
        },
        {
            "id": "100093154388530",
            "count": 0
        },
        {
            "id": "100089700066249",
            "count": 0
        },
        {
            "id": "100092579083196",
            "count": 0
        },
        {
            "id": "100082715171174",
            "count": 0
        },
        {
            "id": "61552199332701",
            "count": 0
        },
        {
            "id": "100077200620963",
            "count": 0
        },
        {
            "id": "100092639962802",
            "count": 0
        },
        {
            "id": "100004907672444",
            "count": 0
        },
        {
            "id": "100091339593636",
            "count": 0
        },
        {
            "id": "61554438388985",
            "count": 0
        },
        {
            "id": "100084235123926",
            "count": 0
        },
        {
            "id": "100082964226249",
            "count": 0
        },
        {
            "id": "100053761055168",
            "count": 0
        },
        {
            "id": "100022843908073",
            "count": 0
        },
        {
            "id": "100055721372402",
            "count": 0
        },
        {
            "id": "100078867901384",
            "count": 0
        },
        {
            "id": "100069945108505",
            "count": 0
        },
        {
            "id": "100030367983929",
            "count": 0
        },
        {
            "id": "100085772799806",
            "count": 0
        },
        {
            "id": "100094312697216",
            "count": 23
        },
        {
            "id": "100076515352272",
            "count": 0
        },
        {
            "id": "61551488702462",
            "count": 4
        },
        {
            "id": "61550006047497",
            "count": 0
        },
        {
            "id": "100085861221094",
            "count": 0
        },
        {
            "id": "61550348954429",
            "count": 0
        },
        {
            "id": "100095060547518",
            "count": 0
        },
        {
            "id": "61554800841838",
            "count": 0
        },
        {
            "id": "100092707524159",
            "count": 0
        },
        {
            "id": "100093011904466",
            "count": 0
        },
        {
            "id": "100083057684513",
            "count": 0
        },
        {
            "id": "100092417503507",
            "count": 0
        },
        {
            "id": "61553899902304",
            "count": 0
        },
        {
            "id": "61553639541010",
            "count": 0
        },
        {
            "id": "100090951615936",
            "count": 0
        },
        {
            "id": "61550487700450",
            "count": 0
        },
        {
            "id": "100022055015085",
            "count": 0
        },
        {
            "id": "61555333881200",
            "count": 0
        },
        {
            "id": "100089439012973",
            "count": 0
        },
        {
            "id": "100093503580930",
            "count": 0
        },
        {
            "id": "100081470141685",
            "count": 0
        },
        {
            "id": "100093651217644",
            "count": 0
        },
        {
            "id": "100093077563961",
            "count": 0
        },
        {
            "id": "100091963812664",
            "count": 0
        },
        {
            "id": "100091562177604",
            "count": 0
        },
        {
            "id": "100090887760959",
            "count": 0
        },
        {
            "id": "100090788595009",
            "count": 0
        },
        {
            "id": "100092394514396",
            "count": 0
        },
        {
            "id": "100083638345735",
            "count": 0
        },
        {
            "id": "100080971256480",
            "count": 0
        },
        {
            "id": "100016690055582",
            "count": 0
        },
        {
            "id": "61553948597298",
            "count": 0
        },
        {
            "id": "61552843720392",
            "count": 0
        },
        {
            "id": "100051500179491",
            "count": 0
        },
        {
            "id": "100056425791539",
            "count": 0
        },
        {
            "id": "100095303113610",
            "count": 0
        },
        {
            "id": "61553411325576",
            "count": 0
        },
        {
            "id": "61554374002244",
            "count": 0
        },
        {
            "id": "61551697564626",
            "count": 0
        },
        {
            "id": "100062535201259",
            "count": 2
        },
        {
            "id": "100094528780989",
            "count": 0
        },
        {
            "id": "100091291268169",
            "count": 0
        },
        {
            "id": "100069288102748",
            "count": 0
        },
        {
            "id": "61554338981408",
            "count": 0
        },
        {
            "id": "100056594997201",
            "count": 0
        },
        {
            "id": "100002254111657",
            "count": 0
        },
        {
            "id": "100033423736092",
            "count": 3
        },
        {
            "id": "100081055120562",
            "count": 0
        },
        {
            "id": "100091409834477",
            "count": 3
        },
        {
            "id": "61552355033008",
            "count": 0
        },
        {
            "id": "61550529412862",
            "count": 0
        },
        {
            "id": "61550470251493",
            "count": 0
        },
        {
            "id": "61554406085430",
            "count": 0
        },
        {
            "id": "61552934939744",
            "count": 0
        },
        {
            "id": "61555157812013",
            "count": 0
        },
        {
            "id": "100011324106957",
            "count": 0
        },
        {
            "id": "61553833014367",
            "count": 0
        },
        {
            "id": "100073937300997",
            "count": 1
        },
        {
            "id": "61554921475256",
            "count": 0
        },
        {
            "id": "61554548632068",
            "count": 0
        },
        {
            "id": "100095397875552",
            "count": 0
        },
        {
            "id": "100091167420468",
            "count": 0
        },
        {
            "id": "100090229617767",
            "count": 0
        },
        {
            "id": "100081018435514",
            "count": 0
        },
        {
            "id": "100079929127809",
            "count": 0
        },
        {
            "id": "100079753838048",
            "count": 9
        },
        {
            "id": "100059541166757",
            "count": 0
        },
        {
            "id": "100046798961575",
            "count": 0
        },
        {
            "id": "100040164159843",
            "count": 0
        },
        {
            "id": "100021489646653",
            "count": 0
        },
        {
            "id": "100009675513422",
            "count": 0
        },
        {
            "id": "61555426894351",
            "count": 0
        },
        {
            "id": "61555159647070",
            "count": 0
        },
        {
            "id": "61554832468210",
            "count": 0
        },
        {
            "id": "61554662152856",
            "count": 0
        },
        {
            "id": "61554491318646",
            "count": 0
        },
        {
            "id": "61553900079433",
            "count": 0
        },
        {
            "id": "61552680928129",
            "count": 1
        },
        {
            "id": "61554434736461",
            "count": 0
        },
        {
            "id": "100092679158965",
            "count": 0
        },
        {
            "id": "100065234810583",
            "count": 0
        },
        {
            "id": "100075945345935",
            "count": 2
        },
        {
            "id": "100050378601256",
            "count": 0
        },
        {
            "id": "100012863295207",
            "count": 0
        },
        {
            "id": "61552954020572",
            "count": 0
        },
        {
            "id": "100053108265316",
            "count": 0
        },
        {
            "id": "100090986899590",
            "count": 0
        },
        {
            "id": "100079526808505",
            "count": 0
        },
        {
            "id": "100027307268202",
            "count": 0
        },
        {
            "id": "100080625284044",
            "count": 0
        },
        {
            "id": "61555488334535",
            "count": 0
        },
        {
            "id": "100087763900735",
            "count": 0
        },
        {
            "id": "61552788106884",
            "count": 2
        },
        {
            "id": "100022483176266",
            "count": 0
        },
        {
            "id": "100083819312543",
            "count": 0
        },
        {
            "id": "100089436818006",
            "count": 0
        },
        {
            "id": "100046638855861",
            "count": 0
        },
        {
            "id": "100087047736834",
            "count": 0
        },
        {
            "id": "61553316133507",
            "count": 0
        },
        {
            "id": "100089116792940",
            "count": 0
        },
        {
            "id": "100066829766479",
            "count": 0
        },
        {
            "id": "61555444821587",
            "count": 4
        },
        {
            "id": "61550110681136",
            "count": 0
        },
        {
            "id": "100089999028469",
            "count": 0
        },
        {
            "id": "100060909161066",
            "count": 0
        },
        {
            "id": "61555418062618",
            "count": 5
        },
        {
            "id": "100071523566926",
            "count": 0
        },
        {
            "id": "100088100341930",
            "count": 1
        },
        {
            "id": "61552123332539",
            "count": 0
        },
        {
            "id": "100001333483258",
            "count": 0
        },
        {
            "id": "100074138050043",
            "count": 0
        },
        {
            "id": "61554186166121",
            "count": 0
        },
        {
            "id": "61550115551529",
            "count": 26
        },
        {
            "id": "100057666506892",
            "count": 0
        },
        {
            "id": "100091361471841",
            "count": 33
        },
        {
            "id": "100055640370536",
            "count": 0
        },
        {
            "id": "100086592430872",
            "count": 0
        }
    ],
    "week": [
        {
            "id": "100083480234703",
            "count": 0
        },
        {
            "id": "100071203685651",
            "count": 0
        },
        {
            "id": "100090760085402",
            "count": 0
        },
        {
            "id": "100087177368468",
            "count": 0
        },
        {
            "id": "100077459650289",
            "count": 0
        },
        {
            "id": "100084002123308",
            "count": 0
        },
        {
            "id": "61554830250090",
            "count": 0
        },
        {
            "id": "100006449618947",
            "count": 0
        },
        {
            "id": "61554016386774",
            "count": 0
        },
        {
            "id": "100088929165526",
            "count": 0
        },
        {
            "id": "100027045323169",
            "count": 0
        },
        {
            "id": "100060412366352",
            "count": 0
        },
        {
            "id": "100081509347355",
            "count": 0
        },
        {
            "id": "100090997951334",
            "count": 0
        },
        {
            "id": "100095119983231",
            "count": 0
        },
        {
            "id": "100095068745540",
            "count": 0
        },
        {
            "id": "100095026705019",
            "count": 0
        },
        {
            "id": "100094887276121",
            "count": 0
        },
        {
            "id": "100094739561168",
            "count": 0
        },
        {
            "id": "100094694016774",
            "count": 0
        },
        {
            "id": "100094583775143",
            "count": 0
        },
        {
            "id": "100094493392269",
            "count": 0
        },
        {
            "id": "100094448966654",
            "count": 0
        },
        {
            "id": "100094355474202",
            "count": 0
        },
        {
            "id": "100094345746450",
            "count": 0
        },
        {
            "id": "100069501735946",
            "count": 0
        },
        {
            "id": "100082915194520",
            "count": 0
        },
        {
            "id": "100071758160341",
            "count": 0
        },
        {
            "id": "100074102136917",
            "count": 0
        },
        {
            "id": "100091150762502",
            "count": 0
        },
        {
            "id": "61552970486393",
            "count": 0
        },
        {
            "id": "100087208404607",
            "count": 0
        },
        {
            "id": "100075447026739",
            "count": 23
        },
        {
            "id": "100091365027302",
            "count": 0
        },
        {
            "id": "100083150894249",
            "count": 0
        },
        {
            "id": "100093633967112",
            "count": 0
        },
        {
            "id": "61552110691281",
            "count": 0
        },
        {
            "id": "61553803028351",
            "count": 0
        },
        {
            "id": "100093154388530",
            "count": 0
        },
        {
            "id": "100089700066249",
            "count": 0
        },
        {
            "id": "100092579083196",
            "count": 0
        },
        {
            "id": "100082715171174",
            "count": 0
        },
        {
            "id": "61552199332701",
            "count": 0
        },
        {
            "id": "100077200620963",
            "count": 0
        },
        {
            "id": "100092639962802",
            "count": 0
        },
        {
            "id": "100004907672444",
            "count": 0
        },
        {
            "id": "100091339593636",
            "count": 0
        },
        {
            "id": "61554438388985",
            "count": 0
        },
        {
            "id": "100084235123926",
            "count": 0
        },
        {
            "id": "100082964226249",
            "count": 0
        },
        {
            "id": "100053761055168",
            "count": 0
        },
        {
            "id": "100022843908073",
            "count": 0
        },
        {
            "id": "100055721372402",
            "count": 0
        },
        {
            "id": "100078867901384",
            "count": 0
        },
        {
            "id": "100069945108505",
            "count": 0
        },
        {
            "id": "100030367983929",
            "count": 0
        },
        {
            "id": "100085772799806",
            "count": 0
        },
        {
            "id": "100094312697216",
            "count": 23
        },
        {
            "id": "100076515352272",
            "count": 0
        },
        {
            "id": "61551488702462",
            "count": 4
        },
        {
            "id": "61550006047497",
            "count": 0
        },
        {
            "id": "100085861221094",
            "count": 0
        },
        {
            "id": "61550348954429",
            "count": 0
        },
        {
            "id": "100095060547518",
            "count": 0
        },
        {
            "id": "61554800841838",
            "count": 0
        },
        {
            "id": "100092707524159",
            "count": 0
        },
        {
            "id": "100093011904466",
            "count": 0
        },
        {
            "id": "100083057684513",
            "count": 0
        },
        {
            "id": "100092417503507",
            "count": 0
        },
        {
            "id": "61553899902304",
            "count": 0
        },
        {
            "id": "61553639541010",
            "count": 0
        },
        {
            "id": "100090951615936",
            "count": 0
        },
        {
            "id": "61550487700450",
            "count": 0
        },
        {
            "id": "100022055015085",
            "count": 0
        },
        {
            "id": "61555333881200",
            "count": 0
        },
        {
            "id": "100089439012973",
            "count": 0
        },
        {
            "id": "100093503580930",
            "count": 0
        },
        {
            "id": "100081470141685",
            "count": 0
        },
        {
            "id": "100093651217644",
            "count": 0
        },
        {
            "id": "100093077563961",
            "count": 0
        },
        {
            "id": "100091963812664",
            "count": 0
        },
        {
            "id": "100091562177604",
            "count": 0
        },
        {
            "id": "100090887760959",
            "count": 0
        },
        {
            "id": "100090788595009",
            "count": 0
        },
        {
            "id": "100092394514396",
            "count": 0
        },
        {
            "id": "100083638345735",
            "count": 0
        },
        {
            "id": "100080971256480",
            "count": 0
        },
        {
            "id": "100016690055582",
            "count": 0
        },
        {
            "id": "61553948597298",
            "count": 0
        },
        {
            "id": "61552843720392",
            "count": 0
        },
        {
            "id": "100051500179491",
            "count": 0
        },
        {
            "id": "100056425791539",
            "count": 0
        },
        {
            "id": "100095303113610",
            "count": 0
        },
        {
            "id": "61553411325576",
            "count": 0
        },
        {
            "id": "61554374002244",
            "count": 0
        },
        {
            "id": "61551697564626",
            "count": 0
        },
        {
            "id": "100062535201259",
            "count": 2
        },
        {
            "id": "100094528780989",
            "count": 0
        },
        {
            "id": "100091291268169",
            "count": 0
        },
        {
            "id": "100069288102748",
            "count": 0
        },
        {
            "id": "61554338981408",
            "count": 0
        },
        {
            "id": "100056594997201",
            "count": 0
        },
        {
            "id": "100002254111657",
            "count": 0
        },
        {
            "id": "100033423736092",
            "count": 3
        },
        {
            "id": "100081055120562",
            "count": 0
        },
        {
            "id": "100091409834477",
            "count": 3
        },
        {
            "id": "61552355033008",
            "count": 0
        },
        {
            "id": "61550529412862",
            "count": 0
        },
        {
            "id": "61550470251493",
            "count": 0
        },
        {
            "id": "61554406085430",
            "count": 0
        },
        {
            "id": "61552934939744",
            "count": 0
        },
        {
            "id": "61555157812013",
            "count": 0
        },
        {
            "id": "100011324106957",
            "count": 0
        },
        {
            "id": "61553833014367",
            "count": 0
        },
        {
            "id": "100073937300997",
            "count": 1
        },
        {
            "id": "61554921475256",
            "count": 0
        },
        {
            "id": "61554548632068",
            "count": 0
        },
        {
            "id": "100095397875552",
            "count": 0
        },
        {
            "id": "100091167420468",
            "count": 0
        },
        {
            "id": "100090229617767",
            "count": 0
        },
        {
            "id": "100081018435514",
            "count": 0
        },
        {
            "id": "100079929127809",
            "count": 0
        },
        {
            "id": "100079753838048",
            "count": 9
        },
        {
            "id": "100059541166757",
            "count": 0
        },
        {
            "id": "100046798961575",
            "count": 0
        },
        {
            "id": "100040164159843",
            "count": 0
        },
        {
            "id": "100021489646653",
            "count": 0
        },
        {
            "id": "100009675513422",
            "count": 0
        },
        {
            "id": "61555426894351",
            "count": 0
        },
        {
            "id": "61555159647070",
            "count": 0
        },
        {
            "id": "61554832468210",
            "count": 0
        },
        {
            "id": "61554662152856",
            "count": 0
        },
        {
            "id": "61554491318646",
            "count": 0
        },
        {
            "id": "61553900079433",
            "count": 0
        },
        {
            "id": "61552680928129",
            "count": 1
        },
        {
            "id": "61554434736461",
            "count": 0
        },
        {
            "id": "100092679158965",
            "count": 0
        },
        {
            "id": "100065234810583",
            "count": 0
        },
        {
            "id": "100075945345935",
            "count": 2
        },
        {
            "id": "100050378601256",
            "count": 0
        },
        {
            "id": "100012863295207",
            "count": 0
        },
        {
            "id": "61552954020572",
            "count": 0
        },
        {
            "id": "100053108265316",
            "count": 0
        },
        {
            "id": "100090986899590",
            "count": 0
        },
        {
            "id": "100079526808505",
            "count": 0
        },
        {
            "id": "100027307268202",
            "count": 0
        },
        {
            "id": "100080625284044",
            "count": 0
        },
        {
            "id": "61555488334535",
            "count": 0
        },
        {
            "id": "100087763900735",
            "count": 0
        },
        {
            "id": "61552788106884",
            "count": 2
        },
        {
            "id": "100022483176266",
            "count": 0
        },
        {
            "id": "100083819312543",
            "count": 0
        },
        {
            "id": "100089436818006",
            "count": 0
        },
        {
            "id": "100046638855861",
            "count": 0
        },
        {
            "id": "100087047736834",
            "count": 0
        },
        {
            "id": "61553316133507",
            "count": 0
        },
        {
            "id": "100089116792940",
            "count": 0
        },
        {
            "id": "100066829766479",
            "count": 0
        },
        {
            "id": "61555444821587",
            "count": 4
        },
        {
            "id": "61550110681136",
            "count": 0
        },
        {
            "id": "100089999028469",
            "count": 0
        },
        {
            "id": "100060909161066",
            "count": 0
        },
        {
            "id": "61555418062618",
            "count": 5
        },
        {
            "id": "100071523566926",
            "count": 0
        },
        {
            "id": "100088100341930",
            "count": 1
        },
        {
            "id": "61552123332539",
            "count": 0
        },
        {
            "id": "100001333483258",
            "count": 0
        },
        {
            "id": "100074138050043",
            "count": 0
        },
        {
            "id": "61554186166121",
            "count": 0
        },
        {
            "id": "61550115551529",
            "count": 26
        },
        {
            "id": "100057666506892",
            "count": 0
        },
        {
            "id": "100091361471841",
            "count": 33
        },
        {
            "id": "100055640370536",
            "count": 0
        },
        {
            "id": "100086592430872",
            "count": 0
        }
    ],
    "day": [
        {
            "id": "100083480234703",
            "count": 0
        },
        {
            "id": "100071203685651",
            "count": 0
        },
        {
            "id": "100090760085402",
            "count": 0
        },
        {
            "id": "100087177368468",
            "count": 0
        },
        {
            "id": "100077459650289",
            "count": 0
        },
        {
            "id": "100084002123308",
            "count": 0
        },
        {
            "id": "61554830250090",
            "count": 0
        },
        {
            "id": "100006449618947",
            "count": 0
        },
        {
            "id": "61554016386774",
            "count": 0
        },
        {
            "id": "100088929165526",
            "count": 0
        },
        {
            "id": "100027045323169",
            "count": 0
        },
        {
            "id": "100060412366352",
            "count": 0
        },
        {
            "id": "100081509347355",
            "count": 0
        },
        {
            "id": "100090997951334",
            "count": 0
        },
        {
            "id": "100095119983231",
            "count": 0
        },
        {
            "id": "100095068745540",
            "count": 0
        },
        {
            "id": "100095026705019",
            "count": 0
        },
        {
            "id": "100094887276121",
            "count": 0
        },
        {
            "id": "100094739561168",
            "count": 0
        },
        {
            "id": "100094694016774",
            "count": 0
        },
        {
            "id": "100094583775143",
            "count": 0
        },
        {
            "id": "100094493392269",
            "count": 0
        },
        {
            "id": "100094448966654",
            "count": 0
        },
        {
            "id": "100094355474202",
            "count": 0
        },
        {
            "id": "100094345746450",
            "count": 0
        },
        {
            "id": "100069501735946",
            "count": 0
        },
        {
            "id": "100082915194520",
            "count": 0
        },
        {
            "id": "100071758160341",
            "count": 0
        },
        {
            "id": "100074102136917",
            "count": 0
        },
        {
            "id": "100091150762502",
            "count": 0
        },
        {
            "id": "61552970486393",
            "count": 0
        },
        {
            "id": "100087208404607",
            "count": 0
        },
        {
            "id": "100075447026739",
            "count": 23
        },
        {
            "id": "100091365027302",
            "count": 0
        },
        {
            "id": "100083150894249",
            "count": 0
        },
        {
            "id": "100093633967112",
            "count": 0
        },
        {
            "id": "61552110691281",
            "count": 0
        },
        {
            "id": "61553803028351",
            "count": 0
        },
        {
            "id": "100093154388530",
            "count": 0
        },
        {
            "id": "100089700066249",
            "count": 0
        },
        {
            "id": "100092579083196",
            "count": 0
        },
        {
            "id": "100082715171174",
            "count": 0
        },
        {
            "id": "61552199332701",
            "count": 0
        },
        {
            "id": "100077200620963",
            "count": 0
        },
        {
            "id": "100092639962802",
            "count": 0
        },
        {
            "id": "100004907672444",
            "count": 0
        },
        {
            "id": "100091339593636",
            "count": 0
        },
        {
            "id": "61554438388985",
            "count": 0
        },
        {
            "id": "100084235123926",
            "count": 0
        },
        {
            "id": "100082964226249",
            "count": 0
        },
        {
            "id": "100053761055168",
            "count": 0
        },
        {
            "id": "100022843908073",
            "count": 0
        },
        {
            "id": "100055721372402",
            "count": 0
        },
        {
            "id": "100078867901384",
            "count": 0
        },
        {
            "id": "100069945108505",
            "count": 0
        },
        {
            "id": "100030367983929",
            "count": 0
        },
        {
            "id": "100085772799806",
            "count": 0
        },
        {
            "id": "100094312697216",
            "count": 23
        },
        {
            "id": "100076515352272",
            "count": 0
        },
        {
            "id": "61551488702462",
            "count": 4
        },
        {
            "id": "61550006047497",
            "count": 0
        },
        {
            "id": "100085861221094",
            "count": 0
        },
        {
            "id": "61550348954429",
            "count": 0
        },
        {
            "id": "100095060547518",
            "count": 0
        },
        {
            "id": "61554800841838",
            "count": 0
        },
        {
            "id": "100092707524159",
            "count": 0
        },
        {
            "id": "100093011904466",
            "count": 0
        },
        {
            "id": "100083057684513",
            "count": 0
        },
        {
            "id": "100092417503507",
            "count": 0
        },
        {
            "id": "61553899902304",
            "count": 0
        },
        {
            "id": "61553639541010",
            "count": 0
        },
        {
            "id": "100090951615936",
            "count": 0
        },
        {
            "id": "61550487700450",
            "count": 0
        },
        {
            "id": "100022055015085",
            "count": 0
        },
        {
            "id": "61555333881200",
            "count": 0
        },
        {
            "id": "100089439012973",
            "count": 0
        },
        {
            "id": "100093503580930",
            "count": 0
        },
        {
            "id": "100081470141685",
            "count": 0
        },
        {
            "id": "100093651217644",
            "count": 0
        },
        {
            "id": "100093077563961",
            "count": 0
        },
        {
            "id": "100091963812664",
            "count": 0
        },
        {
            "id": "100091562177604",
            "count": 0
        },
        {
            "id": "100090887760959",
            "count": 0
        },
        {
            "id": "100090788595009",
            "count": 0
        },
        {
            "id": "100092394514396",
            "count": 0
        },
        {
            "id": "100083638345735",
            "count": 0
        },
        {
            "id": "100080971256480",
            "count": 0
        },
        {
            "id": "100016690055582",
            "count": 0
        },
        {
            "id": "61553948597298",
            "count": 0
        },
        {
            "id": "61552843720392",
            "count": 0
        },
        {
            "id": "100051500179491",
            "count": 0
        },
        {
            "id": "100056425791539",
            "count": 0
        },
        {
            "id": "100095303113610",
            "count": 0
        },
        {
            "id": "61553411325576",
            "count": 0
        },
        {
            "id": "61554374002244",
            "count": 0
        },
        {
            "id": "61551697564626",
            "count": 0
        },
        {
            "id": "100062535201259",
            "count": 2
        },
        {
            "id": "100094528780989",
            "count": 0
        },
        {
            "id": "100091291268169",
            "count": 0
        },
        {
            "id": "100069288102748",
            "count": 0
        },
        {
            "id": "61554338981408",
            "count": 0
        },
        {
            "id": "100056594997201",
            "count": 0
        },
        {
            "id": "100002254111657",
            "count": 0
        },
        {
            "id": "100033423736092",
            "count": 3
        },
        {
            "id": "100081055120562",
            "count": 0
        },
        {
            "id": "100091409834477",
            "count": 3
        },
        {
            "id": "61552355033008",
            "count": 0
        },
        {
            "id": "61550529412862",
            "count": 0
        },
        {
            "id": "61550470251493",
            "count": 0
        },
        {
            "id": "61554406085430",
            "count": 0
        },
        {
            "id": "61552934939744",
            "count": 0
        },
        {
            "id": "61555157812013",
            "count": 0
        },
        {
            "id": "100011324106957",
            "count": 0
        },
        {
            "id": "61553833014367",
            "count": 0
        },
        {
            "id": "100073937300997",
            "count": 1
        },
        {
            "id": "61554921475256",
            "count": 0
        },
        {
            "id": "61554548632068",
            "count": 0
        },
        {
            "id": "100095397875552",
            "count": 0
        },
        {
            "id": "100091167420468",
            "count": 0
        },
        {
            "id": "100090229617767",
            "count": 0
        },
        {
            "id": "100081018435514",
            "count": 0
        },
        {
            "id": "100079929127809",
            "count": 0
        },
        {
            "id": "100079753838048",
            "count": 9
        },
        {
            "id": "100059541166757",
            "count": 0
        },
        {
            "id": "100046798961575",
            "count": 0
        },
        {
            "id": "100040164159843",
            "count": 0
        },
        {
            "id": "100021489646653",
            "count": 0
        },
        {
            "id": "100009675513422",
            "count": 0
        },
        {
            "id": "61555426894351",
            "count": 0
        },
        {
            "id": "61555159647070",
            "count": 0
        },
        {
            "id": "61554832468210",
            "count": 0
        },
        {
            "id": "61554662152856",
            "count": 0
        },
        {
            "id": "61554491318646",
            "count": 0
        },
        {
            "id": "61553900079433",
            "count": 0
        },
        {
            "id": "61552680928129",
            "count": 1
        },
        {
            "id": "61554434736461",
            "count": 0
        },
        {
            "id": "100092679158965",
            "count": 0
        },
        {
            "id": "100065234810583",
            "count": 0
        },
        {
            "id": "100075945345935",
            "count": 2
        },
        {
            "id": "100050378601256",
            "count": 0
        },
        {
            "id": "100012863295207",
            "count": 0
        },
        {
            "id": "61552954020572",
            "count": 0
        },
        {
            "id": "100053108265316",
            "count": 0
        },
        {
            "id": "100090986899590",
            "count": 0
        },
        {
            "id": "100079526808505",
            "count": 0
        },
        {
            "id": "100027307268202",
            "count": 0
        },
        {
            "id": "100080625284044",
            "count": 0
        },
        {
            "id": "61555488334535",
            "count": 0
        },
        {
            "id": "100087763900735",
            "count": 0
        },
        {
            "id": "61552788106884",
            "count": 2
        },
        {
            "id": "100022483176266",
            "count": 0
        },
        {
            "id": "100083819312543",
            "count": 0
        },
        {
            "id": "100089436818006",
            "count": 0
        },
        {
            "id": "100046638855861",
            "count": 0
        },
        {
            "id": "100087047736834",
            "count": 0
        },
        {
            "id": "61553316133507",
            "count": 0
        },
        {
            "id": "100089116792940",
            "count": 0
        },
        {
            "id": "100066829766479",
            "count": 0
        },
        {
            "id": "61555444821587",
            "count": 4
        },
        {
            "id": "61550110681136",
            "count": 0
        },
        {
            "id": "100089999028469",
            "count": 0
        },
        {
            "id": "100060909161066",
            "count": 0
        },
        {
            "id": "61555418062618",
            "count": 5
        },
        {
            "id": "100071523566926",
            "count": 0
        },
        {
            "id": "100088100341930",
            "count": 1
        },
        {
            "id": "61552123332539",
            "count": 0
        },
        {
            "id": "100001333483258",
            "count": 0
        },
        {
            "id": "100074138050043",
            "count": 0
        },
        {
            "id": "61554186166121",
            "count": 0
        },
        {
            "id": "61550115551529",
            "count": 26
        },
        {
            "id": "100057666506892",
            "count": 0
        },
        {
            "id": "100091361471841",
            "count": 33
        },
        {
            "id": "100055640370536",
            "count": 0
        },
        {
            "id": "100086592430872",
            "count": 0
        }
    ],
    "time": 2,
    "last": {
        "time": 5,
        "day": [
            {
                "id": "100083480234703",
                "count": 0
            },
            {
                "id": "100071203685651",
                "count": 0
            },
            {
                "id": "100090760085402",
                "count": 0
            },
            {
                "id": "100087177368468",
                "count": 0
            },
            {
                "id": "100077459650289",
                "count": 0
            },
            {
                "id": "100084002123308",
                "count": 0
            },
            {
                "id": "61554830250090",
                "count": 0
            },
            {
                "id": "100006449618947",
                "count": 0
            },
            {
                "id": "61554016386774",
                "count": 0
            },
            {
                "id": "100088929165526",
                "count": 0
            },
            {
                "id": "100027045323169",
                "count": 0
            },
            {
                "id": "100060412366352",
                "count": 0
            },
            {
                "id": "100081509347355",
                "count": 0
            },
            {
                "id": "100090997951334",
                "count": 0
            },
            {
                "id": "100095119983231",
                "count": 0
            },
            {
                "id": "100095068745540",
                "count": 0
            },
            {
                "id": "100095026705019",
                "count": 0
            },
            {
                "id": "100094887276121",
                "count": 0
            },
            {
                "id": "100094739561168",
                "count": 0
            },
            {
                "id": "100094694016774",
                "count": 0
            },
            {
                "id": "100094583775143",
                "count": 0
            },
            {
                "id": "100094493392269",
                "count": 0
            },
            {
                "id": "100094448966654",
                "count": 0
            },
            {
                "id": "100094355474202",
                "count": 0
            },
            {
                "id": "100094345746450",
                "count": 0
            },
            {
                "id": "100069501735946",
                "count": 0
            },
            {
                "id": "100082915194520",
                "count": 0
            },
            {
                "id": "100071758160341",
                "count": 0
            },
            {
                "id": "100074102136917",
                "count": 0
            },
            {
                "id": "100091150762502",
                "count": 0
            },
            {
                "id": "61552970486393",
                "count": 0
            },
            {
                "id": "100087208404607",
                "count": 0
            },
            {
                "id": "100075447026739",
                "count": 0
            },
            {
                "id": "100091365027302",
                "count": 0
            },
            {
                "id": "100083150894249",
                "count": 0
            },
            {
                "id": "100093633967112",
                "count": 0
            },
            {
                "id": "61554030359056",
                "count": 0
            },
            {
                "id": "61552110691281",
                "count": 0
            },
            {
                "id": "61553803028351",
                "count": 0
            },
            {
                "id": "100093154388530",
                "count": 0
            },
            {
                "id": "100089700066249",
                "count": 0
            },
            {
                "id": "100092579083196",
                "count": 0
            },
            {
                "id": "100082715171174",
                "count": 0
            },
            {
                "id": "61552199332701",
                "count": 0
            },
            {
                "id": "100077200620963",
                "count": 0
            },
            {
                "id": "100092639962802",
                "count": 0
            },
            {
                "id": "100004907672444",
                "count": 0
            },
            {
                "id": "100091339593636",
                "count": 0
            },
            {
                "id": "61554438388985",
                "count": 0
            },
            {
                "id": "100084235123926",
                "count": 0
            },
            {
                "id": "100082964226249",
                "count": 0
            },
            {
                "id": "100053761055168",
                "count": 0
            },
            {
                "id": "100022843908073",
                "count": 0
            },
            {
                "id": "100055721372402",
                "count": 0
            },
            {
                "id": "100078867901384",
                "count": 0
            },
            {
                "id": "100069945108505",
                "count": 0
            },
            {
                "id": "100030367983929",
                "count": 0
            },
            {
                "id": "100085772799806",
                "count": 0
            },
            {
                "id": "100094312697216",
                "count": 0
            },
            {
                "id": "100076515352272",
                "count": 0
            },
            {
                "id": "61551488702462",
                "count": 0
            },
            {
                "id": "61550006047497",
                "count": 0
            },
            {
                "id": "100085861221094",
                "count": 0
            },
            {
                "id": "61550348954429",
                "count": 0
            },
            {
                "id": "100095060547518",
                "count": 0
            },
            {
                "id": "61554800841838",
                "count": 0
            },
            {
                "id": "100092707524159",
                "count": 0
            },
            {
                "id": "100093011904466",
                "count": 0
            },
            {
                "id": "100083057684513",
                "count": 0
            },
            {
                "id": "100092417503507",
                "count": 0
            },
            {
                "id": "61553899902304",
                "count": 0
            },
            {
                "id": "61553639541010",
                "count": 0
            },
            {
                "id": "100090951615936",
                "count": 0
            },
            {
                "id": "61550487700450",
                "count": 0
            },
            {
                "id": "100022055015085",
                "count": 0
            },
            {
                "id": "61555333881200",
                "count": 0
            },
            {
                "id": "100089439012973",
                "count": 0
            },
            {
                "id": "100093503580930",
                "count": 0
            },
            {
                "id": "100081470141685",
                "count": 0
            },
            {
                "id": "100093651217644",
                "count": 0
            },
            {
                "id": "100093077563961",
                "count": 0
            },
            {
                "id": "100091963812664",
                "count": 0
            },
            {
                "id": "100091562177604",
                "count": 0
            },
            {
                "id": "100090887760959",
                "count": 0
            },
            {
                "id": "100090788595009",
                "count": 0
            },
            {
                "id": "100092394514396",
                "count": 0
            },
            {
                "id": "100083638345735",
                "count": 0
            },
            {
                "id": "100080971256480",
                "count": 0
            },
            {
                "id": "100016690055582",
                "count": 0
            },
            {
                "id": "61553948597298",
                "count": 0
            },
            {
                "id": "61552843720392",
                "count": 0
            },
            {
                "id": "100051500179491",
                "count": 0
            },
            {
                "id": "100056425791539",
                "count": 0
            },
            {
                "id": "100095303113610",
                "count": 0
            },
            {
                "id": "61553411325576",
                "count": 0
            },
            {
                "id": "61554374002244",
                "count": 0
            },
            {
                "id": "61551697564626",
                "count": 0
            },
            {
                "id": "100062535201259",
                "count": 0
            },
            {
                "id": "100094528780989",
                "count": 0
            },
            {
                "id": "100091291268169",
                "count": 0
            },
            {
                "id": "100069288102748",
                "count": 0
            },
            {
                "id": "61554338981408",
                "count": 0
            },
            {
                "id": "100056594997201",
                "count": 0
            },
            {
                "id": "100002254111657",
                "count": 0
            },
            {
                "id": "100033423736092",
                "count": 0
            },
            {
                "id": "100081055120562",
                "count": 0
            },
            {
                "id": "100091409834477",
                "count": 0
            },
            {
                "id": "61552355033008",
                "count": 0
            },
            {
                "id": "61550529412862",
                "count": 0
            },
            {
                "id": "61550470251493",
                "count": 0
            },
            {
                "id": "61554406085430",
                "count": 0
            },
            {
                "id": "61552934939744",
                "count": 0
            },
            {
                "id": "61554282252412",
                "count": 0
            },
            {
                "id": "61555157812013",
                "count": 0
            },
            {
                "id": "100011324106957",
                "count": 0
            },
            {
                "id": "61553833014367",
                "count": 0
            },
            {
                "id": "100073937300997",
                "count": 0
            },
            {
                "id": "61554921475256",
                "count": 0
            },
            {
                "id": "61554548632068",
                "count": 0
            },
            {
                "id": "100095397875552",
                "count": 0
            },
            {
                "id": "100091167420468",
                "count": 0
            },
            {
                "id": "100090229617767",
                "count": 0
            },
            {
                "id": "100081018435514",
                "count": 0
            },
            {
                "id": "100079929127809",
                "count": 0
            },
            {
                "id": "100079753838048",
                "count": 0
            },
            {
                "id": "100059541166757",
                "count": 0
            },
            {
                "id": "100046798961575",
                "count": 0
            },
            {
                "id": "100040164159843",
                "count": 0
            },
            {
                "id": "100021489646653",
                "count": 0
            },
            {
                "id": "100009675513422",
                "count": 0
            },
            {
                "id": "61555426894351",
                "count": 0
            },
            {
                "id": "61555159647070",
                "count": 0
            },
            {
                "id": "61554832468210",
                "count": 0
            },
            {
                "id": "61554662152856",
                "count": 0
            },
            {
                "id": "61554491318646",
                "count": 0
            },
            {
                "id": "61553900079433",
                "count": 0
            },
            {
                "id": "61552680928129",
                "count": 0
            },
            {
                "id": "61554434736461",
                "count": 0
            },
            {
                "id": "100092679158965",
                "count": 0
            },
            {
                "id": "100065234810583",
                "count": 0
            },
            {
                "id": "100075945345935",
                "count": 0
            },
            {
                "id": "100050378601256",
                "count": 0
            },
            {
                "id": "100012863295207",
                "count": 0
            },
            {
                "id": "61552954020572",
                "count": 0
            },
            {
                "id": "100053108265316",
                "count": 0
            },
            {
                "id": "100090986899590",
                "count": 0
            },
            {
                "id": "100079526808505",
                "count": 0
            },
            {
                "id": "100027307268202",
                "count": 0
            },
            {
                "id": "100080625284044",
                "count": 0
            },
            {
                "id": "61555488334535",
                "count": 0
            },
            {
                "id": "100087763900735",
                "count": 0
            },
            {
                "id": "61552788106884",
                "count": 0
            },
            {
                "id": "100022483176266",
                "count": 0
            },
            {
                "id": "100083819312543",
                "count": 0
            },
            {
                "id": "100089436818006",
                "count": 0
            },
            {
                "id": "100046638855861",
                "count": 0
            },
            {
                "id": "100087047736834",
                "count": 0
            },
            {
                "id": "61553316133507",
                "count": 0
            },
            {
                "id": "100089116792940",
                "count": 0
            },
            {
                "id": "100066829766479",
                "count": 0
            },
            {
                "id": "61555444821587",
                "count": 0
            },
            {
                "id": "61550110681136",
                "count": 0
            },
            {
                "id": "100089999028469",
                "count": 0
            },
            {
                "id": "100060909161066",
                "count": 0
            },
            {
                "id": "61555418062618",
                "count": 0
            },
            {
                "id": "100071523566926",
                "count": 0
            },
            {
                "id": "100088100341930",
                "count": 0
            },
            {
                "id": "61552123332539",
                "count": 0
            },
            {
                "id": "100001333483258",
                "count": 0
            },
            {
                "id": "100074138050043",
                "count": 0
            },
            {
                "id": "61554186166121",
                "count": 0
            },
            {
                "id": "61550115551529",
                "count": 0
            },
            {
                "id": "100057666506892",
                "count": 0
            },
            {
                "id": "100091361471841",
                "count": 0
            },
            {
                "id": "100055640370536",
                "count": 0
            },
            {
                "id": "100086592430872",
                "count": 0
            }
        ],
        "week": [
            {
                "id": "100083480234703",
                "count": 0
            },
            {
                "id": "100071203685651",
                "count": 0
            },
            {
                "id": "100090760085402",
                "count": 0
            },
            {
                "id": "100087177368468",
                "count": 0
            },
            {
                "id": "100077459650289",
                "count": 0
            },
            {
                "id": "100084002123308",
                "count": 0
            },
            {
                "id": "61554830250090",
                "count": 0
            },
            {
                "id": "100006449618947",
                "count": 0
            },
            {
                "id": "61554016386774",
                "count": 0
            },
            {
                "id": "100088929165526",
                "count": 0
            },
            {
                "id": "100027045323169",
                "count": 0
            },
            {
                "id": "100060412366352",
                "count": 0
            },
            {
                "id": "100081509347355",
                "count": 0
            },
            {
                "id": "100090997951334",
                "count": 0
            },
            {
                "id": "100095119983231",
                "count": 0
            },
            {
                "id": "100095068745540",
                "count": 0
            },
            {
                "id": "100095026705019",
                "count": 0
            },
            {
                "id": "100094887276121",
                "count": 0
            },
            {
                "id": "100094739561168",
                "count": 0
            },
            {
                "id": "100094694016774",
                "count": 0
            },
            {
                "id": "100094583775143",
                "count": 0
            },
            {
                "id": "100094493392269",
                "count": 0
            },
            {
                "id": "100094448966654",
                "count": 0
            },
            {
                "id": "100094355474202",
                "count": 0
            },
            {
                "id": "100094345746450",
                "count": 0
            },
            {
                "id": "100069501735946",
                "count": 0
            },
            {
                "id": "100082915194520",
                "count": 0
            },
            {
                "id": "100071758160341",
                "count": 0
            },
            {
                "id": "100074102136917",
                "count": 0
            },
            {
                "id": "100091150762502",
                "count": 0
            },
            {
                "id": "61552970486393",
                "count": 0
            },
            {
                "id": "100087208404607",
                "count": 0
            },
            {
                "id": "100075447026739",
                "count": 0
            },
            {
                "id": "100091365027302",
                "count": 0
            },
            {
                "id": "100083150894249",
                "count": 0
            },
            {
                "id": "100093633967112",
                "count": 0
            },
            {
                "id": "61554030359056",
                "count": 0
            },
            {
                "id": "61552110691281",
                "count": 0
            },
            {
                "id": "61553803028351",
                "count": 0
            },
            {
                "id": "100093154388530",
                "count": 0
            },
            {
                "id": "100089700066249",
                "count": 0
            },
            {
                "id": "100092579083196",
                "count": 0
            },
            {
                "id": "100082715171174",
                "count": 0
            },
            {
                "id": "61552199332701",
                "count": 0
            },
            {
                "id": "100077200620963",
                "count": 0
            },
            {
                "id": "100092639962802",
                "count": 0
            },
            {
                "id": "100004907672444",
                "count": 0
            },
            {
                "id": "100091339593636",
                "count": 0
            },
            {
                "id": "61554438388985",
                "count": 0
            },
            {
                "id": "100084235123926",
                "count": 0
            },
            {
                "id": "100082964226249",
                "count": 0
            },
            {
                "id": "100053761055168",
                "count": 0
            },
            {
                "id": "100022843908073",
                "count": 0
            },
            {
                "id": "100055721372402",
                "count": 0
            },
            {
                "id": "100078867901384",
                "count": 0
            },
            {
                "id": "100069945108505",
                "count": 0
            },
            {
                "id": "100030367983929",
                "count": 0
            },
            {
                "id": "100085772799806",
                "count": 0
            },
            {
                "id": "100094312697216",
                "count": 0
            },
            {
                "id": "100076515352272",
                "count": 0
            },
            {
                "id": "61551488702462",
                "count": 0
            },
            {
                "id": "61550006047497",
                "count": 0
            },
            {
                "id": "100085861221094",
                "count": 0
            },
            {
                "id": "61550348954429",
                "count": 0
            },
            {
                "id": "100095060547518",
                "count": 0
            },
            {
                "id": "61554800841838",
                "count": 0
            },
            {
                "id": "100092707524159",
                "count": 0
            },
            {
                "id": "100093011904466",
                "count": 0
            },
            {
                "id": "100083057684513",
                "count": 0
            },
            {
                "id": "100092417503507",
                "count": 0
            },
            {
                "id": "61553899902304",
                "count": 0
            },
            {
                "id": "61553639541010",
                "count": 0
            },
            {
                "id": "100090951615936",
                "count": 0
            },
            {
                "id": "61550487700450",
                "count": 0
            },
            {
                "id": "100022055015085",
                "count": 0
            },
            {
                "id": "61555333881200",
                "count": 0
            },
            {
                "id": "100089439012973",
                "count": 0
            },
            {
                "id": "100093503580930",
                "count": 0
            },
            {
                "id": "100081470141685",
                "count": 0
            },
            {
                "id": "100093651217644",
                "count": 0
            },
            {
                "id": "100093077563961",
                "count": 0
            },
            {
                "id": "100091963812664",
                "count": 0
            },
            {
                "id": "100091562177604",
                "count": 0
            },
            {
                "id": "100090887760959",
                "count": 0
            },
            {
                "id": "100090788595009",
                "count": 0
            },
            {
                "id": "100092394514396",
                "count": 0
            },
            {
                "id": "100083638345735",
                "count": 0
            },
            {
                "id": "100080971256480",
                "count": 0
            },
            {
                "id": "100016690055582",
                "count": 0
            },
            {
                "id": "61553948597298",
                "count": 0
            },
            {
                "id": "61552843720392",
                "count": 0
            },
            {
                "id": "100051500179491",
                "count": 0
            },
            {
                "id": "100056425791539",
                "count": 0
            },
            {
                "id": "100095303113610",
                "count": 0
            },
            {
                "id": "61553411325576",
                "count": 0
            },
            {
                "id": "61554374002244",
                "count": 0
            },
            {
                "id": "61551697564626",
                "count": 0
            },
            {
                "id": "100062535201259",
                "count": 0
            },
            {
                "id": "100094528780989",
                "count": 0
            },
            {
                "id": "100091291268169",
                "count": 0
            },
            {
                "id": "100069288102748",
                "count": 0
            },
            {
                "id": "61554338981408",
                "count": 0
            },
            {
                "id": "100056594997201",
                "count": 0
            },
            {
                "id": "100002254111657",
                "count": 0
            },
            {
                "id": "100033423736092",
                "count": 0
            },
            {
                "id": "100081055120562",
                "count": 0
            },
            {
                "id": "100091409834477",
                "count": 0
            },
            {
                "id": "61552355033008",
                "count": 0
            },
            {
                "id": "61550529412862",
                "count": 0
            },
            {
                "id": "61550470251493",
                "count": 0
            },
            {
                "id": "61554406085430",
                "count": 0
            },
            {
                "id": "61552934939744",
                "count": 0
            },
            {
                "id": "61554282252412",
                "count": 0
            },
            {
                "id": "61555157812013",
                "count": 0
            },
            {
                "id": "100011324106957",
                "count": 0
            },
            {
                "id": "61553833014367",
                "count": 0
            },
            {
                "id": "100073937300997",
                "count": 0
            },
            {
                "id": "61554921475256",
                "count": 0
            },
            {
                "id": "61554548632068",
                "count": 0
            },
            {
                "id": "100095397875552",
                "count": 0
            },
            {
                "id": "100091167420468",
                "count": 0
            },
            {
                "id": "100090229617767",
                "count": 0
            },
            {
                "id": "100081018435514",
                "count": 0
            },
            {
                "id": "100079929127809",
                "count": 0
            },
            {
                "id": "100079753838048",
                "count": 0
            },
            {
                "id": "100059541166757",
                "count": 0
            },
            {
                "id": "100046798961575",
                "count": 0
            },
            {
                "id": "100040164159843",
                "count": 0
            },
            {
                "id": "100021489646653",
                "count": 0
            },
            {
                "id": "100009675513422",
                "count": 0
            },
            {
                "id": "61555426894351",
                "count": 0
            },
            {
                "id": "61555159647070",
                "count": 0
            },
            {
                "id": "61554832468210",
                "count": 0
            },
            {
                "id": "61554662152856",
                "count": 0
            },
            {
                "id": "61554491318646",
                "count": 0
            },
            {
                "id": "61553900079433",
                "count": 0
            },
            {
                "id": "61552680928129",
                "count": 0
            },
            {
                "id": "61554434736461",
                "count": 0
            },
            {
                "id": "100092679158965",
                "count": 0
            },
            {
                "id": "100065234810583",
                "count": 0
            },
            {
                "id": "100075945345935",
                "count": 0
            },
            {
                "id": "100050378601256",
                "count": 0
            },
            {
                "id": "100012863295207",
                "count": 0
            },
            {
                "id": "61552954020572",
                "count": 0
            },
            {
                "id": "100053108265316",
                "count": 0
            },
            {
                "id": "100090986899590",
                "count": 0
            },
            {
                "id": "100079526808505",
                "count": 0
            },
            {
                "id": "100027307268202",
                "count": 0
            },
            {
                "id": "100080625284044",
                "count": 0
            },
            {
                "id": "61555488334535",
                "count": 0
            },
            {
                "id": "100087763900735",
                "count": 0
            },
            {
                "id": "61552788106884",
                "count": 0
            },
            {
                "id": "100022483176266",
                "count": 0
            },
            {
                "id": "100083819312543",
                "count": 0
            },
            {
                "id": "100089436818006",
                "count": 0
            },
            {
                "id": "100046638855861",
                "count": 0
            },
            {
                "id": "100087047736834",
                "count": 0
            },
            {
                "id": "61553316133507",
                "count": 0
            },
            {
                "id": "100089116792940",
                "count": 0
            },
            {
                "id": "100066829766479",
                "count": 0
            },
            {
                "id": "61555444821587",
                "count": 0
            },
            {
                "id": "61550110681136",
                "count": 0
            },
            {
                "id": "100089999028469",
                "count": 0
            },
            {
                "id": "100060909161066",
                "count": 0
            },
            {
                "id": "61555418062618",
                "count": 0
            },
            {
                "id": "100071523566926",
                "count": 0
            },
            {
                "id": "100088100341930",
                "count": 0
            },
            {
                "id": "61552123332539",
                "count": 0
            },
            {
                "id": "100001333483258",
                "count": 0
            },
            {
                "id": "100074138050043",
                "count": 0
            },
            {
                "id": "61554186166121",
                "count": 0
            },
            {
                "id": "61550115551529",
                "count": 0
            },
            {
                "id": "100057666506892",
                "count": 0
            },
            {
                "id": "100091361471841",
                "count": 0
            },
            {
                "id": "100055640370536",
                "count": 0
            },
            {
                "id": "100086592430872",
                "count": 0
            }
        ]
    }
}