{
    "total": [
        {
            "id": "509484270",
            "count": 457
        },
        {
            "id": "61554942840114",
            "count": 204
        },
        {
            "id": "100031845708228",
            "count": 261
        },
        {
            "id": "100035421814099",
            "count": 2
        },
        {
            "id": "100048033791608",
            "count": 4
        },
        {
            "id": "100061160525111",
            "count": 3
        },
        {
            "id": "100068310261131",
            "count": 89
        },
        {
            "id": "100077980504363",
            "count": 553
        },
        {
            "id": "100074007695250",
            "count": 28
        },
        {
            "id": "100056101540630",
            "count": 4
        },
        {
            "id": "100078168302063",
            "count": 56
        },
        {
            "id": "100090983800496",
            "count": 31
        },
        {
            "id": "100092744481406",
            "count": 4
        },
        {
            "id": "100067508386723",
            "count": 93
        },
        {
            "id": "100080195806723",
            "count": 54
        },
        {
            "id": "100067655090795",
            "count": 24
        },
        {
            "id": "100075940538217",
            "count": 17
        },
        {
            "id": "100085073240621",
            "count": 2
        },
        {
            "id": "100050671301677",
            "count": 22
        },
        {
            "id": "100047152010637",
            "count": 5
        },
        {
            "id": "100080647629698",
            "count": 7
        },
        {
            "id": "100091891485289",
            "count": 0
        },
        {
            "id": "100083205727767",
            "count": 25
        },
        {
            "id": "100088817988946",
            "count": 44
        },
        {
            "id": "100090260659479",
            "count": 67
        },
        {
            "id": "100085342716116",
            "count": 3
        },
        {
            "id": "61555033504192",
            "count": 158
        },
        {
            "id": "100087308922408",
            "count": 7
        },
        {
            "id": "100079629185519",
            "count": 22
        },
        {
            "id": "100074142183168",
            "count": 19
        },
        {
            "id": "100037211391552",
            "count": 18
        },
        {
            "id": "100071858438412",
            "count": 47
        },
        {
            "id": "100088737923043",
            "count": 3
        },
        {
            "id": "100068672101423",
            "count": 0
        },
        {
            "id": "100083502499869",
            "count": 12
        },
        {
            "id": "100077014194257",
            "count": 12
        },
        {
            "id": "100090511285969",
            "count": 15
        },
        {
            "id": "61554619410068",
            "count": 9
        },
        {
            "id": "100087979397864",
            "count": 16
        },
        {
            "id": "100047157346580",
            "count": 4
        },
        {
            "id": "100040552065590",
            "count": 0
        },
        {
            "id": "100054854328810",
            "count": 3
        },
        {
            "id": "100039718591975",
            "count": 44
        }
    ],
    "week": [
        {
            "id": "509484270",
            "count": 457
        },
        {
            "id": "61554942840114",
            "count": 204
        },
        {
            "id": "100031845708228",
            "count": 261
        },
        {
            "id": "100035421814099",
            "count": 2
        },
        {
            "id": "100048033791608",
            "count": 4
        },
        {
            "id": "100061160525111",
            "count": 3
        },
        {
            "id": "100068310261131",
            "count": 89
        },
        {
            "id": "100077980504363",
            "count": 553
        },
        {
            "id": "100074007695250",
            "count": 28
        },
        {
            "id": "100056101540630",
            "count": 4
        },
        {
            "id": "100078168302063",
            "count": 56
        },
        {
            "id": "100090983800496",
            "count": 31
        },
        {
            "id": "100092744481406",
            "count": 4
        },
        {
            "id": "100067508386723",
            "count": 93
        },
        {
            "id": "100080195806723",
            "count": 54
        },
        {
            "id": "100067655090795",
            "count": 24
        },
        {
            "id": "100075940538217",
            "count": 17
        },
        {
            "id": "100085073240621",
            "count": 2
        },
        {
            "id": "100050671301677",
            "count": 22
        },
        {
            "id": "100047152010637",
            "count": 5
        },
        {
            "id": "100080647629698",
            "count": 7
        },
        {
            "id": "100091891485289",
            "count": 0
        },
        {
            "id": "100083205727767",
            "count": 25
        },
        {
            "id": "100088817988946",
            "count": 44
        },
        {
            "id": "100090260659479",
            "count": 67
        },
        {
            "id": "100085342716116",
            "count": 3
        },
        {
            "id": "61555033504192",
            "count": 158
        },
        {
            "id": "100087308922408",
            "count": 7
        },
        {
            "id": "100079629185519",
            "count": 22
        },
        {
            "id": "100074142183168",
            "count": 19
        },
        {
            "id": "100037211391552",
            "count": 18
        },
        {
            "id": "100071858438412",
            "count": 47
        },
        {
            "id": "100088737923043",
            "count": 3
        },
        {
            "id": "100068672101423",
            "count": 0
        },
        {
            "id": "100083502499869",
            "count": 12
        },
        {
            "id": "100077014194257",
            "count": 12
        },
        {
            "id": "100090511285969",
            "count": 15
        },
        {
            "id": "61554619410068",
            "count": 9
        },
        {
            "id": "100087979397864",
            "count": 16
        },
        {
            "id": "100047157346580",
            "count": 4
        },
        {
            "id": "100040552065590",
            "count": 0
        },
        {
            "id": "100054854328810",
            "count": 3
        },
        {
            "id": "100039718591975",
            "count": 44
        }
    ],
    "day": [
        {
            "id": "509484270",
            "count": 457
        },
        {
            "id": "61554942840114",
            "count": 204
        },
        {
            "id": "100031845708228",
            "count": 261
        },
        {
            "id": "100035421814099",
            "count": 2
        },
        {
            "id": "100048033791608",
            "count": 4
        },
        {
            "id": "100061160525111",
            "count": 3
        },
        {
            "id": "100068310261131",
            "count": 89
        },
        {
            "id": "100077980504363",
            "count": 553
        },
        {
            "id": "100074007695250",
            "count": 28
        },
        {
            "id": "100056101540630",
            "count": 4
        },
        {
            "id": "100078168302063",
            "count": 56
        },
        {
            "id": "100090983800496",
            "count": 31
        },
        {
            "id": "100092744481406",
            "count": 4
        },
        {
            "id": "100067508386723",
            "count": 93
        },
        {
            "id": "100080195806723",
            "count": 54
        },
        {
            "id": "100067655090795",
            "count": 24
        },
        {
            "id": "100075940538217",
            "count": 17
        },
        {
            "id": "100085073240621",
            "count": 2
        },
        {
            "id": "100050671301677",
            "count": 22
        },
        {
            "id": "100047152010637",
            "count": 5
        },
        {
            "id": "100080647629698",
            "count": 7
        },
        {
            "id": "100091891485289",
            "count": 0
        },
        {
            "id": "100083205727767",
            "count": 25
        },
        {
            "id": "100088817988946",
            "count": 44
        },
        {
            "id": "100090260659479",
            "count": 67
        },
        {
            "id": "100085342716116",
            "count": 3
        },
        {
            "id": "61555033504192",
            "count": 158
        },
        {
            "id": "100087308922408",
            "count": 7
        },
        {
            "id": "100079629185519",
            "count": 22
        },
        {
            "id": "100074142183168",
            "count": 19
        },
        {
            "id": "100037211391552",
            "count": 18
        },
        {
            "id": "100071858438412",
            "count": 47
        },
        {
            "id": "100088737923043",
            "count": 3
        },
        {
            "id": "100068672101423",
            "count": 0
        },
        {
            "id": "100083502499869",
            "count": 12
        },
        {
            "id": "100077014194257",
            "count": 12
        },
        {
            "id": "100090511285969",
            "count": 15
        },
        {
            "id": "61554619410068",
            "count": 9
        },
        {
            "id": "100087979397864",
            "count": 16
        },
        {
            "id": "100047157346580",
            "count": 4
        },
        {
            "id": "100040552065590",
            "count": 0
        },
        {
            "id": "100054854328810",
            "count": 3
        },
        {
            "id": "100039718591975",
            "count": 44
        }
    ],
    "time": 2,
    "last": {
        "time": 6,
        "day": [
            {
                "id": "509484270",
                "count": 0
            },
            {
                "id": "709145693",
                "count": 0
            },
            {
                "id": "61554942840114",
                "count": 0
            },
            {
                "id": "100031845708228",
                "count": 0
            },
            {
                "id": "100035421814099",
                "count": 0
            },
            {
                "id": "100048033791608",
                "count": 0
            },
            {
                "id": "100061160525111",
                "count": 0
            },
            {
                "id": "100068310261131",
                "count": 0
            },
            {
                "id": "100074761890146",
                "count": 0
            },
            {
                "id": "100077980504363",
                "count": 0
            },
            {
                "id": "100027187763993",
                "count": 0
            },
            {
                "id": "100074007695250",
                "count": 0
            },
            {
                "id": "100056101540630",
                "count": 0
            },
            {
                "id": "512037995",
                "count": 0
            },
            {
                "id": "100078168302063",
                "count": 0
            },
            {
                "id": "100002323834540",
                "count": 0
            },
            {
                "id": "100090983800496",
                "count": 0
            },
            {
                "id": "100092744481406",
                "count": 0
            },
            {
                "id": "100067508386723",
                "count": 0
            },
            {
                "id": "100080195806723",
                "count": 0
            },
            {
                "id": "100090880981407",
                "count": 0
            },
            {
                "id": "100053800224181",
                "count": 0
            },
            {
                "id": "100067655090795",
                "count": 0
            },
            {
                "id": "100069864945865",
                "count": 0
            },
            {
                "id": "100004458484369",
                "count": 0
            },
            {
                "id": "100029378752728",
                "count": 0
            },
            {
                "id": "100075940538217",
                "count": 0
            },
            {
                "id": "100085073240621",
                "count": 0
            },
            {
                "id": "100092178885052",
                "count": 0
            },
            {
                "id": "61554952705292",
                "count": 0
            },
            {
                "id": "100050671301677",
                "count": 0
            },
            {
                "id": "100000732833159",
                "count": 0
            },
            {
                "id": "100047152010637",
                "count": 0
            },
            {
                "id": "100080647629698",
                "count": 0
            },
            {
                "id": "100091891485289",
                "count": 0
            },
            {
                "id": "100083205727767",
                "count": 0
            },
            {
                "id": "1074491699",
                "count": 0
            },
            {
                "id": "100091864710801",
                "count": 0
            },
            {
                "id": "100014811933322",
                "count": 0
            },
            {
                "id": "100088817988946",
                "count": 0
            },
            {
                "id": "100090260659479",
                "count": 0
            },
            {
                "id": "100085342716116",
                "count": 0
            },
            {
                "id": "61555033504192",
                "count": 0
            },
            {
                "id": "100020908143321",
                "count": 0
            },
            {
                "id": "61554975665945",
                "count": 0
            },
            {
                "id": "100048505611574",
                "count": 0
            },
            {
                "id": "100048509610460",
                "count": 0
            },
            {
                "id": "100087308922408",
                "count": 0
            },
            {
                "id": "100025452960563",
                "count": 0
            },
            {
                "id": "61552377212077",
                "count": 0
            },
            {
                "id": "100079629185519",
                "count": 0
            },
            {
                "id": "100074142183168",
                "count": 0
            },
            {
                "id": "100008522174196",
                "count": 0
            },
            {
                "id": "100037211391552",
                "count": 0
            },
            {
                "id": "100071858438412",
                "count": 0
            },
            {
                "id": "100071764641574",
                "count": 0
            },
            {
                "id": "61552157895988",
                "count": 0
            },
            {
                "id": "61552952912632",
                "count": 0
            },
            {
                "id": "100024871212620",
                "count": 0
            },
            {
                "id": "100094068757621",
                "count": 0
            },
            {
                "id": "100031177811759",
                "count": 0
            },
            {
                "id": "100080949890526",
                "count": 0
            },
            {
                "id": "1290157550",
                "count": 0
            },
            {
                "id": "100075233017178",
                "count": 0
            },
            {
                "id": "100088737923043",
                "count": 0
            },
            {
                "id": "100068672101423",
                "count": 0
            },
            {
                "id": "1824557330",
                "count": 0
            },
            {
                "id": "593577006",
                "count": 0
            },
            {
                "id": "100083502499869",
                "count": 0
            },
            {
                "id": "100077014194257",
                "count": 0
            },
            {
                "id": "100051241563318",
                "count": 0
            },
            {
                "id": "61554394404659",
                "count": 0
            },
            {
                "id": "100030236827904",
                "count": 0
            },
            {
                "id": "100074293234284",
                "count": 0
            },
            {
                "id": "100090511285969",
                "count": 0
            },
            {
                "id": "100039986310453",
                "count": 0
            },
            {
                "id": "61554619410068",
                "count": 0
            },
            {
                "id": "61555669951304",
                "count": 0
            },
            {
                "id": "61555247557965",
                "count": 0
            },
            {
                "id": "100030967444445",
                "count": 0
            },
            {
                "id": "61555351504870",
                "count": 0
            },
            {
                "id": "840635981",
                "count": 0
            },
            {
                "id": "100087979397864",
                "count": 0
            },
            {
                "id": "61555748969571",
                "count": 0
            },
            {
                "id": "100054673967752",
                "count": 0
            },
            {
                "id": "61551251459640",
                "count": 0
            },
            {
                "id": "1180944008",
                "count": 0
            },
            {
                "id": "112523",
                "count": 0
            },
            {
                "id": "61555756589720",
                "count": 0
            },
            {
                "id": "61555444821587",
                "count": 0
            },
            {
                "id": "61554538358617",
                "count": 0
            },
            {
                "id": "100047157346580",
                "count": 0
            },
            {
                "id": "100040552065590",
                "count": 0
            },
            {
                "id": "100054854328810",
                "count": 0
            },
            {
                "id": "61554679196942",
                "count": 0
            },
            {
                "id": "100003179507332",
                "count": 0
            },
            {
                "id": "100039718591975",
                "count": 0
            },
            {
                "id": "61554533647809",
                "count": 0
            }
        ],
        "week": [
            {
                "id": "509484270",
                "count": 0
            },
            {
                "id": "709145693",
                "count": 0
            },
            {
                "id": "61554942840114",
                "count": 0
            },
            {
                "id": "100031845708228",
                "count": 0
            },
            {
                "id": "100035421814099",
                "count": 0
            },
            {
                "id": "100048033791608",
                "count": 0
            },
            {
                "id": "100061160525111",
                "count": 0
            },
            {
                "id": "100068310261131",
                "count": 0
            },
            {
                "id": "100074761890146",
                "count": 0
            },
            {
                "id": "100077980504363",
                "count": 0
            },
            {
                "id": "100027187763993",
                "count": 0
            },
            {
                "id": "100074007695250",
                "count": 0
            },
            {
                "id": "100056101540630",
                "count": 0
            },
            {
                "id": "512037995",
                "count": 0
            },
            {
                "id": "100078168302063",
                "count": 0
            },
            {
                "id": "100002323834540",
                "count": 0
            },
            {
                "id": "100090983800496",
                "count": 0
            },
            {
                "id": "100092744481406",
                "count": 0
            },
            {
                "id": "100067508386723",
                "count": 0
            },
            {
                "id": "100080195806723",
                "count": 0
            },
            {
                "id": "100090880981407",
                "count": 0
            },
            {
                "id": "100053800224181",
                "count": 0
            },
            {
                "id": "100067655090795",
                "count": 0
            },
            {
                "id": "100069864945865",
                "count": 0
            },
            {
                "id": "100004458484369",
                "count": 0
            },
            {
                "id": "100029378752728",
                "count": 0
            },
            {
                "id": "100075940538217",
                "count": 0
            },
            {
                "id": "100085073240621",
                "count": 0
            },
            {
                "id": "100092178885052",
                "count": 0
            },
            {
                "id": "61554952705292",
                "count": 0
            },
            {
                "id": "100050671301677",
                "count": 0
            },
            {
                "id": "100000732833159",
                "count": 0
            },
            {
                "id": "100047152010637",
                "count": 0
            },
            {
                "id": "100080647629698",
                "count": 0
            },
            {
                "id": "100091891485289",
                "count": 0
            },
            {
                "id": "100083205727767",
                "count": 0
            },
            {
                "id": "1074491699",
                "count": 0
            },
            {
                "id": "100091864710801",
                "count": 0
            },
            {
                "id": "100014811933322",
                "count": 0
            },
            {
                "id": "100088817988946",
                "count": 0
            },
            {
                "id": "100090260659479",
                "count": 0
            },
            {
                "id": "100085342716116",
                "count": 0
            },
            {
                "id": "61555033504192",
                "count": 0
            },
            {
                "id": "100020908143321",
                "count": 0
            },
            {
                "id": "61554975665945",
                "count": 0
            },
            {
                "id": "100048505611574",
                "count": 0
            },
            {
                "id": "100048509610460",
                "count": 0
            },
            {
                "id": "100087308922408",
                "count": 0
            },
            {
                "id": "100025452960563",
                "count": 0
            },
            {
                "id": "61552377212077",
                "count": 0
            },
            {
                "id": "100079629185519",
                "count": 0
            },
            {
                "id": "100074142183168",
                "count": 0
            },
            {
                "id": "100008522174196",
                "count": 0
            },
            {
                "id": "100037211391552",
                "count": 0
            },
            {
                "id": "100071858438412",
                "count": 0
            },
            {
                "id": "100071764641574",
                "count": 0
            },
            {
                "id": "61552157895988",
                "count": 0
            },
            {
                "id": "61552952912632",
                "count": 0
            },
            {
                "id": "100024871212620",
                "count": 0
            },
            {
                "id": "100094068757621",
                "count": 0
            },
            {
                "id": "100031177811759",
                "count": 0
            },
            {
                "id": "100080949890526",
                "count": 0
            },
            {
                "id": "1290157550",
                "count": 0
            },
            {
                "id": "100075233017178",
                "count": 0
            },
            {
                "id": "100088737923043",
                "count": 0
            },
            {
                "id": "100068672101423",
                "count": 0
            },
            {
                "id": "1824557330",
                "count": 0
            },
            {
                "id": "593577006",
                "count": 0
            },
            {
                "id": "100083502499869",
                "count": 0
            },
            {
                "id": "100077014194257",
                "count": 0
            },
            {
                "id": "100051241563318",
                "count": 0
            },
            {
                "id": "61554394404659",
                "count": 0
            },
            {
                "id": "100030236827904",
                "count": 0
            },
            {
                "id": "100074293234284",
                "count": 0
            },
            {
                "id": "100090511285969",
                "count": 0
            },
            {
                "id": "100039986310453",
                "count": 0
            },
            {
                "id": "61554619410068",
                "count": 0
            },
            {
                "id": "61555669951304",
                "count": 0
            },
            {
                "id": "61555247557965",
                "count": 0
            },
            {
                "id": "100030967444445",
                "count": 0
            },
            {
                "id": "61555351504870",
                "count": 0
            },
            {
                "id": "840635981",
                "count": 0
            },
            {
                "id": "100087979397864",
                "count": 0
            },
            {
                "id": "61555748969571",
                "count": 0
            },
            {
                "id": "100054673967752",
                "count": 0
            },
            {
                "id": "61551251459640",
                "count": 0
            },
            {
                "id": "1180944008",
                "count": 0
            },
            {
                "id": "112523",
                "count": 0
            },
            {
                "id": "61555756589720",
                "count": 0
            },
            {
                "id": "61555444821587",
                "count": 0
            },
            {
                "id": "61554538358617",
                "count": 0
            },
            {
                "id": "100047157346580",
                "count": 0
            },
            {
                "id": "100040552065590",
                "count": 0
            },
            {
                "id": "100054854328810",
                "count": 0
            },
            {
                "id": "61554679196942",
                "count": 0
            },
            {
                "id": "100003179507332",
                "count": 0
            },
            {
                "id": "100039718591975",
                "count": 0
            },
            {
                "id": "61554533647809",
                "count": 0
            }
        ]
    }
}