{
    "total": [
        {
            "id": "61555809030974",
            "count": 56
        },
        {
            "id": "61557545543030",
            "count": 48
        },
        {
            "id": "100077901534241",
            "count": 1
        },
        {
            "id": "100085515350448",
            "count": 85
        },
        {
            "id": "509484270",
            "count": 52
        },
        {
            "id": "593577006",
            "count": 2
        },
        {
            "id": "100078930363394",
            "count": 128
        },
        {
            "id": "61560565831976",
            "count": 19
        },
        {
            "id": "61560449310345",
            "count": 38
        },
        {
            "id": "100066030937133",
            "count": 20
        },
        {
            "id": "100082207661758",
            "count": 6
        },
        {
            "id": "61551866648813",
            "count": 5
        },
        {
            "id": "100052936035310",
            "count": 17
        },
        {
            "id": "61560056462579",
            "count": 15
        }
    ],
    "week": [
        {
            "id": "61555809030974",
            "count": 56
        },
        {
            "id": "61557545543030",
            "count": 48
        },
        {
            "id": "100077901534241",
            "count": 1
        },
        {
            "id": "100085515350448",
            "count": 85
        },
        {
            "id": "509484270",
            "count": 52
        },
        {
            "id": "593577006",
            "count": 2
        },
        {
            "id": "100078930363394",
            "count": 128
        },
        {
            "id": "61560565831976",
            "count": 19
        },
        {
            "id": "61560449310345",
            "count": 38
        },
        {
            "id": "100066030937133",
            "count": 20
        },
        {
            "id": "100082207661758",
            "count": 6
        },
        {
            "id": "61551866648813",
            "count": 5
        },
        {
            "id": "100052936035310",
            "count": 17
        },
        {
            "id": "61560056462579",
            "count": 15
        }
    ],
    "day": [
        {
            "id": "61555809030974",
            "count": 5
        },
        {
            "id": "61557545543030",
            "count": 3
        },
        {
            "id": "100077901534241",
            "count": 0
        },
        {
            "id": "100085515350448",
            "count": 2
        },
        {
            "id": "509484270",
            "count": 0
        },
        {
            "id": "593577006",
            "count": 0
        },
        {
            "id": "100078930363394",
            "count": 0
        },
        {
            "id": "61560565831976",
            "count": 0
        },
        {
            "id": "61560449310345",
            "count": 0
        },
        {
            "id": "100066030937133",
            "count": 0
        },
        {
            "id": "100082207661758",
            "count": 0
        },
        {
            "id": "61551866648813",
            "count": 0
        },
        {
            "id": "100052936035310",
            "count": 0
        },
        {
            "id": "61560056462579",
            "count": 0
        }
    ],
    "time": 4,
    "last": {
        "time": 3,
        "day": [],
        "week": []
    }
}