{
    "total": [
        {
            "id": "100039718591975",
            "count": 189
        },
        {
            "id": "100083225325572",
            "count": 35
        }
    ],
    "week": [
        {
            "id": "100039718591975",
            "count": 189
        },
        {
            "id": "100083225325572",
            "count": 35
        }
    ],
    "day": [
        {
            "id": "100039718591975",
            "count": 189
        },
        {
            "id": "100083225325572",
            "count": 35
        }
    ],
    "time": 2,
    "last": {
        "time": 0,
        "day": [
            {
                "id": "100072054600843",
                "count": 0
            },
            {
                "id": "100039718591975",
                "count": 0
            },
            {
                "id": "100083225325572",
                "count": 0
            },
            {
                "id": "100073933772076",
                "count": 0
            },
            {
                "id": "100090172425348",
                "count": 0
            }
        ],
        "week": [
            {
                "id": "100072054600843",
                "count": 0
            },
            {
                "id": "100039718591975",
                "count": 0
            },
            {
                "id": "100083225325572",
                "count": 0
            },
            {
                "id": "100073933772076",
                "count": 0
            },
            {
                "id": "100090172425348",
                "count": 0
            }
        ]
    }
}