{
    "total": [
        {
            "id": "100080995677810",
            "count": 0
        },
        {
            "id": "100076881673053",
            "count": 0
        },
        {
            "id": "61556583161131",
            "count": 85
        },
        {
            "id": "61555257920190",
            "count": 0
        },
        {
            "id": "61560509825953",
            "count": 7
        },
        {
            "id": "100089714254731",
            "count": 47
        },
        {
            "id": "61558807776404",
            "count": 0
        },
        {
            "id": "100082108931586",
            "count": 0
        },
        {
            "id": "100084788744307",
            "count": 0
        },
        {
            "id": "100084476283769",
            "count": 0
        },
        {
            "id": "100022963275397",
            "count": 0
        },
        {
            "id": "100094030161339",
            "count": 0
        },
        {
            "id": "61551212426688",
            "count": 0
        },
        {
            "id": "61556801680356",
            "count": 1
        },
        {
            "id": "100041883574696",
            "count": 0
        },
        {
            "id": "61560337913878",
            "count": 0
        },
        {
            "id": "100082365333222",
            "count": 0
        },
        {
            "id": "100084707838139",
            "count": 0
        },
        {
            "id": "61561130037209",
            "count": 0
        },
        {
            "id": "100095011722938",
            "count": 0
        },
        {
            "id": "100079462800461",
            "count": 0
        },
        {
            "id": "100093109260605",
            "count": 1
        },
        {
            "id": "100056041291504",
            "count": 0
        },
        {
            "id": "61560411487989",
            "count": 0
        },
        {
            "id": "61558034660401",
            "count": 2
        },
        {
            "id": "61560384133138",
            "count": 0
        },
        {
            "id": "61556393879504",
            "count": 0
        },
        {
            "id": "100089470462200",
            "count": 0
        },
        {
            "id": "61559012705040",
            "count": 17
        },
        {
            "id": "61555339372524",
            "count": 2
        },
        {
            "id": "61558016553524",
            "count": 0
        },
        {
            "id": "61555809030974",
            "count": 4
        },
        {
            "id": "61555692296584",
            "count": 2
        },
        {
            "id": "61558495605648",
            "count": 0
        },
        {
            "id": "61558688113803",
            "count": 7
        },
        {
            "id": "61559979503704",
            "count": 114
        },
        {
            "id": "61558031745923",
            "count": 6
        },
        {
            "id": "100087186802160",
            "count": 5
        },
        {
            "id": "61551610690163",
            "count": 0
        },
        {
            "id": "100086465932763",
            "count": 1
        },
        {
            "id": "100092266734439",
            "count": 0
        },
        {
            "id": "61559544707106",
            "count": 1
        },
        {
            "id": "100094278753393",
            "count": 0
        },
        {
            "id": "100094691746679",
            "count": 0
        },
        {
            "id": "100038656296338",
            "count": 0
        },
        {
            "id": "100091404773038",
            "count": 4
        },
        {
            "id": "61556410891918",
            "count": 2
        }
    ],
    "week": [
        {
            "id": "100080995677810",
            "count": 0
        },
        {
            "id": "100076881673053",
            "count": 0
        },
        {
            "id": "61556583161131",
            "count": 85
        },
        {
            "id": "61555257920190",
            "count": 0
        },
        {
            "id": "61560509825953",
            "count": 7
        },
        {
            "id": "100089714254731",
            "count": 47
        },
        {
            "id": "61558807776404",
            "count": 0
        },
        {
            "id": "100082108931586",
            "count": 0
        },
        {
            "id": "100084788744307",
            "count": 0
        },
        {
            "id": "100084476283769",
            "count": 0
        },
        {
            "id": "100022963275397",
            "count": 0
        },
        {
            "id": "100094030161339",
            "count": 0
        },
        {
            "id": "61551212426688",
            "count": 0
        },
        {
            "id": "61556801680356",
            "count": 1
        },
        {
            "id": "100041883574696",
            "count": 0
        },
        {
            "id": "61560337913878",
            "count": 0
        },
        {
            "id": "100082365333222",
            "count": 0
        },
        {
            "id": "100084707838139",
            "count": 0
        },
        {
            "id": "61561130037209",
            "count": 0
        },
        {
            "id": "100095011722938",
            "count": 0
        },
        {
            "id": "100079462800461",
            "count": 0
        },
        {
            "id": "100093109260605",
            "count": 1
        },
        {
            "id": "100056041291504",
            "count": 0
        },
        {
            "id": "61560411487989",
            "count": 0
        },
        {
            "id": "61558034660401",
            "count": 2
        },
        {
            "id": "61560384133138",
            "count": 0
        },
        {
            "id": "61556393879504",
            "count": 0
        },
        {
            "id": "100089470462200",
            "count": 0
        },
        {
            "id": "61559012705040",
            "count": 17
        },
        {
            "id": "61555339372524",
            "count": 2
        },
        {
            "id": "61558016553524",
            "count": 0
        },
        {
            "id": "61555809030974",
            "count": 4
        },
        {
            "id": "61555692296584",
            "count": 2
        },
        {
            "id": "61558495605648",
            "count": 0
        },
        {
            "id": "61558688113803",
            "count": 7
        },
        {
            "id": "61559979503704",
            "count": 114
        },
        {
            "id": "61558031745923",
            "count": 6
        },
        {
            "id": "100087186802160",
            "count": 5
        },
        {
            "id": "61551610690163",
            "count": 0
        },
        {
            "id": "100086465932763",
            "count": 1
        },
        {
            "id": "100092266734439",
            "count": 0
        },
        {
            "id": "61559544707106",
            "count": 1
        },
        {
            "id": "100094278753393",
            "count": 0
        },
        {
            "id": "100094691746679",
            "count": 0
        },
        {
            "id": "100038656296338",
            "count": 0
        },
        {
            "id": "100091404773038",
            "count": 4
        },
        {
            "id": "61556410891918",
            "count": 2
        }
    ],
    "day": [
        {
            "id": "100080995677810",
            "count": 0
        },
        {
            "id": "100076881673053",
            "count": 0
        },
        {
            "id": "61556583161131",
            "count": 0
        },
        {
            "id": "61555257920190",
            "count": 0
        },
        {
            "id": "61560509825953",
            "count": 0
        },
        {
            "id": "100089714254731",
            "count": 0
        },
        {
            "id": "61558807776404",
            "count": 0
        },
        {
            "id": "100082108931586",
            "count": 0
        },
        {
            "id": "100084788744307",
            "count": 0
        },
        {
            "id": "100084476283769",
            "count": 0
        },
        {
            "id": "100022963275397",
            "count": 0
        },
        {
            "id": "100094030161339",
            "count": 0
        },
        {
            "id": "61551212426688",
            "count": 0
        },
        {
            "id": "61556801680356",
            "count": 0
        },
        {
            "id": "100041883574696",
            "count": 0
        },
        {
            "id": "61560337913878",
            "count": 0
        },
        {
            "id": "100082365333222",
            "count": 0
        },
        {
            "id": "100084707838139",
            "count": 0
        },
        {
            "id": "61561130037209",
            "count": 0
        },
        {
            "id": "100095011722938",
            "count": 0
        },
        {
            "id": "100079462800461",
            "count": 0
        },
        {
            "id": "100093109260605",
            "count": 0
        },
        {
            "id": "100056041291504",
            "count": 0
        },
        {
            "id": "61560411487989",
            "count": 0
        },
        {
            "id": "61558034660401",
            "count": 0
        },
        {
            "id": "61560384133138",
            "count": 0
        },
        {
            "id": "61556393879504",
            "count": 0
        },
        {
            "id": "100089470462200",
            "count": 0
        },
        {
            "id": "61559012705040",
            "count": 1
        },
        {
            "id": "61555339372524",
            "count": 0
        },
        {
            "id": "61558016553524",
            "count": 0
        },
        {
            "id": "61555809030974",
            "count": 0
        },
        {
            "id": "61555692296584",
            "count": 0
        },
        {
            "id": "61558495605648",
            "count": 0
        },
        {
            "id": "61558688113803",
            "count": 0
        },
        {
            "id": "61559979503704",
            "count": 1
        },
        {
            "id": "61558031745923",
            "count": 0
        },
        {
            "id": "100087186802160",
            "count": 0
        },
        {
            "id": "61551610690163",
            "count": 0
        },
        {
            "id": "100086465932763",
            "count": 0
        },
        {
            "id": "100092266734439",
            "count": 0
        },
        {
            "id": "61559544707106",
            "count": 0
        },
        {
            "id": "100094278753393",
            "count": 0
        },
        {
            "id": "100094691746679",
            "count": 0
        },
        {
            "id": "100038656296338",
            "count": 0
        },
        {
            "id": "100091404773038",
            "count": 0
        },
        {
            "id": "61556410891918",
            "count": 0
        }
    ],
    "time": 4,
    "last": {
        "time": 1,
        "day": [
            {
                "id": "100080995677810",
                "count": 0
            },
            {
                "id": "100076881673053",
                "count": 0
            },
            {
                "id": "61556583161131",
                "count": 0
            },
            {
                "id": "61555257920190",
                "count": 0
            },
            {
                "id": "61560509825953",
                "count": 0
            },
            {
                "id": "100089714254731",
                "count": 0
            },
            {
                "id": "61558807776404",
                "count": 0
            },
            {
                "id": "100082108931586",
                "count": 0
            },
            {
                "id": "100084788744307",
                "count": 0
            },
            {
                "id": "100084476283769",
                "count": 0
            },
            {
                "id": "100022963275397",
                "count": 0
            },
            {
                "id": "100094030161339",
                "count": 0
            },
            {
                "id": "61551212426688",
                "count": 0
            },
            {
                "id": "61556801680356",
                "count": 0
            },
            {
                "id": "100041883574696",
                "count": 0
            },
            {
                "id": "61560337913878",
                "count": 0
            },
            {
                "id": "100082365333222",
                "count": 0
            },
            {
                "id": "100084707838139",
                "count": 0
            },
            {
                "id": "61561130037209",
                "count": 0
            },
            {
                "id": "100095011722938",
                "count": 0
            },
            {
                "id": "100079462800461",
                "count": 0
            },
            {
                "id": "100093109260605",
                "count": 0
            },
            {
                "id": "100056041291504",
                "count": 0
            },
            {
                "id": "61560411487989",
                "count": 0
            },
            {
                "id": "61558034660401",
                "count": 0
            },
            {
                "id": "61560384133138",
                "count": 0
            },
            {
                "id": "61556393879504",
                "count": 0
            },
            {
                "id": "100089470462200",
                "count": 0
            },
            {
                "id": "61555497471708",
                "count": 0
            },
            {
                "id": "61559012705040",
                "count": 0
            },
            {
                "id": "61555339372524",
                "count": 0
            },
            {
                "id": "61558016553524",
                "count": 0
            },
            {
                "id": "61555809030974",
                "count": 0
            },
            {
                "id": "61555692296584",
                "count": 0
            },
            {
                "id": "61558495605648",
                "count": 0
            },
            {
                "id": "61558688113803",
                "count": 0
            },
            {
                "id": "61559979503704",
                "count": 0
            },
            {
                "id": "61552759404266",
                "count": 0
            },
            {
                "id": "61558031745923",
                "count": 0
            },
            {
                "id": "100087186802160",
                "count": 0
            },
            {
                "id": "61551610690163",
                "count": 0
            },
            {
                "id": "100086465932763",
                "count": 0
            },
            {
                "id": "100092266734439",
                "count": 0
            },
            {
                "id": "61559544707106",
                "count": 0
            },
            {
                "id": "100094278753393",
                "count": 0
            },
            {
                "id": "100094691746679",
                "count": 0
            },
            {
                "id": "100038656296338",
                "count": 0
            },
            {
                "id": "100091404773038",
                "count": 0
            }
        ],
        "week": [
            {
                "id": "100080995677810",
                "count": 0
            },
            {
                "id": "100076881673053",
                "count": 0
            },
            {
                "id": "61556583161131",
                "count": 0
            },
            {
                "id": "61555257920190",
                "count": 0
            },
            {
                "id": "61560509825953",
                "count": 0
            },
            {
                "id": "100089714254731",
                "count": 0
            },
            {
                "id": "61558807776404",
                "count": 0
            },
            {
                "id": "100082108931586",
                "count": 0
            },
            {
                "id": "100084788744307",
                "count": 0
            },
            {
                "id": "100084476283769",
                "count": 0
            },
            {
                "id": "100022963275397",
                "count": 0
            },
            {
                "id": "100094030161339",
                "count": 0
            },
            {
                "id": "61551212426688",
                "count": 0
            },
            {
                "id": "61556801680356",
                "count": 0
            },
            {
                "id": "100041883574696",
                "count": 0
            },
            {
                "id": "61560337913878",
                "count": 0
            },
            {
                "id": "100082365333222",
                "count": 0
            },
            {
                "id": "100084707838139",
                "count": 0
            },
            {
                "id": "61561130037209",
                "count": 0
            },
            {
                "id": "100095011722938",
                "count": 0
            },
            {
                "id": "100079462800461",
                "count": 0
            },
            {
                "id": "100093109260605",
                "count": 0
            },
            {
                "id": "100056041291504",
                "count": 0
            },
            {
                "id": "61560411487989",
                "count": 0
            },
            {
                "id": "61558034660401",
                "count": 0
            },
            {
                "id": "61560384133138",
                "count": 0
            },
            {
                "id": "61556393879504",
                "count": 0
            },
            {
                "id": "100089470462200",
                "count": 0
            },
            {
                "id": "61555497471708",
                "count": 0
            },
            {
                "id": "61559012705040",
                "count": 0
            },
            {
                "id": "61555339372524",
                "count": 0
            },
            {
                "id": "61558016553524",
                "count": 0
            },
            {
                "id": "61555809030974",
                "count": 0
            },
            {
                "id": "61555692296584",
                "count": 0
            },
            {
                "id": "61558495605648",
                "count": 0
            },
            {
                "id": "61558688113803",
                "count": 0
            },
            {
                "id": "61559979503704",
                "count": 0
            },
            {
                "id": "61552759404266",
                "count": 0
            },
            {
                "id": "61558031745923",
                "count": 0
            },
            {
                "id": "100087186802160",
                "count": 0
            },
            {
                "id": "61551610690163",
                "count": 0
            },
            {
                "id": "100086465932763",
                "count": 0
            },
            {
                "id": "100092266734439",
                "count": 0
            },
            {
                "id": "61559544707106",
                "count": 0
            },
            {
                "id": "100094278753393",
                "count": 0
            },
            {
                "id": "100094691746679",
                "count": 0
            },
            {
                "id": "100038656296338",
                "count": 0
            },
            {
                "id": "100091404773038",
                "count": 0
            }
        ]
    }
}