{
    "total": [
        {
            "id": "100085597414321",
            "count": 16
        },
        {
            "id": "100078030975377",
            "count": 14
        },
        {
            "id": "100063733969364",
            "count": 196
        },
        {
            "id": "100084884535549",
            "count": 15
        },
        {
            "id": "100063423730525",
            "count": 7
        },
        {
            "id": "100051689281571",
            "count": 0
        },
        {
            "id": "100074363109437",
            "count": 19
        },
        {
            "id": "100090170702118",
            "count": 0
        },
        {
            "id": "100041821860391",
            "count": 7
        },
        {
            "id": "100073830747071",
            "count": 304
        },
        {
            "id": "100066270262053",
            "count": 0
        },
        {
            "id": "100059038973467",
            "count": 21
        },
        {
            "id": "100077601565284",
            "count": 13
        },
        {
            "id": "100088842244669",
            "count": 0
        },
        {
            "id": "61555809030974",
            "count": 93
        },
        {
            "id": "100071554563656",
            "count": 0
        },
        {
            "id": "100090769503498",
            "count": 35
        },
        {
            "id": "100077142337924",
            "count": 27
        },
        {
            "id": "100074210591762",
            "count": 0
        },
        {
            "id": "61558815205468",
            "count": 0
        },
        {
            "id": "100079448311796",
            "count": 6
        },
        {
            "id": "100077790233896",
            "count": 0
        },
        {
            "id": "61554363459641",
            "count": 0
        },
        {
            "id": "100095321889383",
            "count": 17
        },
        {
            "id": "100043239493973",
            "count": 95
        },
        {
            "id": "61561002044297",
            "count": 0
        },
        {
            "id": "100066468802566",
            "count": 0
        },
        {
            "id": "100036229774256",
            "count": 279
        },
        {
            "id": "100075992559444",
            "count": 0
        },
        {
            "id": "100068491774205",
            "count": 3
        },
        {
            "id": "100061295490866",
            "count": 0
        },
        {
            "id": "100077690582451",
            "count": 0
        },
        {
            "id": "100073474245537",
            "count": 1
        },
        {
            "id": "100077646870848",
            "count": 0
        },
        {
            "id": "100063840589774",
            "count": 1
        },
        {
            "id": "61558576438897",
            "count": 2
        },
        {
            "id": "100081221861209",
            "count": 0
        },
        {
            "id": "100042222499334",
            "count": 4
        },
        {
            "id": "100082835767655",
            "count": 202
        },
        {
            "id": "100073357887626",
            "count": 147
        },
        {
            "id": "61552730766130",
            "count": 2
        },
        {
            "id": "100069063895525",
            "count": 1
        },
        {
            "id": "61560709367916",
            "count": 0
        },
        {
            "id": "100069084278633",
            "count": 22
        },
        {
            "id": "100073331349984",
            "count": 10
        },
        {
            "id": "100073296524277",
            "count": 6
        },
        {
            "id": "100050451454504",
            "count": 0
        },
        {
            "id": "61550665616255",
            "count": 0
        },
        {
            "id": "61559673786686",
            "count": 9
        },
        {
            "id": "100047062072297",
            "count": 0
        },
        {
            "id": "100094355611820",
            "count": 0
        },
        {
            "id": "61561189703724",
            "count": 0
        },
        {
            "id": "100074681072497",
            "count": 0
        },
        {
            "id": "100083591954782",
            "count": 0
        },
        {
            "id": "100023151632131",
            "count": 0
        },
        {
            "id": "100094474382360",
            "count": 0
        },
        {
            "id": "100066894667660",
            "count": 64
        },
        {
            "id": "100003005551763",
            "count": 34
        },
        {
            "id": "100057761583861",
            "count": 4
        },
        {
            "id": "61559664661785",
            "count": 3
        },
        {
            "id": "100093212572002",
            "count": 25
        },
        {
            "id": "100058382266960",
            "count": 20
        },
        {
            "id": "61553796269136",
            "count": 1
        },
        {
            "id": "100077274010130",
            "count": 3
        },
        {
            "id": "61560565831976",
            "count": 30
        },
        {
            "id": "100091517457333",
            "count": 1
        },
        {
            "id": "61560056462579",
            "count": 19
        },
        {
            "id": "61554299069606",
            "count": 208
        },
        {
            "id": "61557798995260",
            "count": 19
        },
        {
            "id": "61554842923490",
            "count": 7
        },
        {
            "id": "61557545543030",
            "count": 11
        },
        {
            "id": "61551802808088",
            "count": 1
        },
        {
            "id": "100087938448096",
            "count": 7
        },
        {
            "id": "100001131243539",
            "count": 25
        }
    ],
    "week": [
        {
            "id": "100085597414321",
            "count": 16
        },
        {
            "id": "100078030975377",
            "count": 14
        },
        {
            "id": "100063733969364",
            "count": 196
        },
        {
            "id": "100084884535549",
            "count": 15
        },
        {
            "id": "100063423730525",
            "count": 7
        },
        {
            "id": "100051689281571",
            "count": 0
        },
        {
            "id": "100074363109437",
            "count": 19
        },
        {
            "id": "100090170702118",
            "count": 0
        },
        {
            "id": "100041821860391",
            "count": 7
        },
        {
            "id": "100073830747071",
            "count": 304
        },
        {
            "id": "100066270262053",
            "count": 0
        },
        {
            "id": "100059038973467",
            "count": 21
        },
        {
            "id": "100077601565284",
            "count": 13
        },
        {
            "id": "100088842244669",
            "count": 0
        },
        {
            "id": "61555809030974",
            "count": 93
        },
        {
            "id": "100071554563656",
            "count": 0
        },
        {
            "id": "100090769503498",
            "count": 35
        },
        {
            "id": "100077142337924",
            "count": 27
        },
        {
            "id": "100074210591762",
            "count": 0
        },
        {
            "id": "61558815205468",
            "count": 0
        },
        {
            "id": "100079448311796",
            "count": 6
        },
        {
            "id": "100077790233896",
            "count": 0
        },
        {
            "id": "61554363459641",
            "count": 0
        },
        {
            "id": "100095321889383",
            "count": 17
        },
        {
            "id": "100043239493973",
            "count": 95
        },
        {
            "id": "61561002044297",
            "count": 0
        },
        {
            "id": "100066468802566",
            "count": 0
        },
        {
            "id": "100036229774256",
            "count": 279
        },
        {
            "id": "100075992559444",
            "count": 0
        },
        {
            "id": "100068491774205",
            "count": 3
        },
        {
            "id": "100061295490866",
            "count": 0
        },
        {
            "id": "100077690582451",
            "count": 0
        },
        {
            "id": "100073474245537",
            "count": 1
        },
        {
            "id": "100077646870848",
            "count": 0
        },
        {
            "id": "100063840589774",
            "count": 1
        },
        {
            "id": "61558576438897",
            "count": 2
        },
        {
            "id": "100081221861209",
            "count": 0
        },
        {
            "id": "100042222499334",
            "count": 4
        },
        {
            "id": "100082835767655",
            "count": 202
        },
        {
            "id": "100073357887626",
            "count": 147
        },
        {
            "id": "61552730766130",
            "count": 2
        },
        {
            "id": "100069063895525",
            "count": 1
        },
        {
            "id": "61560709367916",
            "count": 0
        },
        {
            "id": "100069084278633",
            "count": 22
        },
        {
            "id": "100073331349984",
            "count": 10
        },
        {
            "id": "100073296524277",
            "count": 6
        },
        {
            "id": "100050451454504",
            "count": 0
        },
        {
            "id": "61550665616255",
            "count": 0
        },
        {
            "id": "61559673786686",
            "count": 9
        },
        {
            "id": "100047062072297",
            "count": 0
        },
        {
            "id": "100094355611820",
            "count": 0
        },
        {
            "id": "61561189703724",
            "count": 0
        },
        {
            "id": "100074681072497",
            "count": 0
        },
        {
            "id": "100083591954782",
            "count": 0
        },
        {
            "id": "100023151632131",
            "count": 0
        },
        {
            "id": "100094474382360",
            "count": 0
        },
        {
            "id": "100066894667660",
            "count": 64
        },
        {
            "id": "100003005551763",
            "count": 34
        },
        {
            "id": "100057761583861",
            "count": 4
        },
        {
            "id": "61559664661785",
            "count": 3
        },
        {
            "id": "100093212572002",
            "count": 25
        },
        {
            "id": "100058382266960",
            "count": 20
        },
        {
            "id": "61553796269136",
            "count": 1
        },
        {
            "id": "100077274010130",
            "count": 3
        },
        {
            "id": "61560565831976",
            "count": 30
        },
        {
            "id": "100091517457333",
            "count": 1
        },
        {
            "id": "61560056462579",
            "count": 19
        },
        {
            "id": "61554299069606",
            "count": 208
        },
        {
            "id": "61557798995260",
            "count": 19
        },
        {
            "id": "61554842923490",
            "count": 7
        },
        {
            "id": "61557545543030",
            "count": 11
        },
        {
            "id": "61551802808088",
            "count": 1
        },
        {
            "id": "100087938448096",
            "count": 7
        },
        {
            "id": "100001131243539",
            "count": 25
        }
    ],
    "day": [
        {
            "id": "100085597414321",
            "count": 0
        },
        {
            "id": "100078030975377",
            "count": 0
        },
        {
            "id": "100063733969364",
            "count": 0
        },
        {
            "id": "100084884535549",
            "count": 0
        },
        {
            "id": "100063423730525",
            "count": 0
        },
        {
            "id": "100051689281571",
            "count": 0
        },
        {
            "id": "100074363109437",
            "count": 0
        },
        {
            "id": "100090170702118",
            "count": 0
        },
        {
            "id": "100041821860391",
            "count": 0
        },
        {
            "id": "100073830747071",
            "count": 0
        },
        {
            "id": "100066270262053",
            "count": 0
        },
        {
            "id": "100059038973467",
            "count": 0
        },
        {
            "id": "100077601565284",
            "count": 2
        },
        {
            "id": "100088842244669",
            "count": 0
        },
        {
            "id": "61555809030974",
            "count": 0
        },
        {
            "id": "100071554563656",
            "count": 0
        },
        {
            "id": "100090769503498",
            "count": 0
        },
        {
            "id": "100077142337924",
            "count": 1
        },
        {
            "id": "100074210591762",
            "count": 0
        },
        {
            "id": "61558815205468",
            "count": 0
        },
        {
            "id": "100079448311796",
            "count": 0
        },
        {
            "id": "100077790233896",
            "count": 0
        },
        {
            "id": "61554363459641",
            "count": 0
        },
        {
            "id": "100095321889383",
            "count": 0
        },
        {
            "id": "100043239493973",
            "count": 1
        },
        {
            "id": "61561002044297",
            "count": 0
        },
        {
            "id": "100066468802566",
            "count": 0
        },
        {
            "id": "100036229774256",
            "count": 1
        },
        {
            "id": "100075992559444",
            "count": 0
        },
        {
            "id": "100068491774205",
            "count": 0
        },
        {
            "id": "100061295490866",
            "count": 0
        },
        {
            "id": "100077690582451",
            "count": 0
        },
        {
            "id": "100073474245537",
            "count": 0
        },
        {
            "id": "100077646870848",
            "count": 0
        },
        {
            "id": "100063840589774",
            "count": 0
        },
        {
            "id": "61558576438897",
            "count": 0
        },
        {
            "id": "100081221861209",
            "count": 0
        },
        {
            "id": "100042222499334",
            "count": 0
        },
        {
            "id": "100082835767655",
            "count": 0
        },
        {
            "id": "100073357887626",
            "count": 0
        },
        {
            "id": "61552730766130",
            "count": 0
        },
        {
            "id": "100069063895525",
            "count": 0
        },
        {
            "id": "61560709367916",
            "count": 0
        },
        {
            "id": "100069084278633",
            "count": 0
        },
        {
            "id": "100073331349984",
            "count": 0
        },
        {
            "id": "100073296524277",
            "count": 0
        },
        {
            "id": "100050451454504",
            "count": 0
        },
        {
            "id": "61550665616255",
            "count": 0
        },
        {
            "id": "61559673786686",
            "count": 0
        },
        {
            "id": "100047062072297",
            "count": 0
        },
        {
            "id": "100094355611820",
            "count": 0
        },
        {
            "id": "61561189703724",
            "count": 0
        },
        {
            "id": "100074681072497",
            "count": 0
        },
        {
            "id": "100083591954782",
            "count": 0
        },
        {
            "id": "100023151632131",
            "count": 0
        },
        {
            "id": "100094474382360",
            "count": 0
        },
        {
            "id": "100066894667660",
            "count": 0
        },
        {
            "id": "100003005551763",
            "count": 3
        },
        {
            "id": "100057761583861",
            "count": 0
        },
        {
            "id": "61559664661785",
            "count": 0
        },
        {
            "id": "100093212572002",
            "count": 0
        },
        {
            "id": "100058382266960",
            "count": 0
        },
        {
            "id": "61553796269136",
            "count": 0
        },
        {
            "id": "100077274010130",
            "count": 0
        },
        {
            "id": "61560565831976",
            "count": 0
        },
        {
            "id": "100091517457333",
            "count": 0
        },
        {
            "id": "61560056462579",
            "count": 0
        },
        {
            "id": "61554299069606",
            "count": 0
        },
        {
            "id": "61557798995260",
            "count": 0
        },
        {
            "id": "61554842923490",
            "count": 0
        },
        {
            "id": "61557545543030",
            "count": 0
        },
        {
            "id": "61551802808088",
            "count": 0
        },
        {
            "id": "100087938448096",
            "count": 2
        },
        {
            "id": "100001131243539",
            "count": 0
        }
    ],
    "time": 4,
    "last": {
        "time": 1,
        "day": [
            {
                "id": "100085597414321",
                "count": 0
            },
            {
                "id": "100078030975377",
                "count": 0
            },
            {
                "id": "100063733969364",
                "count": 0
            },
            {
                "id": "100084884535549",
                "count": 0
            },
            {
                "id": "100063423730525",
                "count": 0
            },
            {
                "id": "100051689281571",
                "count": 0
            },
            {
                "id": "100074363109437",
                "count": 0
            },
            {
                "id": "100090170702118",
                "count": 0
            },
            {
                "id": "100041821860391",
                "count": 0
            },
            {
                "id": "100073830747071",
                "count": 0
            },
            {
                "id": "100066270262053",
                "count": 0
            },
            {
                "id": "100059038973467",
                "count": 0
            },
            {
                "id": "100077601565284",
                "count": 0
            },
            {
                "id": "100088842244669",
                "count": 0
            },
            {
                "id": "61555809030974",
                "count": 0
            },
            {
                "id": "100071554563656",
                "count": 0
            },
            {
                "id": "100090769503498",
                "count": 0
            },
            {
                "id": "100077142337924",
                "count": 0
            },
            {
                "id": "100074210591762",
                "count": 0
            },
            {
                "id": "61558815205468",
                "count": 0
            },
            {
                "id": "100079448311796",
                "count": 0
            },
            {
                "id": "61561505512992",
                "count": 0
            },
            {
                "id": "100077790233896",
                "count": 0
            },
            {
                "id": "61554363459641",
                "count": 0
            },
            {
                "id": "100095321889383",
                "count": 0
            },
            {
                "id": "100043239493973",
                "count": 0
            },
            {
                "id": "61561002044297",
                "count": 0
            },
            {
                "id": "100066468802566",
                "count": 0
            },
            {
                "id": "61556268620093",
                "count": 0
            },
            {
                "id": "100036229774256",
                "count": 0
            },
            {
                "id": "100075992559444",
                "count": 0
            },
            {
                "id": "100068491774205",
                "count": 0
            },
            {
                "id": "100061295490866",
                "count": 0
            },
            {
                "id": "100077690582451",
                "count": 0
            },
            {
                "id": "100073474245537",
                "count": 0
            },
            {
                "id": "100077646870848",
                "count": 0
            },
            {
                "id": "100063840589774",
                "count": 0
            },
            {
                "id": "61558576438897",
                "count": 0
            },
            {
                "id": "100081221861209",
                "count": 0
            },
            {
                "id": "100091131431829",
                "count": 0
            },
            {
                "id": "100042222499334",
                "count": 0
            },
            {
                "id": "100082835767655",
                "count": 0
            },
            {
                "id": "100073357887626",
                "count": 0
            },
            {
                "id": "61552730766130",
                "count": 0
            },
            {
                "id": "100066497525521",
                "count": 0
            },
            {
                "id": "100069063895525",
                "count": 0
            },
            {
                "id": "61560709367916",
                "count": 0
            },
            {
                "id": "100069084278633",
                "count": 0
            },
            {
                "id": "100073331349984",
                "count": 0
            },
            {
                "id": "100073564514070",
                "count": 0
            },
            {
                "id": "100073296524277",
                "count": 0
            },
            {
                "id": "100050451454504",
                "count": 0
            },
            {
                "id": "61550665616255",
                "count": 0
            },
            {
                "id": "61559673786686",
                "count": 0
            },
            {
                "id": "100047062072297",
                "count": 0
            },
            {
                "id": "100094355611820",
                "count": 0
            },
            {
                "id": "61561189703724",
                "count": 0
            },
            {
                "id": "61560868737629",
                "count": 0
            },
            {
                "id": "100074681072497",
                "count": 0
            },
            {
                "id": "100067680956527",
                "count": 0
            },
            {
                "id": "100083591954782",
                "count": 0
            },
            {
                "id": "100023151632131",
                "count": 0
            },
            {
                "id": "100094474382360",
                "count": 0
            },
            {
                "id": "100066894667660",
                "count": 0
            },
            {
                "id": "100068149387402",
                "count": 0
            }
        ],
        "week": [
            {
                "id": "100085597414321",
                "count": 0
            },
            {
                "id": "100078030975377",
                "count": 0
            },
            {
                "id": "100063733969364",
                "count": 0
            },
            {
                "id": "100084884535549",
                "count": 0
            },
            {
                "id": "100063423730525",
                "count": 0
            },
            {
                "id": "100051689281571",
                "count": 0
            },
            {
                "id": "100074363109437",
                "count": 0
            },
            {
                "id": "100090170702118",
                "count": 0
            },
            {
                "id": "100041821860391",
                "count": 0
            },
            {
                "id": "100073830747071",
                "count": 0
            },
            {
                "id": "100066270262053",
                "count": 0
            },
            {
                "id": "100059038973467",
                "count": 0
            },
            {
                "id": "100077601565284",
                "count": 0
            },
            {
                "id": "100088842244669",
                "count": 0
            },
            {
                "id": "61555809030974",
                "count": 0
            },
            {
                "id": "100071554563656",
                "count": 0
            },
            {
                "id": "100090769503498",
                "count": 0
            },
            {
                "id": "100077142337924",
                "count": 0
            },
            {
                "id": "100074210591762",
                "count": 0
            },
            {
                "id": "61558815205468",
                "count": 0
            },
            {
                "id": "100079448311796",
                "count": 0
            },
            {
                "id": "61561505512992",
                "count": 0
            },
            {
                "id": "100077790233896",
                "count": 0
            },
            {
                "id": "61554363459641",
                "count": 0
            },
            {
                "id": "100095321889383",
                "count": 0
            },
            {
                "id": "100043239493973",
                "count": 0
            },
            {
                "id": "61561002044297",
                "count": 0
            },
            {
                "id": "100066468802566",
                "count": 0
            },
            {
                "id": "61556268620093",
                "count": 0
            },
            {
                "id": "100036229774256",
                "count": 0
            },
            {
                "id": "100075992559444",
                "count": 0
            },
            {
                "id": "100068491774205",
                "count": 0
            },
            {
                "id": "100061295490866",
                "count": 0
            },
            {
                "id": "100077690582451",
                "count": 0
            },
            {
                "id": "100073474245537",
                "count": 0
            },
            {
                "id": "100077646870848",
                "count": 0
            },
            {
                "id": "100063840589774",
                "count": 0
            },
            {
                "id": "61558576438897",
                "count": 0
            },
            {
                "id": "100081221861209",
                "count": 0
            },
            {
                "id": "100091131431829",
                "count": 0
            },
            {
                "id": "100042222499334",
                "count": 0
            },
            {
                "id": "100082835767655",
                "count": 0
            },
            {
                "id": "100073357887626",
                "count": 0
            },
            {
                "id": "61552730766130",
                "count": 0
            },
            {
                "id": "100066497525521",
                "count": 0
            },
            {
                "id": "100069063895525",
                "count": 0
            },
            {
                "id": "61560709367916",
                "count": 0
            },
            {
                "id": "100069084278633",
                "count": 0
            },
            {
                "id": "100073331349984",
                "count": 0
            },
            {
                "id": "100073564514070",
                "count": 0
            },
            {
                "id": "100073296524277",
                "count": 0
            },
            {
                "id": "100050451454504",
                "count": 0
            },
            {
                "id": "61550665616255",
                "count": 0
            },
            {
                "id": "61559673786686",
                "count": 0
            },
            {
                "id": "100047062072297",
                "count": 0
            },
            {
                "id": "100094355611820",
                "count": 0
            },
            {
                "id": "61561189703724",
                "count": 0
            },
            {
                "id": "61560868737629",
                "count": 0
            },
            {
                "id": "100074681072497",
                "count": 0
            },
            {
                "id": "100067680956527",
                "count": 0
            },
            {
                "id": "100083591954782",
                "count": 0
            },
            {
                "id": "100023151632131",
                "count": 0
            },
            {
                "id": "100094474382360",
                "count": 0
            },
            {
                "id": "100066894667660",
                "count": 0
            },
            {
                "id": "100068149387402",
                "count": 0
            }
        ]
    }
}