{
    "total": [
        {
            "id": "61560883576418",
            "count": 59
        },
        {
            "id": "61555809030974",
            "count": 180
        },
        {
            "id": "61557545543030",
            "count": 5
        },
        {
            "id": "100079514079328",
            "count": 5
        },
        {
            "id": "100092486716371",
            "count": 1
        },
        {
            "id": "100093327192874",
            "count": 1
        },
        {
            "id": "100091784937892",
            "count": 2
        }
    ],
    "week": [
        {
            "id": "61560883576418",
            "count": 59
        },
        {
            "id": "61555809030974",
            "count": 180
        },
        {
            "id": "61557545543030",
            "count": 5
        },
        {
            "id": "100079514079328",
            "count": 5
        },
        {
            "id": "100092486716371",
            "count": 1
        },
        {
            "id": "100093327192874",
            "count": 1
        },
        {
            "id": "100091784937892",
            "count": 2
        }
    ],
    "day": [
        {
            "id": "61560883576418",
            "count": 0
        },
        {
            "id": "61555809030974",
            "count": 4
        },
        {
            "id": "61557545543030",
            "count": 0
        },
        {
            "id": "100079514079328",
            "count": 0
        },
        {
            "id": "100092486716371",
            "count": 0
        },
        {
            "id": "100093327192874",
            "count": 0
        },
        {
            "id": "100091784937892",
            "count": 0
        }
    ],
    "time": 3,
    "last": {
        "time": 0,
        "day": [
            {
                "id": "61560883576418",
                "count": 0
            },
            {
                "id": "100071554563656",
                "count": 0
            },
            {
                "id": "61555809030974",
                "count": 0
            },
            {
                "id": "61557545543030",
                "count": 0
            }
        ],
        "week": [
            {
                "id": "61560883576418",
                "count": 0
            },
            {
                "id": "100071554563656",
                "count": 0
            },
            {
                "id": "61555809030974",
                "count": 0
            },
            {
                "id": "61557545543030",
                "count": 0
            }
        ]
    }
}