{
  "questions": [
    {
      "question": "Đâu là thủ đô của Việt Nam?",
      "options": [
        "Hà Nội",
        "Hải Phòng",
        "TP. Hồ Chí Minh",
        "Hà Nam"
      ],
      "answer": "A"
    },
    {
      "question": "Hành tinh nào gần mặt trời nhất?",
      "options": [
        "Venus",
        "Earth",
        "Mercury",
        "Mars"
      ],
      "answer": "C"
    },
    {
      "question": "Ai là tác giả của 'Hamlet'?",
      "options": [
        "William Shakespeare",
        "Charles Dickens",
        "Mark Twain",
        "Jane Austen"
      ],
      "answer": "A"
    }
  ]
}