[
{
	            "name": "Aatrox",
				            "hp": 580,
							            "hp_gain_per_lvl": 90,
										            "hp_regen": 3,
													            "hp_regen_gain_per_lvl": 1,
																            "mana": 0,
																			            "mana_gain_per_lvl": 0,
																						            "mana_regen": 0,
																									            "mana_regen_gain_per_lvl": 0,
																												            "attack_damage": 60,
																															            "attack_damage_gain_per_lvl": 5,
																																		            "attack_speed": 0.651,
																																					            "attack_speed_gain_per_lvl": 2.5,
																																								            "armor": 38,
																																											            "armor_gain_per_lvl": 3.25,
																																														            "magic_resist": 32,
																																																	            "magic_resist_gain_per_lvl": 1.25,
																																																				            "movement_speed": 345,
																																																							            "range": 175,
																																																										            "ability_power": 0,
																																																													            "ability_haste": 0,
																																																																            "crit": 0,
																																																																			            "images": "https://i.imgur.com/mHvCD5F.jpg"
},
{
	            "name": "Ahri",
				            "hp": 526,
							            "hp_gain_per_lvl": 92,
										            "hp_regen": 5.5,
													            "hp_regen_gain_per_lvl": 0.6,
																            "mana": 418,
																			            "mana_gain_per_lvl": 25,
																						            "mana_regen": 8,
																									            "mana_regen_gain_per_lvl": 0.8,
																												            "attack_damage": 53,
																															            "attack_damage_gain_per_lvl": 3,
																																		            "attack_speed": 0.668,
																																					            "attack_speed_gain_per_lvl": 2,
																																								            "armor": 21,
																																											            "armor_gain_per_lvl": 3.5,
																																														            "magic_resist": 30,
																																																	            "magic_resist_gain_per_lvl": 0.5,
																																																				            "movement_speed": 330,
																																																							            "range": 550,
																																																										            "ability_power": 0,
																																																													            "ability_haste": 0,
																																																																            "crit": 0,
																																																																			            "images": "https://imgur.com/g5bGr95.jpg"
},
{
	            "name": "Akali",
				            "hp": 500,
							            "hp_gain_per_lvl": 105,
										            "hp_regen": 9,
													            "hp_regen_gain_per_lvl": 0.9,
																            "mana": 200,
																			            "mana_gain_per_lvl": 0,
																						            "mana_regen": 50,
																									            "mana_regen_gain_per_lvl": 0,
																												            "attack_damage": 62,
																															            "attack_damage_gain_per_lvl": 3.3,
																																		            "attack_speed": 0.625,
																																					            "attack_speed_gain_per_lvl": 3.2,
																																								            "armor": 23,
																																											            "armor_gain_per_lvl": 3.5,
																																														            "magic_resist": 37,
																																																	            "magic_resist_gain_per_lvl": 1.25,
																																																				            "movement_speed": 345,
																																																							            "range": 125,
																																																										            "ability_power": 0,
																																																													            "ability_haste": 0,
																																																																            "crit": 0,
																																																																			            "images": "https://imgur.com/hqZ64Qx.jpg"
},
{
	            "name": "Akshan",
				            "hp": 560,
							            "hp_gain_per_lvl": 90,
										            "hp_regen": 3.75,
													            "hp_regen_gain_per_lvl": 0.65,
																            "mana": 350,
																			            "mana_gain_per_lvl": 40,
																						            "mana_regen": 8.175,
																									            "mana_regen_gain_per_lvl": 0.7,
																												            "attack_damage": 52,
																															            "attack_damage_gain_per_lvl": 3.5,
																																		            "attack_speed": 0.638,
																																					            "attack_speed_gain_per_lvl": 4,
																																								            "armor": 26,
																																											            "armor_gain_per_lvl": 3,
																																														            "magic_resist": 30,
																																																	            "magic_resist_gain_per_lvl": 0.5,
																																																				            "movement_speed": 330,
																																																							            "range": 500,
																																																										            "ability_power": 0,
																																																													            "ability_haste": 0,
																																																																            "crit": 0,
																																																																			            "images": "https://imgur.com/5N7a3Ow.jpg"
},
{
	            "name": "Alistar",
				            "hp": 600,
							            "hp_gain_per_lvl": 106,
										            "hp_regen": 8.5,
													            "hp_regen_gain_per_lvl": 0.85,
																            "mana": 350,
																			            "mana_gain_per_lvl": 40,
																						            "mana_regen": 8.5,
																									            "mana_regen_gain_per_lvl": 0.8,
																												            "attack_damage": 62,
																															            "attack_damage_gain_per_lvl": 3.75,
																																		            "attack_speed": 0.625,
																																					            "attack_speed_gain_per_lvl": 2.125,
																																								            "armor": 44,
																																											            "armor_gain_per_lvl": 3.5,
																																														            "magic_resist": 32,
																																																	            "magic_resist_gain_per_lvl": 1.25,
																																																				            "movement_speed": 330,
																																																							            "range": 125,
																																																										            "ability_power": 0,
																																																													            "ability_haste": 0,
																																																																            "crit": 0,
																																																																			            "images": "https://imgur.com/CpNAe32.jpg"
}  
]