[
    {
        "threadID": "8763564947048785",
        "shortcuts": []
    },
    {
        "threadID": "5545239815576118",
        "shortcuts": [
            {
                "id": "4c9krAnnzw",
                "input": "Lâm cá trê",
                "output": "Cá trê"
            }
        ]
    },
    {
        "threadID": "5852038461574272",
        "shortcuts": [
            {
                "id": "MFrr8C4rrG",
                "input": "Tvm",
                "output": "helo tvm hãy tt nhiều lên để dc phát setl"
            },
            {
                "id": "KCKY8A8Cyy",
                "input": "vợ",
                "output": "vợ đây, vợ iu chồng, iu nhau tới cuối đời nhé"
            },
            {
                "id": "rYwAko1nD4",
                "input": "Hi",
                "output": "chào bạn nha, chúc bạn 1 ngày vui vẻ"
            },
            {
                "id": "YrCyyYBsrJ",
                "input": "Pp",
                "output": "chào tạm biệt bạn nha, nhớ quay lại tt với box nhé, mãi iu 💗💗"
            },
            {
                "id": "lCFskwCzwW",
                "input": "Pp",
                "output": "chào tạm biệt bạn nha, nhớ quay lại tt với box nhé, mãi iu 💗💗"
            },
            {
                "id": "F1rywMWoAJ",
                "input": "Cúc",
                "output": "Cúc con mịa m đi, không tiễn, phắn lẹ cho bố"
            },
            {
                "id": "1qKlrGrr4c",
                "input": "Nín",
                "output": "im mẹ đi ồn vl"
            }
        ]
    },
    {
        "threadID": "6012871768807164",
        "shortcuts": [
            {
                "id": "4zDDkukuo9",
                "input": "Tvm",
                "output": "Chào bạn ❤️\n♥Bạn giới thiệu năm sinh mình setname nhé 💕\n♥Show acc game + avt💕\n♥ Cuối tuần sẽ có giao lưu trong box và ngoài box 💕\n♥ Tôn trọng tất cả mọi người trong box 💕\n♥ Box thường vắng vào ban ngày vì mọi người phải đi học và đi làm 💕\n♥VUI LÒNG KHÔNG GÂY WAR TRONG BOX 💕"
            },
            {
                "id": "ormsqwkfoY",
                "input": "@Bé Đen",
                "output": "No tag, No inbox 🥀"
            },
            {
                "id": "rMktKyK98c",
                "input": "Luật",
                "output": "Luật box DIAMOND BLACK 💎 [DB❥]\n1: ALL HẠN CHẾ TOXIC, DRAMA TRONG BOX\n2:Tôn trọng mọi người trong gr.\n3:Vào box out ra là out vĩnh viễn. \n4;Chủ nhật hàng tuần có gl box\n5: Mọi người có thể thả thính ai nếu mn  thấy thích \n6: TUYỆT ĐỐI KHÔNG ĐƯỢC tag \"mọi người \" khi không có việc và sự cho phép của BOSS + QTV .ĐƯỢC tag từng người 1 nếu có việc .\n7:CN hằng tuần QTV lọc box\n8:Box Liên quân phiền không nói về game khác, hạn chế 18+\n9:Mọi người vui vẻ, hòa đồng không bè phái💕\n10:TUYỆT ĐỐI không đem tin nhắn box DB qua box khác!"
            }
        ]
    },
    {
        "threadID": "5736603279790781",
        "shortcuts": [
            {
                "id": "ouu8zpclwG",
                "input": "Tvm",
                "output": "Chào thành viên mới nha 🤷‍♂️🤷‍♂️ \nBạn vào box giới thiệu năm sinh và show acc + ảnh nhé .Cảm ơn nhiều nè ❤️"
            }
        ]
    },
    {
        "threadID": "4946855372034295",
        "shortcuts": [
            {
                "id": "tt9y4czsz8",
                "input": "s",
                "output": "/callad hi"
            }
        ]
    },
    {
        "threadID": "6232207350230081",
        "shortcuts": [
            {
                "id": "mmG44CWt9s",
                "input": "Tvm",
                "output": "◉ Chào thành viên mới👋\n◉ Bạn giới thiệu tên + tuổi mình setname ❤️ \n◉ Show ảnh ( nếu có thể ) + acc game ❤️\n◉ Không tag all mọi người ❤️\n◉ BAN NGÀY MỌI NGƯỜI LÀM VÀ BẬN NÊN ÍT NHẮN TIN ❤️\n◉    \" VUI LÒNG KHÔNG GÂY WAR TRONG BOX \"❤️"
            },
            {
                "id": "qywFCkCmof",
                "input": "Luật",
                "output": "Luật Box 𝓐𝓷𝓰𝓮𝓵𝓪 𝓑𝓪𝓫𝔂\n🌸 Hạn chế nói tục ,tuyệt đối không gửi ảnh và video 18+ ,tôn trọng mọi người trong box\n🌸 Cuối tuần sẽ có giao lưu box và ngoài box \n🌸 KHÔNG \"TAG ALL \" \n🌸 KHÔNG GÂY WAR"
            }
        ]
    },
    {
        "threadID": "6622249991139687",
        "shortcuts": [
            {
                "id": "N8zz4CCk4N",
                "input": "%",
                "output": "%"
            },
            {
                "id": "rzulBoooG4",
                "input": "%help",
                "output": "%help"
            },
            {
                "id": "9kYKBokuu1",
                "input": "☁️",
                "output": "☁️"
            }
        ]
    },
    {
        "threadID": "3988375061267653",
        "shortcuts": [
            {
                "id": "tFrrrmpsCN",
                "input": "start",
                "output": "18:30 17/6/2023"
            },
            {
                "id": "fmzoCnrpWt",
                "input": "continue 1",
                "output": "20:45 17/06/2023"
            }
        ]
    },
    {
        "threadID": "6496410627072236",
        "shortcuts": [
            {
                "id": "wmFJAtcmuG",
                "input": "/hi cc",
                "output": "/hi"
            },
            {
                "id": "ykFDrnKkrB",
                "input": "/hi",
                "output": "/hi cc"
            },
            {
                "id": "GAGzAxloKu",
                "input": "hi",
                "output": "hi cc"
            },
            {
                "id": "MqBcGvsmBr",
                "input": "yêu chị không",
                "output": "dạ có"
            },
            {
                "id": "nvrtF18A9p",
                "input": "sim mất dạy",
                "output": "đụ má"
            },
            {
                "id": "BmFxtoACmu",
                "input": "sim dit me may",
                "output": "quần què"
            },
            {
                "id": "JNqrtu1uYy",
                "input": "quỷ xấu chó",
                "output": "chắc mày đẹp😀"
            },
            {
                "id": "Fklvctmwry",
                "input": "mày là con ghẻ",
                "output": "chắc mày con guộc quỷ nhỏ ơi"
            },
            {
                "id": "yrn8GwrkCG",
                "input": "Hello",
                "output": "Cúc về hậu cung ngủ đi quỷ nhỏ"
            },
            {
                "id": "zNwqyNwCGy",
                "input": "đau bụng quá",
                "output": "mày giống Tra Long nữa rồi đoá ỉa cho bung chỉ trĩ hả:))"
            },
            {
                "id": "NWMypCkztu",
                "input": "M ngựa quá sim ơi",
                "output": "Tao biết tao ngựa rồi khỏi khen😎"
            },
            {
                "id": "oG8Kfwr4qY",
                "input": "Sim ngu",
                "output": "M câm họng đi múa cột đi"
            },
            {
                "id": "yyvWvy41rz",
                "input": "Thấy tao hát hay không",
                "output": "Nín địt đi má"
            },
            {
                "id": "uoMkDCcmrM",
                "input": "Tra long tồi",
                "output": "Tra long tồi ỉa nhiều thiệt nma vẫn đẹp trai nha má"
            },
            {
                "id": "Dcs1qzryFo",
                "input": "ai là người yêu Đức",
                "output": "chị Khả Hân xinh đẹp ạ"
            },
            {
                "id": "kWBfBz1pcw",
                "input": "ăn cơm không",
                "output": "đụ má ăn cơm cc phát quài mệt hơi ghê:))"
            },
            {
                "id": "KCCrlqJW8o",
                "input": "Tra long đẹp trai không",
                "output": "không nha má ỉa nhiều còn bung chỉ trĩ nữa đòi tao yêu hớ😀"
            },
            {
                "id": "wtWGr9kr4l",
                "input": "hiii",
                "output": "Em chào anh Đức đẹp trai ạ  :3"
            },
            {
                "id": "8Groxmypmz",
                "input": "mệt mỏi",
                "output": "Nín địt đi nói lắm"
            },
            {
                "id": "CWf8nwtrcy",
                "input": "ĐI MÚA CỘT ĐI NÓI LẮM",
                "output": "😭"
            },
            {
                "id": "t1xn8FArWK",
                "input": "đại gia đình Hậu Cung như thế nào",
                "output": "Cười khặc khặc quài"
            },
            {
                "id": "KAAYxCcmmy",
                "input": "mày thấy Dũng như thế nào?",
                "output": "nó hả?thằng l ảo tưởng đã xấu còn phái thể hiện kêu nó cúc về cung nó ngủ đi không ai thị tẩm đâu 😎"
            },
            {
                "id": "9zKfuosCt4",
                "input": "mày thích ai",
                "output": "iu anh tên Huân anh Dũng cúc về cung ngủ đi thấy ghét vl:)))"
            },
            {
                "id": "rmuxpoNWoy",
                "input": "em có quay về được không",
                "output": "Nghe hát hăm"
            },
            {
                "id": "mlmNkmowf9",
                "input": "ai là ny Dy",
                "output": "chị @Minh Chi  xinh đẹp ạ"
            },
            {
                "id": "AkxM4tsFYl",
                "input": "Minh Chi có yêu Dy Lê khum",
                "output": "chị Minh Chi rất iu anh Dy Lê ạ"
            },
            {
                "id": "BcmK9sswnK",
                "input": "ai là ny Minh Chi",
                "output": "anh Dy ạ :>"
            },
            {
                "id": "lxw1czAtuw",
                "input": "ai là người yêu của Liu Cay",
                "output": "Minh Lai ạ"
            },
            {
                "id": "KoulNuycCA",
                "input": "Hè lố",
                "output": "Chào anh Long đẹp trai, em yêu anh chết mất 🤧🤧"
            },
            {
                "id": "cMvtBAYptm",
                "input": "ai là ngiu của Hân",
                "output": "Lê Ngọc Anh Đức đẹp trai no1 ạ :>"
            },
            {
                "id": "9zwWqmCwrs",
                "input": "Yêu em",
                "output": "Yêu clmm"
            },
            {
                "id": "ruoqrrrNzz",
                "input": "Ai là em yêu của Long",
                "output": "Là Thiên Diệp xinh đẹp đáng yêu 😍"
            },
            {
                "id": "yu4AzmFfwu",
                "input": "07+04= 110",
                "output": "."
            },
            {
                "id": "Yyk1Cr1Dok",
                "input": ":)))",
                "output": "Cười cc"
            },
            {
                "id": "WkJCfrxG4s",
                "input": "hii",
                "output": "hí chào người đẹp của bé🥰"
            },
            {
                "id": "KDmCB9vCyC",
                "input": "Tháng này anh tăng lương cho em",
                "output": "Đéo cần"
            },
            {
                "id": "zNkxMtyFfk",
                "input": "Sim óc chó",
                "output": "Bộ lúc ông trời thả não mày cầm ô che à hay máu kinh tràn lên hoà cùng với máu não mày vậy? Trời ơi nhìn cái não mày kìa, sao mà nó có thể trơn tru, láng mịn, không một vết nhăn thế nhỉ? Đại não và tất cả các thành phần trong não mày không phát triển à? Bằng tất cả sự văn minh thành thật mong mày thả lỏng cơ nhai, khép hai hàm lại vì phát ngôn của mày gây ảnh hưởng thiếu tích cực đến chất lượng không khí lắm! Thật thú vị tao nên báo cáo cho tổ chức y khoa thế giới của một trường hợp thai nhi được sinh ra với bộ não rớt ở trong bụng mẹ ví dụ điển hình đó là mày đó thứ ôn lồn não phẳng ạ.\nLưu ý: đừng cố văn minh vì một con đĩ ngu lồn như mày không thể hiểu nổi đâu"
            },
            {
                "id": "rs8CNpupov",
                "input": "ai đẹp trai nhất box chat này",
                "output": "a Đức đẹp trai ạ"
            },
            {
                "id": "syzBmAtutu",
                "input": "hiiii",
                "output": "Em chào chị Hân xinh đẹp ạ :3"
            },
            {
                "id": "wxftByotAy",
                "input": "2",
                "output": "Hai cái lmm"
            },
            {
                "id": "tzzw9wwowK",
                "input": "Hiiiii",
                "output": "Em chào chi Minh Chi xinh đẹp ạ :3"
            },
            {
                "id": "BCWMtAyAtq",
                "input": "Hii",
                "output": "Em chào chị Lan Anh xinh đẹp ạ :3"
            },
            {
                "id": "ACGAzrww8z",
                "input": "Ngu clmm",
                "output": "Óc con chó :vv"
            },
            {
                "id": "GAtmqBCyoC",
                "input": "6",
                "output": "6 cái lồn mẹ mày"
            }
        ]
    },
    {
        "threadID": "9019364888135369",
        "shortcuts": [
            {
                "id": "MGuqsKzzDG",
                "input": "Hi tvm",
                "output": "Tvm setbd +năm sinh,showw acc giúp mình nhaa\n『 𝐻𝐷 』•"
            }
        ]
    },
    {
        "threadID": "6312779962163447",
        "shortcuts": [
            {
                "id": "mrCq9KKnkB",
                "input": "Hi tvm",
                "output": "Tvm mới vô setbd + năm sinh,show acc giúp mình nhaaaa \n⚔️ACE❤️"
            }
        ]
    },
    {
        "threadID": "6232036650244852",
        "shortcuts": [
            {
                "id": "DrtrCyuKrv",
                "input": "Hi tvm",
                "output": "Hăi tvm giới thiệu show acc + set bd giúp mình nhée\n⚔ACE❤️ tên + năm sinh"
            }
        ]
    },
    {
        "threadID": "6187718548006826",
        "shortcuts": [
            {
                "id": "oGMNmMrrmw",
                "input": "💕",
                "output": "💕"
            }
        ]
    },
    {
        "threadID": "6362141067212155",
        "shortcuts": [
            {
                "id": "tWlrrcryrA",
                "input": "hi",
                "output": "1"
            }
        ]
    },
    {
        "threadID": "6990326871029313",
        "shortcuts": [
            {
                "id": "zBro1snfJM",
                "input": "👻",
                "output": "{name} óc à em"
            }
        ]
    },
    {
        "threadID": "6998223250214714",
        "shortcuts": [
            {
                "id": "okr8rurwct",
                "input": "🩵",
                "output": "{name} óc à tk rác"
            }
        ]
    },
    {
        "threadID": "5644017988950410",
        "shortcuts": [
            {
                "id": "noszwvKn48",
                "input": "👻",
                "output": "@Quý dandy ✪ vip vcl trùm hắc"
            }
        ]
    },
    {
        "threadID": "24058305140484533",
        "shortcuts": [
            {
                "id": "1kWYFk119v",
                "input": "hi",
                "output": "hi"
            },
            {
                "id": "AyyKrzc18r",
                "input": "‎Xin chào , chúc bạn một buổi chiều vui vẻ ❤️",
                "output": "hi"
            },
            {
                "id": "swkwtWNrmv",
                "input": "Tuổi cặc dùng lệnh config",
                "output": "hi"
            }
        ]
    }
]