{
    "5611406255581144": {
        "data": false
    },
    "8763564947048785": {
        "data": false
    },
    "7385910631479636": {
        "data": false
    },
    "100002832745446": {
        "data": false
    },
    "8085374901536873": {
        "data": false
    },
    "4894631453972520": {
        "data": false
    },
    "5844998235531029": {
        "data": false
    },
    "4853893041400316": {
        "data": false
    },
    "5304583592919650": {
        "data": false
    },
    "4779061905540435": {
        "data": false
    },
    "7877436122331845": {
        "data": false
    },
    "5877175435662311": {
        "data": false
    },
    "4993134784121649": {
        "data": false
    },
    "5232128853549644": {
        "data": false
    },
    "5767917959941091": {
        "data": false
    },
    "5361161777277205": {
        "data": false
    },
    "5928590800563482": {
        "data": false
    },
    "4674521119250861": {
        "data": false
    },
    "4946855372034295": {
        "data": false
    },
    "8253513318057251": {
        "data": false
    },
    "5735818116543563": {
        "data": false
    },
    "5166692526789591": {
        "data": false
    },
    "5761574093937231": {
        "data": false
    },
    "5540392612662576": {
        "data": false
    },
    "5653753104691869": {
        "data": false
    },
    "5211454445570437": {
        "data": false
    },
    "5337332976383819": {
        "data": false
    },
    "5487389188055009": {
        "data": false
    },
    "5605008539523915": {
        "data": false
    },
    "5691980920843736": {
        "data": false
    },
    "5503577656358998": {
        "data": false
    },
    "5281634565227244": {
        "data": false
    },
    "6992411207500582": {
        "data": false
    },
    "5937336873043846": {
        "data": false
    },
    "5478926522204800": {
        "data": false
    },
    "100035338401736": {
        "data": false
    },
    "100005448737422": {
        "data": false
    },
    "100086959470811": {
        "data": false
    },
    "100037211391552": {
        "data": false
    },
    "100081059557545": {
        "data": false
    },
    "100048230601916": {
        "data": false
    },
    "100075268951000": {
        "data": false
    },
    "100070845977484": {
        "data": false
    },
    "100071916571439": {
        "data": false
    },
    "100087798747886": {
        "data": false
    },
    "100067830994465": {
        "data": false
    },
    "9040961289279003": {
        "data": false
    },
    "100073404653939": {
        "data": false
    },
    "5812739308821621": {
        "data": false
    },
    "8673022422738901": {
        "data": false
    },
    "100041465832703": {
        "data": false
    },
    "100071778753587": {
        "data": false
    },
    "6369271609818833": {
        "data": false
    },
    "6417287628284582": {
        "data": false
    },
    "6063383277110342": {
        "data": false
    },
    "6012613508828756": {
        "data": false
    },
    "6600299013327278": {
        "data": false
    },
    "5867896626595043": {
        "data": false
    },
    "5497584550267896": {
        "data": false
    },
    "5676122862514993": {
        "data": false
    },
    "6365965203434469": {
        "data": false
    },
    "4873729109420644": {
        "data": false
    },
    "5628659760573336": {
        "data": false
    },
    "100068885486737": {
        "data": false
    },
    "100071401195593": {
        "data": false
    },
    "100070815402204": {
        "data": false
    },
    "100073662584319": {
        "data": false
    },
    "100032887577049": {
        "data": false
    },
    "100023228482730": {
        "data": false
    },
    "100072541832474": {
        "data": false
    },
    "100050867295216": {
        "data": false
    },
    "100070606271640": {
        "data": false
    },
    "100022530879027": {
        "data": false
    },
    "100082874513172": {
        "data": false
    },
    "100049496583094": {
        "data": false
    },
    "100071132537313": {
        "data": false
    },
    "100071022296850": {
        "data": false
    },
    "100050924621842": {
        "data": false
    },
    "100077726060890": {
        "data": false
    },
    "100064568893381": {
        "data": false
    },
    "6998223250214714": {
        "data": true
    }
}