[
    {
        "senderID": "61555809030974",
        "time": 1723477975910,
        "input": 0,
        "historic_input": 0
    },
    {
        "senderID": 61555809030974,
        "time": 1723479028315,
        "input": 1928736874646464,
        "historic_input": 0
    },
    {
        "senderID": 61555809030974,
        "time": 1723480674454,
        "input": 200000,
        "historic_input": 1928736874646464
    },
    {
        "senderID": 61555809030974,
        "time": 1723481121367,
        "input": 9.29299282928293e+30,
        "historic_input": 1928736874846464
    }
]