[
    {
        "senderID": 61551763396420,
        "time": 1722432275436,
        "input": 287263673848466560,
        "historic_input": 0
    },
    {
        "senderID": 61551763396420,
        "time": 1722433360234,
        "input": 1e+28,
        "historic_input": 287263673848466560
    },
    {
        "senderID": 61551763396420,
        "time": 1722434334511,
        "input": -182873,
        "historic_input": 1.0000000000287262e+28
    },
    {
        "senderID": 61551763396420,
        "time": 1722434881753,
        "input": 2987373737,
        "historic_input": 1.0000000000287262e+28
    },
    {
        "senderID": 61551763396420,
        "time": 1722436110937,
        "input": 10837373093838,
        "historic_input": 1.0000000000287262e+28
    }
]