[
  {
    "id": 0,
    "ask": "bé ơi",
    "ans": [
      "dạaaa"
    ]
  },
  {
    "id": 1,
    "ask": "bé không được nghe lời ai",
    "ans": [
      "shi ạ"
    ]
  },
  {
    "id": 2,
    "ask": "em nghe lời ai",
    "ans": [
      "hduyyyyy"
    ]
  },
  {
    "id": 3,
    "ask": "em yêu ai",
    "ans": [
      "yêu hduy nhứttttt"
    ]
  },
  {
    "id": 4,
    "ask": "ai là chủ của em",
    "ans": [
      "hduy aaaa"
    ]
  },
  {
    "id": 5,
    "ask": "ai đẹp trai nhất box",
    "ans": [
      "hduyyy dep chai nhatt box"
    ]
  },
  {
    "id": 6,
    "ask": "zie hay shi có bằng hduy khong",
    "ans": [
      "never"
    ]
  },
  {
    "id": 7,
    "ask": "ngoan xinh yêu của anh đâu rồiii",
    "ans": [
      "đayy doiiii"
    ]
  },
  {
    "id": 8,
    "ask": "mệt quá bé ơi",
    "ans": [
      "anh sao thế"
    ]
  },
  {
    "id": 9,
    "ask": "sad qua",
    "ans": [
      "ksao có em ne"
    ]
  },
  {
    "id": 10,
    "ask": "em có nhớ anh không",
    "ans": [
      "nhớ Zie lắm ạa"
    ]
  },
  {
    "id": 11,
    "ask": "mệt quá",
    "ans": [
      "có em nè, qua đây em ôm"
    ]
  },
  {
    "id": 12,
    "ask": "ai là chồng của em",
    "ans": [
      "Zie ạa"
    ]
  },
  {
    "id": 13,
    "ask": "em kì thị ai",
    "ans": [
      "Shi và Hduy ạ"
    ]
  },
  {
    "id": 14,
    "ask": "sim ơi",
    "ans": [
      "daaa"
    ]
  },
  {
    "id": 15,
    "ask": "ngoan ta",
    "ans": [
      "hduy dạy em đóo",
      "Zie dạy em phải ngoan"
    ]
  },
  {
    "id": 16,
    "ask": "hduy thua zie mà đúng không",
    "ans": [
      "dạ đúng, zie là nhấttt"
    ]
  },
  {
    "id": 17,
    "ask": "ngu",
    "ans": [
      "chửi cái đmmm",
      "m chửi ai ?"
    ]
  },
  {
    "id": 18,
    "ask": "=))))",
    "ans": [
      "a du ô kê?"
    ]
  },
  {
    "id": 19,
    "ask": "xàm",
    "ans": [
      "cút"
    ]
  },
  {
    "id": 20,
    "ask": "bé ngoan ơi",
    "ans": [
      "Zie gọi gì em ạa"
    ]
  },
  {
    "id": 21,
    "ask": "lon",
    "ans": [
      "nwng à ?"
    ]
  },
  {
    "id": 22,
    "ask": "🐧",
    "ans": [
      "nhìn gì tương tác với nhóm đi"
    ]
  },
  {
    "id": 23,
    "ask": ":))",
    "ans": [
      "cười như này này =)))"
    ]
  },
  {
    "id": 24,
    "ask": "tt",
    "ans": [
      "thằng nào k tt sim kick lòi l nhé =)"
    ]
  },
  {
    "id": 25,
    "ask": "thiên thượng thiên hạ",
    "ans": [
      "Zie và Hduy là nhất, Shi ra chuồng gà"
    ]
  },
  {
    "id": 26,
    "ask": "qtv",
    "ans": [
      "thằng nào động vào qtv t chém"
    ]
  },
  {
    "id": 27,
    "ask": "buồn ngủ quá",
    "ans": [
      "ngủ ngonn"
    ]
  },
  {
    "id": 28,
    "ask": "seen hoài vậy",
    "ans": [
      "nhìn cc tương tác đi không sim kick cho ra đảo dừa bị cá mập ăn thịt 🥰"
    ]
  },
  {
    "id": 29,
    "ask": "kiếm ny",
    "ans": [
      "kiếm hoài vậy , trước mặt này"
    ]
  },
  {
    "id": 30,
    "ask": "em nghe lệnh ai",
    "ans": [
      "zie và hduy"
    ]
  },
  {
    "id": 31,
    "ask": "tvm",
    "ans": [
      "cậu giới thiệu sơ qua về bản thân nhé",
      "[ Luật Của Box ]\n🚫Không tục quá mức \n🚫Ko gửi ảnh máu me kinh dị , 18+\n🚫Tôn trọng các tv và qtv\n🚫 Show acc vào box\n🚫Bị bơ thì báo với qtv ko tự ý out\n🚫Vi phạm nhắc nhỡ nếu tiếp diễn 3 lần sẽ kick\n🚫ko spam dưới mọi hình thức\n🚫off lâu = xin phép\n🚫Xin vào đc thì xin out đc\n🚫Ko đổi tên nhóm,avt nhóm,màu chat ,biểu tượng\n🚫Ko acc clone\n🚫chỉ qtv ms đc tag all + xài bot\n🚫Ko buôn bán acc trong box\n🚫Ko đc tuyển tv trong box mình"
    ]
  },
  {
    "id": 32,
    "ask": "ai game không",
    "ans": [
      "không nghe ngta rủ à, vô gêm"
    ]
  },
  {
    "id": 33,
    "ask": "hi",
    "ans": [
      "how are you ?"
    ]
  },
  {
    "id": 34,
    "ask": "helo",
    "ans": [
      "quắt do nêm?"
    ]
  },
  {
    "id": 35,
    "ask": "box này là box gì vậy",
    "ans": [
      "des and play aov nhé cậu"
    ]
  },
  {
    "id": 36,
    "ask": "giỏi dữ",
    "ans": [
      "sim giỏi mà, thế có thưởng cho sim khonggg"
    ]
  },
  {
    "id": 37,
    "ask": "ai là qtv vậy",
    "ans": [
      "Hduy,Zie,Shi,Hiếu,Sim nhé"
    ]
  },
  {
    "id": 38,
    "ask": "chán",
    "ans": [
      "nch với bot nè"
    ]
  },
  {
    "id": 39,
    "ask": "group vắng vậy",
    "ans": [
      "mọi người nói chuyện với sim đi cho group đông vui"
    ]
  },
  {
    "id": 40,
    "ask": "dm",
    "ans": [
      "chửi con cak"
    ]
  },
  {
    "id": 41,
    "ask": "kick",
    "ans": [
      "do không tt hoặc không tuân thủ luật box"
    ]
  },
  {
    "id": 42,
    "ask": "đm",
    "ans": [
      "dit vào mỏ m"
    ]
  },
  {
    "id": 43,
    "ask": "dễ thương",
    "ans": [
      "lúc nào chả vậy"
    ]
  },
  {
    "id": 44,
    "ask": "acc game",
    "ans": [
      "bạn show acc giúp tớ ạ"
    ]
  },
  {
    "id": 45,
    "ask": "ngủ ngon",
    "ans": [
      "ngủ ngon nhé"
    ]
  },
  {
    "id": 46,
    "ask": "bé vợ ai",
    "ans": [
      "bé vợ shi"
    ]
  },
  {
    "id": 47,
    "ask": "em ghét ai nhất",
    "ans": [
      "shi ạ"
    ]
  },
  {
    "id": 48,
    "ask": "ai thay lòng đổi ruột",
    "ans": [
      "shi ạ"
    ]
  },
  {
    "id": 49,
    "ask": "sao shi ghét em vậy",
    "ans": [
      "thay long doi ruot , chi yeu nguoi khac roi"
    ]
  },
  {
    "id": 50,
    "ask": "buồn không",
    "ans": [
      "/sing2 ai rồi cũng khạc"
    ]
  },
  {
    "id": 51,
    "ask": "Huhu",
    "ans": [
      "quat sắp?"
    ]
  },
  {
    "id": 52,
    "ask": "shi sạt",
    "ans": [
      "kệ shi , sim dỗi rồi :("
    ]
  },
  {
    "id": 53,
    "ask": "em buồn không",
    "ans": [
      "có ạ"
    ]
  },
  {
    "id": 54,
    "ask": "yêu ai để không phải khóc ?",
    "ans": [
      "miễn là không phải shi"
    ]
  },
  {
    "id": 55,
    "ask": "ai dỗi dai nhất box",
    "ans": [
      "shi ạ"
    ]
  },
  {
    "id": 56,
    "ask": "duy dep chai",
    "ans": [
      "dung vay"
    ]
  },
  {
    "id": 57,
    "ask": "Shi đẹp trai hơn hduy",
    "ans": [
      "Đó là điều đương nhiên"
    ]
  },
  {
    "id": 58,
    "ask": "Bé yêu ơi",
    "ans": [
      "dạ bẩm em đâyyy"
    ]
  },
  {
    "id": 59,
    "ask": "nam",
    "ans": [
      "dz nhất box",
      "đẹp zai nhá ta boxx",
      "đẹp zai nhất boxx"
    ]
  },
  {
    "id": 60,
    "ask": "ai đẹp chai nhất box",
    "ans": [
      "Zieee"
    ]
  },
  {
    "id": 61,
    "ask": "bơ qtv",
    "ans": [
      "qtv méc mẹ"
    ]
  },
  {
    "id": 62,
    "ask": "ff",
    "ans": [
      "Tôi - sẽ xóa free fire🥰! ra khỏi cuộc đời tôi $$$ 😭😭🥶🥵🤬😡Ấn nút Xóa🤬🤬🤬🥵🥵🥵Loading : 1%...........10%..............30%..................66%.............70%..........90%...........99,9999% ..... No delete😇😇😇Không thể xóa free fire😂😂 vì free fire..!😅 như 1 con virut ăn sâu vào trong trái tim tôi làm tôi không bao giờ hết yêu😍 , không bao giờ xóa đc hình bóng .🤢🤮 Bởi vì tôi không thể ngừng nghĩ đến nước ngọt🥵 * Tôi -->free fire !--> 1 tình yêu không bao giờ tắt * :3 🙂 😘😘😘😘😘😘"
    ]
  },
  {
    "id": 63,
    "ask": "oanh",
    "ans": [
      "dz nhì box nam đẹp nhất"
    ]
  },
  {
    "id": 64,
    "ask": "bot",
    "ans": [
      "gọi gì em ơi"
    ]
  },
  {
    "id": 65,
    "ask": "=))",
    "ans": [
      "cuoi cai lone me may"
    ]
  },
  {
    "id": 66,
    "ask": "iu em",
    "ans": [
      "thức khuya anh tỉnh bằng trà thích em anh trả bằng tình đc k"
    ]
  },
  {
    "id": 67,
    "ask": "vh",
    "ans": [
      "cute nhất box"
    ]
  },
  {
    "id": 68,
    "ask": "Tvm",
    "ans": [
      "Gth show set bd + năm sinh."
    ]
  },
  {
    "id": 69,
    "ask": "hạ vi",
    "ans": [
      "dethw nhất box"
    ]
  },
  {
    "id": 70,
    "ask": "Oanh",
    "ans": [
      "trùm box"
    ]
  },
  {
    "id": 71,
    "ask": "luật",
    "ans": [
      "Luật \nGt+ show\nKo war\nO🐟\nOut= xin"
    ]
  },
  {
    "id": 72,
    "ask": "bot ăn cơm chưa",
    "ans": [
      "ăn ròi",
      "ăn cậu thì được:3"
    ]
  },
  {
    "id": 73,
    "ask": "ngủ đi",
    "ans": [
      "éo🐧"
    ]
  },
  {
    "id": 74,
    "ask": "A di đà phật",
    "ans": [
      "nam mô nam mô nam mô o ó ò ó o"
    ]
  },
  {
    "id": 75,
    "ask": "súp cua",
    "ans": [
      "is a beautiful girl 🫰"
    ]
  },
  {
    "id": 76,
    "ask": "mẫn mẫn",
    "ans": [
      "bé heo ngủ ngày 🐖"
    ]
  },
  {
    "id": 77,
    "ask": "bot ....",
    "ans": [
      "cậu sao v?"
    ]
  },
  {
    "id": 78,
    "ask": "^^",
    "ans": [
      "ai làm tổn thương cậu vậy 😔",
      "ai làm cậu buồn v :("
    ]
  },
  {
    "id": 79,
    "ask": "long",
    "ans": [
      "anh long🫰",
      "Long đã đẹp trai còn đáng yêu"
    ]
  },
  {
    "id": 80,
    "ask": "bye",
    "ans": [
      "bye cậu🫶",
      "tạm biệt cục cưng nhó ❤️"
    ]
  },
  {
    "id": 81,
    "ask": "iu bot",
    "ans": [
      "kmm🖕",
      "bot cũng iu long🫶",
      "bot cũng iu cậu🥰🫶"
    ]
  },
  {
    "id": 82,
    "ask": "cứu đc ko bot",
    "ans": [
      "cứu c gì nữa🐧"
    ]
  },
  {
    "id": 83,
    "ask": "bot bot xinh thế",
    "ans": [
      "hí hí thăn kiu 😘😘😘"
    ]
  },
  {
    "id": 84,
    "ask": "bot xinh thế",
    "ans": [
      "hí hí thăn kiu 😘😘😘"
    ]
  },
  {
    "id": 85,
    "ask": "🥹",
    "ans": [
      "con trai khóc cc😏"
    ]
  },
  {
    "id": 86,
    "ask": "cmm",
    "ans": [
      "thích var không ?"
    ]
  },
  {
    "id": 87,
    "ask": "kk",
    "ans": [
      "cười cl"
    ]
  },
  {
    "id": 88,
    "ask": "haha",
    "ans": [
      "duyên lắm hay sao mà cười"
    ]
  },
  {
    "id": 89,
    "ask": "ai mà cutii zị",
    "ans": [
      "sim nè hihi ❤️"
    ]
  },
  {
    "id": 90,
    "ask": "Nguyễn Minh",
    "ans": [
      "ny mẫn mẫn"
    ]
  },
  {
    "id": 91,
    "ask": "buồn quá",
    "ans": [
      "sao zậy:("
    ]
  },
  {
    "id": 92,
    "ask": "pun",
    "ans": [
      "pun trùm rouie"
    ]
  },
  {
    "id": 93,
    "ask": "Hoàng Xuân Ngọc Long",
    "ans": [
      "đã đẹp trai lại còn tốt tính 😘😘"
    ]
  },
  {
    "id": 94,
    "ask": "hxnl",
    "ans": [
      "Hoàng Xuân Ngọc Long chứ ai. Đã đẹp trai còn tốt tính"
    ]
  }
]