[
    {
        "location":"Vùng nước ngọt",
        "area":[
            {   
                "ID": 0,
                "name":"Việt Nam",
                "creature":[
                    {
                        "ID":0,
                        "name":"Cá Rô Phi",
                        "category":"Common",
                        "size":32,
                        "weight": 1200,
                        "sell":150,
                        "image": "https://i.imgur.com/RHHZDz0.png"
                    },
                    {
                        "ID":1,
                        "name":"Cá Rô Ta",
                        "category":"Common",
                        "size":12,
                        "weight": 90,
                        "sell":100,
                        "image": "https://i.imgur.com/PfbC9qR.png"
                    },
                    {
                        "ID":2,
                        "name":"Cá Trôi",
                        "category":"Uncommon",
                        "size":57,
                        "weight": 2900,
                        "sell":600,
                        "image": "https://i.imgur.com/YUhPOaf.png"
                    },
                    {
                        "ID":3,
                        "name":"Cá Trắm",
                        "category":"Uncommon",
                        "size":107,
                        "weight": 6000,
                        "sell":1200,
                        "image": "https://i.imgur.com/lbiDZ4l.png"
                    },
                    {
                        "ID":4,
                        "name":"Cá Trắm Đen Đại Đế",
                        "category":"Epic",
                        "size":157,
                        "weight": 46000,
                        "sell":12000,
                        "image": "https://i.imgur.com/Ro5XDyw.png"
                    },
                    {
                        "ID":5,
                        "name":"Cá Trê Đồng",
                        "category":"Uncommon",
                        "size":37,
                        "weight": 760,
                        "sell":500,
                        "image": "https://i.imgur.com/kTtGquK.png"
                    },
                    {
                        "ID":6,
                        "name":"Cá Trê Đen",
                        "category":"Rare",
                        "size":70,
                        "weight": 5000,
                        "sell":2500,
                        "image": "https://i.imgur.com/0Sy5rK6.png"
                    },
                    {
                        "ID":7,
                        "name":"Cá Trê Đại Đế",
                        "category":"Epic",
                        "size":170,
                        "weight": 45000,
                        "sell":22500,
                        "image": "https://i.imgur.com/e5N0nAM.png"
                    },
                    {
                        "ID":10,
                        "name":"Cá chép",
                        "category":"Uncommon",
                        "size":60,
                        "weight": 5000,
                        "sell":1400,
                        "image": "https://i.imgur.com/nGFnYVX.png" 
                    },
                    {
                        "ID":11,
                        "name":"Thuỷ Quái Sông Tô Lịch",
                        "category":"Legendary",
                        "size":1500,
                        "weight": 31000000,
                        "sell":25000000,
                        "image": "https://i.imgur.com/RTLOSfX.png"
                    }
                ]
            },
            {   
                "ID": 1,
                "name":"Sông Amazon",
                "creature":[
                    {
                        "ID":0,
                        "name":"Piranha",
                        "category":"Common",
                        "size":15,
                        "weight": 120,
                        "sell":150,
                        "image": "https://i.imgur.com/TCeLnUr.png"
                    },
                    {
                        "ID":1,
                        "name":"Black Piranha",
                        "category":"Uncommon",
                        "size":28,
                        "weight": 360,
                        "sell":400,
                        "image": "https://i.imgur.com/rm3w8QQ.png"
                    },
                    {
                        "ID":2,
                        "name":"Paraya",
                        "category":"Rare",
                        "size":58,
                        "weight": 3360,
                        "sell":1400,
                        "image": "https://i.imgur.com/TcnWRMC.png"
                    },
                    {
                        "ID":3,
                        "name":"Silver Arowana",
                        "category":"Legendary",
                        "size":88,
                        "weight": 3170,
                        "sell":1984000,
                        "image": "https://i.imgur.com/fSh18Qp.png"
                    },
                    {
                        "ID":4,
                        "name":"Red Tail Barracuda",
                        "category":"Rare",
                        "size":118,
                        "weight": 2400,
                        "sell":2000,
                        "image": "https://i.imgur.com/5cMJa28.png"
                    },
                    {
                        "ID":5,
                        "name":"Oscar",
                        "category":"Common",
                        "size":29,
                        "weight": 500,
                        "sell":200,
                        "image": "https://i.imgur.com/0imzlOQ.png"
                    },
                    {
                        "ID":6,
                        "name":"Arapaima",
                        "category":"Epic",
                        "size":210,
                        "weight": 150000,
                        "sell":32000,
                        "image": "https://i.imgur.com/yV1ZmHz.png"
                    },
                    {
                        "ID":7,
                        "name":"Bull Shark",
                        "category":"Epic",
                        "size":400,
                        "weight": 750000,
                        "sell":82000,
                        "image": "https://i.imgur.com/tghUIOB.png"
                    },
                    {
                        "ID":8,
                        "name":"Electric Eel",
                        "category":"Rare",
                        "size":180,
                        "weight": 15000,
                        "sell":3000,
                        "image": "https://i.imgur.com/RghJWQo.png"
                    }
                ]
            },
            {   
                "ID": 2,
                "name":"Selenge River",
                "creature":[
                    {
                        "ID":0,
                        "name":"Amur Bitterling",
                        "category":"Common",
                        "size":12,
                        "weight": 150,
                        "sell":100,
                        "image": "https://i.imgur.com/Hqegw85.png"
                    },
                    {
                        "ID":1,
                        "name":"Common Roach",
                        "category":"Common",
                        "size":42,
                        "weight": 1500,
                        "sell":400,
                        "image": "https://i.imgur.com/i1ncLce.png"
                    },
                    {
                        "ID":2,
                        "name":"European Perch",
                        "category":"Uncommon",
                        "size":54,
                        "weight": 1900,
                        "sell":500,
                        "image": "https://i.imgur.com/DwL3rCp.png"
                    },
                    {
                        "ID":3,
                        "name":"Siberian Taimen",
                        "category":"Legendary",
                        "size":200,
                        "weight": 60000,
                        "sell":1305000,
                        "image": "https://i.imgur.com/gWCG7tw.png"
                    },
                    {
                        "ID":4,
                        "name":"Humpback Whitefish",
                        "category":"Rare",
                        "size":70,
                        "weight": 4000,
                        "sell":3200,
                        "image": "https://i.imgur.com/IE3jI9P.png"
                    },
                    {
                        "ID":5,
                        "name":"Lenok",
                        "category":"Epic",
                        "size":91,
                        "weight": 10000,
                        "sell":13200,
                        "image": "https://i.imgur.com/O6hse0Z.png"
                    }
                ]
            }

        ]
    },
    {
        "location":"Vùng nước mặn",
        "area":[
            {   
                "ID": 0,
                "name":"Thái Bình Dương",
                "creature":[
                    {
                        "ID":0,
                        "name":"Mackerel",
                        "category":"Uncommon",
                        "size":98,
                        "weight": 1000,
                        "sell":200,
                        "image": "https://i.imgur.com/5mLe3cn.png"
                    }
                ]
            } 
        ]
    }
]



