{
    "total": [
        {
            "id": "61559299122180",
            "count": 125
        },
        {
            "id": "100026687933457",
            "count": 25
        },
        {
            "id": "61555632365104",
            "count": 41
        },
        {
            "id": "100082675033249",
            "count": 44
        },
        {
            "id": "100053654320028",
            "count": 31
        },
        {
            "id": "100012505200850",
            "count": 182
        },
        {
            "id": "100059454822702",
            "count": 1
        },
        {
            "id": "61556181473676",
            "count": 1
        },
        {
            "id": "100093648577450",
            "count": 68
        },
        {
            "id": "100091966961339",
            "count": 62
        },
        {
            "id": "61557235762834",
            "count": 1
        },
        {
            "id": "100034457959627",
            "count": 17
        },
        {
            "id": "100095146509261",
            "count": 22
        },
        {
            "id": "100081102982857",
            "count": 1
        },
        {
            "id": "100005615199550",
            "count": 4
        },
        {
            "id": "100064217470818",
            "count": 2
        },
        {
            "id": "100052256957167",
            "count": 3
        }
    ],
    "week": [
        {
            "id": "61559299122180",
            "count": 125
        },
        {
            "id": "100026687933457",
            "count": 25
        },
        {
            "id": "61555632365104",
            "count": 41
        },
        {
            "id": "100082675033249",
            "count": 44
        },
        {
            "id": "100053654320028",
            "count": 31
        },
        {
            "id": "100012505200850",
            "count": 182
        },
        {
            "id": "100059454822702",
            "count": 1
        },
        {
            "id": "61556181473676",
            "count": 1
        },
        {
            "id": "100093648577450",
            "count": 68
        },
        {
            "id": "100091966961339",
            "count": 62
        },
        {
            "id": "61557235762834",
            "count": 1
        },
        {
            "id": "100034457959627",
            "count": 17
        },
        {
            "id": "100095146509261",
            "count": 22
        },
        {
            "id": "100081102982857",
            "count": 1
        },
        {
            "id": "100005615199550",
            "count": 4
        },
        {
            "id": "100064217470818",
            "count": 2
        },
        {
            "id": "100052256957167",
            "count": 3
        }
    ],
    "day": [
        {
            "id": "61559299122180",
            "count": 125
        },
        {
            "id": "100026687933457",
            "count": 25
        },
        {
            "id": "61555632365104",
            "count": 41
        },
        {
            "id": "100082675033249",
            "count": 44
        },
        {
            "id": "100053654320028",
            "count": 31
        },
        {
            "id": "100012505200850",
            "count": 182
        },
        {
            "id": "100059454822702",
            "count": 1
        },
        {
            "id": "61556181473676",
            "count": 1
        },
        {
            "id": "100093648577450",
            "count": 68
        },
        {
            "id": "100091966961339",
            "count": 62
        },
        {
            "id": "61557235762834",
            "count": 1
        },
        {
            "id": "100034457959627",
            "count": 17
        },
        {
            "id": "100095146509261",
            "count": 22
        },
        {
            "id": "100081102982857",
            "count": 1
        },
        {
            "id": "100005615199550",
            "count": 4
        },
        {
            "id": "100064217470818",
            "count": 2
        },
        {
            "id": "100052256957167",
            "count": 3
        }
    ],
    "time": 5,
    "last": {
        "time": 5,
        "day": [],
        "week": []
    }
}