{
    "total": [
        {
            "id": "100079557714787",
            "count": 93
        },
        {
            "id": "100059454822702",
            "count": 159
        },
        {
            "id": "61557545543030",
            "count": 211
        },
        {
            "id": "61558726919113",
            "count": 3
        },
        {
            "id": "61555809030974",
            "count": 179
        },
        {
            "id": "100060566464738",
            "count": 19
        },
        {
            "id": "100001917453768",
            "count": 13
        },
        {
            "id": "61562422246645",
            "count": 6
        },
        {
            "id": "100005921142692",
            "count": 19
        },
        {
            "id": "100087864783770",
            "count": 28
        },
        {
            "id": "100005615199550",
            "count": 65
        }
    ],
    "week": [
        {
            "id": "100079557714787",
            "count": 60
        },
        {
            "id": "100059454822702",
            "count": 76
        },
        {
            "id": "61557545543030",
            "count": 74
        },
        {
            "id": "61558726919113",
            "count": 0
        },
        {
            "id": "61555809030974",
            "count": 89
        },
        {
            "id": "100060566464738",
            "count": 0
        },
        {
            "id": "100001917453768",
            "count": 13
        },
        {
            "id": "61562422246645",
            "count": 6
        },
        {
            "id": "100005921142692",
            "count": 19
        },
        {
            "id": "100087864783770",
            "count": 28
        },
        {
            "id": "100005615199550",
            "count": 65
        }
    ],
    "day": [
        {
            "id": "100079557714787",
            "count": 0
        },
        {
            "id": "100059454822702",
            "count": 23
        },
        {
            "id": "61557545543030",
            "count": 0
        },
        {
            "id": "61558726919113",
            "count": 0
        },
        {
            "id": "61555809030974",
            "count": 76
        },
        {
            "id": "100060566464738",
            "count": 0
        },
        {
            "id": "100001917453768",
            "count": 0
        },
        {
            "id": "61562422246645",
            "count": 0
        },
        {
            "id": "100005921142692",
            "count": 0
        },
        {
            "id": "100087864783770",
            "count": 0
        },
        {
            "id": "100005615199550",
            "count": 65
        }
    ],
    "time": 5,
    "last": {
        "time": 4,
        "day": [],
        "week": []
    }
}