{
    "total": [
        {
            "id": "61555809030974",
            "count": 84
        },
        {
            "id": "100063941768786",
            "count": 50
        },
        {
            "id": "61557545543030",
            "count": 192
        },
        {
            "id": "503845790",
            "count": 126
        }
    ],
    "week": [
        {
            "id": "61555809030974",
            "count": 84
        },
        {
            "id": "100063941768786",
            "count": 50
        },
        {
            "id": "61557545543030",
            "count": 192
        },
        {
            "id": "503845790",
            "count": 126
        }
    ],
    "day": [
        {
            "id": "61555809030974",
            "count": 13
        },
        {
            "id": "100063941768786",
            "count": 0
        },
        {
            "id": "61557545543030",
            "count": 0
        },
        {
            "id": "503845790",
            "count": 4
        }
    ],
    "time": 3,
    "last": {
        "time": 2,
        "day": [],
        "week": []
    }
}