{
    "total": [
        {
            "id": "61555809030974",
            "count": 145
        },
        {
            "id": "61557545543030",
            "count": 291
        },
        {
            "id": "100075784943859",
            "count": 249
        },
        {
            "id": "100016695791997",
            "count": 245
        },
        {
            "id": "100037780020873",
            "count": 133
        }
    ],
    "week": [
        {
            "id": "61555809030974",
            "count": 3
        },
        {
            "id": "61557545543030",
            "count": 18
        },
        {
            "id": "100075784943859",
            "count": 4
        },
        {
            "id": "100016695791997",
            "count": 6
        },
        {
            "id": "100037780020873",
            "count": 0
        }
    ],
    "day": [
        {
            "id": "61555809030974",
            "count": 3
        },
        {
            "id": "61557545543030",
            "count": 18
        },
        {
            "id": "100075784943859",
            "count": 4
        },
        {
            "id": "100016695791997",
            "count": 6
        },
        {
            "id": "100037780020873",
            "count": 0
        }
    ],
    "time": 1,
    "last": {
        "time": 4,
        "day": [],
        "week": []
    }
}