{
    "total": [
        {
            "id": "100080009392502",
            "count": 1
        },
        {
            "id": "100022413908787",
            "count": 5
        },
        {
            "id": "100070423531321",
            "count": 2
        },
        {
            "id": "100052061371236",
            "count": 4
        },
        {
            "id": "100081600256029",
            "count": 8
        },
        {
            "id": "100014956777368",
            "count": 3
        },
        {
            "id": "100073604091918",
            "count": 2
        },
        {
            "id": "61555809030974",
            "count": 3
        }
    ],
    "week": [
        {
            "id": "100080009392502",
            "count": 1
        },
        {
            "id": "100022413908787",
            "count": 5
        },
        {
            "id": "100070423531321",
            "count": 2
        },
        {
            "id": "100052061371236",
            "count": 4
        },
        {
            "id": "100081600256029",
            "count": 8
        },
        {
            "id": "100014956777368",
            "count": 3
        },
        {
            "id": "100073604091918",
            "count": 2
        },
        {
            "id": "61555809030974",
            "count": 3
        }
    ],
    "day": [
        {
            "id": "100080009392502",
            "count": 0
        },
        {
            "id": "100022413908787",
            "count": 0
        },
        {
            "id": "100070423531321",
            "count": 0
        },
        {
            "id": "100052061371236",
            "count": 1
        },
        {
            "id": "100081600256029",
            "count": 3
        },
        {
            "id": "100014956777368",
            "count": 1
        },
        {
            "id": "100073604091918",
            "count": 1
        },
        {
            "id": "61555809030974",
            "count": 2
        }
    ],
    "time": 6,
    "last": {
        "time": 3,
        "day": [],
        "week": []
    }
}