{
    "total": [
        {
            "id": "100063865152181",
            "count": 83
        },
        {
            "id": "61555319202391",
            "count": 75
        },
        {
            "id": "100071623809945",
            "count": 218
        },
        {
            "id": "100090883632600",
            "count": 112
        },
        {
            "id": "61557545543030",
            "count": 57
        },
        {
            "id": "100085112180484",
            "count": 1
        },
        {
            "id": "61555809030974",
            "count": 21
        },
        {
            "id": "100082119051829",
            "count": 9
        }
    ],
    "week": [
        {
            "id": "100063865152181",
            "count": 83
        },
        {
            "id": "61555319202391",
            "count": 75
        },
        {
            "id": "100071623809945",
            "count": 218
        },
        {
            "id": "100090883632600",
            "count": 112
        },
        {
            "id": "61557545543030",
            "count": 57
        },
        {
            "id": "100085112180484",
            "count": 1
        },
        {
            "id": "61555809030974",
            "count": 21
        },
        {
            "id": "100082119051829",
            "count": 9
        }
    ],
    "day": [
        {
            "id": "100063865152181",
            "count": 0
        },
        {
            "id": "61555319202391",
            "count": 21
        },
        {
            "id": "100071623809945",
            "count": 21
        },
        {
            "id": "100090883632600",
            "count": 20
        },
        {
            "id": "61557545543030",
            "count": 4
        },
        {
            "id": "100085112180484",
            "count": 0
        },
        {
            "id": "61555809030974",
            "count": 11
        },
        {
            "id": "100082119051829",
            "count": 0
        }
    ],
    "time": 6,
    "last": {
        "time": 4,
        "day": [],
        "week": []
    }
}