{
    "total": [
        {
            "id": "100025154850337",
            "count": 4
        },
        {
            "id": "100059454822702",
            "count": 16
        },
        {
            "id": "61560945826548",
            "count": 1
        },
        {
            "id": "100042550385970",
            "count": 1
        },
        {
            "id": "100079557714787",
            "count": 16
        },
        {
            "id": "100006889577115",
            "count": 6
        },
        {
            "id": "100029062902450",
            "count": 4
        },
        {
            "id": "100092292308598",
            "count": 18
        },
        {
            "id": "100085933009079",
            "count": 12
        },
        {
            "id": "100082294838373",
            "count": 6
        },
        {
            "id": "100073530616731",
            "count": 5
        },
        {
            "id": "100058718266074",
            "count": 2
        }
    ],
    "week": [
        {
            "id": "100025154850337",
            "count": 4
        },
        {
            "id": "100059454822702",
            "count": 16
        },
        {
            "id": "61560945826548",
            "count": 1
        },
        {
            "id": "100042550385970",
            "count": 1
        },
        {
            "id": "100079557714787",
            "count": 16
        },
        {
            "id": "100006889577115",
            "count": 6
        },
        {
            "id": "100029062902450",
            "count": 4
        },
        {
            "id": "100092292308598",
            "count": 18
        },
        {
            "id": "100085933009079",
            "count": 12
        },
        {
            "id": "100082294838373",
            "count": 6
        },
        {
            "id": "100073530616731",
            "count": 5
        },
        {
            "id": "100058718266074",
            "count": 2
        }
    ],
    "day": [
        {
            "id": "100025154850337",
            "count": 1
        },
        {
            "id": "100059454822702",
            "count": 13
        },
        {
            "id": "61560945826548",
            "count": 0
        },
        {
            "id": "100042550385970",
            "count": 1
        },
        {
            "id": "100079557714787",
            "count": 16
        },
        {
            "id": "100006889577115",
            "count": 6
        },
        {
            "id": "100029062902450",
            "count": 4
        },
        {
            "id": "100092292308598",
            "count": 18
        },
        {
            "id": "100085933009079",
            "count": 12
        },
        {
            "id": "100082294838373",
            "count": 6
        },
        {
            "id": "100073530616731",
            "count": 5
        },
        {
            "id": "100058718266074",
            "count": 2
        }
    ],
    "time": 2,
    "last": {
        "time": 1,
        "day": [],
        "week": []
    }
}