{
    "total": [
        {
            "id": "100090652847542",
            "count": 7
        },
        {
            "id": "61557533910326",
            "count": 1
        }
    ],
    "week": [
        {
            "id": "100090652847542",
            "count": 7
        },
        {
            "id": "61557533910326",
            "count": 1
        }
    ],
    "day": [
        {
            "id": "100090652847542",
            "count": 2
        },
        {
            "id": "61557533910326",
            "count": 1
        }
    ],
    "time": 5,
    "last": {
        "time": 4,
        "day": [],
        "week": []
    }
}