{
    "total": [
        {
            "id": "61555809030974",
            "count": 4
        },
        {
            "id": "61551763396420",
            "count": 134
        }
    ],
    "week": [
        {
            "id": "61555809030974",
            "count": 0
        },
        {
            "id": "61551763396420",
            "count": 88
        }
    ],
    "day": [
        {
            "id": "61555809030974",
            "count": 0
        },
        {
            "id": "61551763396420",
            "count": 32
        }
    ],
    "time": 6,
    "last": {
        "time": 5,
        "day": [],
        "week": []
    }
}