{
    "total": [
        {
            "id": "100059454822702",
            "count": 15253
        },
        {
            "id": "61557545543030",
            "count": 4355
        },
        {
            "id": "61561504684695",
            "count": 48
        },
        {
            "id": "61555809030974",
            "count": 11012
        },
        {
            "id": "100060566464738",
            "count": 2689
        },
        {
            "id": "61556164266086",
            "count": 446
        },
        {
            "id": "61560565831976",
            "count": 9
        },
        {
            "id": "61559619842966",
            "count": 147
        },
        {
            "id": "61556325433381",
            "count": 7
        },
        {
            "id": "100082668132301",
            "count": 2291
        },
        {
            "id": "100076388661987",
            "count": 183
        },
        {
            "id": "100006533643185",
            "count": 10
        },
        {
            "id": "100086415765506",
            "count": 2245
        },
        {
            "id": "100000732833159",
            "count": 98
        },
        {
            "id": "61550710187756",
            "count": 4
        },
        {
            "id": "61556645603466",
            "count": 39
        },
        {
            "id": "100001917453768",
            "count": 2363
        },
        {
            "id": "100055154154050",
            "count": 178
        },
        {
            "id": "100048286966787",
            "count": 962
        },
        {
            "id": "61559298737218",
            "count": 204
        },
        {
            "id": "593577006",
            "count": 1876
        },
        {
            "id": "100094764781809",
            "count": 3
        },
        {
            "id": "100016695791997",
            "count": 831
        },
        {
            "id": "61557485271402",
            "count": 8
        },
        {
            "id": "100087926032284",
            "count": 138
        },
        {
            "id": "100091670406676",
            "count": 3
        },
        {
            "id": "100079557714787",
            "count": 1849
        },
        {
            "id": "797099377",
            "count": 108
        },
        {
            "id": "61558989555606",
            "count": 1
        },
        {
            "id": "100030967444445",
            "count": 815
        },
        {
            "id": "61561188157456",
            "count": 80
        },
        {
            "id": "100045543864092",
            "count": 130
        },
        {
            "id": "100088336562580",
            "count": 18
        },
        {
            "id": "100001180529002",
            "count": 402
        },
        {
            "id": "61560056462579",
            "count": 74
        },
        {
            "id": "100073530616731",
            "count": 475
        },
        {
            "id": "61559812227985",
            "count": 326
        },
        {
            "id": "100085095162865",
            "count": 5
        },
        {
            "id": "61558726919113",
            "count": 1047
        },
        {
            "id": "100085112430343",
            "count": 5
        },
        {
            "id": "61558740718763",
            "count": 14
        },
        {
            "id": "100073616599261",
            "count": 3
        },
        {
            "id": "100081081191428",
            "count": 30
        },
        {
            "id": "61550887130759",
            "count": 465
        },
        {
            "id": "61556514196633",
            "count": 5
        },
        {
            "id": "100031450986837",
            "count": 1
        },
        {
            "id": "100081807823827",
            "count": 103
        },
        {
            "id": "61559141435743",
            "count": 3
        },
        {
            "id": "100000172545955",
            "count": 49
        },
        {
            "id": "100072900513635",
            "count": 9
        },
        {
            "id": "61558646297970",
            "count": 4
        },
        {
            "id": "61561482763717",
            "count": 106
        },
        {
            "id": "100001378940139",
            "count": 770
        },
        {
            "id": "100064002999298",
            "count": 2
        },
        {
            "id": "100033766822548",
            "count": 1
        },
        {
            "id": "100089033040313",
            "count": 3
        },
        {
            "id": "100020460654779",
            "count": 5
        },
        {
            "id": "61551085254089",
            "count": 5
        },
        {
            "id": "100065371361214",
            "count": 10
        },
        {
            "id": "100083600198678",
            "count": 1
        },
        {
            "id": "100073311773326",
            "count": 3
        },
        {
            "id": "61552936872891",
            "count": 32
        },
        {
            "id": "100095407783589",
            "count": 97
        },
        {
            "id": "61554463547147",
            "count": 407
        },
        {
            "id": "100090107956192",
            "count": 970
        },
        {
            "id": "512037995",
            "count": 2
        },
        {
            "id": "537846897",
            "count": 5
        },
        {
            "id": "61552156418951",
            "count": 11
        },
        {
            "id": "100074978165235",
            "count": 239
        },
        {
            "id": "61552395106573",
            "count": 1
        },
        {
            "id": "100086064095660",
            "count": 64
        },
        {
            "id": "61556699069402",
            "count": 1
        },
        {
            "id": "61551445616420",
            "count": 1
        },
        {
            "id": "61560448588541",
            "count": 146
        },
        {
            "id": "100073156043507",
            "count": 13
        },
        {
            "id": "100063840589774",
            "count": 2
        },
        {
            "id": "61552218024288",
            "count": 1
        },
        {
            "id": "61562846331744",
            "count": 146
        },
        {
            "id": "100083181447449",
            "count": 99
        },
        {
            "id": "100043239493973",
            "count": 38
        },
        {
            "id": "61561328107344",
            "count": 74
        },
        {
            "id": "100092022722566",
            "count": 17
        },
        {
            "id": "100076733164600",
            "count": 118
        },
        {
            "id": "61561704454457",
            "count": 14
        },
        {
            "id": "61562161232125",
            "count": 652
        },
        {
            "id": "100024487176902",
            "count": 42
        },
        {
            "id": "100055236161579",
            "count": 6
        },
        {
            "id": "61558789217400",
            "count": 3
        },
        {
            "id": "100070978874662",
            "count": 114
        },
        {
            "id": "100017756265416",
            "count": 186
        },
        {
            "id": "100094761551973",
            "count": 3
        },
        {
            "id": "61556653805858",
            "count": 263
        },
        {
            "id": "61561557605955",
            "count": 60
        },
        {
            "id": "100087438951039",
            "count": 196
        },
        {
            "id": "100083174347639",
            "count": 274
        },
        {
            "id": "100092744481406",
            "count": 2
        },
        {
            "id": "61557562328711",
            "count": 50
        },
        {
            "id": "100087864783770",
            "count": 800
        },
        {
            "id": "61563009661239",
            "count": 843
        },
        {
            "id": "61559791946211",
            "count": 668
        },
        {
            "id": "61554546772017",
            "count": 2
        },
        {
            "id": "100025932904830",
            "count": 4
        },
        {
            "id": "100005615199550",
            "count": 719
        },
        {
            "id": "61561621966474",
            "count": 51
        },
        {
            "id": "100035467933771",
            "count": 4
        },
        {
            "id": "61560299746623",
            "count": 327
        },
        {
            "id": "100064152266586",
            "count": 18
        },
        {
            "id": "100001650842736",
            "count": 186
        },
        {
            "id": "100003615799450",
            "count": 151
        },
        {
            "id": "61557590374625",
            "count": 124
        },
        {
            "id": "100089378633294",
            "count": 5
        },
        {
            "id": "100094911711160",
            "count": 152
        },
        {
            "id": "61562086451955",
            "count": 11
        },
        {
            "id": "61551763396420",
            "count": 6361
        },
        {
            "id": "61562687386899",
            "count": 296
        },
        {
            "id": "61554266460619",
            "count": 29
        },
        {
            "id": "100000180546782",
            "count": 318
        },
        {
            "id": "100081514186650",
            "count": 3
        },
        {
            "id": "61552580572253",
            "count": 1
        },
        {
            "id": "100007117144532",
            "count": 469
        },
        {
            "id": "100088526351487",
            "count": 1
        },
        {
            "id": "100029198175178",
            "count": 24
        },
        {
            "id": "100000494001912",
            "count": 87
        },
        {
            "id": "61563525873105",
            "count": 998
        },
        {
            "id": "100003616298920",
            "count": 633
        },
        {
            "id": "535335875",
            "count": 7
        },
        {
            "id": "61563290078234",
            "count": 100
        },
        {
            "id": "100079027159606",
            "count": 62
        },
        {
            "id": "100073633500368",
            "count": 4
        },
        {
            "id": "61559915022277",
            "count": 114
        },
        {
            "id": "61557435616880",
            "count": 26
        },
        {
            "id": "100092292308598",
            "count": 4
        },
        {
            "id": "100090458979503",
            "count": 10
        },
        {
            "id": "100037211391552",
            "count": 14
        },
        {
            "id": "100055212672768",
            "count": 32
        },
        {
            "id": "100059432478428",
            "count": 90
        },
        {
            "id": "61563257452849",
            "count": 294
        },
        {
            "id": "61557269165692",
            "count": 20
        },
        {
            "id": "61561844253508",
            "count": 298
        },
        {
            "id": "100085007341663",
            "count": 2
        },
        {
            "id": "100005921142692",
            "count": 848
        },
        {
            "id": "61562748484659",
            "count": 8
        },
        {
            "id": "100091806589839",
            "count": 12
        },
        {
            "id": "100084412983532",
            "count": 24
        },
        {
            "id": "100081349845592",
            "count": 2
        },
        {
            "id": "100086649792848",
            "count": 2
        },
        {
            "id": "100081016996783",
            "count": 1112
        },
        {
            "id": "61563010834406",
            "count": 330
        },
        {
            "id": "61557458065697",
            "count": 1316
        },
        {
            "id": "61561921096638",
            "count": 570
        },
        {
            "id": "100093814743722",
            "count": 212
        },
        {
            "id": "100052445430165",
            "count": 1070
        },
        {
            "id": "100075784943859",
            "count": 92
        },
        {
            "id": "100088608820225",
            "count": 4
        },
        {
            "id": "100076341962481",
            "count": 2
        },
        {
            "id": "61564150881866",
            "count": 278
        },
        {
            "id": "61553831844972",
            "count": 2
        },
        {
            "id": "100012224179302",
            "count": 4
        },
        {
            "id": "61562621512622",
            "count": 152
        },
        {
            "id": "61563155345855",
            "count": 54
        },
        {
            "id": "100092099263936",
            "count": 1014
        },
        {
            "id": "100088243110853",
            "count": 1440
        },
        {
            "id": "1215854362",
            "count": 232
        },
        {
            "id": "100037079618876",
            "count": 14
        },
        {
            "id": "100068304190661",
            "count": 26
        },
        {
            "id": "100073136272613",
            "count": 4
        },
        {
            "id": "100007078273025",
            "count": 774
        },
        {
            "id": "61563830678408",
            "count": 626
        },
        {
            "id": "61563488297549",
            "count": 218
        },
        {
            "id": "100004843986565",
            "count": 1410
        },
        {
            "id": "61563954127882",
            "count": 698
        },
        {
            "id": "100013726992007",
            "count": 80
        },
        {
            "id": "100030259834679",
            "count": 2
        },
        {
            "id": "100091069914208",
            "count": 2
        },
        {
            "id": "100053776001336",
            "count": 6
        },
        {
            "id": "100077487506607",
            "count": 88
        }
    ],
    "week": [
        {
            "id": "100059454822702",
            "count": 830
        },
        {
            "id": "61557545543030",
            "count": 0
        },
        {
            "id": "61561504684695",
            "count": 0
        },
        {
            "id": "61555809030974",
            "count": 844
        },
        {
            "id": "100060566464738",
            "count": 0
        },
        {
            "id": "61556164266086",
            "count": 0
        },
        {
            "id": "61560565831976",
            "count": 0
        },
        {
            "id": "61559619842966",
            "count": 0
        },
        {
            "id": "61556325433381",
            "count": 0
        },
        {
            "id": "100082668132301",
            "count": 132
        },
        {
            "id": "100076388661987",
            "count": 10
        },
        {
            "id": "100006533643185",
            "count": 0
        },
        {
            "id": "100086415765506",
            "count": 324
        },
        {
            "id": "100000732833159",
            "count": 4
        },
        {
            "id": "61550710187756",
            "count": 0
        },
        {
            "id": "61556645603466",
            "count": 4
        },
        {
            "id": "100001917453768",
            "count": 388
        },
        {
            "id": "100055154154050",
            "count": 0
        },
        {
            "id": "100048286966787",
            "count": 16
        },
        {
            "id": "61559298737218",
            "count": 0
        },
        {
            "id": "593577006",
            "count": 94
        },
        {
            "id": "100094764781809",
            "count": 0
        },
        {
            "id": "100016695791997",
            "count": 0
        },
        {
            "id": "61557485271402",
            "count": 0
        },
        {
            "id": "100087926032284",
            "count": 0
        },
        {
            "id": "100091670406676",
            "count": 0
        },
        {
            "id": "100079557714787",
            "count": 10
        },
        {
            "id": "797099377",
            "count": 0
        },
        {
            "id": "61558989555606",
            "count": 0
        },
        {
            "id": "100030967444445",
            "count": 144
        },
        {
            "id": "61561188157456",
            "count": 0
        },
        {
            "id": "100045543864092",
            "count": 10
        },
        {
            "id": "100088336562580",
            "count": 0
        },
        {
            "id": "100001180529002",
            "count": 14
        },
        {
            "id": "61560056462579",
            "count": 0
        },
        {
            "id": "100073530616731",
            "count": 26
        },
        {
            "id": "61559812227985",
            "count": 0
        },
        {
            "id": "100085095162865",
            "count": 0
        },
        {
            "id": "61558726919113",
            "count": 0
        },
        {
            "id": "100085112430343",
            "count": 0
        },
        {
            "id": "61558740718763",
            "count": 0
        },
        {
            "id": "100073616599261",
            "count": 0
        },
        {
            "id": "100081081191428",
            "count": 0
        },
        {
            "id": "61550887130759",
            "count": 56
        },
        {
            "id": "61556514196633",
            "count": 0
        },
        {
            "id": "100031450986837",
            "count": 0
        },
        {
            "id": "100081807823827",
            "count": 26
        },
        {
            "id": "61559141435743",
            "count": 0
        },
        {
            "id": "100000172545955",
            "count": 0
        },
        {
            "id": "100072900513635",
            "count": 0
        },
        {
            "id": "61558646297970",
            "count": 0
        },
        {
            "id": "61561482763717",
            "count": 0
        },
        {
            "id": "100001378940139",
            "count": 152
        },
        {
            "id": "100064002999298",
            "count": 0
        },
        {
            "id": "100033766822548",
            "count": 0
        },
        {
            "id": "100089033040313",
            "count": 0
        },
        {
            "id": "100020460654779",
            "count": 0
        },
        {
            "id": "61551085254089",
            "count": 0
        },
        {
            "id": "100065371361214",
            "count": 0
        },
        {
            "id": "100083600198678",
            "count": 0
        },
        {
            "id": "100073311773326",
            "count": 0
        },
        {
            "id": "61552936872891",
            "count": 0
        },
        {
            "id": "100095407783589",
            "count": 0
        },
        {
            "id": "61554463547147",
            "count": 0
        },
        {
            "id": "100090107956192",
            "count": 0
        },
        {
            "id": "512037995",
            "count": 0
        },
        {
            "id": "537846897",
            "count": 0
        },
        {
            "id": "61552156418951",
            "count": 0
        },
        {
            "id": "100074978165235",
            "count": 0
        },
        {
            "id": "61552395106573",
            "count": 0
        },
        {
            "id": "100086064095660",
            "count": 0
        },
        {
            "id": "61556699069402",
            "count": 0
        },
        {
            "id": "61551445616420",
            "count": 0
        },
        {
            "id": "61560448588541",
            "count": 0
        },
        {
            "id": "100073156043507",
            "count": 0
        },
        {
            "id": "100063840589774",
            "count": 0
        },
        {
            "id": "61552218024288",
            "count": 0
        },
        {
            "id": "61562846331744",
            "count": 0
        },
        {
            "id": "100083181447449",
            "count": 4
        },
        {
            "id": "100043239493973",
            "count": 0
        },
        {
            "id": "61561328107344",
            "count": 0
        },
        {
            "id": "100092022722566",
            "count": 0
        },
        {
            "id": "100076733164600",
            "count": 0
        },
        {
            "id": "61561704454457",
            "count": 0
        },
        {
            "id": "61562161232125",
            "count": 12
        },
        {
            "id": "100024487176902",
            "count": 0
        },
        {
            "id": "100055236161579",
            "count": 0
        },
        {
            "id": "61558789217400",
            "count": 0
        },
        {
            "id": "100070978874662",
            "count": 2
        },
        {
            "id": "100017756265416",
            "count": 0
        },
        {
            "id": "100094761551973",
            "count": 0
        },
        {
            "id": "61556653805858",
            "count": 0
        },
        {
            "id": "61561557605955",
            "count": 0
        },
        {
            "id": "100087438951039",
            "count": 0
        },
        {
            "id": "100083174347639",
            "count": 6
        },
        {
            "id": "100092744481406",
            "count": 0
        },
        {
            "id": "61557562328711",
            "count": 0
        },
        {
            "id": "100087864783770",
            "count": 0
        },
        {
            "id": "61563009661239",
            "count": 8
        },
        {
            "id": "61559791946211",
            "count": 0
        },
        {
            "id": "61554546772017",
            "count": 0
        },
        {
            "id": "100025932904830",
            "count": 0
        },
        {
            "id": "100005615199550",
            "count": 0
        },
        {
            "id": "61561621966474",
            "count": 0
        },
        {
            "id": "100035467933771",
            "count": 0
        },
        {
            "id": "61560299746623",
            "count": 0
        },
        {
            "id": "100064152266586",
            "count": 2
        },
        {
            "id": "100001650842736",
            "count": 0
        },
        {
            "id": "100003615799450",
            "count": 0
        },
        {
            "id": "61557590374625",
            "count": 0
        },
        {
            "id": "100089378633294",
            "count": 0
        },
        {
            "id": "100094911711160",
            "count": 20
        },
        {
            "id": "61562086451955",
            "count": 0
        },
        {
            "id": "61551763396420",
            "count": 0
        },
        {
            "id": "61562687386899",
            "count": 0
        },
        {
            "id": "61554266460619",
            "count": 0
        },
        {
            "id": "100000180546782",
            "count": 0
        },
        {
            "id": "100081514186650",
            "count": 0
        },
        {
            "id": "61552580572253",
            "count": 0
        },
        {
            "id": "100007117144532",
            "count": 20
        },
        {
            "id": "100088526351487",
            "count": 0
        },
        {
            "id": "100029198175178",
            "count": 0
        },
        {
            "id": "100000494001912",
            "count": 0
        },
        {
            "id": "61563525873105",
            "count": 0
        },
        {
            "id": "100003616298920",
            "count": 10
        },
        {
            "id": "535335875",
            "count": 0
        },
        {
            "id": "61563290078234",
            "count": 0
        },
        {
            "id": "100079027159606",
            "count": 0
        },
        {
            "id": "100073633500368",
            "count": 0
        },
        {
            "id": "61559915022277",
            "count": 0
        },
        {
            "id": "61557435616880",
            "count": 0
        },
        {
            "id": "100092292308598",
            "count": 0
        },
        {
            "id": "100090458979503",
            "count": 0
        },
        {
            "id": "100037211391552",
            "count": 0
        },
        {
            "id": "100055212672768",
            "count": 0
        },
        {
            "id": "100059432478428",
            "count": 0
        },
        {
            "id": "61563257452849",
            "count": 116
        },
        {
            "id": "61557269165692",
            "count": 4
        },
        {
            "id": "61561844253508",
            "count": 0
        },
        {
            "id": "100085007341663",
            "count": 0
        },
        {
            "id": "100005921142692",
            "count": 0
        },
        {
            "id": "61562748484659",
            "count": 0
        },
        {
            "id": "100091806589839",
            "count": 0
        },
        {
            "id": "100084412983532",
            "count": 0
        },
        {
            "id": "100081349845592",
            "count": 0
        },
        {
            "id": "100086649792848",
            "count": 0
        },
        {
            "id": "100081016996783",
            "count": 0
        },
        {
            "id": "61563010834406",
            "count": 0
        },
        {
            "id": "61557458065697",
            "count": 0
        },
        {
            "id": "61561921096638",
            "count": 0
        },
        {
            "id": "100093814743722",
            "count": 24
        },
        {
            "id": "100052445430165",
            "count": 72
        },
        {
            "id": "100075784943859",
            "count": 0
        },
        {
            "id": "100088608820225",
            "count": 0
        },
        {
            "id": "100076341962481",
            "count": 0
        },
        {
            "id": "61564150881866",
            "count": 0
        },
        {
            "id": "61553831844972",
            "count": 0
        },
        {
            "id": "100012224179302",
            "count": 0
        },
        {
            "id": "61562621512622",
            "count": 0
        },
        {
            "id": "61563155345855",
            "count": 16
        },
        {
            "id": "100092099263936",
            "count": 0
        },
        {
            "id": "100088243110853",
            "count": 0
        },
        {
            "id": "1215854362",
            "count": 0
        },
        {
            "id": "100037079618876",
            "count": 0
        },
        {
            "id": "100068304190661",
            "count": 6
        },
        {
            "id": "100073136272613",
            "count": 0
        },
        {
            "id": "100007078273025",
            "count": 440
        },
        {
            "id": "61563830678408",
            "count": 356
        },
        {
            "id": "61563488297549",
            "count": 0
        },
        {
            "id": "100004843986565",
            "count": 854
        },
        {
            "id": "61563954127882",
            "count": 682
        },
        {
            "id": "100013726992007",
            "count": 80
        },
        {
            "id": "100030259834679",
            "count": 2
        },
        {
            "id": "100091069914208",
            "count": 2
        },
        {
            "id": "100053776001336",
            "count": 6
        },
        {
            "id": "100077487506607",
            "count": 88
        }
    ],
    "day": [
        {
            "id": "100059454822702",
            "count": 1660
        },
        {
            "id": "61557545543030",
            "count": 0
        },
        {
            "id": "61561504684695",
            "count": 0
        },
        {
            "id": "61555809030974",
            "count": 1688
        },
        {
            "id": "100060566464738",
            "count": 0
        },
        {
            "id": "61556164266086",
            "count": 0
        },
        {
            "id": "61560565831976",
            "count": 0
        },
        {
            "id": "61559619842966",
            "count": 0
        },
        {
            "id": "61556325433381",
            "count": 0
        },
        {
            "id": "100082668132301",
            "count": 264
        },
        {
            "id": "100076388661987",
            "count": 20
        },
        {
            "id": "100006533643185",
            "count": 0
        },
        {
            "id": "100086415765506",
            "count": 648
        },
        {
            "id": "100000732833159",
            "count": 8
        },
        {
            "id": "61550710187756",
            "count": 0
        },
        {
            "id": "61556645603466",
            "count": 8
        },
        {
            "id": "100001917453768",
            "count": 776
        },
        {
            "id": "100055154154050",
            "count": 0
        },
        {
            "id": "100048286966787",
            "count": 32
        },
        {
            "id": "61559298737218",
            "count": 0
        },
        {
            "id": "593577006",
            "count": 188
        },
        {
            "id": "100094764781809",
            "count": 0
        },
        {
            "id": "100016695791997",
            "count": 0
        },
        {
            "id": "61557485271402",
            "count": 0
        },
        {
            "id": "100087926032284",
            "count": 0
        },
        {
            "id": "100091670406676",
            "count": 0
        },
        {
            "id": "100079557714787",
            "count": 20
        },
        {
            "id": "797099377",
            "count": 0
        },
        {
            "id": "61558989555606",
            "count": 0
        },
        {
            "id": "100030967444445",
            "count": 288
        },
        {
            "id": "61561188157456",
            "count": 0
        },
        {
            "id": "100045543864092",
            "count": 20
        },
        {
            "id": "100088336562580",
            "count": 0
        },
        {
            "id": "100001180529002",
            "count": 28
        },
        {
            "id": "61560056462579",
            "count": 0
        },
        {
            "id": "100073530616731",
            "count": 52
        },
        {
            "id": "61559812227985",
            "count": 0
        },
        {
            "id": "100085095162865",
            "count": 0
        },
        {
            "id": "61558726919113",
            "count": 0
        },
        {
            "id": "100085112430343",
            "count": 0
        },
        {
            "id": "61558740718763",
            "count": 0
        },
        {
            "id": "100073616599261",
            "count": 0
        },
        {
            "id": "100081081191428",
            "count": 0
        },
        {
            "id": "61550887130759",
            "count": 112
        },
        {
            "id": "61556514196633",
            "count": 0
        },
        {
            "id": "100031450986837",
            "count": 0
        },
        {
            "id": "100081807823827",
            "count": 52
        },
        {
            "id": "61559141435743",
            "count": 0
        },
        {
            "id": "100000172545955",
            "count": 0
        },
        {
            "id": "100072900513635",
            "count": 0
        },
        {
            "id": "61558646297970",
            "count": 0
        },
        {
            "id": "61561482763717",
            "count": 0
        },
        {
            "id": "100001378940139",
            "count": 304
        },
        {
            "id": "100064002999298",
            "count": 0
        },
        {
            "id": "100033766822548",
            "count": 0
        },
        {
            "id": "100089033040313",
            "count": 0
        },
        {
            "id": "100020460654779",
            "count": 0
        },
        {
            "id": "61551085254089",
            "count": 0
        },
        {
            "id": "100065371361214",
            "count": 0
        },
        {
            "id": "100083600198678",
            "count": 0
        },
        {
            "id": "100073311773326",
            "count": 0
        },
        {
            "id": "61552936872891",
            "count": 0
        },
        {
            "id": "100095407783589",
            "count": 0
        },
        {
            "id": "61554463547147",
            "count": 0
        },
        {
            "id": "100090107956192",
            "count": 0
        },
        {
            "id": "512037995",
            "count": 0
        },
        {
            "id": "537846897",
            "count": 0
        },
        {
            "id": "61552156418951",
            "count": 0
        },
        {
            "id": "100074978165235",
            "count": 0
        },
        {
            "id": "61552395106573",
            "count": 0
        },
        {
            "id": "100086064095660",
            "count": 0
        },
        {
            "id": "61556699069402",
            "count": 0
        },
        {
            "id": "61551445616420",
            "count": 0
        },
        {
            "id": "61560448588541",
            "count": 0
        },
        {
            "id": "100073156043507",
            "count": 0
        },
        {
            "id": "100063840589774",
            "count": 0
        },
        {
            "id": "61552218024288",
            "count": 0
        },
        {
            "id": "61562846331744",
            "count": 0
        },
        {
            "id": "100083181447449",
            "count": 8
        },
        {
            "id": "100043239493973",
            "count": 0
        },
        {
            "id": "61561328107344",
            "count": 0
        },
        {
            "id": "100092022722566",
            "count": 0
        },
        {
            "id": "100076733164600",
            "count": 0
        },
        {
            "id": "61561704454457",
            "count": 0
        },
        {
            "id": "61562161232125",
            "count": 24
        },
        {
            "id": "100024487176902",
            "count": 0
        },
        {
            "id": "100055236161579",
            "count": 0
        },
        {
            "id": "61558789217400",
            "count": 0
        },
        {
            "id": "100070978874662",
            "count": 4
        },
        {
            "id": "100017756265416",
            "count": 0
        },
        {
            "id": "100094761551973",
            "count": 0
        },
        {
            "id": "61556653805858",
            "count": 0
        },
        {
            "id": "61561557605955",
            "count": 0
        },
        {
            "id": "100087438951039",
            "count": 0
        },
        {
            "id": "100083174347639",
            "count": 12
        },
        {
            "id": "100092744481406",
            "count": 0
        },
        {
            "id": "61557562328711",
            "count": 0
        },
        {
            "id": "100087864783770",
            "count": 0
        },
        {
            "id": "61563009661239",
            "count": 16
        },
        {
            "id": "61559791946211",
            "count": 0
        },
        {
            "id": "61554546772017",
            "count": 0
        },
        {
            "id": "100025932904830",
            "count": 0
        },
        {
            "id": "100005615199550",
            "count": 0
        },
        {
            "id": "61561621966474",
            "count": 0
        },
        {
            "id": "100035467933771",
            "count": 0
        },
        {
            "id": "61560299746623",
            "count": 0
        },
        {
            "id": "100064152266586",
            "count": 4
        },
        {
            "id": "100001650842736",
            "count": 0
        },
        {
            "id": "100003615799450",
            "count": 0
        },
        {
            "id": "61557590374625",
            "count": 0
        },
        {
            "id": "100089378633294",
            "count": 0
        },
        {
            "id": "100094911711160",
            "count": 40
        },
        {
            "id": "61562086451955",
            "count": 0
        },
        {
            "id": "61551763396420",
            "count": 0
        },
        {
            "id": "61562687386899",
            "count": 0
        },
        {
            "id": "61554266460619",
            "count": 0
        },
        {
            "id": "100000180546782",
            "count": 0
        },
        {
            "id": "100081514186650",
            "count": 0
        },
        {
            "id": "61552580572253",
            "count": 0
        },
        {
            "id": "100007117144532",
            "count": 40
        },
        {
            "id": "100088526351487",
            "count": 0
        },
        {
            "id": "100029198175178",
            "count": 0
        },
        {
            "id": "100000494001912",
            "count": 0
        },
        {
            "id": "61563525873105",
            "count": 0
        },
        {
            "id": "100003616298920",
            "count": 20
        },
        {
            "id": "535335875",
            "count": 0
        },
        {
            "id": "61563290078234",
            "count": 0
        },
        {
            "id": "100079027159606",
            "count": 0
        },
        {
            "id": "100073633500368",
            "count": 0
        },
        {
            "id": "61559915022277",
            "count": 0
        },
        {
            "id": "61557435616880",
            "count": 0
        },
        {
            "id": "100092292308598",
            "count": 0
        },
        {
            "id": "100090458979503",
            "count": 0
        },
        {
            "id": "100037211391552",
            "count": 0
        },
        {
            "id": "100055212672768",
            "count": 0
        },
        {
            "id": "100059432478428",
            "count": 0
        },
        {
            "id": "61563257452849",
            "count": 232
        },
        {
            "id": "61557269165692",
            "count": 8
        },
        {
            "id": "61561844253508",
            "count": 0
        },
        {
            "id": "100085007341663",
            "count": 0
        },
        {
            "id": "100005921142692",
            "count": 0
        },
        {
            "id": "61562748484659",
            "count": 0
        },
        {
            "id": "100091806589839",
            "count": 0
        },
        {
            "id": "100088608820225",
            "count": 0
        },
        {
            "id": "100084412983532",
            "count": 0
        },
        {
            "id": "100081349845592",
            "count": 0
        },
        {
            "id": "100086649792848",
            "count": 0
        },
        {
            "id": "100081016996783",
            "count": 0
        },
        {
            "id": "61563010834406",
            "count": 0
        },
        {
            "id": "61557458065697",
            "count": 0
        },
        {
            "id": "61561921096638",
            "count": 0
        },
        {
            "id": "100093814743722",
            "count": 48
        },
        {
            "id": "100052445430165",
            "count": 144
        },
        {
            "id": "100075784943859",
            "count": 0
        },
        {
            "id": "100076341962481",
            "count": 0
        },
        {
            "id": "61564150881866",
            "count": 0
        },
        {
            "id": "61553831844972",
            "count": 0
        },
        {
            "id": "100012224179302",
            "count": 0
        },
        {
            "id": "61562621512622",
            "count": 0
        },
        {
            "id": "61563155345855",
            "count": 32
        },
        {
            "id": "100092099263936",
            "count": 0
        },
        {
            "id": "100088243110853",
            "count": 0
        },
        {
            "id": "1215854362",
            "count": 0
        },
        {
            "id": "100037079618876",
            "count": 0
        },
        {
            "id": "100068304190661",
            "count": 12
        },
        {
            "id": "100073136272613",
            "count": 0
        },
        {
            "id": "100007078273025",
            "count": 880
        },
        {
            "id": "61563830678408",
            "count": 712
        },
        {
            "id": "61563488297549",
            "count": 0
        },
        {
            "id": "100004843986565",
            "count": 1708
        },
        {
            "id": "61563954127882",
            "count": 1364
        },
        {
            "id": "100013726992007",
            "count": 160
        },
        {
            "id": "100030259834679",
            "count": 4
        },
        {
            "id": "100091069914208",
            "count": 4
        },
        {
            "id": "100053776001336",
            "count": 12
        },
        {
            "id": "100077487506607",
            "count": 176
        }
    ],
    "time": 1,
    "last": {
        "time": 2,
        "day": [],
        "week": []
    }
}