{
    "total": [
        {
            "id": "100035731083424",
            "count": 1
        },
        {
            "id": "100089947783039",
            "count": 1
        },
        {
            "id": "100055824878280",
            "count": 1
        },
        {
            "id": "100061160525111",
            "count": 1
        },
        {
            "id": "100059454822702",
            "count": 1
        }
    ],
    "week": [
        {
            "id": "100035731083424",
            "count": 1
        },
        {
            "id": "100089947783039",
            "count": 1
        },
        {
            "id": "100055824878280",
            "count": 1
        },
        {
            "id": "100061160525111",
            "count": 1
        },
        {
            "id": "100059454822702",
            "count": 1
        }
    ],
    "day": [
        {
            "id": "100035731083424",
            "count": 1
        },
        {
            "id": "100089947783039",
            "count": 1
        },
        {
            "id": "100055824878280",
            "count": 1
        },
        {
            "id": "100061160525111",
            "count": 1
        },
        {
            "id": "100059454822702",
            "count": 1
        }
    ],
    "time": 4,
    "last": {
        "time": 4,
        "day": [],
        "week": []
    }
}