{
    "total": [
        {
            "id": "100090449255819",
            "count": 249
        },
        {
            "id": "100083647188334",
            "count": 221
        },
        {
            "id": "61555394038419",
            "count": 217
        },
        {
            "id": "100050197264594",
            "count": 16
        },
        {
            "id": "61556007811282",
            "count": 102
        },
        {
            "id": "61552508874660",
            "count": 53
        },
        {
            "id": "100056462934108",
            "count": 14
        },
        {
            "id": "100089315979869",
            "count": 83
        },
        {
            "id": "61551025053331",
            "count": 2
        },
        {
            "id": "100068632525838",
            "count": 1
        },
        {
            "id": "61556664009599",
            "count": 6
        },
        {
            "id": "61555809030974",
            "count": 36
        },
        {
            "id": "100052507967582",
            "count": 2
        },
        {
            "id": "100055044931333",
            "count": 7
        },
        {
            "id": "100073751522824",
            "count": 3
        },
        {
            "id": "61551561371938",
            "count": 1
        },
        {
            "id": "61554808235074",
            "count": 41
        },
        {
            "id": "100091847955679",
            "count": 23
        },
        {
            "id": "100093059705717",
            "count": 120
        },
        {
            "id": "61562043164567",
            "count": 1
        }
    ],
    "week": [
        {
            "id": "100090449255819",
            "count": 31
        },
        {
            "id": "100083647188334",
            "count": 11
        },
        {
            "id": "61555394038419",
            "count": 35
        },
        {
            "id": "100050197264594",
            "count": 0
        },
        {
            "id": "61556007811282",
            "count": 0
        },
        {
            "id": "61552508874660",
            "count": 4
        },
        {
            "id": "100056462934108",
            "count": 0
        },
        {
            "id": "100089315979869",
            "count": 1
        },
        {
            "id": "61551025053331",
            "count": 0
        },
        {
            "id": "100068632525838",
            "count": 0
        },
        {
            "id": "61556664009599",
            "count": 0
        },
        {
            "id": "61555809030974",
            "count": 12
        },
        {
            "id": "100052507967582",
            "count": 0
        },
        {
            "id": "100055044931333",
            "count": 0
        },
        {
            "id": "100073751522824",
            "count": 0
        },
        {
            "id": "61551561371938",
            "count": 0
        },
        {
            "id": "61554808235074",
            "count": 15
        },
        {
            "id": "100091847955679",
            "count": 4
        },
        {
            "id": "100093059705717",
            "count": 4
        },
        {
            "id": "61562043164567",
            "count": 1
        }
    ],
    "day": [
        {
            "id": "100090449255819",
            "count": 3
        },
        {
            "id": "100083647188334",
            "count": 0
        },
        {
            "id": "61555394038419",
            "count": 0
        },
        {
            "id": "100050197264594",
            "count": 0
        },
        {
            "id": "61556007811282",
            "count": 0
        },
        {
            "id": "61552508874660",
            "count": 0
        },
        {
            "id": "100056462934108",
            "count": 0
        },
        {
            "id": "100089315979869",
            "count": 0
        },
        {
            "id": "61551025053331",
            "count": 0
        },
        {
            "id": "100068632525838",
            "count": 0
        },
        {
            "id": "61556664009599",
            "count": 0
        },
        {
            "id": "61555809030974",
            "count": 0
        },
        {
            "id": "100052507967582",
            "count": 0
        },
        {
            "id": "100055044931333",
            "count": 0
        },
        {
            "id": "100073751522824",
            "count": 0
        },
        {
            "id": "61551561371938",
            "count": 0
        },
        {
            "id": "61554808235074",
            "count": 0
        },
        {
            "id": "100091847955679",
            "count": 2
        },
        {
            "id": "100093059705717",
            "count": 0
        },
        {
            "id": "61562043164567",
            "count": 0
        }
    ],
    "time": 3,
    "last": {
        "time": 4,
        "day": [],
        "week": []
    }
}