{
    "total": [
        {
            "id": "100038559669243",
            "count": 1
        },
        {
            "id": "100089714765223",
            "count": 3
        },
        {
            "id": "100091310366422",
            "count": 12
        },
        {
            "id": "100001144760209",
            "count": 6
        },
        {
            "id": "61558102357285",
            "count": 8
        },
        {
            "id": "100080626243734",
            "count": 1
        },
        {
            "id": "61553709907113",
            "count": 3
        },
        {
            "id": "61555809030974",
            "count": 19
        },
        {
            "id": "61557816916496",
            "count": 2
        },
        {
            "id": "61553930765737",
            "count": 2
        },
        {
            "id": "100067056649494",
            "count": 1
        },
        {
            "id": "100094363554763",
            "count": 4
        },
        {
            "id": "100087106916852",
            "count": 106
        },
        {
            "id": "100091911302063",
            "count": 9
        },
        {
            "id": "100094783508888",
            "count": 66
        },
        {
            "id": "100090298792497",
            "count": 2
        },
        {
            "id": "61559595513164",
            "count": 38
        },
        {
            "id": "100026176866916",
            "count": 54
        },
        {
            "id": "100065412013914",
            "count": 14
        },
        {
            "id": "100093571833459",
            "count": 4
        },
        {
            "id": "100057732776733",
            "count": 1
        },
        {
            "id": "61557503224255",
            "count": 1
        },
        {
            "id": "100081224716613",
            "count": 1
        },
        {
            "id": "100063772567985",
            "count": 1
        },
        {
            "id": "100089069284578",
            "count": 1
        },
        {
            "id": "100080470741700",
            "count": 2
        },
        {
            "id": "100060913730823",
            "count": 1
        },
        {
            "id": "61557386086730",
            "count": 2
        },
        {
            "id": "100080212213969",
            "count": 1
        },
        {
            "id": "100063097566999",
            "count": 1
        },
        {
            "id": "100076321706493",
            "count": 1
        },
        {
            "id": "100089199159371",
            "count": 1
        },
        {
            "id": "100089946357047",
            "count": 2
        },
        {
            "id": "61557646973919",
            "count": 2
        },
        {
            "id": "100079930313674",
            "count": 1
        },
        {
            "id": "61555659693656",
            "count": 4
        },
        {
            "id": "100086220020153",
            "count": 1
        },
        {
            "id": "61551260427652",
            "count": 2
        },
        {
            "id": "100091809956526",
            "count": 1
        },
        {
            "id": "100013531549099",
            "count": 1
        },
        {
            "id": "61556003196099",
            "count": 1
        }
    ],
    "week": [
        {
            "id": "100038559669243",
            "count": 1
        },
        {
            "id": "100089714765223",
            "count": 3
        },
        {
            "id": "100091310366422",
            "count": 12
        },
        {
            "id": "100001144760209",
            "count": 6
        },
        {
            "id": "61558102357285",
            "count": 8
        },
        {
            "id": "100080626243734",
            "count": 1
        },
        {
            "id": "61553709907113",
            "count": 3
        },
        {
            "id": "61555809030974",
            "count": 19
        },
        {
            "id": "61557816916496",
            "count": 2
        },
        {
            "id": "61553930765737",
            "count": 2
        },
        {
            "id": "100067056649494",
            "count": 1
        },
        {
            "id": "100094363554763",
            "count": 4
        },
        {
            "id": "100087106916852",
            "count": 106
        },
        {
            "id": "100091911302063",
            "count": 9
        },
        {
            "id": "100094783508888",
            "count": 66
        },
        {
            "id": "100090298792497",
            "count": 2
        },
        {
            "id": "61559595513164",
            "count": 38
        },
        {
            "id": "100026176866916",
            "count": 54
        },
        {
            "id": "100065412013914",
            "count": 14
        },
        {
            "id": "100093571833459",
            "count": 4
        },
        {
            "id": "100057732776733",
            "count": 1
        },
        {
            "id": "61557503224255",
            "count": 1
        },
        {
            "id": "100081224716613",
            "count": 1
        },
        {
            "id": "100063772567985",
            "count": 1
        },
        {
            "id": "100089069284578",
            "count": 1
        },
        {
            "id": "100080470741700",
            "count": 2
        },
        {
            "id": "100060913730823",
            "count": 1
        },
        {
            "id": "61557386086730",
            "count": 2
        },
        {
            "id": "100080212213969",
            "count": 1
        },
        {
            "id": "100063097566999",
            "count": 1
        },
        {
            "id": "100076321706493",
            "count": 1
        },
        {
            "id": "100089199159371",
            "count": 1
        },
        {
            "id": "100089946357047",
            "count": 2
        },
        {
            "id": "61557646973919",
            "count": 2
        },
        {
            "id": "100079930313674",
            "count": 1
        },
        {
            "id": "61555659693656",
            "count": 4
        },
        {
            "id": "100086220020153",
            "count": 1
        },
        {
            "id": "61551260427652",
            "count": 2
        },
        {
            "id": "100091809956526",
            "count": 1
        },
        {
            "id": "100013531549099",
            "count": 1
        },
        {
            "id": "61556003196099",
            "count": 1
        }
    ],
    "day": [
        {
            "id": "100038559669243",
            "count": 0
        },
        {
            "id": "100089714765223",
            "count": 0
        },
        {
            "id": "100091310366422",
            "count": 0
        },
        {
            "id": "100001144760209",
            "count": 0
        },
        {
            "id": "61558102357285",
            "count": 0
        },
        {
            "id": "100080626243734",
            "count": 0
        },
        {
            "id": "61553709907113",
            "count": 0
        },
        {
            "id": "61555809030974",
            "count": 0
        },
        {
            "id": "61557816916496",
            "count": 0
        },
        {
            "id": "61553930765737",
            "count": 0
        },
        {
            "id": "100067056649494",
            "count": 0
        },
        {
            "id": "100094363554763",
            "count": 0
        },
        {
            "id": "100087106916852",
            "count": 0
        },
        {
            "id": "100091911302063",
            "count": 0
        },
        {
            "id": "100094783508888",
            "count": 0
        },
        {
            "id": "100090298792497",
            "count": 0
        },
        {
            "id": "61559595513164",
            "count": 0
        },
        {
            "id": "100026176866916",
            "count": 0
        },
        {
            "id": "100065412013914",
            "count": 0
        },
        {
            "id": "100093571833459",
            "count": 0
        },
        {
            "id": "100057732776733",
            "count": 0
        },
        {
            "id": "61557503224255",
            "count": 0
        },
        {
            "id": "100081224716613",
            "count": 0
        },
        {
            "id": "100063772567985",
            "count": 0
        },
        {
            "id": "100089069284578",
            "count": 0
        },
        {
            "id": "100080470741700",
            "count": 0
        },
        {
            "id": "100060913730823",
            "count": 0
        },
        {
            "id": "61557386086730",
            "count": 0
        },
        {
            "id": "100080212213969",
            "count": 0
        },
        {
            "id": "100063097566999",
            "count": 0
        },
        {
            "id": "100076321706493",
            "count": 0
        },
        {
            "id": "100089199159371",
            "count": 0
        },
        {
            "id": "100089946357047",
            "count": 0
        },
        {
            "id": "61557646973919",
            "count": 1
        },
        {
            "id": "100079930313674",
            "count": 0
        },
        {
            "id": "61555659693656",
            "count": 0
        },
        {
            "id": "100086220020153",
            "count": 0
        },
        {
            "id": "61551260427652",
            "count": 0
        },
        {
            "id": "100091809956526",
            "count": 0
        },
        {
            "id": "100013531549099",
            "count": 1
        },
        {
            "id": "61556003196099",
            "count": 1
        }
    ],
    "time": 3,
    "last": {
        "time": 4,
        "day": [],
        "week": []
    }
}