{
    "total": [
        {
            "id": "61561203436520",
            "count": 59
        },
        {
            "id": "100029378752728",
            "count": 105
        },
        {
            "id": "61557545543030",
            "count": 700
        },
        {
            "id": "61555809030974",
            "count": 519
        },
        {
            "id": "100047194492507",
            "count": 3
        },
        {
            "id": "503845790",
            "count": 31
        },
        {
            "id": "537846897",
            "count": 71
        },
        {
            "id": "100040761302134",
            "count": 59
        },
        {
            "id": "832704028",
            "count": 2
        },
        {
            "id": "100048286966787",
            "count": 35
        },
        {
            "id": "100027937773675",
            "count": 33
        },
        {
            "id": "61559038552323",
            "count": 31
        },
        {
            "id": "100093082543154",
            "count": 57
        },
        {
            "id": "840310746",
            "count": 10
        },
        {
            "id": "545179279",
            "count": 50
        },
        {
            "id": "61551793060521",
            "count": 14
        },
        {
            "id": "61559812227985",
            "count": 8
        },
        {
            "id": "61558646297970",
            "count": 1
        },
        {
            "id": "100012547178957",
            "count": 47
        },
        {
            "id": "100000659141815",
            "count": 4
        },
        {
            "id": "100086415765506",
            "count": 4
        },
        {
            "id": "100059454822702",
            "count": 4
        },
        {
            "id": "61561941327464",
            "count": 31
        },
        {
            "id": "100063941768786",
            "count": 39
        },
        {
            "id": "100091715182610",
            "count": 7
        },
        {
            "id": "61554393416358",
            "count": 1
        },
        {
            "id": "61562151544967",
            "count": 11
        },
        {
            "id": "100079132493558",
            "count": 5
        }
    ],
    "week": [
        {
            "id": "61561203436520",
            "count": 0
        },
        {
            "id": "100029378752728",
            "count": 5
        },
        {
            "id": "61557545543030",
            "count": 57
        },
        {
            "id": "61555809030974",
            "count": 12
        },
        {
            "id": "100047194492507",
            "count": 0
        },
        {
            "id": "503845790",
            "count": 0
        },
        {
            "id": "537846897",
            "count": 4
        },
        {
            "id": "100040761302134",
            "count": 3
        },
        {
            "id": "832704028",
            "count": 0
        },
        {
            "id": "100048286966787",
            "count": 2
        },
        {
            "id": "100027937773675",
            "count": 17
        },
        {
            "id": "61559038552323",
            "count": 2
        },
        {
            "id": "100093082543154",
            "count": 6
        },
        {
            "id": "840310746",
            "count": 0
        },
        {
            "id": "545179279",
            "count": 0
        },
        {
            "id": "61551793060521",
            "count": 4
        },
        {
            "id": "61559812227985",
            "count": 0
        },
        {
            "id": "61558646297970",
            "count": 0
        },
        {
            "id": "100012547178957",
            "count": 0
        },
        {
            "id": "100000659141815",
            "count": 0
        },
        {
            "id": "100086415765506",
            "count": 0
        },
        {
            "id": "100059454822702",
            "count": 0
        },
        {
            "id": "61561941327464",
            "count": 1
        },
        {
            "id": "100063941768786",
            "count": 5
        },
        {
            "id": "100091715182610",
            "count": 0
        },
        {
            "id": "61554393416358",
            "count": 0
        },
        {
            "id": "61562151544967",
            "count": 0
        },
        {
            "id": "100079132493558",
            "count": 5
        }
    ],
    "day": [
        {
            "id": "61561203436520",
            "count": 0
        },
        {
            "id": "100029378752728",
            "count": 1
        },
        {
            "id": "61557545543030",
            "count": 4
        },
        {
            "id": "61555809030974",
            "count": 6
        },
        {
            "id": "100047194492507",
            "count": 0
        },
        {
            "id": "503845790",
            "count": 0
        },
        {
            "id": "537846897",
            "count": 0
        },
        {
            "id": "100040761302134",
            "count": 0
        },
        {
            "id": "832704028",
            "count": 0
        },
        {
            "id": "100048286966787",
            "count": 0
        },
        {
            "id": "100027937773675",
            "count": 6
        },
        {
            "id": "61559038552323",
            "count": 2
        },
        {
            "id": "100093082543154",
            "count": 5
        },
        {
            "id": "840310746",
            "count": 0
        },
        {
            "id": "545179279",
            "count": 0
        },
        {
            "id": "61551793060521",
            "count": 0
        },
        {
            "id": "61559812227985",
            "count": 0
        },
        {
            "id": "61558646297970",
            "count": 0
        },
        {
            "id": "100012547178957",
            "count": 0
        },
        {
            "id": "100000659141815",
            "count": 0
        },
        {
            "id": "100086415765506",
            "count": 0
        },
        {
            "id": "100059454822702",
            "count": 0
        },
        {
            "id": "61561941327464",
            "count": 0
        },
        {
            "id": "100063941768786",
            "count": 0
        },
        {
            "id": "100091715182610",
            "count": 0
        },
        {
            "id": "61554393416358",
            "count": 0
        },
        {
            "id": "61562151544967",
            "count": 0
        },
        {
            "id": "100079132493558",
            "count": 5
        }
    ],
    "time": 6,
    "last": {
        "time": 3,
        "day": [],
        "week": []
    }
}