{
    "total": [
        {
            "id": "100081828171724",
            "count": 1
        },
        {
            "id": "100086158763398",
            "count": 1
        }
    ],
    "week": [
        {
            "id": "100081828171724",
            "count": 1
        },
        {
            "id": "100086158763398",
            "count": 1
        }
    ],
    "day": [
        {
            "id": "100081828171724",
            "count": 0
        },
        {
            "id": "100086158763398",
            "count": 1
        }
    ],
    "time": 3,
    "last": {
        "time": 4,
        "day": [],
        "week": []
    }
}