{
    "total": [
        {
            "id": "61562086451955",
            "count": 36
        },
        {
            "id": "100083441310207",
            "count": 11
        },
        {
            "id": "100005615199550",
            "count": 91
        },
        {
            "id": "100088577864287",
            "count": 59
        },
        {
            "id": "100059454822702",
            "count": 465
        },
        {
            "id": "100083174347639",
            "count": 19
        },
        {
            "id": "100082668132301",
            "count": 15
        },
        {
            "id": "61555809030974",
            "count": 390
        },
        {
            "id": "100094911711160",
            "count": 1140
        },
        {
            "id": "100084035917282",
            "count": 112
        },
        {
            "id": "61562748484659",
            "count": 43
        },
        {
            "id": "100089281770842",
            "count": 811
        },
        {
            "id": "100038740121428",
            "count": 41
        },
        {
            "id": "61560650049261",
            "count": 3
        },
        {
            "id": "100092158211093",
            "count": 35
        },
        {
            "id": "61551763396420",
            "count": 271
        },
        {
            "id": "61557447626439",
            "count": 9
        },
        {
            "id": "61562687386899",
            "count": 25
        },
        {
            "id": "100087438951039",
            "count": 1
        },
        {
            "id": "61562261835048",
            "count": 8
        },
        {
            "id": "61563450811249",
            "count": 30
        },
        {
            "id": "61562779757407",
            "count": 7
        },
        {
            "id": "100046194132744",
            "count": 178
        },
        {
            "id": "61563257452849",
            "count": 14
        },
        {
            "id": "61555994682729",
            "count": 28
        },
        {
            "id": "100067508386723",
            "count": 18
        },
        {
            "id": "61563832109498",
            "count": 36
        },
        {
            "id": "61563390098553",
            "count": 154
        },
        {
            "id": "100075302427263",
            "count": 2
        },
        {
            "id": "100081328272813",
            "count": 434
        },
        {
            "id": "61556235459596",
            "count": 66
        },
        {
            "id": "100004843986565",
            "count": 116
        },
        {
            "id": "100070819382775",
            "count": 10
        },
        {
            "id": "61560261936624",
            "count": 538
        },
        {
            "id": "100089053806243",
            "count": 234
        }
    ],
    "week": [
        {
            "id": "61562086451955",
            "count": 0
        },
        {
            "id": "100083441310207",
            "count": 0
        },
        {
            "id": "100005615199550",
            "count": 0
        },
        {
            "id": "100088577864287",
            "count": 0
        },
        {
            "id": "100059454822702",
            "count": 218
        },
        {
            "id": "100083174347639",
            "count": 0
        },
        {
            "id": "100082668132301",
            "count": 6
        },
        {
            "id": "61555809030974",
            "count": 142
        },
        {
            "id": "100094911711160",
            "count": 588
        },
        {
            "id": "100084035917282",
            "count": 0
        },
        {
            "id": "61562748484659",
            "count": 2
        },
        {
            "id": "100089281770842",
            "count": 130
        },
        {
            "id": "100038740121428",
            "count": 30
        },
        {
            "id": "61560650049261",
            "count": 0
        },
        {
            "id": "100092158211093",
            "count": 0
        },
        {
            "id": "61551763396420",
            "count": 0
        },
        {
            "id": "61557447626439",
            "count": 0
        },
        {
            "id": "61562687386899",
            "count": 0
        },
        {
            "id": "100087438951039",
            "count": 0
        },
        {
            "id": "61562261835048",
            "count": 0
        },
        {
            "id": "61563450811249",
            "count": 0
        },
        {
            "id": "61562779757407",
            "count": 0
        },
        {
            "id": "100046194132744",
            "count": 6
        },
        {
            "id": "61563257452849",
            "count": 12
        },
        {
            "id": "61555994682729",
            "count": 0
        },
        {
            "id": "100067508386723",
            "count": 0
        },
        {
            "id": "61563832109498",
            "count": 0
        },
        {
            "id": "61563390098553",
            "count": 0
        },
        {
            "id": "100075302427263",
            "count": 0
        },
        {
            "id": "100081328272813",
            "count": 46
        },
        {
            "id": "61556235459596",
            "count": 22
        },
        {
            "id": "100004843986565",
            "count": 72
        },
        {
            "id": "100070819382775",
            "count": 0
        },
        {
            "id": "61560261936624",
            "count": 438
        },
        {
            "id": "100089053806243",
            "count": 202
        }
    ],
    "day": [
        {
            "id": "61562086451955",
            "count": 0
        },
        {
            "id": "100083441310207",
            "count": 0
        },
        {
            "id": "100005615199550",
            "count": 0
        },
        {
            "id": "100088577864287",
            "count": 0
        },
        {
            "id": "100059454822702",
            "count": 436
        },
        {
            "id": "100083174347639",
            "count": 0
        },
        {
            "id": "100082668132301",
            "count": 12
        },
        {
            "id": "61555809030974",
            "count": 284
        },
        {
            "id": "100094911711160",
            "count": 1176
        },
        {
            "id": "100084035917282",
            "count": 0
        },
        {
            "id": "61562748484659",
            "count": 4
        },
        {
            "id": "100089281770842",
            "count": 260
        },
        {
            "id": "100038740121428",
            "count": 60
        },
        {
            "id": "61560650049261",
            "count": 0
        },
        {
            "id": "100092158211093",
            "count": 0
        },
        {
            "id": "61551763396420",
            "count": 0
        },
        {
            "id": "61557447626439",
            "count": 0
        },
        {
            "id": "61562687386899",
            "count": 0
        },
        {
            "id": "100087438951039",
            "count": 0
        },
        {
            "id": "61562261835048",
            "count": 0
        },
        {
            "id": "61563450811249",
            "count": 0
        },
        {
            "id": "61562779757407",
            "count": 0
        },
        {
            "id": "100046194132744",
            "count": 12
        },
        {
            "id": "61563257452849",
            "count": 24
        },
        {
            "id": "61555994682729",
            "count": 0
        },
        {
            "id": "100067508386723",
            "count": 0
        },
        {
            "id": "61563832109498",
            "count": 0
        },
        {
            "id": "61563390098553",
            "count": 0
        },
        {
            "id": "100075302427263",
            "count": 0
        },
        {
            "id": "100081328272813",
            "count": 92
        },
        {
            "id": "61556235459596",
            "count": 44
        },
        {
            "id": "100004843986565",
            "count": 144
        },
        {
            "id": "100070819382775",
            "count": 0
        },
        {
            "id": "61560261936624",
            "count": 876
        },
        {
            "id": "100089053806243",
            "count": 404
        }
    ],
    "time": 1,
    "last": {
        "time": 5,
        "day": [],
        "week": []
    }
}