{
    "total": [
        {
            "id": "100084251536403",
            "count": 6
        },
        {
            "id": "100094542602642",
            "count": 26
        },
        {
            "id": "100089376880774",
            "count": 4
        },
        {
            "id": "61556592234776",
            "count": 1
        },
        {
            "id": "100076255313563",
            "count": 23
        },
        {
            "id": "100090290595850",
            "count": 16
        },
        {
            "id": "100093764455387",
            "count": 4
        },
        {
            "id": "61556714806083",
            "count": 2
        },
        {
            "id": "61553964292982",
            "count": 7
        },
        {
            "id": "100067172319609",
            "count": 1
        },
        {
            "id": "61555809030974",
            "count": 9
        },
        {
            "id": "100085828165937",
            "count": 14
        },
        {
            "id": "61560273572346",
            "count": 3
        }
    ],
    "week": [
        {
            "id": "100084251536403",
            "count": 6
        },
        {
            "id": "100094542602642",
            "count": 26
        },
        {
            "id": "100089376880774",
            "count": 4
        },
        {
            "id": "61556592234776",
            "count": 1
        },
        {
            "id": "100076255313563",
            "count": 23
        },
        {
            "id": "100090290595850",
            "count": 16
        },
        {
            "id": "100093764455387",
            "count": 4
        },
        {
            "id": "61556714806083",
            "count": 2
        },
        {
            "id": "61553964292982",
            "count": 7
        },
        {
            "id": "100067172319609",
            "count": 1
        },
        {
            "id": "61555809030974",
            "count": 9
        },
        {
            "id": "100085828165937",
            "count": 14
        },
        {
            "id": "61560273572346",
            "count": 3
        }
    ],
    "day": [
        {
            "id": "100084251536403",
            "count": 6
        },
        {
            "id": "100094542602642",
            "count": 26
        },
        {
            "id": "100089376880774",
            "count": 4
        },
        {
            "id": "61556592234776",
            "count": 1
        },
        {
            "id": "100076255313563",
            "count": 23
        },
        {
            "id": "100090290595850",
            "count": 16
        },
        {
            "id": "100093764455387",
            "count": 4
        },
        {
            "id": "61556714806083",
            "count": 2
        },
        {
            "id": "61553964292982",
            "count": 7
        },
        {
            "id": "100067172319609",
            "count": 1
        },
        {
            "id": "61555809030974",
            "count": 9
        },
        {
            "id": "100085828165937",
            "count": 14
        },
        {
            "id": "61560273572346",
            "count": 3
        }
    ],
    "time": 4,
    "last": {
        "time": 4,
        "day": [],
        "week": []
    }
}