{
    "total": [
        {
            "id": "61555809030974",
            "count": 10
        },
        {
            "id": "61551507231813",
            "count": 3
        },
        {
            "id": "100080529699636",
            "count": 1
        },
        {
            "id": "61561828030943",
            "count": 1
        },
        {
            "id": "100016695791997",
            "count": 1
        },
        {
            "id": "61562086451955",
            "count": 2
        },
        {
            "id": "61555308775161",
            "count": 1
        }
    ],
    "week": [
        {
            "id": "61555809030974",
            "count": 10
        },
        {
            "id": "61551507231813",
            "count": 3
        },
        {
            "id": "100080529699636",
            "count": 1
        },
        {
            "id": "61561828030943",
            "count": 1
        },
        {
            "id": "100016695791997",
            "count": 1
        },
        {
            "id": "61562086451955",
            "count": 2
        },
        {
            "id": "61555308775161",
            "count": 1
        }
    ],
    "day": [
        {
            "id": "61555809030974",
            "count": 7
        },
        {
            "id": "61551507231813",
            "count": 0
        },
        {
            "id": "100080529699636",
            "count": 0
        },
        {
            "id": "61561828030943",
            "count": 1
        },
        {
            "id": "100016695791997",
            "count": 1
        },
        {
            "id": "61562086451955",
            "count": 2
        },
        {
            "id": "61555308775161",
            "count": 1
        }
    ],
    "time": 3,
    "last": {
        "time": 4,
        "day": [],
        "week": []
    }
}