{
    "total": [
        {
            "id": "100079557714787",
            "count": 2
        },
        {
            "id": "100060566464738",
            "count": 16
        },
        {
            "id": "100059454822702",
            "count": 26
        },
        {
            "id": "100001917453768",
            "count": 17
        },
        {
            "id": "100001650842736",
            "count": 10
        },
        {
            "id": "100005615199550",
            "count": 1
        }
    ],
    "week": [
        {
            "id": "100079557714787",
            "count": 0
        },
        {
            "id": "100060566464738",
            "count": 0
        },
        {
            "id": "100059454822702",
            "count": 14
        },
        {
            "id": "100001917453768",
            "count": 11
        },
        {
            "id": "100001650842736",
            "count": 10
        },
        {
            "id": "100005615199550",
            "count": 1
        }
    ],
    "day": [
        {
            "id": "100079557714787",
            "count": 0
        },
        {
            "id": "100060566464738",
            "count": 0
        },
        {
            "id": "100059454822702",
            "count": 13
        },
        {
            "id": "100001917453768",
            "count": 0
        },
        {
            "id": "100001650842736",
            "count": 10
        },
        {
            "id": "100005615199550",
            "count": 1
        }
    ],
    "time": 5,
    "last": {
        "time": 4,
        "day": [],
        "week": []
    }
}