{
    "total": [
        {
            "id": "61552485150041",
            "count": 2542
        },
        {
            "id": "61553613357353",
            "count": 3152
        },
        {
            "id": "61552486654503",
            "count": 248
        },
        {
            "id": "100078143747600",
            "count": 962
        },
        {
            "id": "100083380239821",
            "count": 718
        },
        {
            "id": "100094300185154",
            "count": 36
        },
        {
            "id": "61551763396420",
            "count": 586
        },
        {
            "id": "61558490911988",
            "count": 16
        },
        {
            "id": "100078765320404",
            "count": 302
        },
        {
            "id": "100063818575562",
            "count": 904
        },
        {
            "id": "100092082537157",
            "count": 14
        },
        {
            "id": "61561011058442",
            "count": 50
        },
        {
            "id": "100057190358613",
            "count": 112
        },
        {
            "id": "61560793958918",
            "count": 14
        },
        {
            "id": "61560918427246",
            "count": 736
        },
        {
            "id": "61550902723344",
            "count": 802
        },
        {
            "id": "61559851027166",
            "count": 6
        },
        {
            "id": "61555061986581",
            "count": 1610
        },
        {
            "id": "61555883259711",
            "count": 34
        },
        {
            "id": "61554277516288",
            "count": 92
        },
        {
            "id": "61561820057059",
            "count": 8
        },
        {
            "id": "100088419782874",
            "count": 22
        },
        {
            "id": "100074446654545",
            "count": 872
        },
        {
            "id": "61560504822916",
            "count": 6
        },
        {
            "id": "100089625091056",
            "count": 688
        },
        {
            "id": "61557229204397",
            "count": 418
        },
        {
            "id": "100090853088690",
            "count": 42
        },
        {
            "id": "100024763592798",
            "count": 22
        },
        {
            "id": "100074792746977",
            "count": 206
        },
        {
            "id": "61563428586608",
            "count": 4
        },
        {
            "id": "100077017043820",
            "count": 478
        },
        {
            "id": "61558628157587",
            "count": 42
        },
        {
            "id": "100061627615531",
            "count": 1002
        },
        {
            "id": "61554330050466",
            "count": 12
        },
        {
            "id": "100080316674553",
            "count": 1514
        },
        {
            "id": "61562551193164",
            "count": 14
        },
        {
            "id": "100094819749376",
            "count": 76
        },
        {
            "id": "100091092680586",
            "count": 184
        },
        {
            "id": "100092346233029",
            "count": 4
        },
        {
            "id": "61563336082859",
            "count": 10
        },
        {
            "id": "100056058133547",
            "count": 22
        },
        {
            "id": "61553924633387",
            "count": 1192
        },
        {
            "id": "61550027787415",
            "count": 1234
        },
        {
            "id": "61561911237737",
            "count": 24
        },
        {
            "id": "100088145288488",
            "count": 26
        },
        {
            "id": "100090383046847",
            "count": 8
        },
        {
            "id": "61558588266606",
            "count": 62
        },
        {
            "id": "61553834306229",
            "count": 6
        },
        {
            "id": "100082809113667",
            "count": 2
        },
        {
            "id": "1010560",
            "count": 14
        },
        {
            "id": "61560556072322",
            "count": 128
        },
        {
            "id": "100078960698295",
            "count": 156
        },
        {
            "id": "61563405898351",
            "count": 4
        },
        {
            "id": "61558626933092",
            "count": 226
        },
        {
            "id": "100021932990166",
            "count": 976
        },
        {
            "id": "100058526924200",
            "count": 42
        },
        {
            "id": "61560452499473",
            "count": 26
        },
        {
            "id": "100088586126776",
            "count": 96
        },
        {
            "id": "100091427933716",
            "count": 16
        },
        {
            "id": "100071692850893",
            "count": 2
        },
        {
            "id": "100088113765637",
            "count": 60
        },
        {
            "id": "61551476517007",
            "count": 2
        },
        {
            "id": "100094007808387",
            "count": 2
        },
        {
            "id": "61563736622079",
            "count": 336
        },
        {
            "id": "61560389183894",
            "count": 46
        },
        {
            "id": "61561815777111",
            "count": 44
        },
        {
            "id": "100086684454749",
            "count": 2
        },
        {
            "id": "100071014055708",
            "count": 8
        },
        {
            "id": "61556289396677",
            "count": 70
        },
        {
            "id": "100091586023998",
            "count": 12
        },
        {
            "id": "100073484953216",
            "count": 12
        },
        {
            "id": "61563373720197",
            "count": 4
        },
        {
            "id": "100080840378158",
            "count": 10
        },
        {
            "id": "100094766229874",
            "count": 10
        },
        {
            "id": "61552662973144",
            "count": 10
        },
        {
            "id": "61550332551046",
            "count": 72
        },
        {
            "id": "100077527597119",
            "count": 78
        },
        {
            "id": "61559858949170",
            "count": 10
        },
        {
            "id": "100078082006801",
            "count": 92
        },
        {
            "id": "61552064126275",
            "count": 32
        },
        {
            "id": "100073487716145",
            "count": 2
        },
        {
            "id": "100073706063850",
            "count": 6
        },
        {
            "id": "61556385635923",
            "count": 138
        },
        {
            "id": "61552701332150",
            "count": 130
        },
        {
            "id": "61563855384527",
            "count": 82
        },
        {
            "id": "100090922194924",
            "count": 2
        },
        {
            "id": "61558871383103",
            "count": 2
        },
        {
            "id": "100086481425646",
            "count": 10
        },
        {
            "id": "100092549014187",
            "count": 2
        },
        {
            "id": "100095151103989",
            "count": 2
        }
    ],
    "week": [
        {
            "id": "61552485150041",
            "count": 1134
        },
        {
            "id": "61553613357353",
            "count": 2080
        },
        {
            "id": "61552486654503",
            "count": 0
        },
        {
            "id": "100078143747600",
            "count": 656
        },
        {
            "id": "100083380239821",
            "count": 196
        },
        {
            "id": "100094300185154",
            "count": 0
        },
        {
            "id": "61551763396420",
            "count": 322
        },
        {
            "id": "61558490911988",
            "count": 0
        },
        {
            "id": "100078765320404",
            "count": 46
        },
        {
            "id": "100063818575562",
            "count": 352
        },
        {
            "id": "100092082537157",
            "count": 0
        },
        {
            "id": "61561011058442",
            "count": 0
        },
        {
            "id": "100057190358613",
            "count": 0
        },
        {
            "id": "61560793958918",
            "count": 2
        },
        {
            "id": "61560918427246",
            "count": 254
        },
        {
            "id": "61550902723344",
            "count": 538
        },
        {
            "id": "61559851027166",
            "count": 0
        },
        {
            "id": "61555061986581",
            "count": 1018
        },
        {
            "id": "61555883259711",
            "count": 12
        },
        {
            "id": "61554277516288",
            "count": 2
        },
        {
            "id": "61561820057059",
            "count": 0
        },
        {
            "id": "100088419782874",
            "count": 18
        },
        {
            "id": "100074446654545",
            "count": 440
        },
        {
            "id": "61560504822916",
            "count": 0
        },
        {
            "id": "100089625091056",
            "count": 0
        },
        {
            "id": "61557229204397",
            "count": 0
        },
        {
            "id": "100090853088690",
            "count": 0
        },
        {
            "id": "100024763592798",
            "count": 6
        },
        {
            "id": "100074792746977",
            "count": 188
        },
        {
            "id": "61563428586608",
            "count": 0
        },
        {
            "id": "100077017043820",
            "count": 350
        },
        {
            "id": "61558628157587",
            "count": 10
        },
        {
            "id": "100061627615531",
            "count": 362
        },
        {
            "id": "61554330050466",
            "count": 4
        },
        {
            "id": "100080316674553",
            "count": 974
        },
        {
            "id": "61562551193164",
            "count": 6
        },
        {
            "id": "100094819749376",
            "count": 2
        },
        {
            "id": "100091092680586",
            "count": 26
        },
        {
            "id": "100092346233029",
            "count": 0
        },
        {
            "id": "61563336082859",
            "count": 0
        },
        {
            "id": "100056058133547",
            "count": 2
        },
        {
            "id": "61553924633387",
            "count": 576
        },
        {
            "id": "61550027787415",
            "count": 696
        },
        {
            "id": "61561911237737",
            "count": 0
        },
        {
            "id": "100088145288488",
            "count": 18
        },
        {
            "id": "100090383046847",
            "count": 4
        },
        {
            "id": "61558588266606",
            "count": 0
        },
        {
            "id": "61553834306229",
            "count": 2
        },
        {
            "id": "100082809113667",
            "count": 0
        },
        {
            "id": "1010560",
            "count": 2
        },
        {
            "id": "61560556072322",
            "count": 0
        },
        {
            "id": "100078960698295",
            "count": 2
        },
        {
            "id": "61563405898351",
            "count": 0
        },
        {
            "id": "61558626933092",
            "count": 100
        },
        {
            "id": "100021932990166",
            "count": 376
        },
        {
            "id": "100058526924200",
            "count": 2
        },
        {
            "id": "61560452499473",
            "count": 4
        },
        {
            "id": "100088586126776",
            "count": 20
        },
        {
            "id": "100091427933716",
            "count": 6
        },
        {
            "id": "100071692850893",
            "count": 0
        },
        {
            "id": "100088113765637",
            "count": 40
        },
        {
            "id": "61551476517007",
            "count": 0
        },
        {
            "id": "100094007808387",
            "count": 0
        },
        {
            "id": "61563736622079",
            "count": 28
        },
        {
            "id": "61560389183894",
            "count": 4
        },
        {
            "id": "61561815777111",
            "count": 42
        },
        {
            "id": "100086684454749",
            "count": 0
        },
        {
            "id": "100071014055708",
            "count": 0
        },
        {
            "id": "61556289396677",
            "count": 12
        },
        {
            "id": "100091586023998",
            "count": 4
        },
        {
            "id": "100073484953216",
            "count": 10
        },
        {
            "id": "61563373720197",
            "count": 4
        },
        {
            "id": "100080840378158",
            "count": 10
        },
        {
            "id": "100094766229874",
            "count": 10
        },
        {
            "id": "61552662973144",
            "count": 10
        },
        {
            "id": "61550332551046",
            "count": 72
        },
        {
            "id": "100077527597119",
            "count": 78
        },
        {
            "id": "61559858949170",
            "count": 10
        },
        {
            "id": "100078082006801",
            "count": 92
        },
        {
            "id": "61552064126275",
            "count": 32
        },
        {
            "id": "100073487716145",
            "count": 2
        },
        {
            "id": "100073706063850",
            "count": 6
        },
        {
            "id": "61556385635923",
            "count": 138
        },
        {
            "id": "61552701332150",
            "count": 130
        },
        {
            "id": "61563855384527",
            "count": 82
        },
        {
            "id": "100090922194924",
            "count": 2
        },
        {
            "id": "61558871383103",
            "count": 2
        },
        {
            "id": "100086481425646",
            "count": 10
        },
        {
            "id": "100092549014187",
            "count": 2
        },
        {
            "id": "100095151103989",
            "count": 2
        }
    ],
    "day": [
        {
            "id": "61552485150041",
            "count": 0
        },
        {
            "id": "61553613357353",
            "count": 100
        },
        {
            "id": "61552486654503",
            "count": 0
        },
        {
            "id": "100078143747600",
            "count": 104
        },
        {
            "id": "100083380239821",
            "count": 0
        },
        {
            "id": "100094300185154",
            "count": 0
        },
        {
            "id": "61551763396420",
            "count": 36
        },
        {
            "id": "61558490911988",
            "count": 0
        },
        {
            "id": "100078765320404",
            "count": 4
        },
        {
            "id": "100063818575562",
            "count": 0
        },
        {
            "id": "100092082537157",
            "count": 0
        },
        {
            "id": "61561011058442",
            "count": 0
        },
        {
            "id": "100057190358613",
            "count": 0
        },
        {
            "id": "61560793958918",
            "count": 0
        },
        {
            "id": "61560918427246",
            "count": 0
        },
        {
            "id": "61550902723344",
            "count": 196
        },
        {
            "id": "61559851027166",
            "count": 0
        },
        {
            "id": "61555061986581",
            "count": 240
        },
        {
            "id": "61555883259711",
            "count": 0
        },
        {
            "id": "61554277516288",
            "count": 0
        },
        {
            "id": "61561820057059",
            "count": 0
        },
        {
            "id": "100088419782874",
            "count": 0
        },
        {
            "id": "100074446654545",
            "count": 28
        },
        {
            "id": "61560504822916",
            "count": 0
        },
        {
            "id": "100089625091056",
            "count": 0
        },
        {
            "id": "61557229204397",
            "count": 0
        },
        {
            "id": "100090853088690",
            "count": 0
        },
        {
            "id": "100024763592798",
            "count": 0
        },
        {
            "id": "100074792746977",
            "count": 4
        },
        {
            "id": "61563428586608",
            "count": 0
        },
        {
            "id": "100077017043820",
            "count": 0
        },
        {
            "id": "61558628157587",
            "count": 4
        },
        {
            "id": "100061627615531",
            "count": 0
        },
        {
            "id": "61554330050466",
            "count": 0
        },
        {
            "id": "100080316674553",
            "count": 4
        },
        {
            "id": "61562551193164",
            "count": 0
        },
        {
            "id": "100094819749376",
            "count": 0
        },
        {
            "id": "100091092680586",
            "count": 0
        },
        {
            "id": "100092346233029",
            "count": 0
        },
        {
            "id": "61563336082859",
            "count": 0
        },
        {
            "id": "100056058133547",
            "count": 0
        },
        {
            "id": "61553924633387",
            "count": 0
        },
        {
            "id": "61550027787415",
            "count": 232
        },
        {
            "id": "61561911237737",
            "count": 0
        },
        {
            "id": "100088145288488",
            "count": 0
        },
        {
            "id": "100090383046847",
            "count": 0
        },
        {
            "id": "61558588266606",
            "count": 0
        },
        {
            "id": "61553834306229",
            "count": 0
        },
        {
            "id": "100082809113667",
            "count": 0
        },
        {
            "id": "1010560",
            "count": 0
        },
        {
            "id": "61560556072322",
            "count": 0
        },
        {
            "id": "100078960698295",
            "count": 0
        },
        {
            "id": "61563405898351",
            "count": 0
        },
        {
            "id": "61558626933092",
            "count": 0
        },
        {
            "id": "100021932990166",
            "count": 0
        },
        {
            "id": "100058526924200",
            "count": 0
        },
        {
            "id": "61560452499473",
            "count": 0
        },
        {
            "id": "100088586126776",
            "count": 0
        },
        {
            "id": "100091427933716",
            "count": 0
        },
        {
            "id": "100071692850893",
            "count": 0
        },
        {
            "id": "100088113765637",
            "count": 8
        },
        {
            "id": "61551476517007",
            "count": 0
        },
        {
            "id": "100094007808387",
            "count": 0
        },
        {
            "id": "61563736622079",
            "count": 0
        },
        {
            "id": "61560389183894",
            "count": 0
        },
        {
            "id": "61561815777111",
            "count": 0
        },
        {
            "id": "100086684454749",
            "count": 0
        },
        {
            "id": "100071014055708",
            "count": 0
        },
        {
            "id": "61556289396677",
            "count": 0
        },
        {
            "id": "100091586023998",
            "count": 4
        },
        {
            "id": "100073484953216",
            "count": 0
        },
        {
            "id": "61563373720197",
            "count": 0
        },
        {
            "id": "100080840378158",
            "count": 0
        },
        {
            "id": "100094766229874",
            "count": 0
        },
        {
            "id": "61552662973144",
            "count": 0
        },
        {
            "id": "61550332551046",
            "count": 0
        },
        {
            "id": "100077527597119",
            "count": 0
        },
        {
            "id": "61559858949170",
            "count": 0
        },
        {
            "id": "100078082006801",
            "count": 16
        },
        {
            "id": "61552064126275",
            "count": 0
        },
        {
            "id": "100073487716145",
            "count": 0
        },
        {
            "id": "100073706063850",
            "count": 0
        },
        {
            "id": "61556385635923",
            "count": 4
        },
        {
            "id": "61552701332150",
            "count": 0
        },
        {
            "id": "61563855384527",
            "count": 36
        },
        {
            "id": "100090922194924",
            "count": 0
        },
        {
            "id": "61558871383103",
            "count": 0
        },
        {
            "id": "100086481425646",
            "count": 0
        },
        {
            "id": "100092549014187",
            "count": 0
        },
        {
            "id": "100095151103989",
            "count": 4
        }
    ],
    "time": 6,
    "last": {
        "time": 5,
        "day": [],
        "week": []
    }
}