{
    "total": [
        {
            "id": "61557545543030",
            "count": 23
        },
        {
            "id": "61555809030974",
            "count": 40
        },
        {
            "id": "100059454822702",
            "count": 8
        },
        {
            "id": "100086415765506",
            "count": 16
        },
        {
            "id": "100000659141815",
            "count": 1
        },
        {
            "id": "61561941327464",
            "count": 21
        },
        {
            "id": "100069841597479",
            "count": 5
        },
        {
            "id": "100038952602261",
            "count": 6
        },
        {
            "id": "100069829685784",
            "count": 1
        },
        {
            "id": "100049544049887",
            "count": 1
        },
        {
            "id": "100082537810844",
            "count": 1
        },
        {
            "id": "100001563668455",
            "count": 1
        },
        {
            "id": "100079824665922",
            "count": 1
        },
        {
            "id": "100088682922877",
            "count": 3
        }
    ],
    "week": [
        {
            "id": "61557545543030",
            "count": 0
        },
        {
            "id": "61555809030974",
            "count": 0
        },
        {
            "id": "100059454822702",
            "count": 0
        },
        {
            "id": "100086415765506",
            "count": 0
        },
        {
            "id": "100000659141815",
            "count": 0
        },
        {
            "id": "61561941327464",
            "count": 1
        },
        {
            "id": "100069841597479",
            "count": 0
        },
        {
            "id": "100038952602261",
            "count": 0
        },
        {
            "id": "100069829685784",
            "count": 0
        },
        {
            "id": "100049544049887",
            "count": 0
        },
        {
            "id": "100082537810844",
            "count": 0
        },
        {
            "id": "100001563668455",
            "count": 0
        },
        {
            "id": "100079824665922",
            "count": 0
        },
        {
            "id": "100088682922877",
            "count": 0
        }
    ],
    "day": [
        {
            "id": "61557545543030",
            "count": 0
        },
        {
            "id": "61555809030974",
            "count": 0
        },
        {
            "id": "100059454822702",
            "count": 0
        },
        {
            "id": "100086415765506",
            "count": 0
        },
        {
            "id": "100000659141815",
            "count": 0
        },
        {
            "id": "61561941327464",
            "count": 1
        },
        {
            "id": "100069841597479",
            "count": 0
        },
        {
            "id": "100038952602261",
            "count": 0
        },
        {
            "id": "100069829685784",
            "count": 0
        },
        {
            "id": "100049544049887",
            "count": 0
        },
        {
            "id": "100082537810844",
            "count": 0
        },
        {
            "id": "100001563668455",
            "count": 0
        },
        {
            "id": "100079824665922",
            "count": 0
        },
        {
            "id": "100088682922877",
            "count": 0
        }
    ],
    "time": 1,
    "last": {
        "time": 3,
        "day": [],
        "week": []
    }
}