{
    "total": [
        {
            "id": "61555809030974",
            "count": 10
        },
        {
            "id": "61552357872040",
            "count": 15
        },
        {
            "id": "100074433230474",
            "count": 4
        },
        {
            "id": "100089452727278",
            "count": 1
        },
        {
            "id": "100092649914355",
            "count": 2
        },
        {
            "id": "61550113522285",
            "count": 5
        },
        {
            "id": "61556560785784",
            "count": 1
        }
    ],
    "week": [
        {
            "id": "61555809030974",
            "count": 10
        },
        {
            "id": "61552357872040",
            "count": 15
        },
        {
            "id": "100074433230474",
            "count": 4
        },
        {
            "id": "100089452727278",
            "count": 1
        },
        {
            "id": "100092649914355",
            "count": 2
        },
        {
            "id": "61550113522285",
            "count": 5
        },
        {
            "id": "61556560785784",
            "count": 1
        }
    ],
    "day": [
        {
            "id": "61555809030974",
            "count": 10
        },
        {
            "id": "61552357872040",
            "count": 15
        },
        {
            "id": "100074433230474",
            "count": 4
        },
        {
            "id": "100089452727278",
            "count": 1
        },
        {
            "id": "100092649914355",
            "count": 2
        },
        {
            "id": "61550113522285",
            "count": 5
        },
        {
            "id": "61556560785784",
            "count": 1
        }
    ],
    "time": 6,
    "last": {
        "time": 6,
        "day": [],
        "week": []
    }
}