{
    "total": [
        {
            "id": "100061148091926",
            "count": 7
        },
        {
            "id": "100077190551433",
            "count": 57
        },
        {
            "id": "100053576871499",
            "count": 5
        },
        {
            "id": "100094765600704",
            "count": 2
        },
        {
            "id": "100074037714783",
            "count": 12
        },
        {
            "id": "100078007702643",
            "count": 12
        },
        {
            "id": "61555833990732",
            "count": 8
        },
        {
            "id": "61556920074095",
            "count": 2
        }
    ],
    "week": [
        {
            "id": "100061148091926",
            "count": 7
        },
        {
            "id": "100077190551433",
            "count": 57
        },
        {
            "id": "100053576871499",
            "count": 5
        },
        {
            "id": "100094765600704",
            "count": 2
        },
        {
            "id": "100074037714783",
            "count": 12
        },
        {
            "id": "100078007702643",
            "count": 12
        },
        {
            "id": "61555833990732",
            "count": 8
        },
        {
            "id": "61556920074095",
            "count": 2
        }
    ],
    "day": [
        {
            "id": "100061148091926",
            "count": 7
        },
        {
            "id": "100077190551433",
            "count": 57
        },
        {
            "id": "100053576871499",
            "count": 5
        },
        {
            "id": "100094765600704",
            "count": 2
        },
        {
            "id": "100074037714783",
            "count": 12
        },
        {
            "id": "100078007702643",
            "count": 12
        },
        {
            "id": "61555833990732",
            "count": 8
        },
        {
            "id": "61556920074095",
            "count": 2
        }
    ],
    "time": 6,
    "last": {
        "time": 6,
        "day": [],
        "week": []
    }
}