{
    "total": [
        {
            "id": "100068096370437",
            "count": 124
        },
        {
            "id": "100048286966787",
            "count": 133
        },
        {
            "id": "537846897",
            "count": 20
        },
        {
            "id": "61557545543030",
            "count": 420
        },
        {
            "id": "61552548836547",
            "count": 6
        },
        {
            "id": "61559298737218",
            "count": 16
        },
        {
            "id": "61560507131182",
            "count": 30
        },
        {
            "id": "61555809030974",
            "count": 294
        },
        {
            "id": "61555870501525",
            "count": 25
        },
        {
            "id": "100079027159606",
            "count": 7
        },
        {
            "id": "100030259834679",
            "count": 78
        },
        {
            "id": "100078235840682",
            "count": 80
        },
        {
            "id": "61554625180899",
            "count": 14
        },
        {
            "id": "1655389516",
            "count": 13
        },
        {
            "id": "61560888246743",
            "count": 34
        },
        {
            "id": "100089195796584",
            "count": 55
        },
        {
            "id": "100047870110891",
            "count": 44
        },
        {
            "id": "61561661515189",
            "count": 28
        },
        {
            "id": "100055154154050",
            "count": 51
        },
        {
            "id": "100000493975005",
            "count": 7
        },
        {
            "id": "1745850334",
            "count": 63
        },
        {
            "id": "1631016269",
            "count": 62
        },
        {
            "id": "100008092327437",
            "count": 2
        },
        {
            "id": "61561974429884",
            "count": 10
        },
        {
            "id": "100000860148761",
            "count": 15
        },
        {
            "id": "61560179044114",
            "count": 31
        },
        {
            "id": "61554463547147",
            "count": 78
        },
        {
            "id": "61561680076887",
            "count": 7
        },
        {
            "id": "100092744481406",
            "count": 10
        },
        {
            "id": "100067508386723",
            "count": 132
        },
        {
            "id": "1550702797",
            "count": 33
        },
        {
            "id": "61560448588541",
            "count": 31
        },
        {
            "id": "100088968683732",
            "count": 6
        },
        {
            "id": "100030967444445",
            "count": 8
        },
        {
            "id": "100059454822702",
            "count": 5
        },
        {
            "id": "100016695791997",
            "count": 14
        },
        {
            "id": "100007621141247",
            "count": 22
        },
        {
            "id": "61561510254962",
            "count": 32
        },
        {
            "id": "1334285798",
            "count": 21
        },
        {
            "id": "100037211391552",
            "count": 8
        },
        {
            "id": "100020460654779",
            "count": 29
        },
        {
            "id": "61562065684133",
            "count": 73
        },
        {
            "id": "61562299303915",
            "count": 25
        },
        {
            "id": "61553076033146",
            "count": 8
        },
        {
            "id": "61562968221697",
            "count": 35
        },
        {
            "id": "1270787329",
            "count": 5
        },
        {
            "id": "61551002975516",
            "count": 1
        },
        {
            "id": "61559794748819",
            "count": 13
        },
        {
            "id": "61562501226870",
            "count": 3
        },
        {
            "id": "61556653805858",
            "count": 11
        },
        {
            "id": "100005615199550",
            "count": 4
        }
    ],
    "week": [
        {
            "id": "100068096370437",
            "count": 47
        },
        {
            "id": "100048286966787",
            "count": 51
        },
        {
            "id": "537846897",
            "count": 0
        },
        {
            "id": "61557545543030",
            "count": 232
        },
        {
            "id": "61552548836547",
            "count": 0
        },
        {
            "id": "61559298737218",
            "count": 0
        },
        {
            "id": "61560507131182",
            "count": 0
        },
        {
            "id": "61555809030974",
            "count": 183
        },
        {
            "id": "61555870501525",
            "count": 5
        },
        {
            "id": "100079027159606",
            "count": 0
        },
        {
            "id": "100030259834679",
            "count": 29
        },
        {
            "id": "100078235840682",
            "count": 36
        },
        {
            "id": "61554625180899",
            "count": 4
        },
        {
            "id": "1655389516",
            "count": 7
        },
        {
            "id": "61560888246743",
            "count": 1
        },
        {
            "id": "100089195796584",
            "count": 22
        },
        {
            "id": "100047870110891",
            "count": 35
        },
        {
            "id": "61561661515189",
            "count": 18
        },
        {
            "id": "100055154154050",
            "count": 37
        },
        {
            "id": "100000493975005",
            "count": 1
        },
        {
            "id": "1745850334",
            "count": 26
        },
        {
            "id": "1631016269",
            "count": 7
        },
        {
            "id": "100008092327437",
            "count": 0
        },
        {
            "id": "61561974429884",
            "count": 0
        },
        {
            "id": "100000860148761",
            "count": 0
        },
        {
            "id": "61560179044114",
            "count": 2
        },
        {
            "id": "61554463547147",
            "count": 20
        },
        {
            "id": "61561680076887",
            "count": 0
        },
        {
            "id": "100092744481406",
            "count": 8
        },
        {
            "id": "100067508386723",
            "count": 128
        },
        {
            "id": "1550702797",
            "count": 24
        },
        {
            "id": "61560448588541",
            "count": 0
        },
        {
            "id": "100088968683732",
            "count": 0
        },
        {
            "id": "100030967444445",
            "count": 0
        },
        {
            "id": "100059454822702",
            "count": 0
        },
        {
            "id": "100016695791997",
            "count": 12
        },
        {
            "id": "100007621141247",
            "count": 21
        },
        {
            "id": "61561510254962",
            "count": 32
        },
        {
            "id": "1334285798",
            "count": 21
        },
        {
            "id": "100037211391552",
            "count": 8
        },
        {
            "id": "100020460654779",
            "count": 29
        },
        {
            "id": "61562065684133",
            "count": 73
        },
        {
            "id": "61562299303915",
            "count": 25
        },
        {
            "id": "61553076033146",
            "count": 8
        },
        {
            "id": "61562968221697",
            "count": 35
        },
        {
            "id": "1270787329",
            "count": 5
        },
        {
            "id": "61551002975516",
            "count": 1
        },
        {
            "id": "61559794748819",
            "count": 13
        },
        {
            "id": "61562501226870",
            "count": 3
        },
        {
            "id": "61556653805858",
            "count": 11
        },
        {
            "id": "100005615199550",
            "count": 4
        }
    ],
    "day": [
        {
            "id": "100068096370437",
            "count": 1
        },
        {
            "id": "100048286966787",
            "count": 0
        },
        {
            "id": "537846897",
            "count": 0
        },
        {
            "id": "61557545543030",
            "count": 0
        },
        {
            "id": "61552548836547",
            "count": 0
        },
        {
            "id": "61559298737218",
            "count": 0
        },
        {
            "id": "61560507131182",
            "count": 0
        },
        {
            "id": "61555809030974",
            "count": 0
        },
        {
            "id": "61555870501525",
            "count": 0
        },
        {
            "id": "100079027159606",
            "count": 0
        },
        {
            "id": "100030259834679",
            "count": 0
        },
        {
            "id": "100078235840682",
            "count": 0
        },
        {
            "id": "61554625180899",
            "count": 0
        },
        {
            "id": "1655389516",
            "count": 0
        },
        {
            "id": "61560888246743",
            "count": 0
        },
        {
            "id": "100089195796584",
            "count": 0
        },
        {
            "id": "100047870110891",
            "count": 0
        },
        {
            "id": "61561661515189",
            "count": 0
        },
        {
            "id": "100055154154050",
            "count": 0
        },
        {
            "id": "100000493975005",
            "count": 0
        },
        {
            "id": "1745850334",
            "count": 0
        },
        {
            "id": "1631016269",
            "count": 0
        },
        {
            "id": "100008092327437",
            "count": 0
        },
        {
            "id": "61561974429884",
            "count": 0
        },
        {
            "id": "100000860148761",
            "count": 0
        },
        {
            "id": "61560179044114",
            "count": 2
        },
        {
            "id": "61554463547147",
            "count": 0
        },
        {
            "id": "61561680076887",
            "count": 0
        },
        {
            "id": "100092744481406",
            "count": 0
        },
        {
            "id": "100067508386723",
            "count": 0
        },
        {
            "id": "1550702797",
            "count": 0
        },
        {
            "id": "61560448588541",
            "count": 0
        },
        {
            "id": "100088968683732",
            "count": 0
        },
        {
            "id": "100030967444445",
            "count": 0
        },
        {
            "id": "100059454822702",
            "count": 0
        },
        {
            "id": "100016695791997",
            "count": 0
        },
        {
            "id": "100007621141247",
            "count": 0
        },
        {
            "id": "61561510254962",
            "count": 0
        },
        {
            "id": "1334285798",
            "count": 1
        },
        {
            "id": "100037211391552",
            "count": 0
        },
        {
            "id": "100020460654779",
            "count": 0
        },
        {
            "id": "61562065684133",
            "count": 0
        },
        {
            "id": "61562299303915",
            "count": 0
        },
        {
            "id": "61553076033146",
            "count": 1
        },
        {
            "id": "61562968221697",
            "count": 0
        },
        {
            "id": "1270787329",
            "count": 0
        },
        {
            "id": "61551002975516",
            "count": 0
        },
        {
            "id": "61559794748819",
            "count": 1
        },
        {
            "id": "61562501226870",
            "count": 0
        },
        {
            "id": "61556653805858",
            "count": 0
        },
        {
            "id": "100005615199550",
            "count": 4
        }
    ],
    "time": 5,
    "last": {
        "time": 3,
        "day": [],
        "week": []
    }
}