{
    "total": [
        {
            "id": "61555809030974",
            "count": 61
        },
        {
            "id": "61560474557247",
            "count": 35
        },
        {
            "id": "61561511715916",
            "count": 9
        },
        {
            "id": "61557545543030",
            "count": 86
        },
        {
            "id": "100074391678353",
            "count": 36
        }
    ],
    "week": [
        {
            "id": "61555809030974",
            "count": 61
        },
        {
            "id": "61560474557247",
            "count": 35
        },
        {
            "id": "61561511715916",
            "count": 9
        },
        {
            "id": "61557545543030",
            "count": 86
        },
        {
            "id": "100074391678353",
            "count": 36
        }
    ],
    "day": [
        {
            "id": "61555809030974",
            "count": 61
        },
        {
            "id": "61560474557247",
            "count": 35
        },
        {
            "id": "61561511715916",
            "count": 9
        },
        {
            "id": "61557545543030",
            "count": 86
        },
        {
            "id": "100074391678353",
            "count": 36
        }
    ],
    "time": 5,
    "last": {
        "time": 5,
        "day": [],
        "week": []
    }
}