{
    "total": [
        {
            "id": "61555809030974",
            "count": 24
        },
        {
            "id": "100091324569578",
            "count": 3
        },
        {
            "id": "100085896961159",
            "count": 1
        },
        {
            "id": "61551590825047",
            "count": 1
        },
        {
            "id": "100092864299460",
            "count": 1
        },
        {
            "id": "100069367333398",
            "count": 1
        }
    ],
    "week": [
        {
            "id": "61555809030974",
            "count": 24
        },
        {
            "id": "100091324569578",
            "count": 3
        },
        {
            "id": "100085896961159",
            "count": 1
        },
        {
            "id": "61551590825047",
            "count": 1
        },
        {
            "id": "100092864299460",
            "count": 1
        },
        {
            "id": "100069367333398",
            "count": 1
        }
    ],
    "day": [
        {
            "id": "61555809030974",
            "count": 10
        },
        {
            "id": "100091324569578",
            "count": 0
        },
        {
            "id": "100085896961159",
            "count": 0
        },
        {
            "id": "61551590825047",
            "count": 0
        },
        {
            "id": "100092864299460",
            "count": 0
        },
        {
            "id": "100069367333398",
            "count": 1
        }
    ],
    "time": 6,
    "last": {
        "time": 5,
        "day": [],
        "week": []
    }
}