{
    "total": [
        {
            "id": "61563525873105",
            "count": 56
        },
        {
            "id": "61556666968083",
            "count": 1648
        },
        {
            "id": "61553578030636",
            "count": 346
        },
        {
            "id": "100020460654779",
            "count": 162
        },
        {
            "id": "100069040786247",
            "count": 498
        },
        {
            "id": "61563450811249",
            "count": 120
        },
        {
            "id": "100089281770842",
            "count": 350
        },
        {
            "id": "61556143539950",
            "count": 230
        },
        {
            "id": "61555809030974",
            "count": 858
        },
        {
            "id": "100090683697195",
            "count": 328
        },
        {
            "id": "100009801367183",
            "count": 64
        },
        {
            "id": "100085073240621",
            "count": 134
        },
        {
            "id": "61559623027604",
            "count": 518
        },
        {
            "id": "61550962658401",
            "count": 32
        },
        {
            "id": "61559754214226",
            "count": 12
        },
        {
            "id": "100074391678353",
            "count": 672
        },
        {
            "id": "100000264111892",
            "count": 492
        },
        {
            "id": "61557296496895",
            "count": 6
        },
        {
            "id": "61561394434734",
            "count": 2
        },
        {
            "id": "61552707897116",
            "count": 430
        },
        {
            "id": "100083244550129",
            "count": 192
        },
        {
            "id": "100084035917282",
            "count": 8
        },
        {
            "id": "61562870807559",
            "count": 200
        },
        {
            "id": "61562621512622",
            "count": 592
        },
        {
            "id": "100036283453277",
            "count": 142
        },
        {
            "id": "100083380484024",
            "count": 2
        },
        {
            "id": "100049369011789",
            "count": 84
        },
        {
            "id": "100000493975005",
            "count": 4
        },
        {
            "id": "61551763396420",
            "count": 826
        },
        {
            "id": "61562424532209",
            "count": 616
        },
        {
            "id": "1074491699",
            "count": 228
        },
        {
            "id": "100056312237120",
            "count": 166
        },
        {
            "id": "61561744915052",
            "count": 102
        },
        {
            "id": "100092385361543",
            "count": 116
        },
        {
            "id": "100041795028611",
            "count": 46
        },
        {
            "id": "61563388325595",
            "count": 6
        },
        {
            "id": "61560179044114",
            "count": 282
        },
        {
            "id": "61562501226870",
            "count": 118
        },
        {
            "id": "100000975916829",
            "count": 14
        },
        {
            "id": "100084412983532",
            "count": 10
        },
        {
            "id": "100094338505878",
            "count": 66
        },
        {
            "id": "61563812093380",
            "count": 14
        },
        {
            "id": "61561675833300",
            "count": 4
        },
        {
            "id": "100038740121428",
            "count": 8
        },
        {
            "id": "61563510337368",
            "count": 178
        },
        {
            "id": "61563517658089",
            "count": 2
        },
        {
            "id": "100067508386723",
            "count": 364
        },
        {
            "id": "100055304494389",
            "count": 20
        },
        {
            "id": "61563269338729",
            "count": 4
        },
        {
            "id": "61562161232125",
            "count": 12
        }
    ],
    "week": [
        {
            "id": "61563525873105",
            "count": 0
        },
        {
            "id": "61556666968083",
            "count": 474
        },
        {
            "id": "61553578030636",
            "count": 140
        },
        {
            "id": "100020460654779",
            "count": 102
        },
        {
            "id": "100069040786247",
            "count": 76
        },
        {
            "id": "61563450811249",
            "count": 0
        },
        {
            "id": "100089281770842",
            "count": 254
        },
        {
            "id": "61556143539950",
            "count": 108
        },
        {
            "id": "61555809030974",
            "count": 392
        },
        {
            "id": "100090683697195",
            "count": 76
        },
        {
            "id": "100009801367183",
            "count": 10
        },
        {
            "id": "100085073240621",
            "count": 62
        },
        {
            "id": "61559623027604",
            "count": 174
        },
        {
            "id": "61550962658401",
            "count": 14
        },
        {
            "id": "61559754214226",
            "count": 0
        },
        {
            "id": "100074391678353",
            "count": 130
        },
        {
            "id": "100000264111892",
            "count": 48
        },
        {
            "id": "61557296496895",
            "count": 0
        },
        {
            "id": "61561394434734",
            "count": 0
        },
        {
            "id": "61552707897116",
            "count": 96
        },
        {
            "id": "100083244550129",
            "count": 82
        },
        {
            "id": "100084035917282",
            "count": 2
        },
        {
            "id": "61562870807559",
            "count": 52
        },
        {
            "id": "61562621512622",
            "count": 554
        },
        {
            "id": "100036283453277",
            "count": 42
        },
        {
            "id": "100083380484024",
            "count": 0
        },
        {
            "id": "100049369011789",
            "count": 2
        },
        {
            "id": "100000493975005",
            "count": 2
        },
        {
            "id": "61551763396420",
            "count": 520
        },
        {
            "id": "61562424532209",
            "count": 260
        },
        {
            "id": "1074491699",
            "count": 178
        },
        {
            "id": "100056312237120",
            "count": 44
        },
        {
            "id": "61561744915052",
            "count": 6
        },
        {
            "id": "100092385361543",
            "count": 0
        },
        {
            "id": "100041795028611",
            "count": 14
        },
        {
            "id": "61563388325595",
            "count": 0
        },
        {
            "id": "61560179044114",
            "count": 174
        },
        {
            "id": "61562501226870",
            "count": 4
        },
        {
            "id": "100000975916829",
            "count": 8
        },
        {
            "id": "100084412983532",
            "count": 2
        },
        {
            "id": "100094338505878",
            "count": 66
        },
        {
            "id": "61563812093380",
            "count": 14
        },
        {
            "id": "61561675833300",
            "count": 4
        },
        {
            "id": "100038740121428",
            "count": 8
        },
        {
            "id": "61563510337368",
            "count": 178
        },
        {
            "id": "61563517658089",
            "count": 2
        },
        {
            "id": "100067508386723",
            "count": 364
        },
        {
            "id": "100055304494389",
            "count": 20
        },
        {
            "id": "61563269338729",
            "count": 4
        },
        {
            "id": "61562161232125",
            "count": 12
        }
    ],
    "day": [
        {
            "id": "61563525873105",
            "count": 0
        },
        {
            "id": "61556666968083",
            "count": 68
        },
        {
            "id": "61553578030636",
            "count": 20
        },
        {
            "id": "100020460654779",
            "count": 4
        },
        {
            "id": "100069040786247",
            "count": 0
        },
        {
            "id": "61563450811249",
            "count": 0
        },
        {
            "id": "100089281770842",
            "count": 248
        },
        {
            "id": "61556143539950",
            "count": 0
        },
        {
            "id": "61555809030974",
            "count": 112
        },
        {
            "id": "100090683697195",
            "count": 12
        },
        {
            "id": "100009801367183",
            "count": 20
        },
        {
            "id": "100085073240621",
            "count": 0
        },
        {
            "id": "61559623027604",
            "count": 0
        },
        {
            "id": "61550962658401",
            "count": 0
        },
        {
            "id": "61559754214226",
            "count": 0
        },
        {
            "id": "100074391678353",
            "count": 84
        },
        {
            "id": "100000264111892",
            "count": 20
        },
        {
            "id": "61557296496895",
            "count": 0
        },
        {
            "id": "61561394434734",
            "count": 0
        },
        {
            "id": "61552707897116",
            "count": 0
        },
        {
            "id": "100083244550129",
            "count": 0
        },
        {
            "id": "100084035917282",
            "count": 0
        },
        {
            "id": "61562870807559",
            "count": 0
        },
        {
            "id": "61562621512622",
            "count": 296
        },
        {
            "id": "100036283453277",
            "count": 0
        },
        {
            "id": "100083380484024",
            "count": 0
        },
        {
            "id": "100049369011789",
            "count": 0
        },
        {
            "id": "100000493975005",
            "count": 0
        },
        {
            "id": "61551763396420",
            "count": 96
        },
        {
            "id": "61562424532209",
            "count": 56
        },
        {
            "id": "1074491699",
            "count": 4
        },
        {
            "id": "100056312237120",
            "count": 0
        },
        {
            "id": "61561744915052",
            "count": 0
        },
        {
            "id": "100092385361543",
            "count": 0
        },
        {
            "id": "100041795028611",
            "count": 0
        },
        {
            "id": "61563388325595",
            "count": 0
        },
        {
            "id": "61560179044114",
            "count": 0
        },
        {
            "id": "61562501226870",
            "count": 0
        },
        {
            "id": "100000975916829",
            "count": 0
        },
        {
            "id": "100084412983532",
            "count": 0
        },
        {
            "id": "100094338505878",
            "count": 0
        },
        {
            "id": "61563812093380",
            "count": 0
        },
        {
            "id": "61561675833300",
            "count": 0
        },
        {
            "id": "100038740121428",
            "count": 0
        },
        {
            "id": "61563510337368",
            "count": 0
        },
        {
            "id": "61563517658089",
            "count": 0
        },
        {
            "id": "100067508386723",
            "count": 396
        },
        {
            "id": "100055304494389",
            "count": 0
        },
        {
            "id": "61563269338729",
            "count": 0
        },
        {
            "id": "61562161232125",
            "count": 12
        }
    ],
    "time": 6,
    "last": {
        "time": 4,
        "day": [],
        "week": []
    }
}