{
    "total": [
        {
            "id": "100086415765506",
            "count": 394
        },
        {
            "id": "61555809030974",
            "count": 3783
        },
        {
            "id": "61557545543030",
            "count": 517
        },
        {
            "id": "100082668132301",
            "count": 124
        },
        {
            "id": "100060566464738",
            "count": 350
        },
        {
            "id": "100048286966787",
            "count": 103
        },
        {
            "id": "61559298737218",
            "count": 69
        },
        {
            "id": "100000172545955",
            "count": 119
        },
        {
            "id": "100000494001912",
            "count": 1925
        },
        {
            "id": "1228817010",
            "count": 5
        },
        {
            "id": "100079557714787",
            "count": 78
        },
        {
            "id": "100059454822702",
            "count": 677
        },
        {
            "id": "61558646297970",
            "count": 1
        },
        {
            "id": "100078826416570",
            "count": 1
        },
        {
            "id": "61554463547147",
            "count": 101
        },
        {
            "id": "61560448588541",
            "count": 40
        }
    ],
    "week": [
        {
            "id": "100086415765506",
            "count": 0
        },
        {
            "id": "61555809030974",
            "count": 30
        },
        {
            "id": "61557545543030",
            "count": 14
        },
        {
            "id": "100082668132301",
            "count": 0
        },
        {
            "id": "100060566464738",
            "count": 24
        },
        {
            "id": "100048286966787",
            "count": 15
        },
        {
            "id": "61559298737218",
            "count": 0
        },
        {
            "id": "100000172545955",
            "count": 0
        },
        {
            "id": "100000494001912",
            "count": 0
        },
        {
            "id": "1228817010",
            "count": 0
        },
        {
            "id": "100079557714787",
            "count": 0
        },
        {
            "id": "100059454822702",
            "count": 28
        },
        {
            "id": "61558646297970",
            "count": 0
        },
        {
            "id": "100078826416570",
            "count": 0
        },
        {
            "id": "61554463547147",
            "count": 10
        },
        {
            "id": "61560448588541",
            "count": 0
        }
    ],
    "day": [
        {
            "id": "100086415765506",
            "count": 0
        },
        {
            "id": "61555809030974",
            "count": 29
        },
        {
            "id": "61557545543030",
            "count": 2
        },
        {
            "id": "100082668132301",
            "count": 0
        },
        {
            "id": "100060566464738",
            "count": 21
        },
        {
            "id": "100048286966787",
            "count": 14
        },
        {
            "id": "61559298737218",
            "count": 0
        },
        {
            "id": "100000172545955",
            "count": 0
        },
        {
            "id": "100000494001912",
            "count": 0
        },
        {
            "id": "1228817010",
            "count": 0
        },
        {
            "id": "100079557714787",
            "count": 0
        },
        {
            "id": "100059454822702",
            "count": 21
        },
        {
            "id": "61558646297970",
            "count": 0
        },
        {
            "id": "100078826416570",
            "count": 0
        },
        {
            "id": "61554463547147",
            "count": 0
        },
        {
            "id": "61560448588541",
            "count": 0
        }
    ],
    "time": 6,
    "last": {
        "time": 2,
        "day": [],
        "week": []
    }
}