{
    "total": [
        {
            "id": "100085107376831",
            "count": 9
        },
        {
            "id": "100019620472571",
            "count": 3
        },
        {
            "id": "100052535304111",
            "count": 2
        },
        {
            "id": "100087216334241",
            "count": 4
        },
        {
            "id": "61555809030974",
            "count": 20
        },
        {
            "id": "100066178113482",
            "count": 6
        },
        {
            "id": "100075784943859",
            "count": 22
        },
        {
            "id": "100083172177627",
            "count": 2
        }
    ],
    "week": [
        {
            "id": "100085107376831",
            "count": 9
        },
        {
            "id": "100019620472571",
            "count": 3
        },
        {
            "id": "100052535304111",
            "count": 2
        },
        {
            "id": "100087216334241",
            "count": 4
        },
        {
            "id": "61555809030974",
            "count": 20
        },
        {
            "id": "100066178113482",
            "count": 6
        },
        {
            "id": "100075784943859",
            "count": 22
        },
        {
            "id": "100083172177627",
            "count": 2
        }
    ],
    "day": [
        {
            "id": "100085107376831",
            "count": 4
        },
        {
            "id": "100019620472571",
            "count": 0
        },
        {
            "id": "100052535304111",
            "count": 0
        },
        {
            "id": "100087216334241",
            "count": 1
        },
        {
            "id": "61555809030974",
            "count": 4
        },
        {
            "id": "100066178113482",
            "count": 2
        },
        {
            "id": "100075784943859",
            "count": 6
        },
        {
            "id": "100083172177627",
            "count": 2
        }
    ],
    "time": 6,
    "last": {
        "time": 5,
        "day": [],
        "week": []
    }
}