{
    "total": [
        {
            "id": "61555809030974",
            "count": 554
        },
        {
            "id": "61557545543030",
            "count": 476
        },
        {
            "id": "100085515350448",
            "count": 403
        },
        {
            "id": "100078930363394",
            "count": 1063
        },
        {
            "id": "100066030937133",
            "count": 121
        },
        {
            "id": "509484270",
            "count": 227
        },
        {
            "id": "61554620715942",
            "count": 41
        },
        {
            "id": "61559141435743",
            "count": 53
        },
        {
            "id": "100000493975005",
            "count": 2
        },
        {
            "id": "100081782981888",
            "count": 4
        },
        {
            "id": "100082341605370",
            "count": 855
        },
        {
            "id": "61550594796020",
            "count": 126
        },
        {
            "id": "100037115165816",
            "count": 235
        },
        {
            "id": "100081773692970",
            "count": 311
        },
        {
            "id": "100081801376387",
            "count": 73
        },
        {
            "id": "100040226011668",
            "count": 54
        },
        {
            "id": "100074867528384",
            "count": 24
        },
        {
            "id": "61553605190038",
            "count": 9
        },
        {
            "id": "61559321576135",
            "count": 8
        },
        {
            "id": "100072191102822",
            "count": 57
        },
        {
            "id": "100089441630711",
            "count": 94
        },
        {
            "id": "100000661272401",
            "count": 36
        },
        {
            "id": "100083174347639",
            "count": 28
        },
        {
            "id": "100035731083424",
            "count": 5
        },
        {
            "id": "100016695791997",
            "count": 192
        },
        {
            "id": "100048286966787",
            "count": 38
        },
        {
            "id": "61559903816343",
            "count": 223
        },
        {
            "id": "61559298737218",
            "count": 36
        },
        {
            "id": "100009713618289",
            "count": 12
        },
        {
            "id": "100094672380026",
            "count": 13
        },
        {
            "id": "100087565265179",
            "count": 24
        },
        {
            "id": "61559812227985",
            "count": 16
        },
        {
            "id": "100073420669646",
            "count": 120
        },
        {
            "id": "61561592859926",
            "count": 8
        },
        {
            "id": "100055154154050",
            "count": 9
        },
        {
            "id": "100086415765506",
            "count": 1
        },
        {
            "id": "100075784943859",
            "count": 41
        },
        {
            "id": "100090652847542",
            "count": 17
        },
        {
            "id": "100046120063945",
            "count": 2
        },
        {
            "id": "61560109621824",
            "count": 3
        },
        {
            "id": "61561482763717",
            "count": 69
        },
        {
            "id": "100037780020873",
            "count": 102
        },
        {
            "id": "100075885595966",
            "count": 6
        },
        {
            "id": "61561922833842",
            "count": 27
        },
        {
            "id": "100038740121428",
            "count": 4
        },
        {
            "id": "100086534678860",
            "count": 2
        },
        {
            "id": "100082166588573",
            "count": 1
        },
        {
            "id": "61559786888753",
            "count": 62
        },
        {
            "id": "61562329439850",
            "count": 6
        },
        {
            "id": "100055943906136",
            "count": 2
        },
        {
            "id": "100035421814099",
            "count": 2
        }
    ],
    "week": [
        {
            "id": "61555809030974",
            "count": 2
        },
        {
            "id": "61557545543030",
            "count": 5
        },
        {
            "id": "100085515350448",
            "count": 0
        },
        {
            "id": "100078930363394",
            "count": 14
        },
        {
            "id": "100066030937133",
            "count": 0
        },
        {
            "id": "509484270",
            "count": 5
        },
        {
            "id": "61554620715942",
            "count": 0
        },
        {
            "id": "61559141435743",
            "count": 0
        },
        {
            "id": "100000493975005",
            "count": 0
        },
        {
            "id": "100081782981888",
            "count": 0
        },
        {
            "id": "100082341605370",
            "count": 0
        },
        {
            "id": "61550594796020",
            "count": 56
        },
        {
            "id": "100037115165816",
            "count": 0
        },
        {
            "id": "100081773692970",
            "count": 1
        },
        {
            "id": "100081801376387",
            "count": 0
        },
        {
            "id": "100040226011668",
            "count": 0
        },
        {
            "id": "100074867528384",
            "count": 0
        },
        {
            "id": "61553605190038",
            "count": 0
        },
        {
            "id": "61559321576135",
            "count": 0
        },
        {
            "id": "100072191102822",
            "count": 0
        },
        {
            "id": "100089441630711",
            "count": 36
        },
        {
            "id": "100000661272401",
            "count": 0
        },
        {
            "id": "100083174347639",
            "count": 0
        },
        {
            "id": "100035731083424",
            "count": 0
        },
        {
            "id": "100016695791997",
            "count": 1
        },
        {
            "id": "100048286966787",
            "count": 0
        },
        {
            "id": "61559903816343",
            "count": 0
        },
        {
            "id": "61559298737218",
            "count": 0
        },
        {
            "id": "100009713618289",
            "count": 0
        },
        {
            "id": "100094672380026",
            "count": 0
        },
        {
            "id": "100087565265179",
            "count": 0
        },
        {
            "id": "61559812227985",
            "count": 0
        },
        {
            "id": "100073420669646",
            "count": 1
        },
        {
            "id": "61561592859926",
            "count": 0
        },
        {
            "id": "100055154154050",
            "count": 0
        },
        {
            "id": "100086415765506",
            "count": 0
        },
        {
            "id": "100075784943859",
            "count": 6
        },
        {
            "id": "100090652847542",
            "count": 0
        },
        {
            "id": "100046120063945",
            "count": 0
        },
        {
            "id": "61560109621824",
            "count": 0
        },
        {
            "id": "61561482763717",
            "count": 0
        },
        {
            "id": "100037780020873",
            "count": 0
        },
        {
            "id": "100075885595966",
            "count": 0
        },
        {
            "id": "61561922833842",
            "count": 0
        },
        {
            "id": "100038740121428",
            "count": 0
        },
        {
            "id": "100086534678860",
            "count": 0
        },
        {
            "id": "100082166588573",
            "count": 0
        },
        {
            "id": "61559786888753",
            "count": 54
        },
        {
            "id": "61562329439850",
            "count": 0
        },
        {
            "id": "100055943906136",
            "count": 0
        },
        {
            "id": "100035421814099",
            "count": 2
        }
    ],
    "day": [
        {
            "id": "61555809030974",
            "count": 0
        },
        {
            "id": "61557545543030",
            "count": 0
        },
        {
            "id": "100085515350448",
            "count": 0
        },
        {
            "id": "100078930363394",
            "count": 0
        },
        {
            "id": "100066030937133",
            "count": 0
        },
        {
            "id": "509484270",
            "count": 0
        },
        {
            "id": "61554620715942",
            "count": 0
        },
        {
            "id": "61559141435743",
            "count": 0
        },
        {
            "id": "100000493975005",
            "count": 0
        },
        {
            "id": "100081782981888",
            "count": 0
        },
        {
            "id": "100082341605370",
            "count": 0
        },
        {
            "id": "61550594796020",
            "count": 0
        },
        {
            "id": "100037115165816",
            "count": 0
        },
        {
            "id": "100081773692970",
            "count": 0
        },
        {
            "id": "100081801376387",
            "count": 0
        },
        {
            "id": "100040226011668",
            "count": 0
        },
        {
            "id": "100074867528384",
            "count": 0
        },
        {
            "id": "61553605190038",
            "count": 0
        },
        {
            "id": "61559321576135",
            "count": 0
        },
        {
            "id": "100072191102822",
            "count": 0
        },
        {
            "id": "100089441630711",
            "count": 0
        },
        {
            "id": "100000661272401",
            "count": 0
        },
        {
            "id": "100083174347639",
            "count": 0
        },
        {
            "id": "100035731083424",
            "count": 0
        },
        {
            "id": "100016695791997",
            "count": 0
        },
        {
            "id": "100048286966787",
            "count": 0
        },
        {
            "id": "61559903816343",
            "count": 0
        },
        {
            "id": "61559298737218",
            "count": 0
        },
        {
            "id": "100009713618289",
            "count": 0
        },
        {
            "id": "100094672380026",
            "count": 0
        },
        {
            "id": "100087565265179",
            "count": 0
        },
        {
            "id": "61559812227985",
            "count": 0
        },
        {
            "id": "100073420669646",
            "count": 1
        },
        {
            "id": "61561592859926",
            "count": 0
        },
        {
            "id": "100055154154050",
            "count": 0
        },
        {
            "id": "100086415765506",
            "count": 0
        },
        {
            "id": "100075784943859",
            "count": 0
        },
        {
            "id": "100090652847542",
            "count": 0
        },
        {
            "id": "100046120063945",
            "count": 0
        },
        {
            "id": "61560109621824",
            "count": 0
        },
        {
            "id": "61561482763717",
            "count": 0
        },
        {
            "id": "100037780020873",
            "count": 0
        },
        {
            "id": "100075885595966",
            "count": 0
        },
        {
            "id": "61561922833842",
            "count": 0
        },
        {
            "id": "100038740121428",
            "count": 0
        },
        {
            "id": "100086534678860",
            "count": 0
        },
        {
            "id": "100082166588573",
            "count": 0
        },
        {
            "id": "61559786888753",
            "count": 0
        },
        {
            "id": "61562329439850",
            "count": 0
        },
        {
            "id": "100055943906136",
            "count": 0
        },
        {
            "id": "100035421814099",
            "count": 0
        }
    ],
    "time": 2,
    "last": {
        "time": 2,
        "day": [],
        "week": []
    }
}