{
    "total": [
        {
            "id": "61557545543030",
            "count": 14
        },
        {
            "id": "61555809030974",
            "count": 8
        },
        {
            "id": "100016695791997",
            "count": 3
        }
    ],
    "week": [
        {
            "id": "61557545543030",
            "count": 14
        },
        {
            "id": "61555809030974",
            "count": 8
        },
        {
            "id": "100016695791997",
            "count": 3
        }
    ],
    "day": [
        {
            "id": "61557545543030",
            "count": 14
        },
        {
            "id": "61555809030974",
            "count": 8
        },
        {
            "id": "100016695791997",
            "count": 3
        }
    ],
    "time": 4,
    "last": {
        "time": 4,
        "day": [],
        "week": []
    }
}