{
    "total": [
        {
            "id": "61563525873105",
            "count": 247
        },
        {
            "id": "100078311355582",
            "count": 1896
        },
        {
            "id": "61562101778546",
            "count": 30
        },
        {
            "id": "100090522349794",
            "count": 649
        },
        {
            "id": "100068827464032",
            "count": 100
        },
        {
            "id": "100000542968113",
            "count": 12
        },
        {
            "id": "100071702395165",
            "count": 515
        },
        {
            "id": "100084939729659",
            "count": 40
        },
        {
            "id": "61557917155196",
            "count": 146
        },
        {
            "id": "100073477420798",
            "count": 844
        },
        {
            "id": "61550744706333",
            "count": 22
        },
        {
            "id": "100074516955063",
            "count": 56
        },
        {
            "id": "100089677565193",
            "count": 30
        },
        {
            "id": "61551779697815",
            "count": 40
        },
        {
            "id": "100085224601992",
            "count": 124
        },
        {
            "id": "100059617956452",
            "count": 80
        },
        {
            "id": "100078034144785",
            "count": 46
        },
        {
            "id": "61558663616344",
            "count": 66
        },
        {
            "id": "61559046047021",
            "count": 24
        },
        {
            "id": "100075189640484",
            "count": 4
        },
        {
            "id": "100094588571282",
            "count": 568
        },
        {
            "id": "61563052754782",
            "count": 76
        },
        {
            "id": "100093148310441",
            "count": 98
        },
        {
            "id": "100086282786152",
            "count": 24
        },
        {
            "id": "100090693187647",
            "count": 12
        },
        {
            "id": "100085067280628",
            "count": 4
        },
        {
            "id": "100064594584992",
            "count": 68
        },
        {
            "id": "100080314577077",
            "count": 28
        },
        {
            "id": "100089467699652",
            "count": 94
        },
        {
            "id": "100085238478325",
            "count": 158
        },
        {
            "id": "100063692835907",
            "count": 32
        },
        {
            "id": "61557563115020",
            "count": 70
        },
        {
            "id": "61552014533043",
            "count": 2
        },
        {
            "id": "100013870894371",
            "count": 10
        },
        {
            "id": "61562059073967",
            "count": 18
        },
        {
            "id": "100093904026466",
            "count": 42
        },
        {
            "id": "100075462280308",
            "count": 16
        },
        {
            "id": "100053837509712",
            "count": 2
        },
        {
            "id": "100053084192505",
            "count": 4
        }
    ],
    "week": [
        {
            "id": "61563525873105",
            "count": 247
        },
        {
            "id": "100078311355582",
            "count": 1896
        },
        {
            "id": "61562101778546",
            "count": 30
        },
        {
            "id": "100090522349794",
            "count": 649
        },
        {
            "id": "100068827464032",
            "count": 100
        },
        {
            "id": "100000542968113",
            "count": 12
        },
        {
            "id": "100071702395165",
            "count": 515
        },
        {
            "id": "100084939729659",
            "count": 40
        },
        {
            "id": "61557917155196",
            "count": 146
        },
        {
            "id": "100073477420798",
            "count": 844
        },
        {
            "id": "61550744706333",
            "count": 22
        },
        {
            "id": "100074516955063",
            "count": 56
        },
        {
            "id": "100089677565193",
            "count": 30
        },
        {
            "id": "61551779697815",
            "count": 40
        },
        {
            "id": "100085224601992",
            "count": 124
        },
        {
            "id": "100059617956452",
            "count": 80
        },
        {
            "id": "100078034144785",
            "count": 46
        },
        {
            "id": "61558663616344",
            "count": 66
        },
        {
            "id": "61559046047021",
            "count": 24
        },
        {
            "id": "100075189640484",
            "count": 4
        },
        {
            "id": "100094588571282",
            "count": 568
        },
        {
            "id": "61563052754782",
            "count": 76
        },
        {
            "id": "100093148310441",
            "count": 98
        },
        {
            "id": "100086282786152",
            "count": 24
        },
        {
            "id": "100090693187647",
            "count": 12
        },
        {
            "id": "100085067280628",
            "count": 4
        },
        {
            "id": "100064594584992",
            "count": 68
        },
        {
            "id": "100080314577077",
            "count": 28
        },
        {
            "id": "100089467699652",
            "count": 94
        },
        {
            "id": "100085238478325",
            "count": 158
        },
        {
            "id": "100063692835907",
            "count": 32
        },
        {
            "id": "61557563115020",
            "count": 70
        },
        {
            "id": "61552014533043",
            "count": 2
        },
        {
            "id": "100013870894371",
            "count": 10
        },
        {
            "id": "61562059073967",
            "count": 18
        },
        {
            "id": "100093904026466",
            "count": 42
        },
        {
            "id": "100075462280308",
            "count": 16
        },
        {
            "id": "100053837509712",
            "count": 2
        },
        {
            "id": "100053084192505",
            "count": 4
        }
    ],
    "day": [
        {
            "id": "61563525873105",
            "count": 0
        },
        {
            "id": "100078311355582",
            "count": 0
        },
        {
            "id": "61562101778546",
            "count": 0
        },
        {
            "id": "100090522349794",
            "count": 6
        },
        {
            "id": "100068827464032",
            "count": 0
        },
        {
            "id": "100000542968113",
            "count": 0
        },
        {
            "id": "100071702395165",
            "count": 0
        },
        {
            "id": "100084939729659",
            "count": 0
        },
        {
            "id": "61557917155196",
            "count": 0
        },
        {
            "id": "100073477420798",
            "count": 0
        },
        {
            "id": "61550744706333",
            "count": 0
        },
        {
            "id": "100074516955063",
            "count": 0
        },
        {
            "id": "100089677565193",
            "count": 0
        },
        {
            "id": "61551779697815",
            "count": 0
        },
        {
            "id": "100085224601992",
            "count": 0
        },
        {
            "id": "100059617956452",
            "count": 0
        },
        {
            "id": "100078034144785",
            "count": 0
        },
        {
            "id": "61558663616344",
            "count": 0
        },
        {
            "id": "61559046047021",
            "count": 0
        },
        {
            "id": "100075189640484",
            "count": 0
        },
        {
            "id": "100094588571282",
            "count": 0
        },
        {
            "id": "61563052754782",
            "count": 0
        },
        {
            "id": "100093148310441",
            "count": 0
        },
        {
            "id": "100086282786152",
            "count": 0
        },
        {
            "id": "100090693187647",
            "count": 0
        },
        {
            "id": "100085067280628",
            "count": 0
        },
        {
            "id": "100064594584992",
            "count": 0
        },
        {
            "id": "100080314577077",
            "count": 0
        },
        {
            "id": "100089467699652",
            "count": 0
        },
        {
            "id": "100085238478325",
            "count": 2
        },
        {
            "id": "100063692835907",
            "count": 0
        },
        {
            "id": "61557563115020",
            "count": 0
        },
        {
            "id": "61552014533043",
            "count": 0
        },
        {
            "id": "100013870894371",
            "count": 0
        },
        {
            "id": "61562059073967",
            "count": 0
        },
        {
            "id": "100093904026466",
            "count": 0
        },
        {
            "id": "100075462280308",
            "count": 0
        },
        {
            "id": "100053837509712",
            "count": 0
        },
        {
            "id": "100053084192505",
            "count": 0
        }
    ],
    "time": 5,
    "last": {
        "time": 3,
        "day": [],
        "week": []
    }
}