{
    "total": [
        {
            "id": "593577006",
            "count": 13
        },
        {
            "id": "100007336231586",
            "count": 1
        },
        {
            "id": "100059454822702",
            "count": 62
        },
        {
            "id": "100060566464738",
            "count": 1
        },
        {
            "id": "100087762024208",
            "count": 26
        },
        {
            "id": "1585917695",
            "count": 35
        },
        {
            "id": "100001917453768",
            "count": 34
        },
        {
            "id": "100003616298920",
            "count": 18
        },
        {
            "id": "100079557714787",
            "count": 30
        },
        {
            "id": "100007117144532",
            "count": 3
        },
        {
            "id": "100001650842736",
            "count": 4
        },
        {
            "id": "100005615199550",
            "count": 1
        },
        {
            "id": "100070815402204",
            "count": 1
        },
        {
            "id": "100000214497723",
            "count": 2
        }
    ],
    "week": [
        {
            "id": "593577006",
            "count": 11
        },
        {
            "id": "100007336231586",
            "count": 0
        },
        {
            "id": "100059454822702",
            "count": 60
        },
        {
            "id": "100060566464738",
            "count": 0
        },
        {
            "id": "100087762024208",
            "count": 24
        },
        {
            "id": "1585917695",
            "count": 33
        },
        {
            "id": "100001917453768",
            "count": 33
        },
        {
            "id": "100003616298920",
            "count": 18
        },
        {
            "id": "100079557714787",
            "count": 30
        },
        {
            "id": "100007117144532",
            "count": 3
        },
        {
            "id": "100001650842736",
            "count": 4
        },
        {
            "id": "100005615199550",
            "count": 1
        },
        {
            "id": "100070815402204",
            "count": 1
        },
        {
            "id": "100000214497723",
            "count": 2
        }
    ],
    "day": [
        {
            "id": "593577006",
            "count": 7
        },
        {
            "id": "100007336231586",
            "count": 0
        },
        {
            "id": "100059454822702",
            "count": 8
        },
        {
            "id": "100060566464738",
            "count": 0
        },
        {
            "id": "100087762024208",
            "count": 11
        },
        {
            "id": "1585917695",
            "count": 0
        },
        {
            "id": "100001917453768",
            "count": 0
        },
        {
            "id": "100003616298920",
            "count": 0
        },
        {
            "id": "100079557714787",
            "count": 0
        },
        {
            "id": "100007117144532",
            "count": 3
        },
        {
            "id": "100001650842736",
            "count": 4
        },
        {
            "id": "100005615199550",
            "count": 1
        },
        {
            "id": "100070815402204",
            "count": 1
        },
        {
            "id": "100000214497723",
            "count": 2
        }
    ],
    "time": 5,
    "last": {
        "time": 4,
        "day": [],
        "week": []
    }
}