{
    "total": [
        {
            "id": "100090051752665",
            "count": 1
        },
        {
            "id": "61554861599878",
            "count": 1
        },
        {
            "id": "100076733164600",
            "count": 1
        }
    ],
    "week": [
        {
            "id": "100090051752665",
            "count": 1
        },
        {
            "id": "61554861599878",
            "count": 1
        },
        {
            "id": "100076733164600",
            "count": 1
        }
    ],
    "day": [
        {
            "id": "100090051752665",
            "count": 0
        },
        {
            "id": "61554861599878",
            "count": 0
        },
        {
            "id": "100076733164600",
            "count": 1
        }
    ],
    "time": 6,
    "last": {
        "time": 5,
        "day": [],
        "week": []
    }
}