{
    "total": [
        {
            "id": "100076733164600",
            "count": 1
        },
        {
            "id": "100042479610252",
            "count": 1
        },
        {
            "id": "100011016638159",
            "count": 2
        },
        {
            "id": "100047448616749",
            "count": 1
        }
    ],
    "week": [
        {
            "id": "100076733164600",
            "count": 1
        },
        {
            "id": "100042479610252",
            "count": 1
        },
        {
            "id": "100011016638159",
            "count": 2
        },
        {
            "id": "100047448616749",
            "count": 1
        }
    ],
    "day": [
        {
            "id": "100076733164600",
            "count": 0
        },
        {
            "id": "100042479610252",
            "count": 0
        },
        {
            "id": "100011016638159",
            "count": 0
        },
        {
            "id": "100047448616749",
            "count": 1
        }
    ],
    "time": 5,
    "last": {
        "time": 4,
        "day": [],
        "week": []
    }
}