{
    "total": [
        {
            "id": "100005615199550",
            "count": 7
        },
        {
            "id": "100059454822702",
            "count": 12
        },
        {
            "id": "100087396021366",
            "count": 44
        },
        {
            "id": "100034567155853",
            "count": 5
        },
        {
            "id": "100063609813713",
            "count": 11
        },
        {
            "id": "100026916166055",
            "count": 3
        },
        {
            "id": "100004457521239",
            "count": 17
        },
        {
            "id": "100080883447467",
            "count": 22
        },
        {
            "id": "100077036486224",
            "count": 43
        },
        {
            "id": "100058637335861",
            "count": 2
        },
        {
            "id": "100057524762622",
            "count": 274
        },
        {
            "id": "100012954368182",
            "count": 1
        },
        {
            "id": "100075923487610",
            "count": 23
        },
        {
            "id": "100074217686937",
            "count": 6
        },
        {
            "id": "100084526553614",
            "count": 47
        },
        {
            "id": "100026615230520",
            "count": 3
        },
        {
            "id": "100028580466632",
            "count": 11
        },
        {
            "id": "61562677157577",
            "count": 69
        },
        {
            "id": "100009045266334",
            "count": 29
        },
        {
            "id": "100021762582866",
            "count": 1
        },
        {
            "id": "100044136973652",
            "count": 8
        },
        {
            "id": "100026834051989",
            "count": 44
        },
        {
            "id": "100080759211177",
            "count": 1
        },
        {
            "id": "61560665607831",
            "count": 63
        },
        {
            "id": "100094779451148",
            "count": 5
        },
        {
            "id": "100076463149606",
            "count": 4
        },
        {
            "id": "100050705026309",
            "count": 1
        },
        {
            "id": "100033979671027",
            "count": 10
        },
        {
            "id": "100051066199764",
            "count": 21
        },
        {
            "id": "100018855684335",
            "count": 49
        },
        {
            "id": "61562687386899",
            "count": 12
        },
        {
            "id": "100000180546782",
            "count": 28
        },
        {
            "id": "100053872532271",
            "count": 2
        },
        {
            "id": "100043960817195",
            "count": 8
        },
        {
            "id": "61560965591846",
            "count": 2
        },
        {
            "id": "61551190893196",
            "count": 24
        },
        {
            "id": "100093421585077",
            "count": 9
        }
    ],
    "week": [
        {
            "id": "100005615199550",
            "count": 0
        },
        {
            "id": "100059454822702",
            "count": 1
        },
        {
            "id": "100087396021366",
            "count": 41
        },
        {
            "id": "100034567155853",
            "count": 0
        },
        {
            "id": "100063609813713",
            "count": 9
        },
        {
            "id": "100026916166055",
            "count": 0
        },
        {
            "id": "100004457521239",
            "count": 0
        },
        {
            "id": "100080883447467",
            "count": 18
        },
        {
            "id": "100077036486224",
            "count": 1
        },
        {
            "id": "100058637335861",
            "count": 0
        },
        {
            "id": "100057524762622",
            "count": 155
        },
        {
            "id": "100012954368182",
            "count": 0
        },
        {
            "id": "100075923487610",
            "count": 8
        },
        {
            "id": "100074217686937",
            "count": 0
        },
        {
            "id": "100084526553614",
            "count": 14
        },
        {
            "id": "100026615230520",
            "count": 2
        },
        {
            "id": "100028580466632",
            "count": 0
        },
        {
            "id": "61562677157577",
            "count": 3
        },
        {
            "id": "100009045266334",
            "count": 0
        },
        {
            "id": "100021762582866",
            "count": 0
        },
        {
            "id": "100044136973652",
            "count": 0
        },
        {
            "id": "100026834051989",
            "count": 0
        },
        {
            "id": "100080759211177",
            "count": 0
        },
        {
            "id": "61560665607831",
            "count": 0
        },
        {
            "id": "100094779451148",
            "count": 0
        },
        {
            "id": "100076463149606",
            "count": 0
        },
        {
            "id": "100050705026309",
            "count": 0
        },
        {
            "id": "100033979671027",
            "count": 0
        },
        {
            "id": "100051066199764",
            "count": 0
        },
        {
            "id": "100018855684335",
            "count": 48
        },
        {
            "id": "61562687386899",
            "count": 6
        },
        {
            "id": "100000180546782",
            "count": 13
        },
        {
            "id": "100053872532271",
            "count": 0
        },
        {
            "id": "100043960817195",
            "count": 5
        },
        {
            "id": "61560965591846",
            "count": 1
        },
        {
            "id": "61551190893196",
            "count": 16
        },
        {
            "id": "100093421585077",
            "count": 9
        }
    ],
    "day": [
        {
            "id": "100005615199550",
            "count": 0
        },
        {
            "id": "100059454822702",
            "count": 1
        },
        {
            "id": "100087396021366",
            "count": 41
        },
        {
            "id": "100034567155853",
            "count": 0
        },
        {
            "id": "100063609813713",
            "count": 9
        },
        {
            "id": "100026916166055",
            "count": 0
        },
        {
            "id": "100004457521239",
            "count": 0
        },
        {
            "id": "100080883447467",
            "count": 18
        },
        {
            "id": "100077036486224",
            "count": 1
        },
        {
            "id": "100058637335861",
            "count": 0
        },
        {
            "id": "100057524762622",
            "count": 155
        },
        {
            "id": "100012954368182",
            "count": 0
        },
        {
            "id": "100075923487610",
            "count": 8
        },
        {
            "id": "100074217686937",
            "count": 0
        },
        {
            "id": "100084526553614",
            "count": 14
        },
        {
            "id": "100026615230520",
            "count": 2
        },
        {
            "id": "100028580466632",
            "count": 0
        },
        {
            "id": "61562677157577",
            "count": 3
        },
        {
            "id": "100009045266334",
            "count": 0
        },
        {
            "id": "100021762582866",
            "count": 0
        },
        {
            "id": "100044136973652",
            "count": 0
        },
        {
            "id": "100026834051989",
            "count": 0
        },
        {
            "id": "100080759211177",
            "count": 0
        },
        {
            "id": "61560665607831",
            "count": 0
        },
        {
            "id": "100094779451148",
            "count": 0
        },
        {
            "id": "100076463149606",
            "count": 0
        },
        {
            "id": "100050705026309",
            "count": 0
        },
        {
            "id": "100033979671027",
            "count": 0
        },
        {
            "id": "100051066199764",
            "count": 0
        },
        {
            "id": "100018855684335",
            "count": 48
        },
        {
            "id": "61562687386899",
            "count": 6
        },
        {
            "id": "100000180546782",
            "count": 13
        },
        {
            "id": "100053872532271",
            "count": 0
        },
        {
            "id": "100043960817195",
            "count": 5
        },
        {
            "id": "61560965591846",
            "count": 1
        },
        {
            "id": "61551190893196",
            "count": 16
        },
        {
            "id": "100093421585077",
            "count": 9
        }
    ],
    "time": 1,
    "last": {
        "time": 5,
        "day": [],
        "week": []
    }
}