{
    "total": [
        {
            "id": "61555809030974",
            "count": 5
        },
        {
            "id": "100056814352444",
            "count": 3
        },
        {
            "id": "61552307726170",
            "count": 2
        }
    ],
    "week": [
        {
            "id": "61555809030974",
            "count": 5
        },
        {
            "id": "100056814352444",
            "count": 3
        },
        {
            "id": "61552307726170",
            "count": 2
        }
    ],
    "day": [
        {
            "id": "61555809030974",
            "count": 5
        },
        {
            "id": "100056814352444",
            "count": 3
        },
        {
            "id": "61552307726170",
            "count": 2
        }
    ],
    "time": 6,
    "last": {
        "time": 6,
        "day": [],
        "week": []
    }
}