{
    "total": [
        {
            "id": "100042479610252",
            "count": 1
        },
        {
            "id": "100068096370437",
            "count": 5
        },
        {
            "id": "100089841690361",
            "count": 2
        },
        {
            "id": "100050602392426",
            "count": 1
        },
        {
            "id": "100053990016087",
            "count": 2
        },
        {
            "id": "61559605470256",
            "count": 1
        },
        {
            "id": "100045044237906",
            "count": 3
        },
        {
            "id": "61555809030974",
            "count": 4
        },
        {
            "id": "100074224563535",
            "count": 2
        }
    ],
    "week": [
        {
            "id": "100042479610252",
            "count": 1
        },
        {
            "id": "100068096370437",
            "count": 5
        },
        {
            "id": "100089841690361",
            "count": 2
        },
        {
            "id": "100050602392426",
            "count": 1
        },
        {
            "id": "100053990016087",
            "count": 2
        },
        {
            "id": "61559605470256",
            "count": 1
        },
        {
            "id": "100045044237906",
            "count": 3
        },
        {
            "id": "61555809030974",
            "count": 4
        },
        {
            "id": "100074224563535",
            "count": 2
        }
    ],
    "day": [
        {
            "id": "100042479610252",
            "count": 0
        },
        {
            "id": "100068096370437",
            "count": 1
        },
        {
            "id": "100089841690361",
            "count": 0
        },
        {
            "id": "100050602392426",
            "count": 0
        },
        {
            "id": "100053990016087",
            "count": 0
        },
        {
            "id": "61559605470256",
            "count": 0
        },
        {
            "id": "100045044237906",
            "count": 3
        },
        {
            "id": "61555809030974",
            "count": 4
        },
        {
            "id": "100074224563535",
            "count": 2
        }
    ],
    "time": 6,
    "last": {
        "time": 4,
        "day": [],
        "week": []
    }
}