{
    "total": [
        {
            "id": "61555809030974",
            "count": 19
        },
        {
            "id": "100087186802160",
            "count": 2
        },
        {
            "id": "61559979503704",
            "count": 1
        },
        {
            "id": "61561366260182",
            "count": 66
        },
        {
            "id": "61551212426688",
            "count": 6
        },
        {
            "id": "61560509825953",
            "count": 17
        },
        {
            "id": "61556583161131",
            "count": 53
        },
        {
            "id": "61555692296584",
            "count": 1
        },
        {
            "id": "100093109260605",
            "count": 6
        },
        {
            "id": "61559012705040",
            "count": 5
        }
    ],
    "week": [
        {
            "id": "61555809030974",
            "count": 5
        },
        {
            "id": "100087186802160",
            "count": 0
        },
        {
            "id": "61559979503704",
            "count": 0
        },
        {
            "id": "61561366260182",
            "count": 8
        },
        {
            "id": "61551212426688",
            "count": 0
        },
        {
            "id": "61560509825953",
            "count": 14
        },
        {
            "id": "61556583161131",
            "count": 16
        },
        {
            "id": "61555692296584",
            "count": 0
        },
        {
            "id": "100093109260605",
            "count": 1
        },
        {
            "id": "61559012705040",
            "count": 3
        }
    ],
    "day": [
        {
            "id": "61555809030974",
            "count": 0
        },
        {
            "id": "100087186802160",
            "count": 0
        },
        {
            "id": "61559979503704",
            "count": 0
        },
        {
            "id": "61561366260182",
            "count": 0
        },
        {
            "id": "61551212426688",
            "count": 0
        },
        {
            "id": "61560509825953",
            "count": 0
        },
        {
            "id": "61556583161131",
            "count": 2
        },
        {
            "id": "61555692296584",
            "count": 0
        },
        {
            "id": "100093109260605",
            "count": 1
        },
        {
            "id": "61559012705040",
            "count": 0
        }
    ],
    "time": 6,
    "last": {
        "time": 2,
        "day": [],
        "week": []
    }
}