{
    "total": [
        {
            "id": "61555809030974",
            "count": 1962
        },
        {
            "id": "100065045190324",
            "count": 126
        },
        {
            "id": "61557545543030",
            "count": 462
        },
        {
            "id": "503845790",
            "count": 111
        },
        {
            "id": "100087438951039",
            "count": 1
        },
        {
            "id": "61551763396420",
            "count": 1514
        },
        {
            "id": "100004843986565",
            "count": 192
        }
    ],
    "week": [
        {
            "id": "61555809030974",
            "count": 88
        },
        {
            "id": "100065045190324",
            "count": 0
        },
        {
            "id": "61557545543030",
            "count": 0
        },
        {
            "id": "503845790",
            "count": 0
        },
        {
            "id": "100087438951039",
            "count": 0
        },
        {
            "id": "61551763396420",
            "count": 0
        },
        {
            "id": "100004843986565",
            "count": 124
        }
    ],
    "day": [
        {
            "id": "61555809030974",
            "count": 176
        },
        {
            "id": "100065045190324",
            "count": 0
        },
        {
            "id": "61557545543030",
            "count": 0
        },
        {
            "id": "503845790",
            "count": 0
        },
        {
            "id": "100087438951039",
            "count": 0
        },
        {
            "id": "61551763396420",
            "count": 0
        },
        {
            "id": "100004843986565",
            "count": 248
        }
    ],
    "time": 1,
    "last": {
        "time": 4,
        "day": [],
        "week": []
    }
}