{
    "total": [
        {
            "id": "100073830747071",
            "count": 762
        },
        {
            "id": "100082835767655",
            "count": 217
        },
        {
            "id": "100077142337924",
            "count": 115
        },
        {
            "id": "100059038973467",
            "count": 5
        },
        {
            "id": "100043239493973",
            "count": 392
        },
        {
            "id": "100077601565284",
            "count": 2
        },
        {
            "id": "100036229774256",
            "count": 40
        },
        {
            "id": "100066270262053",
            "count": 3
        },
        {
            "id": "100084884535549",
            "count": 104
        },
        {
            "id": "100078030975377",
            "count": 25
        },
        {
            "id": "100041821860391",
            "count": 8
        },
        {
            "id": "100087660921305",
            "count": 246
        },
        {
            "id": "61557545543030",
            "count": 714
        },
        {
            "id": "61555809030974",
            "count": 287
        },
        {
            "id": "100063733969364",
            "count": 244
        },
        {
            "id": "100058382266960",
            "count": 44
        },
        {
            "id": "100077790233896",
            "count": 22
        },
        {
            "id": "100053710485497",
            "count": 1
        },
        {
            "id": "61554266460619",
            "count": 208
        },
        {
            "id": "61557561449424",
            "count": 22
        },
        {
            "id": "100090769503498",
            "count": 16
        },
        {
            "id": "100073331349984",
            "count": 9
        },
        {
            "id": "61551755043385",
            "count": 2
        },
        {
            "id": "61561614572848",
            "count": 539
        },
        {
            "id": "25107502",
            "count": 2
        },
        {
            "id": "61550850925160",
            "count": 6
        },
        {
            "id": "100003005551763",
            "count": 18
        },
        {
            "id": "100069063895525",
            "count": 3
        },
        {
            "id": "61550242275980",
            "count": 5
        },
        {
            "id": "100063423730525",
            "count": 14
        },
        {
            "id": "61560849822554",
            "count": 11
        },
        {
            "id": "100082998346219",
            "count": 5
        },
        {
            "id": "61551521144568",
            "count": 5
        },
        {
            "id": "100085597414321",
            "count": 7
        },
        {
            "id": "100085289383259",
            "count": 1
        },
        {
            "id": "100091076430773",
            "count": 6
        },
        {
            "id": "61554363459641",
            "count": 1
        },
        {
            "id": "100051689281571",
            "count": 29
        },
        {
            "id": "100090151215912",
            "count": 20
        },
        {
            "id": "100080396186906",
            "count": 3
        },
        {
            "id": "100076324753896",
            "count": 149
        },
        {
            "id": "61561171806450",
            "count": 1
        },
        {
            "id": "61557415582563",
            "count": 5
        },
        {
            "id": "100095411507171",
            "count": 2
        },
        {
            "id": "61562080563816",
            "count": 2
        },
        {
            "id": "100076854344658",
            "count": 9
        },
        {
            "id": "100069084278633",
            "count": 18
        },
        {
            "id": "100066894667660",
            "count": 1
        },
        {
            "id": "100079093226933",
            "count": 9
        },
        {
            "id": "61558471681755",
            "count": 4
        },
        {
            "id": "100064539049630",
            "count": 51
        },
        {
            "id": "61554318844363",
            "count": 29
        },
        {
            "id": "61553831844972",
            "count": 4
        },
        {
            "id": "100085197131860",
            "count": 5
        },
        {
            "id": "100075462263366",
            "count": 4
        },
        {
            "id": "100025474327881",
            "count": 1
        },
        {
            "id": "100076288546536",
            "count": 8
        },
        {
            "id": "100063627252475",
            "count": 1
        },
        {
            "id": "61550048402963",
            "count": 3
        },
        {
            "id": "61556645603466",
            "count": 6
        },
        {
            "id": "100063840589774",
            "count": 3
        },
        {
            "id": "100016695791997",
            "count": 79
        }
    ],
    "week": [
        {
            "id": "100073830747071",
            "count": 458
        },
        {
            "id": "100082835767655",
            "count": 108
        },
        {
            "id": "100077142337924",
            "count": 10
        },
        {
            "id": "100059038973467",
            "count": 2
        },
        {
            "id": "100043239493973",
            "count": 256
        },
        {
            "id": "100077601565284",
            "count": 0
        },
        {
            "id": "100036229774256",
            "count": 0
        },
        {
            "id": "100066270262053",
            "count": 0
        },
        {
            "id": "100084884535549",
            "count": 49
        },
        {
            "id": "100078030975377",
            "count": 9
        },
        {
            "id": "100041821860391",
            "count": 0
        },
        {
            "id": "100087660921305",
            "count": 148
        },
        {
            "id": "61557545543030",
            "count": 585
        },
        {
            "id": "61555809030974",
            "count": 219
        },
        {
            "id": "100063733969364",
            "count": 147
        },
        {
            "id": "100058382266960",
            "count": 24
        },
        {
            "id": "100077790233896",
            "count": 1
        },
        {
            "id": "100053710485497",
            "count": 0
        },
        {
            "id": "61554266460619",
            "count": 0
        },
        {
            "id": "61557561449424",
            "count": 0
        },
        {
            "id": "100090769503498",
            "count": 0
        },
        {
            "id": "100073331349984",
            "count": 0
        },
        {
            "id": "61551755043385",
            "count": 0
        },
        {
            "id": "61561614572848",
            "count": 317
        },
        {
            "id": "25107502",
            "count": 0
        },
        {
            "id": "61550850925160",
            "count": 0
        },
        {
            "id": "100003005551763",
            "count": 16
        },
        {
            "id": "100069063895525",
            "count": 0
        },
        {
            "id": "61550242275980",
            "count": 2
        },
        {
            "id": "100063423730525",
            "count": 8
        },
        {
            "id": "61560849822554",
            "count": 0
        },
        {
            "id": "100082998346219",
            "count": 0
        },
        {
            "id": "61551521144568",
            "count": 1
        },
        {
            "id": "100085597414321",
            "count": 2
        },
        {
            "id": "100085289383259",
            "count": 0
        },
        {
            "id": "100091076430773",
            "count": 0
        },
        {
            "id": "61554363459641",
            "count": 0
        },
        {
            "id": "100051689281571",
            "count": 19
        },
        {
            "id": "100090151215912",
            "count": 0
        },
        {
            "id": "100080396186906",
            "count": 0
        },
        {
            "id": "100076324753896",
            "count": 135
        },
        {
            "id": "61561171806450",
            "count": 0
        },
        {
            "id": "61557415582563",
            "count": 0
        },
        {
            "id": "100095411507171",
            "count": 0
        },
        {
            "id": "61562080563816",
            "count": 0
        },
        {
            "id": "100076854344658",
            "count": 1
        },
        {
            "id": "100069084278633",
            "count": 2
        },
        {
            "id": "100066894667660",
            "count": 1
        },
        {
            "id": "100079093226933",
            "count": 9
        },
        {
            "id": "61558471681755",
            "count": 4
        },
        {
            "id": "100064539049630",
            "count": 51
        },
        {
            "id": "61554318844363",
            "count": 29
        },
        {
            "id": "61553831844972",
            "count": 4
        },
        {
            "id": "100085197131860",
            "count": 5
        },
        {
            "id": "100075462263366",
            "count": 4
        },
        {
            "id": "100025474327881",
            "count": 1
        },
        {
            "id": "100076288546536",
            "count": 8
        },
        {
            "id": "100063627252475",
            "count": 1
        },
        {
            "id": "61550048402963",
            "count": 3
        },
        {
            "id": "61556645603466",
            "count": 6
        },
        {
            "id": "100063840589774",
            "count": 3
        },
        {
            "id": "100016695791997",
            "count": 79
        }
    ],
    "day": [
        {
            "id": "100073830747071",
            "count": 114
        },
        {
            "id": "100082835767655",
            "count": 7
        },
        {
            "id": "100077142337924",
            "count": 3
        },
        {
            "id": "100059038973467",
            "count": 0
        },
        {
            "id": "100043239493973",
            "count": 69
        },
        {
            "id": "100077601565284",
            "count": 0
        },
        {
            "id": "100036229774256",
            "count": 0
        },
        {
            "id": "100066270262053",
            "count": 0
        },
        {
            "id": "100084884535549",
            "count": 7
        },
        {
            "id": "100078030975377",
            "count": 1
        },
        {
            "id": "100041821860391",
            "count": 0
        },
        {
            "id": "100087660921305",
            "count": 3
        },
        {
            "id": "61557545543030",
            "count": 254
        },
        {
            "id": "61555809030974",
            "count": 85
        },
        {
            "id": "100063733969364",
            "count": 0
        },
        {
            "id": "100058382266960",
            "count": 7
        },
        {
            "id": "100077790233896",
            "count": 0
        },
        {
            "id": "100053710485497",
            "count": 0
        },
        {
            "id": "61554266460619",
            "count": 0
        },
        {
            "id": "61557561449424",
            "count": 0
        },
        {
            "id": "100090769503498",
            "count": 0
        },
        {
            "id": "100073331349984",
            "count": 0
        },
        {
            "id": "61551755043385",
            "count": 0
        },
        {
            "id": "61561614572848",
            "count": 77
        },
        {
            "id": "25107502",
            "count": 0
        },
        {
            "id": "61550850925160",
            "count": 0
        },
        {
            "id": "100003005551763",
            "count": 0
        },
        {
            "id": "100069063895525",
            "count": 0
        },
        {
            "id": "61550242275980",
            "count": 2
        },
        {
            "id": "100063423730525",
            "count": 0
        },
        {
            "id": "61560849822554",
            "count": 0
        },
        {
            "id": "100082998346219",
            "count": 0
        },
        {
            "id": "61551521144568",
            "count": 0
        },
        {
            "id": "100085597414321",
            "count": 0
        },
        {
            "id": "100085289383259",
            "count": 0
        },
        {
            "id": "100091076430773",
            "count": 0
        },
        {
            "id": "61554363459641",
            "count": 0
        },
        {
            "id": "100051689281571",
            "count": 5
        },
        {
            "id": "100090151215912",
            "count": 0
        },
        {
            "id": "100080396186906",
            "count": 0
        },
        {
            "id": "100076324753896",
            "count": 10
        },
        {
            "id": "61561171806450",
            "count": 0
        },
        {
            "id": "61557415582563",
            "count": 0
        },
        {
            "id": "100095411507171",
            "count": 0
        },
        {
            "id": "61562080563816",
            "count": 0
        },
        {
            "id": "100076854344658",
            "count": 0
        },
        {
            "id": "100069084278633",
            "count": 0
        },
        {
            "id": "100066894667660",
            "count": 0
        },
        {
            "id": "100079093226933",
            "count": 0
        },
        {
            "id": "61558471681755",
            "count": 0
        },
        {
            "id": "100064539049630",
            "count": 0
        },
        {
            "id": "61554318844363",
            "count": 0
        },
        {
            "id": "61553831844972",
            "count": 0
        },
        {
            "id": "100085197131860",
            "count": 0
        },
        {
            "id": "100075462263366",
            "count": 0
        },
        {
            "id": "100025474327881",
            "count": 0
        },
        {
            "id": "100076288546536",
            "count": 0
        },
        {
            "id": "100063627252475",
            "count": 0
        },
        {
            "id": "61550048402963",
            "count": 0
        },
        {
            "id": "61556645603466",
            "count": 1
        },
        {
            "id": "100063840589774",
            "count": 3
        },
        {
            "id": "100016695791997",
            "count": 79
        }
    ],
    "time": 6,
    "last": {
        "time": 2,
        "day": [],
        "week": []
    }
}