{
    "total": [
        {
            "id": "61556781695302",
            "count": 1
        },
        {
            "id": "61553909563216",
            "count": 1
        },
        {
            "id": "61554043624982",
            "count": 1
        },
        {
            "id": "100081224716613",
            "count": 35
        },
        {
            "id": "61550799082862",
            "count": 52
        },
        {
            "id": "100092224872491",
            "count": 31
        },
        {
            "id": "100093623273566",
            "count": 7
        },
        {
            "id": "100095184979816",
            "count": 2
        },
        {
            "id": "100093012994820",
            "count": 4
        },
        {
            "id": "61556163766614",
            "count": 1
        },
        {
            "id": "61554499864492",
            "count": 10
        },
        {
            "id": "100024820091403",
            "count": 1
        },
        {
            "id": "100094227762253",
            "count": 11
        },
        {
            "id": "100094542602642",
            "count": 2
        },
        {
            "id": "61554160139365",
            "count": 1
        },
        {
            "id": "61552961218546",
            "count": 1
        },
        {
            "id": "61552070121967",
            "count": 7
        },
        {
            "id": "61558217723262",
            "count": 1
        },
        {
            "id": "61556952234283",
            "count": 1
        },
        {
            "id": "61556848513489",
            "count": 2
        },
        {
            "id": "100043709333672",
            "count": 2
        },
        {
            "id": "61550616685972",
            "count": 2
        },
        {
            "id": "61555833990732",
            "count": 4
        },
        {
            "id": "100050216380841",
            "count": 2
        },
        {
            "id": "61555552342301",
            "count": 1
        },
        {
            "id": "61559284239148",
            "count": 1
        },
        {
            "id": "61555832859416",
            "count": 3
        },
        {
            "id": "100089236571743",
            "count": 1
        },
        {
            "id": "100089920133788",
            "count": 1
        },
        {
            "id": "100089714765223",
            "count": 13
        },
        {
            "id": "100090311674256",
            "count": 1
        },
        {
            "id": "61560364356686",
            "count": 2
        },
        {
            "id": "61556920627206",
            "count": 2
        },
        {
            "id": "100093044434528",
            "count": 2
        },
        {
            "id": "61559875051259",
            "count": 1
        },
        {
            "id": "100077536463734",
            "count": 9
        },
        {
            "id": "100094322973773",
            "count": 1
        },
        {
            "id": "100091809956526",
            "count": 2
        },
        {
            "id": "100063950978537",
            "count": 4
        },
        {
            "id": "61556595308749",
            "count": 1
        },
        {
            "id": "100088287173778",
            "count": 17
        },
        {
            "id": "61554393416358",
            "count": 7
        },
        {
            "id": "100089579146126",
            "count": 1
        },
        {
            "id": "100094177690792",
            "count": 2
        },
        {
            "id": "61556575961055",
            "count": 1
        },
        {
            "id": "100085137615445",
            "count": 1
        },
        {
            "id": "61551889927873",
            "count": 5
        },
        {
            "id": "100077176363964",
            "count": 5
        },
        {
            "id": "100084401586980",
            "count": 1
        },
        {
            "id": "100076321706493",
            "count": 1
        },
        {
            "id": "61560069345073",
            "count": 2
        },
        {
            "id": "100086650503400",
            "count": 2
        },
        {
            "id": "100065666371084",
            "count": 1
        },
        {
            "id": "100076264605368",
            "count": 2
        },
        {
            "id": "61560921508508",
            "count": 21
        },
        {
            "id": "100094692713482",
            "count": 4
        },
        {
            "id": "100067593551906",
            "count": 11
        },
        {
            "id": "100023734782142",
            "count": 2
        },
        {
            "id": "100080470741700",
            "count": 1
        },
        {
            "id": "61556973005084",
            "count": 7
        },
        {
            "id": "100013531549099",
            "count": 14
        },
        {
            "id": "61554829332530",
            "count": 2
        },
        {
            "id": "100082149470587",
            "count": 1
        },
        {
            "id": "100073701007881",
            "count": 2
        },
        {
            "id": "100093264125451",
            "count": 2
        },
        {
            "id": "61557386086730",
            "count": 6
        },
        {
            "id": "61553697320409",
            "count": 1
        },
        {
            "id": "100038559669243",
            "count": 3
        },
        {
            "id": "100076710750407",
            "count": 6
        },
        {
            "id": "100057732776733",
            "count": 1
        },
        {
            "id": "100080212213969",
            "count": 4
        },
        {
            "id": "61555117282137",
            "count": 1
        },
        {
            "id": "100089199159371",
            "count": 1
        },
        {
            "id": "100074869155217",
            "count": 1
        },
        {
            "id": "100061346180184",
            "count": 1
        },
        {
            "id": "61555809030974",
            "count": 4
        },
        {
            "id": "61551260427652",
            "count": 2
        },
        {
            "id": "100067798622072",
            "count": 1
        },
        {
            "id": "100079930313674",
            "count": 1
        },
        {
            "id": "61551239870532",
            "count": 1
        },
        {
            "id": "100090632122431",
            "count": 16
        },
        {
            "id": "100081126965560",
            "count": 3
        },
        {
            "id": "61559265814379",
            "count": 2
        },
        {
            "id": "100050700463896",
            "count": 1
        },
        {
            "id": "100028211673544",
            "count": 1
        },
        {
            "id": "61554308244387",
            "count": 1
        }
    ],
    "week": [
        {
            "id": "61556781695302",
            "count": 1
        },
        {
            "id": "61553909563216",
            "count": 1
        },
        {
            "id": "61554043624982",
            "count": 1
        },
        {
            "id": "100081224716613",
            "count": 35
        },
        {
            "id": "61550799082862",
            "count": 52
        },
        {
            "id": "100092224872491",
            "count": 31
        },
        {
            "id": "100093623273566",
            "count": 7
        },
        {
            "id": "100095184979816",
            "count": 2
        },
        {
            "id": "100093012994820",
            "count": 4
        },
        {
            "id": "61556163766614",
            "count": 1
        },
        {
            "id": "61554499864492",
            "count": 10
        },
        {
            "id": "100024820091403",
            "count": 1
        },
        {
            "id": "100094227762253",
            "count": 11
        },
        {
            "id": "100094542602642",
            "count": 2
        },
        {
            "id": "61554160139365",
            "count": 1
        },
        {
            "id": "61552961218546",
            "count": 1
        },
        {
            "id": "61552070121967",
            "count": 7
        },
        {
            "id": "61558217723262",
            "count": 1
        },
        {
            "id": "61556952234283",
            "count": 1
        },
        {
            "id": "61556848513489",
            "count": 2
        },
        {
            "id": "100043709333672",
            "count": 2
        },
        {
            "id": "61550616685972",
            "count": 2
        },
        {
            "id": "61555833990732",
            "count": 4
        },
        {
            "id": "100050216380841",
            "count": 2
        },
        {
            "id": "61555552342301",
            "count": 1
        },
        {
            "id": "61559284239148",
            "count": 1
        },
        {
            "id": "61555832859416",
            "count": 3
        },
        {
            "id": "100089236571743",
            "count": 1
        },
        {
            "id": "100089920133788",
            "count": 1
        },
        {
            "id": "100089714765223",
            "count": 13
        },
        {
            "id": "100090311674256",
            "count": 1
        },
        {
            "id": "61560364356686",
            "count": 2
        },
        {
            "id": "61556920627206",
            "count": 2
        },
        {
            "id": "100093044434528",
            "count": 2
        },
        {
            "id": "61559875051259",
            "count": 1
        },
        {
            "id": "100077536463734",
            "count": 9
        },
        {
            "id": "100094322973773",
            "count": 1
        },
        {
            "id": "100091809956526",
            "count": 2
        },
        {
            "id": "100063950978537",
            "count": 4
        },
        {
            "id": "61556595308749",
            "count": 1
        },
        {
            "id": "100088287173778",
            "count": 17
        },
        {
            "id": "61554393416358",
            "count": 7
        },
        {
            "id": "100089579146126",
            "count": 1
        },
        {
            "id": "100094177690792",
            "count": 2
        },
        {
            "id": "61556575961055",
            "count": 1
        },
        {
            "id": "100085137615445",
            "count": 1
        },
        {
            "id": "61551889927873",
            "count": 5
        },
        {
            "id": "100077176363964",
            "count": 5
        },
        {
            "id": "100084401586980",
            "count": 1
        },
        {
            "id": "100076321706493",
            "count": 1
        },
        {
            "id": "61560069345073",
            "count": 2
        },
        {
            "id": "100086650503400",
            "count": 2
        },
        {
            "id": "100065666371084",
            "count": 1
        },
        {
            "id": "100076264605368",
            "count": 2
        },
        {
            "id": "61560921508508",
            "count": 21
        },
        {
            "id": "100094692713482",
            "count": 4
        },
        {
            "id": "100067593551906",
            "count": 11
        },
        {
            "id": "100023734782142",
            "count": 2
        },
        {
            "id": "100080470741700",
            "count": 1
        },
        {
            "id": "61556973005084",
            "count": 7
        },
        {
            "id": "100013531549099",
            "count": 14
        },
        {
            "id": "61554829332530",
            "count": 2
        },
        {
            "id": "100082149470587",
            "count": 1
        },
        {
            "id": "100073701007881",
            "count": 2
        },
        {
            "id": "100093264125451",
            "count": 2
        },
        {
            "id": "61557386086730",
            "count": 6
        },
        {
            "id": "61553697320409",
            "count": 1
        },
        {
            "id": "100038559669243",
            "count": 3
        },
        {
            "id": "100076710750407",
            "count": 6
        },
        {
            "id": "100057732776733",
            "count": 1
        },
        {
            "id": "100080212213969",
            "count": 4
        },
        {
            "id": "61555117282137",
            "count": 1
        },
        {
            "id": "100089199159371",
            "count": 1
        },
        {
            "id": "100074869155217",
            "count": 1
        },
        {
            "id": "100061346180184",
            "count": 1
        },
        {
            "id": "61555809030974",
            "count": 4
        },
        {
            "id": "61551260427652",
            "count": 2
        },
        {
            "id": "100067798622072",
            "count": 1
        },
        {
            "id": "100079930313674",
            "count": 1
        },
        {
            "id": "61551239870532",
            "count": 1
        },
        {
            "id": "100090632122431",
            "count": 16
        },
        {
            "id": "100081126965560",
            "count": 3
        },
        {
            "id": "61559265814379",
            "count": 2
        },
        {
            "id": "100050700463896",
            "count": 1
        },
        {
            "id": "100028211673544",
            "count": 1
        },
        {
            "id": "61554308244387",
            "count": 1
        }
    ],
    "day": [
        {
            "id": "61556781695302",
            "count": 0
        },
        {
            "id": "61553909563216",
            "count": 0
        },
        {
            "id": "61554043624982",
            "count": 0
        },
        {
            "id": "100081224716613",
            "count": 0
        },
        {
            "id": "61550799082862",
            "count": 0
        },
        {
            "id": "100092224872491",
            "count": 0
        },
        {
            "id": "100093623273566",
            "count": 0
        },
        {
            "id": "100095184979816",
            "count": 0
        },
        {
            "id": "100093012994820",
            "count": 0
        },
        {
            "id": "61556163766614",
            "count": 0
        },
        {
            "id": "61554499864492",
            "count": 0
        },
        {
            "id": "100024820091403",
            "count": 0
        },
        {
            "id": "100094227762253",
            "count": 0
        },
        {
            "id": "100094542602642",
            "count": 0
        },
        {
            "id": "61554160139365",
            "count": 0
        },
        {
            "id": "61552961218546",
            "count": 0
        },
        {
            "id": "61552070121967",
            "count": 0
        },
        {
            "id": "61558217723262",
            "count": 0
        },
        {
            "id": "61556952234283",
            "count": 0
        },
        {
            "id": "61556848513489",
            "count": 0
        },
        {
            "id": "100043709333672",
            "count": 0
        },
        {
            "id": "61550616685972",
            "count": 0
        },
        {
            "id": "61555833990732",
            "count": 0
        },
        {
            "id": "100050216380841",
            "count": 1
        },
        {
            "id": "61555552342301",
            "count": 0
        },
        {
            "id": "61559284239148",
            "count": 0
        },
        {
            "id": "61555832859416",
            "count": 0
        },
        {
            "id": "100089236571743",
            "count": 0
        },
        {
            "id": "100089920133788",
            "count": 0
        },
        {
            "id": "100089714765223",
            "count": 0
        },
        {
            "id": "100090311674256",
            "count": 0
        },
        {
            "id": "61560364356686",
            "count": 0
        },
        {
            "id": "61556920627206",
            "count": 0
        },
        {
            "id": "100093044434528",
            "count": 0
        },
        {
            "id": "61559875051259",
            "count": 0
        },
        {
            "id": "100077536463734",
            "count": 6
        },
        {
            "id": "100094322973773",
            "count": 0
        },
        {
            "id": "100091809956526",
            "count": 1
        },
        {
            "id": "100063950978537",
            "count": 0
        },
        {
            "id": "61556595308749",
            "count": 0
        },
        {
            "id": "100088287173778",
            "count": 1
        },
        {
            "id": "61554393416358",
            "count": 0
        },
        {
            "id": "100089579146126",
            "count": 0
        },
        {
            "id": "100094177690792",
            "count": 0
        },
        {
            "id": "61556575961055",
            "count": 0
        },
        {
            "id": "100085137615445",
            "count": 0
        },
        {
            "id": "61551889927873",
            "count": 0
        },
        {
            "id": "100077176363964",
            "count": 0
        },
        {
            "id": "100084401586980",
            "count": 0
        },
        {
            "id": "100076321706493",
            "count": 0
        },
        {
            "id": "61560069345073",
            "count": 0
        },
        {
            "id": "100086650503400",
            "count": 0
        },
        {
            "id": "100065666371084",
            "count": 0
        },
        {
            "id": "100076264605368",
            "count": 0
        },
        {
            "id": "61560921508508",
            "count": 13
        },
        {
            "id": "100094692713482",
            "count": 1
        },
        {
            "id": "100067593551906",
            "count": 0
        },
        {
            "id": "100023734782142",
            "count": 1
        },
        {
            "id": "100080470741700",
            "count": 0
        },
        {
            "id": "61556973005084",
            "count": 4
        },
        {
            "id": "100013531549099",
            "count": 1
        },
        {
            "id": "61554829332530",
            "count": 1
        },
        {
            "id": "100082149470587",
            "count": 0
        },
        {
            "id": "100073701007881",
            "count": 0
        },
        {
            "id": "100093264125451",
            "count": 2
        },
        {
            "id": "61557386086730",
            "count": 6
        },
        {
            "id": "61553697320409",
            "count": 1
        },
        {
            "id": "100038559669243",
            "count": 3
        },
        {
            "id": "100076710750407",
            "count": 6
        },
        {
            "id": "100057732776733",
            "count": 1
        },
        {
            "id": "100080212213969",
            "count": 4
        },
        {
            "id": "61555117282137",
            "count": 1
        },
        {
            "id": "100089199159371",
            "count": 1
        },
        {
            "id": "100074869155217",
            "count": 1
        },
        {
            "id": "100061346180184",
            "count": 1
        },
        {
            "id": "61555809030974",
            "count": 4
        },
        {
            "id": "61551260427652",
            "count": 2
        },
        {
            "id": "100067798622072",
            "count": 1
        },
        {
            "id": "100079930313674",
            "count": 1
        },
        {
            "id": "61551239870532",
            "count": 1
        },
        {
            "id": "100090632122431",
            "count": 16
        },
        {
            "id": "100081126965560",
            "count": 3
        },
        {
            "id": "61559265814379",
            "count": 2
        },
        {
            "id": "100050700463896",
            "count": 1
        },
        {
            "id": "100028211673544",
            "count": 1
        },
        {
            "id": "61554308244387",
            "count": 1
        }
    ],
    "time": 6,
    "last": {
        "time": 4,
        "day": [],
        "week": []
    }
}