{
    "total": [
        {
            "id": "61555809030974",
            "count": 3
        },
        {
            "id": "61551793060521",
            "count": 1
        }
    ],
    "week": [
        {
            "id": "61555809030974",
            "count": 3
        },
        {
            "id": "61551793060521",
            "count": 1
        }
    ],
    "day": [
        {
            "id": "61555809030974",
            "count": 0
        },
        {
            "id": "61551793060521",
            "count": 1
        }
    ],
    "time": 6,
    "last": {
        "time": 5,
        "day": [],
        "week": []
    }
}