{
    "total": [
        {
            "id": "100004843986565",
            "count": 1002
        },
        {
            "id": "100074484685123",
            "count": 210
        },
        {
            "id": "61564059890489",
            "count": 258
        },
        {
            "id": "61555809030974",
            "count": 614
        },
        {
            "id": "61557591564921",
            "count": 88
        },
        {
            "id": "61560790286117",
            "count": 16
        },
        {
            "id": "100088031225325",
            "count": 258
        },
        {
            "id": "100082166588573",
            "count": 174
        },
        {
            "id": "61563628883630",
            "count": 4
        },
        {
            "id": "61561750240557",
            "count": 106
        },
        {
            "id": "100027937773675",
            "count": 32
        },
        {
            "id": "100093238184790",
            "count": 98
        },
        {
            "id": "61558089763413",
            "count": 130
        },
        {
            "id": "100038283639008",
            "count": 38
        },
        {
            "id": "100067508386723",
            "count": 38
        },
        {
            "id": "100029378752728",
            "count": 296
        },
        {
            "id": "61559141435743",
            "count": 138
        },
        {
            "id": "100020460654779",
            "count": 84
        },
        {
            "id": "61562955388765",
            "count": 4
        },
        {
            "id": "61550668237353",
            "count": 8
        },
        {
            "id": "100084412983532",
            "count": 2
        },
        {
            "id": "61562161232125",
            "count": 6
        },
        {
            "id": "61561828030943",
            "count": 8
        },
        {
            "id": "61563344098769",
            "count": 34
        },
        {
            "id": "100092744481406",
            "count": 6
        }
    ],
    "week": [
        {
            "id": "100004843986565",
            "count": 192
        },
        {
            "id": "100074484685123",
            "count": 68
        },
        {
            "id": "61564059890489",
            "count": 116
        },
        {
            "id": "61555809030974",
            "count": 242
        },
        {
            "id": "61557591564921",
            "count": 0
        },
        {
            "id": "61560790286117",
            "count": 6
        },
        {
            "id": "100088031225325",
            "count": 78
        },
        {
            "id": "100082166588573",
            "count": 100
        },
        {
            "id": "61563628883630",
            "count": 0
        },
        {
            "id": "61561750240557",
            "count": 56
        },
        {
            "id": "100027937773675",
            "count": 2
        },
        {
            "id": "100093238184790",
            "count": 22
        },
        {
            "id": "61558089763413",
            "count": 32
        },
        {
            "id": "100038283639008",
            "count": 0
        },
        {
            "id": "100067508386723",
            "count": 0
        },
        {
            "id": "100029378752728",
            "count": 62
        },
        {
            "id": "61559141435743",
            "count": 8
        },
        {
            "id": "100020460654779",
            "count": 42
        },
        {
            "id": "61562955388765",
            "count": 2
        },
        {
            "id": "61550668237353",
            "count": 6
        },
        {
            "id": "100084412983532",
            "count": 2
        },
        {
            "id": "61562161232125",
            "count": 6
        },
        {
            "id": "61561828030943",
            "count": 8
        },
        {
            "id": "61563344098769",
            "count": 34
        },
        {
            "id": "100092744481406",
            "count": 6
        }
    ],
    "day": [
        {
            "id": "100004843986565",
            "count": 384
        },
        {
            "id": "100074484685123",
            "count": 136
        },
        {
            "id": "61564059890489",
            "count": 232
        },
        {
            "id": "61555809030974",
            "count": 484
        },
        {
            "id": "61557591564921",
            "count": 0
        },
        {
            "id": "61560790286117",
            "count": 12
        },
        {
            "id": "100088031225325",
            "count": 156
        },
        {
            "id": "100082166588573",
            "count": 200
        },
        {
            "id": "61563628883630",
            "count": 0
        },
        {
            "id": "61561750240557",
            "count": 112
        },
        {
            "id": "100027937773675",
            "count": 4
        },
        {
            "id": "100093238184790",
            "count": 44
        },
        {
            "id": "61558089763413",
            "count": 64
        },
        {
            "id": "100038283639008",
            "count": 0
        },
        {
            "id": "100067508386723",
            "count": 0
        },
        {
            "id": "100029378752728",
            "count": 124
        },
        {
            "id": "61559141435743",
            "count": 16
        },
        {
            "id": "100020460654779",
            "count": 84
        },
        {
            "id": "61562955388765",
            "count": 4
        },
        {
            "id": "61550668237353",
            "count": 12
        },
        {
            "id": "100084412983532",
            "count": 4
        },
        {
            "id": "61562161232125",
            "count": 12
        },
        {
            "id": "61561828030943",
            "count": 16
        },
        {
            "id": "61563344098769",
            "count": 68
        },
        {
            "id": "100092744481406",
            "count": 12
        }
    ],
    "time": 1,
    "last": {
        "time": 6,
        "day": [],
        "week": []
    }
}