{
    "total": [
        {
            "id": "61551763396420",
            "count": 120
        },
        {
            "id": "100090107956192",
            "count": 68
        },
        {
            "id": "61555816318981",
            "count": 10
        },
        {
            "id": "61555809030974",
            "count": 40
        },
        {
            "id": "100093982577340",
            "count": 4
        },
        {
            "id": "100059454822702",
            "count": 26
        },
        {
            "id": "100079468281810",
            "count": 4
        },
        {
            "id": "100090769864932",
            "count": 14
        },
        {
            "id": "61558578155960",
            "count": 206
        },
        {
            "id": "100088830376363",
            "count": 16
        },
        {
            "id": "61550700167280",
            "count": 22
        },
        {
            "id": "100091424652071",
            "count": 506
        },
        {
            "id": "61559045434606",
            "count": 6
        },
        {
            "id": "61562867541466",
            "count": 94
        },
        {
            "id": "61562244376219",
            "count": 198
        },
        {
            "id": "100023011337135",
            "count": 16
        },
        {
            "id": "100068411726441",
            "count": 30
        },
        {
            "id": "100002293048650",
            "count": 2
        },
        {
            "id": "100087941377013",
            "count": 120
        },
        {
            "id": "61555648960320",
            "count": 62
        },
        {
            "id": "100068589615911",
            "count": 2
        },
        {
            "id": "100052445430165",
            "count": 14
        },
        {
            "id": "61553891954258",
            "count": 2
        }
    ],
    "week": [
        {
            "id": "61551763396420",
            "count": 120
        },
        {
            "id": "100090107956192",
            "count": 68
        },
        {
            "id": "61555816318981",
            "count": 10
        },
        {
            "id": "61555809030974",
            "count": 40
        },
        {
            "id": "100093982577340",
            "count": 4
        },
        {
            "id": "100059454822702",
            "count": 26
        },
        {
            "id": "100079468281810",
            "count": 4
        },
        {
            "id": "100090769864932",
            "count": 14
        },
        {
            "id": "61558578155960",
            "count": 206
        },
        {
            "id": "100088830376363",
            "count": 16
        },
        {
            "id": "61550700167280",
            "count": 22
        },
        {
            "id": "100091424652071",
            "count": 506
        },
        {
            "id": "61559045434606",
            "count": 6
        },
        {
            "id": "61562867541466",
            "count": 94
        },
        {
            "id": "61562244376219",
            "count": 198
        },
        {
            "id": "100023011337135",
            "count": 16
        },
        {
            "id": "100068411726441",
            "count": 30
        },
        {
            "id": "100002293048650",
            "count": 2
        },
        {
            "id": "100087941377013",
            "count": 120
        },
        {
            "id": "61555648960320",
            "count": 62
        },
        {
            "id": "100068589615911",
            "count": 2
        },
        {
            "id": "100052445430165",
            "count": 14
        },
        {
            "id": "61553891954258",
            "count": 2
        }
    ],
    "day": [
        {
            "id": "61551763396420",
            "count": 140
        },
        {
            "id": "100090107956192",
            "count": 120
        },
        {
            "id": "61555816318981",
            "count": 0
        },
        {
            "id": "61555809030974",
            "count": 24
        },
        {
            "id": "100093982577340",
            "count": 0
        },
        {
            "id": "100059454822702",
            "count": 28
        },
        {
            "id": "100079468281810",
            "count": 0
        },
        {
            "id": "100090769864932",
            "count": 12
        },
        {
            "id": "61558578155960",
            "count": 372
        },
        {
            "id": "100088830376363",
            "count": 0
        },
        {
            "id": "61550700167280",
            "count": 0
        },
        {
            "id": "100091424652071",
            "count": 40
        },
        {
            "id": "61559045434606",
            "count": 0
        },
        {
            "id": "61562867541466",
            "count": 184
        },
        {
            "id": "61562244376219",
            "count": 392
        },
        {
            "id": "100023011337135",
            "count": 20
        },
        {
            "id": "100068411726441",
            "count": 56
        },
        {
            "id": "100002293048650",
            "count": 4
        },
        {
            "id": "100087941377013",
            "count": 240
        },
        {
            "id": "61555648960320",
            "count": 124
        },
        {
            "id": "100068589615911",
            "count": 4
        },
        {
            "id": "100052445430165",
            "count": 28
        },
        {
            "id": "61553891954258",
            "count": 4
        }
    ],
    "time": 6,
    "last": {
        "time": 5,
        "day": [],
        "week": []
    }
}