{
    "total": [
        {
            "id": "628421623",
            "count": 4
        },
        {
            "id": "100086690620183",
            "count": 4
        }
    ],
    "week": [
        {
            "id": "628421623",
            "count": 4
        },
        {
            "id": "100086690620183",
            "count": 4
        }
    ],
    "day": [
        {
            "id": "628421623",
            "count": 4
        },
        {
            "id": "100086690620183",
            "count": 4
        }
    ],
    "time": 2,
    "last": {
        "time": 2,
        "day": [],
        "week": []
    }
}