{
    "total": [
        {
            "id": "100037211391552",
            "count": 1
        },
        {
            "id": "100075355876941",
            "count": 1
        }
    ],
    "week": [
        {
            "id": "100037211391552",
            "count": 1
        },
        {
            "id": "100075355876941",
            "count": 1
        }
    ],
    "day": [
        {
            "id": "100037211391552",
            "count": 1
        },
        {
            "id": "100075355876941",
            "count": 1
        }
    ],
    "time": 0
}