{
    "total": [
        {
            "id": "100075268951000",
            "count": 32
        },
        {
            "id": "100075355876941",
            "count": 4
        }
    ],
    "week": [
        {
            "id": "100075268951000",
            "count": 32
        },
        {
            "id": "100075355876941",
            "count": 4
        }
    ],
    "day": [
        {
            "id": "100075268951000",
            "count": 32
        },
        {
            "id": "100075355876941",
            "count": 4
        }
    ],
    "time": 0
}