{
    "total": [
        {
            "id": "100078441331190",
            "count": 1
        },
        {
            "id": "100001577972706",
            "count": 5
        },
        {
            "id": "100085342716116",
            "count": 100
        },
        {
            "id": "100077980504363",
            "count": 631
        },
        {
            "id": "709145693",
            "count": 0
        },
        {
            "id": "100091891485289",
            "count": 81
        },
        {
            "id": "557378754",
            "count": 0
        },
        {
            "id": "100031845708228",
            "count": 72
        },
        {
            "id": "100044796200261",
            "count": 31
        },
        {
            "id": "100040761302134",
            "count": 100
        },
        {
            "id": "100081290556155",
            "count": 7
        },
        {
            "id": "100075940538217",
            "count": 26
        },
        {
            "id": "100056385116028",
            "count": 7
        },
        {
            "id": "100048033791608",
            "count": 25
        },
        {
            "id": "100074278195157",
            "count": 2
        },
        {
            "id": "100076162129824",
            "count": 0
        },
        {
            "id": "100088286371303",
            "count": 20
        },
        {
            "id": "100048807344371",
            "count": 33
        },
        {
            "id": "61552799013338",
            "count": 145
        },
        {
            "id": "100038946913086",
            "count": 10
        },
        {
            "id": "100056500282177",
            "count": 1
        },
        {
            "id": "756782449",
            "count": 7
        },
        {
            "id": "1528770791",
            "count": 14
        },
        {
            "id": "1824557330",
            "count": 26
        },
        {
            "id": "100011422572422",
            "count": 6
        },
        {
            "id": "1153327407",
            "count": 26
        },
        {
            "id": "100088737923043",
            "count": 98
        },
        {
            "id": "100062327635551",
            "count": 3
        },
        {
            "id": "100090835586018",
            "count": 0
        },
        {
            "id": "100000745531418",
            "count": 76
        },
        {
            "id": "100092744481406",
            "count": 68
        },
        {
            "id": "100087659527478",
            "count": 52
        },
        {
            "id": "100078168302063",
            "count": 532
        },
        {
            "id": "100000732833159",
            "count": 79
        },
        {
            "id": "100031177811759",
            "count": 87
        },
        {
            "id": "100004458484369",
            "count": 115
        },
        {
            "id": "100037211391552",
            "count": 44
        },
        {
            "id": "100027187763993",
            "count": 0
        },
        {
            "id": "100084329895588",
            "count": 26
        },
        {
            "id": "100022448225417",
            "count": 174
        },
        {
            "id": "100061160525111",
            "count": 0
        },
        {
            "id": "100081162464683",
            "count": 1
        },
        {
            "id": "509484270",
            "count": 279
        },
        {
            "id": "100081129610697",
            "count": 524
        },
        {
            "id": "100039986310453",
            "count": 234
        },
        {
            "id": "100051241563318",
            "count": 254
        },
        {
            "id": "100013186963793",
            "count": 0
        },
        {
            "id": "100035731083424",
            "count": 0
        },
        {
            "id": "100041024985340",
            "count": 0
        },
        {
            "id": "100074142183168",
            "count": 0
        },
        {
            "id": "100060348680482",
            "count": 2
        },
        {
            "id": "61552250423946",
            "count": 52
        },
        {
            "id": "100050198327007",
            "count": 28
        },
        {
            "id": "100085073240621",
            "count": 29
        },
        {
            "id": "100048505611574",
            "count": 71
        },
        {
            "id": "100000147407179",
            "count": 0
        },
        {
            "id": "100091617204340",
            "count": 3
        },
        {
            "id": "100092968517593",
            "count": 4
        },
        {
            "id": "100069864945865",
            "count": 0
        },
        {
            "id": "100080659225577",
            "count": 16
        },
        {
            "id": "100068310261131",
            "count": 140
        },
        {
            "id": "100088989977962",
            "count": 15
        },
        {
            "id": "1628010947",
            "count": 208
        },
        {
            "id": "61552004121558",
            "count": 0
        },
        {
            "id": "100055943906136",
            "count": 96
        },
        {
            "id": "61552833955801",
            "count": 0
        },
        {
            "id": "100083174347639",
            "count": 21
        },
        {
            "id": "100088817988946",
            "count": 0
        },
        {
            "id": "1511167863",
            "count": 0
        },
        {
            "id": "100060845223319",
            "count": 4
        },
        {
            "id": "100075355876941",
            "count": 310
        },
        {
            "id": "61552623147589",
            "count": 0
        },
        {
            "id": "61553906223495",
            "count": 119
        },
        {
            "id": "61553670189094",
            "count": 0
        },
        {
            "id": "61554366280412",
            "count": 26
        },
        {
            "id": "61554291864873",
            "count": 79
        },
        {
            "id": "100082341605370",
            "count": 30
        },
        {
            "id": "100058800620671",
            "count": 0
        },
        {
            "id": "100026713847068",
            "count": 69
        },
        {
            "id": "100074830520301",
            "count": 1
        },
        {
            "id": "100004989570567",
            "count": 0
        },
        {
            "id": "61553929221864",
            "count": 196
        },
        {
            "id": "100085625258201",
            "count": 9
        },
        {
            "id": "61553918098555",
            "count": 53
        },
        {
            "id": "100067930177504",
            "count": 18
        },
        {
            "id": "61552500791337",
            "count": 113
        },
        {
            "id": "100042972203184",
            "count": 221
        },
        {
            "id": "100000385494382",
            "count": 237
        },
        {
            "id": "61554918801292",
            "count": 0
        },
        {
            "id": "100090135878284",
            "count": 72
        },
        {
            "id": "61552123057620",
            "count": 0
        },
        {
            "id": "100077014194257",
            "count": 36
        },
        {
            "id": "61554438130834",
            "count": 25
        },
        {
            "id": "100094027641630",
            "count": 85
        },
        {
            "id": "100008225821165",
            "count": 24
        },
        {
            "id": "100011082583640",
            "count": 3
        },
        {
            "id": "100058548293549",
            "count": 3
        },
        {
            "id": "1496041630",
            "count": 0
        },
        {
            "id": "23100768",
            "count": 0
        }
    ],
    "week": [
        {
            "id": "100078441331190",
            "count": 1
        },
        {
            "id": "100001577972706",
            "count": 5
        },
        {
            "id": "100085342716116",
            "count": 100
        },
        {
            "id": "100077980504363",
            "count": 631
        },
        {
            "id": "709145693",
            "count": 0
        },
        {
            "id": "100091891485289",
            "count": 81
        },
        {
            "id": "557378754",
            "count": 0
        },
        {
            "id": "100031845708228",
            "count": 72
        },
        {
            "id": "100044796200261",
            "count": 31
        },
        {
            "id": "100040761302134",
            "count": 100
        },
        {
            "id": "100081290556155",
            "count": 7
        },
        {
            "id": "100075940538217",
            "count": 26
        },
        {
            "id": "100056385116028",
            "count": 7
        },
        {
            "id": "100048033791608",
            "count": 25
        },
        {
            "id": "100074278195157",
            "count": 2
        },
        {
            "id": "100076162129824",
            "count": 0
        },
        {
            "id": "100088286371303",
            "count": 20
        },
        {
            "id": "100048807344371",
            "count": 33
        },
        {
            "id": "61552799013338",
            "count": 145
        },
        {
            "id": "100038946913086",
            "count": 10
        },
        {
            "id": "100056500282177",
            "count": 1
        },
        {
            "id": "756782449",
            "count": 7
        },
        {
            "id": "1528770791",
            "count": 14
        },
        {
            "id": "1824557330",
            "count": 26
        },
        {
            "id": "100011422572422",
            "count": 6
        },
        {
            "id": "1153327407",
            "count": 26
        },
        {
            "id": "100088737923043",
            "count": 98
        },
        {
            "id": "100062327635551",
            "count": 3
        },
        {
            "id": "100090835586018",
            "count": 0
        },
        {
            "id": "100000745531418",
            "count": 76
        },
        {
            "id": "100092744481406",
            "count": 68
        },
        {
            "id": "100087659527478",
            "count": 52
        },
        {
            "id": "100078168302063",
            "count": 532
        },
        {
            "id": "100000732833159",
            "count": 79
        },
        {
            "id": "100031177811759",
            "count": 87
        },
        {
            "id": "100004458484369",
            "count": 115
        },
        {
            "id": "100037211391552",
            "count": 44
        },
        {
            "id": "100027187763993",
            "count": 0
        },
        {
            "id": "100084329895588",
            "count": 26
        },
        {
            "id": "100022448225417",
            "count": 174
        },
        {
            "id": "100061160525111",
            "count": 0
        },
        {
            "id": "100081162464683",
            "count": 1
        },
        {
            "id": "509484270",
            "count": 279
        },
        {
            "id": "100081129610697",
            "count": 524
        },
        {
            "id": "100039986310453",
            "count": 234
        },
        {
            "id": "100051241563318",
            "count": 254
        },
        {
            "id": "100013186963793",
            "count": 0
        },
        {
            "id": "100035731083424",
            "count": 0
        },
        {
            "id": "100041024985340",
            "count": 0
        },
        {
            "id": "100074142183168",
            "count": 0
        },
        {
            "id": "100060348680482",
            "count": 2
        },
        {
            "id": "61552250423946",
            "count": 52
        },
        {
            "id": "100050198327007",
            "count": 28
        },
        {
            "id": "100085073240621",
            "count": 29
        },
        {
            "id": "100048505611574",
            "count": 71
        },
        {
            "id": "100000147407179",
            "count": 0
        },
        {
            "id": "100091617204340",
            "count": 3
        },
        {
            "id": "100092968517593",
            "count": 4
        },
        {
            "id": "100069864945865",
            "count": 0
        },
        {
            "id": "100080659225577",
            "count": 16
        },
        {
            "id": "100068310261131",
            "count": 140
        },
        {
            "id": "100088989977962",
            "count": 15
        },
        {
            "id": "1628010947",
            "count": 208
        },
        {
            "id": "61552004121558",
            "count": 0
        },
        {
            "id": "100055943906136",
            "count": 96
        },
        {
            "id": "61552833955801",
            "count": 0
        },
        {
            "id": "100083174347639",
            "count": 21
        },
        {
            "id": "100088817988946",
            "count": 0
        },
        {
            "id": "1511167863",
            "count": 0
        },
        {
            "id": "100060845223319",
            "count": 4
        },
        {
            "id": "100075355876941",
            "count": 310
        },
        {
            "id": "61552623147589",
            "count": 0
        },
        {
            "id": "61553906223495",
            "count": 119
        },
        {
            "id": "61553670189094",
            "count": 0
        },
        {
            "id": "61554366280412",
            "count": 26
        },
        {
            "id": "61554291864873",
            "count": 79
        },
        {
            "id": "100082341605370",
            "count": 30
        },
        {
            "id": "100058800620671",
            "count": 0
        },
        {
            "id": "100026713847068",
            "count": 69
        },
        {
            "id": "100074830520301",
            "count": 1
        },
        {
            "id": "100004989570567",
            "count": 0
        },
        {
            "id": "61553929221864",
            "count": 196
        },
        {
            "id": "100085625258201",
            "count": 9
        },
        {
            "id": "61553918098555",
            "count": 53
        },
        {
            "id": "100067930177504",
            "count": 18
        },
        {
            "id": "61552500791337",
            "count": 113
        },
        {
            "id": "100042972203184",
            "count": 221
        },
        {
            "id": "100000385494382",
            "count": 237
        },
        {
            "id": "61554918801292",
            "count": 0
        },
        {
            "id": "100090135878284",
            "count": 72
        },
        {
            "id": "61552123057620",
            "count": 0
        },
        {
            "id": "100077014194257",
            "count": 36
        },
        {
            "id": "61554438130834",
            "count": 25
        },
        {
            "id": "100094027641630",
            "count": 85
        },
        {
            "id": "100008225821165",
            "count": 24
        },
        {
            "id": "100011082583640",
            "count": 3
        },
        {
            "id": "100058548293549",
            "count": 3
        },
        {
            "id": "1496041630",
            "count": 0
        },
        {
            "id": "23100768",
            "count": 0
        }
    ],
    "day": [
        {
            "id": "100078441331190",
            "count": 1
        },
        {
            "id": "100001577972706",
            "count": 5
        },
        {
            "id": "100085342716116",
            "count": 100
        },
        {
            "id": "100077980504363",
            "count": 631
        },
        {
            "id": "709145693",
            "count": 0
        },
        {
            "id": "100091891485289",
            "count": 81
        },
        {
            "id": "557378754",
            "count": 0
        },
        {
            "id": "100031845708228",
            "count": 72
        },
        {
            "id": "100044796200261",
            "count": 31
        },
        {
            "id": "100040761302134",
            "count": 100
        },
        {
            "id": "100081290556155",
            "count": 7
        },
        {
            "id": "100075940538217",
            "count": 26
        },
        {
            "id": "100056385116028",
            "count": 7
        },
        {
            "id": "100048033791608",
            "count": 25
        },
        {
            "id": "100074278195157",
            "count": 2
        },
        {
            "id": "100076162129824",
            "count": 0
        },
        {
            "id": "100088286371303",
            "count": 20
        },
        {
            "id": "100048807344371",
            "count": 33
        },
        {
            "id": "61552799013338",
            "count": 145
        },
        {
            "id": "100038946913086",
            "count": 10
        },
        {
            "id": "100056500282177",
            "count": 1
        },
        {
            "id": "756782449",
            "count": 7
        },
        {
            "id": "1528770791",
            "count": 14
        },
        {
            "id": "1824557330",
            "count": 26
        },
        {
            "id": "100011422572422",
            "count": 6
        },
        {
            "id": "1153327407",
            "count": 26
        },
        {
            "id": "100088737923043",
            "count": 98
        },
        {
            "id": "100062327635551",
            "count": 3
        },
        {
            "id": "100090835586018",
            "count": 0
        },
        {
            "id": "100000745531418",
            "count": 76
        },
        {
            "id": "100092744481406",
            "count": 68
        },
        {
            "id": "100087659527478",
            "count": 52
        },
        {
            "id": "100078168302063",
            "count": 532
        },
        {
            "id": "100000732833159",
            "count": 79
        },
        {
            "id": "100031177811759",
            "count": 87
        },
        {
            "id": "100004458484369",
            "count": 115
        },
        {
            "id": "100037211391552",
            "count": 44
        },
        {
            "id": "100027187763993",
            "count": 0
        },
        {
            "id": "100084329895588",
            "count": 26
        },
        {
            "id": "100022448225417",
            "count": 174
        },
        {
            "id": "100061160525111",
            "count": 0
        },
        {
            "id": "100081162464683",
            "count": 1
        },
        {
            "id": "509484270",
            "count": 279
        },
        {
            "id": "100081129610697",
            "count": 524
        },
        {
            "id": "100039986310453",
            "count": 234
        },
        {
            "id": "100051241563318",
            "count": 254
        },
        {
            "id": "100013186963793",
            "count": 0
        },
        {
            "id": "100035731083424",
            "count": 0
        },
        {
            "id": "100041024985340",
            "count": 0
        },
        {
            "id": "100074142183168",
            "count": 0
        },
        {
            "id": "100060348680482",
            "count": 2
        },
        {
            "id": "61552250423946",
            "count": 52
        },
        {
            "id": "100050198327007",
            "count": 28
        },
        {
            "id": "100085073240621",
            "count": 29
        },
        {
            "id": "100048505611574",
            "count": 71
        },
        {
            "id": "100000147407179",
            "count": 0
        },
        {
            "id": "100091617204340",
            "count": 3
        },
        {
            "id": "100092968517593",
            "count": 4
        },
        {
            "id": "100069864945865",
            "count": 0
        },
        {
            "id": "100080659225577",
            "count": 16
        },
        {
            "id": "100068310261131",
            "count": 140
        },
        {
            "id": "100088989977962",
            "count": 15
        },
        {
            "id": "1628010947",
            "count": 208
        },
        {
            "id": "61552004121558",
            "count": 0
        },
        {
            "id": "100055943906136",
            "count": 96
        },
        {
            "id": "61552833955801",
            "count": 0
        },
        {
            "id": "100083174347639",
            "count": 21
        },
        {
            "id": "100088817988946",
            "count": 0
        },
        {
            "id": "1511167863",
            "count": 0
        },
        {
            "id": "100060845223319",
            "count": 4
        },
        {
            "id": "100075355876941",
            "count": 310
        },
        {
            "id": "61552623147589",
            "count": 0
        },
        {
            "id": "61553906223495",
            "count": 119
        },
        {
            "id": "61553670189094",
            "count": 0
        },
        {
            "id": "61554366280412",
            "count": 26
        },
        {
            "id": "61554291864873",
            "count": 79
        },
        {
            "id": "100082341605370",
            "count": 30
        },
        {
            "id": "100058800620671",
            "count": 0
        },
        {
            "id": "100026713847068",
            "count": 69
        },
        {
            "id": "100074830520301",
            "count": 1
        },
        {
            "id": "100004989570567",
            "count": 0
        },
        {
            "id": "61553929221864",
            "count": 196
        },
        {
            "id": "100085625258201",
            "count": 9
        },
        {
            "id": "61553918098555",
            "count": 53
        },
        {
            "id": "100067930177504",
            "count": 18
        },
        {
            "id": "61552500791337",
            "count": 113
        },
        {
            "id": "100042972203184",
            "count": 221
        },
        {
            "id": "100000385494382",
            "count": 237
        },
        {
            "id": "61554918801292",
            "count": 0
        },
        {
            "id": "100090135878284",
            "count": 72
        },
        {
            "id": "61552123057620",
            "count": 0
        },
        {
            "id": "100077014194257",
            "count": 36
        },
        {
            "id": "61554438130834",
            "count": 25
        },
        {
            "id": "100094027641630",
            "count": 85
        },
        {
            "id": "100008225821165",
            "count": 24
        },
        {
            "id": "100011082583640",
            "count": 3
        },
        {
            "id": "100058548293549",
            "count": 3
        },
        {
            "id": "1496041630",
            "count": 0
        },
        {
            "id": "23100768",
            "count": 0
        }
    ],
    "time": 0,
    "last": {
        "time": 1,
        "day": [
            {
                "id": "100038677565816",
                "count": 0
            },
            {
                "id": "100078441331190",
                "count": 0
            },
            {
                "id": "100001577972706",
                "count": 0
            },
            {
                "id": "100085342716116",
                "count": 0
            },
            {
                "id": "100083897637232",
                "count": 0
            },
            {
                "id": "100077980504363",
                "count": 0
            },
            {
                "id": "709145693",
                "count": 0
            },
            {
                "id": "100091891485289",
                "count": 0
            },
            {
                "id": "100042575622073",
                "count": 0
            },
            {
                "id": "100088983950456",
                "count": 0
            },
            {
                "id": "557378754",
                "count": 0
            },
            {
                "id": "100031845708228",
                "count": 0
            },
            {
                "id": "100044796200261",
                "count": 0
            },
            {
                "id": "61553447425913",
                "count": 0
            },
            {
                "id": "100038791595043",
                "count": 0
            },
            {
                "id": "100040761302134",
                "count": 0
            },
            {
                "id": "100081290556155",
                "count": 0
            },
            {
                "id": "100075940538217",
                "count": 0
            },
            {
                "id": "100060442341125",
                "count": 0
            },
            {
                "id": "100030860482751",
                "count": 0
            },
            {
                "id": "100056385116028",
                "count": 0
            },
            {
                "id": "100092394188323",
                "count": 0
            },
            {
                "id": "100076178512017",
                "count": 0
            },
            {
                "id": "100057211614318",
                "count": 0
            },
            {
                "id": "100048033791608",
                "count": 0
            },
            {
                "id": "100074278195157",
                "count": 0
            },
            {
                "id": "100076162129824",
                "count": 0
            },
            {
                "id": "100088286371303",
                "count": 0
            },
            {
                "id": "100048807344371",
                "count": 0
            },
            {
                "id": "61552799013338",
                "count": 0
            },
            {
                "id": "100038946913086",
                "count": 0
            },
            {
                "id": "100056500282177",
                "count": 0
            },
            {
                "id": "684737794",
                "count": 0
            },
            {
                "id": "756782449",
                "count": 0
            },
            {
                "id": "1528770791",
                "count": 0
            },
            {
                "id": "100025818829763",
                "count": 0
            },
            {
                "id": "1824557330",
                "count": 0
            },
            {
                "id": "100011422572422",
                "count": 0
            },
            {
                "id": "1153327407",
                "count": 0
            },
            {
                "id": "100088737923043",
                "count": 0
            },
            {
                "id": "100062327635551",
                "count": 0
            },
            {
                "id": "100090835586018",
                "count": 0
            },
            {
                "id": "100035421814099",
                "count": 0
            },
            {
                "id": "100070200092705",
                "count": 0
            },
            {
                "id": "100000745531418",
                "count": 0
            },
            {
                "id": "100040461800609",
                "count": 0
            },
            {
                "id": "100092744481406",
                "count": 0
            },
            {
                "id": "100087659527478",
                "count": 0
            },
            {
                "id": "61553567172367",
                "count": 0
            },
            {
                "id": "100088911317039",
                "count": 0
            },
            {
                "id": "100078168302063",
                "count": 0
            },
            {
                "id": "100004843834867",
                "count": 0
            },
            {
                "id": "100000732833159",
                "count": 0
            },
            {
                "id": "100053800224181",
                "count": 0
            },
            {
                "id": "100050376375341",
                "count": 0
            },
            {
                "id": "100031177811759",
                "count": 0
            },
            {
                "id": "100004458484369",
                "count": 0
            },
            {
                "id": "100037211391552",
                "count": 0
            },
            {
                "id": "100059469228910",
                "count": 0
            },
            {
                "id": "61553797689757",
                "count": 0
            },
            {
                "id": "100000661752086",
                "count": 0
            },
            {
                "id": "100068154438111",
                "count": 0
            },
            {
                "id": "100056775617898",
                "count": 0
            },
            {
                "id": "100027187763993",
                "count": 0
            },
            {
                "id": "61553545121883",
                "count": 0
            },
            {
                "id": "61553891076730",
                "count": 0
            },
            {
                "id": "100073667168483",
                "count": 0
            },
            {
                "id": "100075494992573",
                "count": 0
            },
            {
                "id": "100084329895588",
                "count": 0
            },
            {
                "id": "100053408242327",
                "count": 0
            },
            {
                "id": "100022448225417",
                "count": 0
            },
            {
                "id": "100009713618289",
                "count": 0
            },
            {
                "id": "61552123057620",
                "count": 0
            },
            {
                "id": "100094255831546",
                "count": 0
            },
            {
                "id": "61553730976224",
                "count": 0
            },
            {
                "id": "100061160525111",
                "count": 0
            },
            {
                "id": "100081162464683",
                "count": 0
            },
            {
                "id": "100008522174196",
                "count": 0
            },
            {
                "id": "100076110116556",
                "count": 0
            },
            {
                "id": "61550215527127",
                "count": 0
            },
            {
                "id": "100073785162678",
                "count": 0
            },
            {
                "id": "61554013348522",
                "count": 0
            },
            {
                "id": "509484270",
                "count": 0
            },
            {
                "id": "100071731943609",
                "count": 0
            },
            {
                "id": "100003464693338",
                "count": 0
            },
            {
                "id": "100088578121564",
                "count": 0
            },
            {
                "id": "61551011350090",
                "count": 0
            },
            {
                "id": "100076254754932",
                "count": 0
            },
            {
                "id": "61550991046454",
                "count": 0
            },
            {
                "id": "100081129610697",
                "count": 0
            },
            {
                "id": "100039986310453",
                "count": 0
            },
            {
                "id": "100051241563318",
                "count": 0
            },
            {
                "id": "100082341605370",
                "count": 0
            },
            {
                "id": "100013186963793",
                "count": 0
            },
            {
                "id": "100085625258201",
                "count": 0
            },
            {
                "id": "100080647629698",
                "count": 0
            },
            {
                "id": "100035731083424",
                "count": 0
            },
            {
                "id": "100041024985340",
                "count": 0
            },
            {
                "id": "100074142183168",
                "count": 0
            },
            {
                "id": "100060348680482",
                "count": 0
            },
            {
                "id": "100080127415127",
                "count": 0
            },
            {
                "id": "100092835121125",
                "count": 0
            },
            {
                "id": "100003197497052",
                "count": 0
            },
            {
                "id": "100060894693968",
                "count": 0
            },
            {
                "id": "100073137742165",
                "count": 0
            },
            {
                "id": "100007653399051",
                "count": 0
            },
            {
                "id": "61552250423946",
                "count": 0
            },
            {
                "id": "100001691890354",
                "count": 0
            },
            {
                "id": "100050198327007",
                "count": 0
            },
            {
                "id": "61551877322534",
                "count": 0
            },
            {
                "id": "100071912125377",
                "count": 0
            },
            {
                "id": "61550519313845",
                "count": 0
            },
            {
                "id": "100085073240621",
                "count": 0
            },
            {
                "id": "100081799013575",
                "count": 0
            },
            {
                "id": "100049160025223",
                "count": 0
            },
            {
                "id": "100093844676815",
                "count": 0
            },
            {
                "id": "100094301281835",
                "count": 0
            },
            {
                "id": "61552268945009",
                "count": 0
            },
            {
                "id": "100092199880667",
                "count": 0
            },
            {
                "id": "100048505611574",
                "count": 0
            },
            {
                "id": "100000147407179",
                "count": 0
            },
            {
                "id": "100091617204340",
                "count": 0
            },
            {
                "id": "100014360941585",
                "count": 0
            },
            {
                "id": "100034460483796",
                "count": 0
            },
            {
                "id": "100092968517593",
                "count": 0
            },
            {
                "id": "100069864945865",
                "count": 0
            },
            {
                "id": "100080659225577",
                "count": 0
            },
            {
                "id": "100068310261131",
                "count": 0
            },
            {
                "id": "100088989977962",
                "count": 0
            },
            {
                "id": "100000749440372",
                "count": 0
            },
            {
                "id": "100092573320601",
                "count": 0
            },
            {
                "id": "100092570785873",
                "count": 0
            },
            {
                "id": "100003220616968",
                "count": 0
            },
            {
                "id": "61553625707872",
                "count": 0
            },
            {
                "id": "1628010947",
                "count": 0
            },
            {
                "id": "61554676040079",
                "count": 0
            },
            {
                "id": "100058800620671",
                "count": 0
            },
            {
                "id": "61552004121558",
                "count": 0
            },
            {
                "id": "512037995",
                "count": 0
            },
            {
                "id": "100048031278514",
                "count": 0
            },
            {
                "id": "100063699549092",
                "count": 0
            },
            {
                "id": "100055943906136",
                "count": 0
            },
            {
                "id": "61552833955801",
                "count": 0
            },
            {
                "id": "61553971397160",
                "count": 0
            },
            {
                "id": "100001986424154",
                "count": 0
            },
            {
                "id": "100039043393138",
                "count": 0
            },
            {
                "id": "100066310117894",
                "count": 0
            },
            {
                "id": "100074224563535",
                "count": 0
            },
            {
                "id": "100077014194257",
                "count": 0
            },
            {
                "id": "100083174347639",
                "count": 0
            },
            {
                "id": "100080048156739",
                "count": 0
            },
            {
                "id": "100088817988946",
                "count": 0
            },
            {
                "id": "1511167863",
                "count": 0
            },
            {
                "id": "1074491699",
                "count": 0
            },
            {
                "id": "61553886609057",
                "count": 0
            },
            {
                "id": "100026713847068",
                "count": 0
            },
            {
                "id": "100083205727767",
                "count": 0
            },
            {
                "id": "100029543890778",
                "count": 0
            },
            {
                "id": "100064993267271",
                "count": 0
            },
            {
                "id": "61553211135591",
                "count": 0
            },
            {
                "id": "100094065771787",
                "count": 0
            },
            {
                "id": "100060845223319",
                "count": 0
            },
            {
                "id": "100075355876941",
                "count": 0
            },
            {
                "id": "100025377578883",
                "count": 0
            },
            {
                "id": "100002142461004",
                "count": 0
            },
            {
                "id": "61553929221864",
                "count": 0
            },
            {
                "id": "61554643315648",
                "count": 0
            },
            {
                "id": "61552623147589",
                "count": 0
            },
            {
                "id": "61554273249810",
                "count": 0
            },
            {
                "id": "61553906223495",
                "count": 0
            },
            {
                "id": "100000479251084",
                "count": 0
            },
            {
                "id": "100086973325481",
                "count": 0
            },
            {
                "id": "100088266109751",
                "count": 0
            },
            {
                "id": "61553670189094",
                "count": 0
            },
            {
                "id": "61554366280412",
                "count": 0
            },
            {
                "id": "100094027641630",
                "count": 0
            },
            {
                "id": "61554291864873",
                "count": 0
            },
            {
                "id": "1216989030",
                "count": 0
            },
            {
                "id": "100028932424306",
                "count": 0
            },
            {
                "id": "100074830520301",
                "count": 0
            },
            {
                "id": "100004989570567",
                "count": 0
            },
            {
                "id": "61554474940505",
                "count": 0
            },
            {
                "id": "61553918098555",
                "count": 0
            },
            {
                "id": "100067930177504",
                "count": 0
            },
            {
                "id": "61552500791337",
                "count": 0
            },
            {
                "id": "100042972203184",
                "count": 0
            },
            {
                "id": "100090562700474",
                "count": 0
            },
            {
                "id": "100000385494382",
                "count": 0
            },
            {
                "id": "61554918801292",
                "count": 0
            },
            {
                "id": "100090135878284",
                "count": 0
            },
            {
                "id": "61553999687754",
                "count": 0
            },
            {
                "id": "61554438130834",
                "count": 0
            },
            {
                "id": "61554533647809",
                "count": 0
            },
            {
                "id": "100008225821165",
                "count": 0
            },
            {
                "id": "100011082583640",
                "count": 0
            },
            {
                "id": "100045416898727",
                "count": 0
            },
            {
                "id": "100058548293549",
                "count": 0
            },
            {
                "id": "1496041630",
                "count": 0
            },
            {
                "id": "23100768",
                "count": 0
            }
        ],
        "week": [
            {
                "id": "100038677565816",
                "count": 0
            },
            {
                "id": "100078441331190",
                "count": 0
            },
            {
                "id": "100001577972706",
                "count": 0
            },
            {
                "id": "100085342716116",
                "count": 0
            },
            {
                "id": "100083897637232",
                "count": 0
            },
            {
                "id": "100077980504363",
                "count": 0
            },
            {
                "id": "709145693",
                "count": 0
            },
            {
                "id": "100091891485289",
                "count": 0
            },
            {
                "id": "100042575622073",
                "count": 0
            },
            {
                "id": "100088983950456",
                "count": 0
            },
            {
                "id": "557378754",
                "count": 0
            },
            {
                "id": "100031845708228",
                "count": 0
            },
            {
                "id": "100044796200261",
                "count": 0
            },
            {
                "id": "61553447425913",
                "count": 0
            },
            {
                "id": "100038791595043",
                "count": 0
            },
            {
                "id": "100040761302134",
                "count": 0
            },
            {
                "id": "100081290556155",
                "count": 0
            },
            {
                "id": "100075940538217",
                "count": 0
            },
            {
                "id": "100060442341125",
                "count": 0
            },
            {
                "id": "100030860482751",
                "count": 0
            },
            {
                "id": "100056385116028",
                "count": 0
            },
            {
                "id": "100092394188323",
                "count": 0
            },
            {
                "id": "100076178512017",
                "count": 0
            },
            {
                "id": "100057211614318",
                "count": 0
            },
            {
                "id": "100048033791608",
                "count": 0
            },
            {
                "id": "100074278195157",
                "count": 0
            },
            {
                "id": "100076162129824",
                "count": 0
            },
            {
                "id": "100088286371303",
                "count": 0
            },
            {
                "id": "100048807344371",
                "count": 0
            },
            {
                "id": "61552799013338",
                "count": 0
            },
            {
                "id": "100038946913086",
                "count": 0
            },
            {
                "id": "100056500282177",
                "count": 0
            },
            {
                "id": "684737794",
                "count": 0
            },
            {
                "id": "756782449",
                "count": 0
            },
            {
                "id": "1528770791",
                "count": 0
            },
            {
                "id": "100025818829763",
                "count": 0
            },
            {
                "id": "1824557330",
                "count": 0
            },
            {
                "id": "100011422572422",
                "count": 0
            },
            {
                "id": "1153327407",
                "count": 0
            },
            {
                "id": "100088737923043",
                "count": 0
            },
            {
                "id": "100062327635551",
                "count": 0
            },
            {
                "id": "100090835586018",
                "count": 0
            },
            {
                "id": "100035421814099",
                "count": 0
            },
            {
                "id": "100070200092705",
                "count": 0
            },
            {
                "id": "100000745531418",
                "count": 0
            },
            {
                "id": "100040461800609",
                "count": 0
            },
            {
                "id": "100092744481406",
                "count": 0
            },
            {
                "id": "100087659527478",
                "count": 0
            },
            {
                "id": "61553567172367",
                "count": 0
            },
            {
                "id": "100088911317039",
                "count": 0
            },
            {
                "id": "100078168302063",
                "count": 0
            },
            {
                "id": "100004843834867",
                "count": 0
            },
            {
                "id": "100000732833159",
                "count": 0
            },
            {
                "id": "100053800224181",
                "count": 0
            },
            {
                "id": "100050376375341",
                "count": 0
            },
            {
                "id": "100031177811759",
                "count": 0
            },
            {
                "id": "100004458484369",
                "count": 0
            },
            {
                "id": "100037211391552",
                "count": 0
            },
            {
                "id": "100059469228910",
                "count": 0
            },
            {
                "id": "61553797689757",
                "count": 0
            },
            {
                "id": "100000661752086",
                "count": 0
            },
            {
                "id": "100068154438111",
                "count": 0
            },
            {
                "id": "100056775617898",
                "count": 0
            },
            {
                "id": "100027187763993",
                "count": 0
            },
            {
                "id": "61553545121883",
                "count": 0
            },
            {
                "id": "61553891076730",
                "count": 0
            },
            {
                "id": "100073667168483",
                "count": 0
            },
            {
                "id": "100075494992573",
                "count": 0
            },
            {
                "id": "100084329895588",
                "count": 0
            },
            {
                "id": "100053408242327",
                "count": 0
            },
            {
                "id": "100022448225417",
                "count": 0
            },
            {
                "id": "100009713618289",
                "count": 0
            },
            {
                "id": "61552123057620",
                "count": 0
            },
            {
                "id": "100094255831546",
                "count": 0
            },
            {
                "id": "61553730976224",
                "count": 0
            },
            {
                "id": "100061160525111",
                "count": 0
            },
            {
                "id": "100081162464683",
                "count": 0
            },
            {
                "id": "100008522174196",
                "count": 0
            },
            {
                "id": "100076110116556",
                "count": 0
            },
            {
                "id": "61550215527127",
                "count": 0
            },
            {
                "id": "100073785162678",
                "count": 0
            },
            {
                "id": "61554013348522",
                "count": 0
            },
            {
                "id": "509484270",
                "count": 0
            },
            {
                "id": "100071731943609",
                "count": 0
            },
            {
                "id": "100003464693338",
                "count": 0
            },
            {
                "id": "100088578121564",
                "count": 0
            },
            {
                "id": "61551011350090",
                "count": 0
            },
            {
                "id": "100076254754932",
                "count": 0
            },
            {
                "id": "61550991046454",
                "count": 0
            },
            {
                "id": "100081129610697",
                "count": 0
            },
            {
                "id": "100039986310453",
                "count": 0
            },
            {
                "id": "100051241563318",
                "count": 0
            },
            {
                "id": "100082341605370",
                "count": 0
            },
            {
                "id": "100013186963793",
                "count": 0
            },
            {
                "id": "100085625258201",
                "count": 0
            },
            {
                "id": "100080647629698",
                "count": 0
            },
            {
                "id": "100035731083424",
                "count": 0
            },
            {
                "id": "100041024985340",
                "count": 0
            },
            {
                "id": "100074142183168",
                "count": 0
            },
            {
                "id": "100060348680482",
                "count": 0
            },
            {
                "id": "100080127415127",
                "count": 0
            },
            {
                "id": "100092835121125",
                "count": 0
            },
            {
                "id": "100003197497052",
                "count": 0
            },
            {
                "id": "100060894693968",
                "count": 0
            },
            {
                "id": "100073137742165",
                "count": 0
            },
            {
                "id": "100007653399051",
                "count": 0
            },
            {
                "id": "61552250423946",
                "count": 0
            },
            {
                "id": "100001691890354",
                "count": 0
            },
            {
                "id": "100050198327007",
                "count": 0
            },
            {
                "id": "61551877322534",
                "count": 0
            },
            {
                "id": "100071912125377",
                "count": 0
            },
            {
                "id": "61550519313845",
                "count": 0
            },
            {
                "id": "100085073240621",
                "count": 0
            },
            {
                "id": "100081799013575",
                "count": 0
            },
            {
                "id": "100049160025223",
                "count": 0
            },
            {
                "id": "100093844676815",
                "count": 0
            },
            {
                "id": "100094301281835",
                "count": 0
            },
            {
                "id": "61552268945009",
                "count": 0
            },
            {
                "id": "100092199880667",
                "count": 0
            },
            {
                "id": "100048505611574",
                "count": 0
            },
            {
                "id": "100000147407179",
                "count": 0
            },
            {
                "id": "100091617204340",
                "count": 0
            },
            {
                "id": "100014360941585",
                "count": 0
            },
            {
                "id": "100034460483796",
                "count": 0
            },
            {
                "id": "100092968517593",
                "count": 0
            },
            {
                "id": "100069864945865",
                "count": 0
            },
            {
                "id": "100080659225577",
                "count": 0
            },
            {
                "id": "100068310261131",
                "count": 0
            },
            {
                "id": "100088989977962",
                "count": 0
            },
            {
                "id": "100000749440372",
                "count": 0
            },
            {
                "id": "100092573320601",
                "count": 0
            },
            {
                "id": "100092570785873",
                "count": 0
            },
            {
                "id": "100003220616968",
                "count": 0
            },
            {
                "id": "61553625707872",
                "count": 0
            },
            {
                "id": "1628010947",
                "count": 0
            },
            {
                "id": "61554676040079",
                "count": 0
            },
            {
                "id": "100058800620671",
                "count": 0
            },
            {
                "id": "61552004121558",
                "count": 0
            },
            {
                "id": "512037995",
                "count": 0
            },
            {
                "id": "100048031278514",
                "count": 0
            },
            {
                "id": "100063699549092",
                "count": 0
            },
            {
                "id": "100055943906136",
                "count": 0
            },
            {
                "id": "61552833955801",
                "count": 0
            },
            {
                "id": "61553971397160",
                "count": 0
            },
            {
                "id": "100001986424154",
                "count": 0
            },
            {
                "id": "100039043393138",
                "count": 0
            },
            {
                "id": "100066310117894",
                "count": 0
            },
            {
                "id": "100074224563535",
                "count": 0
            },
            {
                "id": "100077014194257",
                "count": 0
            },
            {
                "id": "100083174347639",
                "count": 0
            },
            {
                "id": "100080048156739",
                "count": 0
            },
            {
                "id": "100088817988946",
                "count": 0
            },
            {
                "id": "1511167863",
                "count": 0
            },
            {
                "id": "1074491699",
                "count": 0
            },
            {
                "id": "61553886609057",
                "count": 0
            },
            {
                "id": "100026713847068",
                "count": 0
            },
            {
                "id": "100083205727767",
                "count": 0
            },
            {
                "id": "100029543890778",
                "count": 0
            },
            {
                "id": "100064993267271",
                "count": 0
            },
            {
                "id": "61553211135591",
                "count": 0
            },
            {
                "id": "100094065771787",
                "count": 0
            },
            {
                "id": "100060845223319",
                "count": 0
            },
            {
                "id": "100075355876941",
                "count": 0
            },
            {
                "id": "100025377578883",
                "count": 0
            },
            {
                "id": "100002142461004",
                "count": 0
            },
            {
                "id": "61553929221864",
                "count": 0
            },
            {
                "id": "61554643315648",
                "count": 0
            },
            {
                "id": "61552623147589",
                "count": 0
            },
            {
                "id": "61554273249810",
                "count": 0
            },
            {
                "id": "61553906223495",
                "count": 0
            },
            {
                "id": "100000479251084",
                "count": 0
            },
            {
                "id": "100086973325481",
                "count": 0
            },
            {
                "id": "100088266109751",
                "count": 0
            },
            {
                "id": "61553670189094",
                "count": 0
            },
            {
                "id": "61554366280412",
                "count": 0
            },
            {
                "id": "100094027641630",
                "count": 0
            },
            {
                "id": "61554291864873",
                "count": 0
            },
            {
                "id": "1216989030",
                "count": 0
            },
            {
                "id": "100028932424306",
                "count": 0
            },
            {
                "id": "100074830520301",
                "count": 0
            },
            {
                "id": "100004989570567",
                "count": 0
            },
            {
                "id": "61554474940505",
                "count": 0
            },
            {
                "id": "61553918098555",
                "count": 0
            },
            {
                "id": "100067930177504",
                "count": 0
            },
            {
                "id": "61552500791337",
                "count": 0
            },
            {
                "id": "100042972203184",
                "count": 0
            },
            {
                "id": "100090562700474",
                "count": 0
            },
            {
                "id": "100000385494382",
                "count": 0
            },
            {
                "id": "61554918801292",
                "count": 0
            },
            {
                "id": "100090135878284",
                "count": 0
            },
            {
                "id": "61553999687754",
                "count": 0
            },
            {
                "id": "61554438130834",
                "count": 0
            },
            {
                "id": "61554533647809",
                "count": 0
            },
            {
                "id": "100008225821165",
                "count": 0
            },
            {
                "id": "100011082583640",
                "count": 0
            },
            {
                "id": "100045416898727",
                "count": 0
            },
            {
                "id": "100058548293549",
                "count": 0
            },
            {
                "id": "1496041630",
                "count": 0
            },
            {
                "id": "23100768",
                "count": 0
            }
        ]
    }
}