{
    "total": [
        {
            "id": "100030205562796",
            "count": 14
        },
        {
            "id": "100019315611345",
            "count": 0
        },
        {
            "id": "100000768468627",
            "count": 78
        },
        {
            "id": "100075488079341",
            "count": 0
        },
        {
            "id": "100075793227696",
            "count": 0
        },
        {
            "id": "100012304818721",
            "count": 0
        },
        {
            "id": "100077744483079",
            "count": 0
        },
        {
            "id": "100052949679954",
            "count": 0
        },
        {
            "id": "100053010317132",
            "count": 0
        },
        {
            "id": "100028445151721",
            "count": 0
        },
        {
            "id": "100071575183469",
            "count": 0
        },
        {
            "id": "61552012478362",
            "count": 0
        },
        {
            "id": "100049086617115",
            "count": 0
        },
        {
            "id": "100057446921632",
            "count": 0
        },
        {
            "id": "100025868940463",
            "count": 0
        },
        {
            "id": "100075825345827",
            "count": 0
        },
        {
            "id": "61554802583574",
            "count": 0
        },
        {
            "id": "100087046988865",
            "count": 0
        },
        {
            "id": "100036608454114",
            "count": 0
        },
        {
            "id": "100004696126784",
            "count": 0
        },
        {
            "id": "100069672960429",
            "count": 0
        },
        {
            "id": "100070427550058",
            "count": 0
        },
        {
            "id": "100029115600589",
            "count": 0
        },
        {
            "id": "61550846649379",
            "count": 0
        },
        {
            "id": "100077764623961",
            "count": 0
        },
        {
            "id": "100085417682091",
            "count": 0
        },
        {
            "id": "100083900196039",
            "count": 21
        },
        {
            "id": "100093081352588",
            "count": 0
        },
        {
            "id": "100004504180813",
            "count": 0
        },
        {
            "id": "100000959749712",
            "count": 0
        },
        {
            "id": "100010135898307",
            "count": 0
        },
        {
            "id": "100032789873324",
            "count": 0
        },
        {
            "id": "100063964604311",
            "count": 2
        },
        {
            "id": "100075105758340",
            "count": 0
        },
        {
            "id": "100078780663533",
            "count": 0
        },
        {
            "id": "100084055394893",
            "count": 0
        },
        {
            "id": "100056927749389",
            "count": 0
        },
        {
            "id": "100091338002191",
            "count": 0
        },
        {
            "id": "100093227958263",
            "count": 0
        },
        {
            "id": "100069564157176",
            "count": 0
        },
        {
            "id": "100028435809999",
            "count": 3
        },
        {
            "id": "100022653450378",
            "count": 0
        },
        {
            "id": "100081095059373",
            "count": 0
        },
        {
            "id": "100077204082211",
            "count": 0
        },
        {
            "id": "100075288616311",
            "count": 0
        },
        {
            "id": "100080265877030",
            "count": 0
        },
        {
            "id": "100055150719616",
            "count": 0
        },
        {
            "id": "100022479882318",
            "count": 0
        },
        {
            "id": "100093474856218",
            "count": 0
        },
        {
            "id": "100082229693072",
            "count": 0
        },
        {
            "id": "61550757055138",
            "count": 0
        },
        {
            "id": "100070676409893",
            "count": 0
        },
        {
            "id": "100043763375363",
            "count": 0
        },
        {
            "id": "100004954537234",
            "count": 1
        },
        {
            "id": "100001663104262",
            "count": 0
        },
        {
            "id": "100089133855342",
            "count": 0
        },
        {
            "id": "100080072876502",
            "count": 0
        },
        {
            "id": "61552711138115",
            "count": 0
        },
        {
            "id": "61551855032471",
            "count": 0
        },
        {
            "id": "100082208856414",
            "count": 0
        },
        {
            "id": "100037608696108",
            "count": 0
        },
        {
            "id": "100004604078693",
            "count": 77
        },
        {
            "id": "100088590743398",
            "count": 0
        },
        {
            "id": "100075847939829",
            "count": 0
        },
        {
            "id": "100091460805589",
            "count": 4
        },
        {
            "id": "100081039457386",
            "count": 0
        },
        {
            "id": "100088573053361",
            "count": 15
        },
        {
            "id": "100000564972717",
            "count": 0
        },
        {
            "id": "100092610244326",
            "count": 0
        },
        {
            "id": "61553906115262",
            "count": 0
        },
        {
            "id": "100093466325198",
            "count": 0
        },
        {
            "id": "100081496740994",
            "count": 0
        },
        {
            "id": "100062097339425",
            "count": 0
        },
        {
            "id": "100067554161622",
            "count": 0
        },
        {
            "id": "61553428139624",
            "count": 21
        },
        {
            "id": "100077980504363",
            "count": 12
        },
        {
            "id": "61553670189094",
            "count": 0
        },
        {
            "id": "61554808618162",
            "count": 13
        },
        {
            "id": "61553452201069",
            "count": 22
        }
    ],
    "week": [
        {
            "id": "100030205562796",
            "count": 14
        },
        {
            "id": "100019315611345",
            "count": 0
        },
        {
            "id": "100000768468627",
            "count": 78
        },
        {
            "id": "100075488079341",
            "count": 0
        },
        {
            "id": "100075793227696",
            "count": 0
        },
        {
            "id": "100012304818721",
            "count": 0
        },
        {
            "id": "100077744483079",
            "count": 0
        },
        {
            "id": "100052949679954",
            "count": 0
        },
        {
            "id": "100053010317132",
            "count": 0
        },
        {
            "id": "100028445151721",
            "count": 0
        },
        {
            "id": "100071575183469",
            "count": 0
        },
        {
            "id": "61552012478362",
            "count": 0
        },
        {
            "id": "100049086617115",
            "count": 0
        },
        {
            "id": "100057446921632",
            "count": 0
        },
        {
            "id": "100025868940463",
            "count": 0
        },
        {
            "id": "100075825345827",
            "count": 0
        },
        {
            "id": "61554802583574",
            "count": 0
        },
        {
            "id": "100087046988865",
            "count": 0
        },
        {
            "id": "100036608454114",
            "count": 0
        },
        {
            "id": "100004696126784",
            "count": 0
        },
        {
            "id": "100069672960429",
            "count": 0
        },
        {
            "id": "100070427550058",
            "count": 0
        },
        {
            "id": "100029115600589",
            "count": 0
        },
        {
            "id": "61550846649379",
            "count": 0
        },
        {
            "id": "100077764623961",
            "count": 0
        },
        {
            "id": "100085417682091",
            "count": 0
        },
        {
            "id": "100083900196039",
            "count": 21
        },
        {
            "id": "100093081352588",
            "count": 0
        },
        {
            "id": "100004504180813",
            "count": 0
        },
        {
            "id": "100000959749712",
            "count": 0
        },
        {
            "id": "100010135898307",
            "count": 0
        },
        {
            "id": "100032789873324",
            "count": 0
        },
        {
            "id": "100063964604311",
            "count": 2
        },
        {
            "id": "100075105758340",
            "count": 0
        },
        {
            "id": "100078780663533",
            "count": 0
        },
        {
            "id": "100084055394893",
            "count": 0
        },
        {
            "id": "100056927749389",
            "count": 0
        },
        {
            "id": "100091338002191",
            "count": 0
        },
        {
            "id": "100093227958263",
            "count": 0
        },
        {
            "id": "100069564157176",
            "count": 0
        },
        {
            "id": "100028435809999",
            "count": 3
        },
        {
            "id": "100022653450378",
            "count": 0
        },
        {
            "id": "100081095059373",
            "count": 0
        },
        {
            "id": "100077204082211",
            "count": 0
        },
        {
            "id": "100075288616311",
            "count": 0
        },
        {
            "id": "100080265877030",
            "count": 0
        },
        {
            "id": "100055150719616",
            "count": 0
        },
        {
            "id": "100022479882318",
            "count": 0
        },
        {
            "id": "100093474856218",
            "count": 0
        },
        {
            "id": "100082229693072",
            "count": 0
        },
        {
            "id": "61550757055138",
            "count": 0
        },
        {
            "id": "100070676409893",
            "count": 0
        },
        {
            "id": "100043763375363",
            "count": 0
        },
        {
            "id": "100004954537234",
            "count": 1
        },
        {
            "id": "100001663104262",
            "count": 0
        },
        {
            "id": "100089133855342",
            "count": 0
        },
        {
            "id": "100080072876502",
            "count": 0
        },
        {
            "id": "61552711138115",
            "count": 0
        },
        {
            "id": "61551855032471",
            "count": 0
        },
        {
            "id": "100082208856414",
            "count": 0
        },
        {
            "id": "100037608696108",
            "count": 0
        },
        {
            "id": "100004604078693",
            "count": 77
        },
        {
            "id": "100088590743398",
            "count": 0
        },
        {
            "id": "100075847939829",
            "count": 0
        },
        {
            "id": "100091460805589",
            "count": 4
        },
        {
            "id": "100081039457386",
            "count": 0
        },
        {
            "id": "100088573053361",
            "count": 15
        },
        {
            "id": "100000564972717",
            "count": 0
        },
        {
            "id": "100092610244326",
            "count": 0
        },
        {
            "id": "61553906115262",
            "count": 0
        },
        {
            "id": "100093466325198",
            "count": 0
        },
        {
            "id": "100081496740994",
            "count": 0
        },
        {
            "id": "100062097339425",
            "count": 0
        },
        {
            "id": "100067554161622",
            "count": 0
        },
        {
            "id": "61553428139624",
            "count": 21
        },
        {
            "id": "100077980504363",
            "count": 12
        },
        {
            "id": "61553670189094",
            "count": 0
        },
        {
            "id": "61554808618162",
            "count": 13
        },
        {
            "id": "61553452201069",
            "count": 22
        }
    ],
    "day": [
        {
            "id": "100030205562796",
            "count": 14
        },
        {
            "id": "100019315611345",
            "count": 0
        },
        {
            "id": "100000768468627",
            "count": 78
        },
        {
            "id": "100075488079341",
            "count": 0
        },
        {
            "id": "100075793227696",
            "count": 0
        },
        {
            "id": "100012304818721",
            "count": 0
        },
        {
            "id": "100077744483079",
            "count": 0
        },
        {
            "id": "100052949679954",
            "count": 0
        },
        {
            "id": "100053010317132",
            "count": 0
        },
        {
            "id": "100028445151721",
            "count": 0
        },
        {
            "id": "100071575183469",
            "count": 0
        },
        {
            "id": "61552012478362",
            "count": 0
        },
        {
            "id": "100049086617115",
            "count": 0
        },
        {
            "id": "100057446921632",
            "count": 0
        },
        {
            "id": "100025868940463",
            "count": 0
        },
        {
            "id": "100075825345827",
            "count": 0
        },
        {
            "id": "61554802583574",
            "count": 0
        },
        {
            "id": "100087046988865",
            "count": 0
        },
        {
            "id": "100036608454114",
            "count": 0
        },
        {
            "id": "100004696126784",
            "count": 0
        },
        {
            "id": "100069672960429",
            "count": 0
        },
        {
            "id": "100070427550058",
            "count": 0
        },
        {
            "id": "100029115600589",
            "count": 0
        },
        {
            "id": "61550846649379",
            "count": 0
        },
        {
            "id": "100077764623961",
            "count": 0
        },
        {
            "id": "100085417682091",
            "count": 0
        },
        {
            "id": "100083900196039",
            "count": 21
        },
        {
            "id": "100093081352588",
            "count": 0
        },
        {
            "id": "100004504180813",
            "count": 0
        },
        {
            "id": "100000959749712",
            "count": 0
        },
        {
            "id": "100010135898307",
            "count": 0
        },
        {
            "id": "100032789873324",
            "count": 0
        },
        {
            "id": "100063964604311",
            "count": 2
        },
        {
            "id": "100075105758340",
            "count": 0
        },
        {
            "id": "100078780663533",
            "count": 0
        },
        {
            "id": "100084055394893",
            "count": 0
        },
        {
            "id": "100056927749389",
            "count": 0
        },
        {
            "id": "100091338002191",
            "count": 0
        },
        {
            "id": "100093227958263",
            "count": 0
        },
        {
            "id": "100069564157176",
            "count": 0
        },
        {
            "id": "100028435809999",
            "count": 3
        },
        {
            "id": "100022653450378",
            "count": 0
        },
        {
            "id": "100081095059373",
            "count": 0
        },
        {
            "id": "100077204082211",
            "count": 0
        },
        {
            "id": "100075288616311",
            "count": 0
        },
        {
            "id": "100080265877030",
            "count": 0
        },
        {
            "id": "100055150719616",
            "count": 0
        },
        {
            "id": "100022479882318",
            "count": 0
        },
        {
            "id": "100093474856218",
            "count": 0
        },
        {
            "id": "100082229693072",
            "count": 0
        },
        {
            "id": "61550757055138",
            "count": 0
        },
        {
            "id": "100070676409893",
            "count": 0
        },
        {
            "id": "100043763375363",
            "count": 0
        },
        {
            "id": "100004954537234",
            "count": 1
        },
        {
            "id": "100001663104262",
            "count": 0
        },
        {
            "id": "100089133855342",
            "count": 0
        },
        {
            "id": "100080072876502",
            "count": 0
        },
        {
            "id": "61552711138115",
            "count": 0
        },
        {
            "id": "61551855032471",
            "count": 0
        },
        {
            "id": "100082208856414",
            "count": 0
        },
        {
            "id": "100037608696108",
            "count": 0
        },
        {
            "id": "100004604078693",
            "count": 77
        },
        {
            "id": "100088590743398",
            "count": 0
        },
        {
            "id": "100075847939829",
            "count": 0
        },
        {
            "id": "100091460805589",
            "count": 4
        },
        {
            "id": "100081039457386",
            "count": 0
        },
        {
            "id": "100088573053361",
            "count": 15
        },
        {
            "id": "100000564972717",
            "count": 0
        },
        {
            "id": "100092610244326",
            "count": 0
        },
        {
            "id": "61553906115262",
            "count": 0
        },
        {
            "id": "100093466325198",
            "count": 0
        },
        {
            "id": "100081496740994",
            "count": 0
        },
        {
            "id": "100062097339425",
            "count": 0
        },
        {
            "id": "100067554161622",
            "count": 0
        },
        {
            "id": "61553428139624",
            "count": 21
        },
        {
            "id": "100077980504363",
            "count": 12
        },
        {
            "id": "61553670189094",
            "count": 0
        },
        {
            "id": "61554808618162",
            "count": 13
        },
        {
            "id": "61553452201069",
            "count": 22
        }
    ],
    "time": 0,
    "last": {
        "time": 1,
        "day": [
            {
                "id": "100030205562796",
                "count": 0
            },
            {
                "id": "100019315611345",
                "count": 0
            },
            {
                "id": "100000768468627",
                "count": 0
            },
            {
                "id": "100075488079341",
                "count": 0
            },
            {
                "id": "100075793227696",
                "count": 0
            },
            {
                "id": "100012304818721",
                "count": 0
            },
            {
                "id": "100077744483079",
                "count": 0
            },
            {
                "id": "100052949679954",
                "count": 0
            },
            {
                "id": "100053010317132",
                "count": 0
            },
            {
                "id": "100028445151721",
                "count": 0
            },
            {
                "id": "100071575183469",
                "count": 0
            },
            {
                "id": "100080899892320",
                "count": 0
            },
            {
                "id": "61552012478362",
                "count": 0
            },
            {
                "id": "100049086617115",
                "count": 0
            },
            {
                "id": "100057446921632",
                "count": 0
            },
            {
                "id": "100025868940463",
                "count": 0
            },
            {
                "id": "100075825345827",
                "count": 0
            },
            {
                "id": "61554802583574",
                "count": 0
            },
            {
                "id": "100087046988865",
                "count": 0
            },
            {
                "id": "100036608454114",
                "count": 0
            },
            {
                "id": "100004696126784",
                "count": 0
            },
            {
                "id": "100069672960429",
                "count": 0
            },
            {
                "id": "100070427550058",
                "count": 0
            },
            {
                "id": "100029115600589",
                "count": 0
            },
            {
                "id": "61550846649379",
                "count": 0
            },
            {
                "id": "100077764623961",
                "count": 0
            },
            {
                "id": "100085417682091",
                "count": 0
            },
            {
                "id": "100083900196039",
                "count": 0
            },
            {
                "id": "100093081352588",
                "count": 0
            },
            {
                "id": "100004504180813",
                "count": 0
            },
            {
                "id": "100000959749712",
                "count": 0
            },
            {
                "id": "100010135898307",
                "count": 0
            },
            {
                "id": "100032789873324",
                "count": 0
            },
            {
                "id": "100063964604311",
                "count": 0
            },
            {
                "id": "100075105758340",
                "count": 0
            },
            {
                "id": "100078780663533",
                "count": 0
            },
            {
                "id": "100084055394893",
                "count": 0
            },
            {
                "id": "100056927749389",
                "count": 0
            },
            {
                "id": "100091338002191",
                "count": 0
            },
            {
                "id": "100093227958263",
                "count": 0
            },
            {
                "id": "100069564157176",
                "count": 0
            },
            {
                "id": "100028435809999",
                "count": 0
            },
            {
                "id": "100022653450378",
                "count": 0
            },
            {
                "id": "100081095059373",
                "count": 0
            },
            {
                "id": "100077204082211",
                "count": 0
            },
            {
                "id": "100075288616311",
                "count": 0
            },
            {
                "id": "100080265877030",
                "count": 0
            },
            {
                "id": "100055150719616",
                "count": 0
            },
            {
                "id": "100022479882318",
                "count": 0
            },
            {
                "id": "100093474856218",
                "count": 0
            },
            {
                "id": "100082229693072",
                "count": 0
            },
            {
                "id": "61550757055138",
                "count": 0
            },
            {
                "id": "100070676409893",
                "count": 0
            },
            {
                "id": "100043763375363",
                "count": 0
            },
            {
                "id": "100004954537234",
                "count": 0
            },
            {
                "id": "100001663104262",
                "count": 0
            },
            {
                "id": "100089133855342",
                "count": 0
            },
            {
                "id": "100080072876502",
                "count": 0
            },
            {
                "id": "61552711138115",
                "count": 0
            },
            {
                "id": "61551855032471",
                "count": 0
            },
            {
                "id": "100082208856414",
                "count": 0
            },
            {
                "id": "100037608696108",
                "count": 0
            },
            {
                "id": "100004604078693",
                "count": 0
            },
            {
                "id": "100088590743398",
                "count": 0
            },
            {
                "id": "100075847939829",
                "count": 0
            },
            {
                "id": "100091460805589",
                "count": 0
            },
            {
                "id": "100081039457386",
                "count": 0
            },
            {
                "id": "100088573053361",
                "count": 0
            },
            {
                "id": "100000564972717",
                "count": 0
            },
            {
                "id": "100092610244326",
                "count": 0
            },
            {
                "id": "61553906115262",
                "count": 0
            },
            {
                "id": "100093466325198",
                "count": 0
            },
            {
                "id": "100081496740994",
                "count": 0
            },
            {
                "id": "100062097339425",
                "count": 0
            },
            {
                "id": "100067554161622",
                "count": 0
            },
            {
                "id": "61553428139624",
                "count": 0
            },
            {
                "id": "100077980504363",
                "count": 0
            },
            {
                "id": "61553670189094",
                "count": 0
            },
            {
                "id": "61554808618162",
                "count": 0
            },
            {
                "id": "61553452201069",
                "count": 0
            }
        ],
        "week": [
            {
                "id": "100030205562796",
                "count": 0
            },
            {
                "id": "100019315611345",
                "count": 0
            },
            {
                "id": "100000768468627",
                "count": 0
            },
            {
                "id": "100075488079341",
                "count": 0
            },
            {
                "id": "100075793227696",
                "count": 0
            },
            {
                "id": "100012304818721",
                "count": 0
            },
            {
                "id": "100077744483079",
                "count": 0
            },
            {
                "id": "100052949679954",
                "count": 0
            },
            {
                "id": "100053010317132",
                "count": 0
            },
            {
                "id": "100028445151721",
                "count": 0
            },
            {
                "id": "100071575183469",
                "count": 0
            },
            {
                "id": "100080899892320",
                "count": 0
            },
            {
                "id": "61552012478362",
                "count": 0
            },
            {
                "id": "100049086617115",
                "count": 0
            },
            {
                "id": "100057446921632",
                "count": 0
            },
            {
                "id": "100025868940463",
                "count": 0
            },
            {
                "id": "100075825345827",
                "count": 0
            },
            {
                "id": "61554802583574",
                "count": 0
            },
            {
                "id": "100087046988865",
                "count": 0
            },
            {
                "id": "100036608454114",
                "count": 0
            },
            {
                "id": "100004696126784",
                "count": 0
            },
            {
                "id": "100069672960429",
                "count": 0
            },
            {
                "id": "100070427550058",
                "count": 0
            },
            {
                "id": "100029115600589",
                "count": 0
            },
            {
                "id": "61550846649379",
                "count": 0
            },
            {
                "id": "100077764623961",
                "count": 0
            },
            {
                "id": "100085417682091",
                "count": 0
            },
            {
                "id": "100083900196039",
                "count": 0
            },
            {
                "id": "100093081352588",
                "count": 0
            },
            {
                "id": "100004504180813",
                "count": 0
            },
            {
                "id": "100000959749712",
                "count": 0
            },
            {
                "id": "100010135898307",
                "count": 0
            },
            {
                "id": "100032789873324",
                "count": 0
            },
            {
                "id": "100063964604311",
                "count": 0
            },
            {
                "id": "100075105758340",
                "count": 0
            },
            {
                "id": "100078780663533",
                "count": 0
            },
            {
                "id": "100084055394893",
                "count": 0
            },
            {
                "id": "100056927749389",
                "count": 0
            },
            {
                "id": "100091338002191",
                "count": 0
            },
            {
                "id": "100093227958263",
                "count": 0
            },
            {
                "id": "100069564157176",
                "count": 0
            },
            {
                "id": "100028435809999",
                "count": 0
            },
            {
                "id": "100022653450378",
                "count": 0
            },
            {
                "id": "100081095059373",
                "count": 0
            },
            {
                "id": "100077204082211",
                "count": 0
            },
            {
                "id": "100075288616311",
                "count": 0
            },
            {
                "id": "100080265877030",
                "count": 0
            },
            {
                "id": "100055150719616",
                "count": 0
            },
            {
                "id": "100022479882318",
                "count": 0
            },
            {
                "id": "100093474856218",
                "count": 0
            },
            {
                "id": "100082229693072",
                "count": 0
            },
            {
                "id": "61550757055138",
                "count": 0
            },
            {
                "id": "100070676409893",
                "count": 0
            },
            {
                "id": "100043763375363",
                "count": 0
            },
            {
                "id": "100004954537234",
                "count": 0
            },
            {
                "id": "100001663104262",
                "count": 0
            },
            {
                "id": "100089133855342",
                "count": 0
            },
            {
                "id": "100080072876502",
                "count": 0
            },
            {
                "id": "61552711138115",
                "count": 0
            },
            {
                "id": "61551855032471",
                "count": 0
            },
            {
                "id": "100082208856414",
                "count": 0
            },
            {
                "id": "100037608696108",
                "count": 0
            },
            {
                "id": "100004604078693",
                "count": 0
            },
            {
                "id": "100088590743398",
                "count": 0
            },
            {
                "id": "100075847939829",
                "count": 0
            },
            {
                "id": "100091460805589",
                "count": 0
            },
            {
                "id": "100081039457386",
                "count": 0
            },
            {
                "id": "100088573053361",
                "count": 0
            },
            {
                "id": "100000564972717",
                "count": 0
            },
            {
                "id": "100092610244326",
                "count": 0
            },
            {
                "id": "61553906115262",
                "count": 0
            },
            {
                "id": "100093466325198",
                "count": 0
            },
            {
                "id": "100081496740994",
                "count": 0
            },
            {
                "id": "100062097339425",
                "count": 0
            },
            {
                "id": "100067554161622",
                "count": 0
            },
            {
                "id": "61553428139624",
                "count": 0
            },
            {
                "id": "100077980504363",
                "count": 0
            },
            {
                "id": "61553670189094",
                "count": 0
            },
            {
                "id": "61554808618162",
                "count": 0
            },
            {
                "id": "61553452201069",
                "count": 0
            }
        ]
    }
}