{
    "total": [
        {
            "id": "100007983120330",
            "count": 0
        },
        {
            "id": "100018178041120",
            "count": 0
        },
        {
            "id": "100020297100144",
            "count": 0
        },
        {
            "id": "100022058474577",
            "count": 0
        },
        {
            "id": "100023072555103",
            "count": 0
        },
        {
            "id": "100023538824140",
            "count": 0
        },
        {
            "id": "100037211391552",
            "count": 0
        },
        {
            "id": "100038712123708",
            "count": 0
        },
        {
            "id": "100040774741313",
            "count": 0
        },
        {
            "id": "100042562902970",
            "count": 0
        },
        {
            "id": "100046245679609",
            "count": 0
        },
        {
            "id": "100049064564282",
            "count": 0
        },
        {
            "id": "100050685667856",
            "count": 0
        },
        {
            "id": "100051120954168",
            "count": 0
        },
        {
            "id": "100052099704347",
            "count": 0
        },
        {
            "id": "100052275203830",
            "count": 0
        },
        {
            "id": "100053071082611",
            "count": 0
        },
        {
            "id": "100053441830749",
            "count": 0
        },
        {
            "id": "100054152644605",
            "count": 0
        },
        {
            "id": "100055143390404",
            "count": 0
        },
        {
            "id": "100055273496276",
            "count": 0
        },
        {
            "id": "100058247483594",
            "count": 0
        },
        {
            "id": "100058368403112",
            "count": 0
        },
        {
            "id": "100059036475175",
            "count": 0
        },
        {
            "id": "100060418544586",
            "count": 0
        },
        {
            "id": "100060766060569",
            "count": 0
        },
        {
            "id": "100063647093819",
            "count": 0
        },
        {
            "id": "100063854705489",
            "count": 0
        },
        {
            "id": "100065345865143",
            "count": 0
        },
        {
            "id": "100068180674287",
            "count": 0
        },
        {
            "id": "100068390512366",
            "count": 0
        },
        {
            "id": "100069034490631",
            "count": 1
        },
        {
            "id": "100069246614610",
            "count": 0
        },
        {
            "id": "100069564621889",
            "count": 0
        },
        {
            "id": "100069721796400",
            "count": 0
        },
        {
            "id": "100072534692059",
            "count": 0
        },
        {
            "id": "100072713953965",
            "count": 0
        },
        {
            "id": "100073709118964",
            "count": 0
        },
        {
            "id": "100073733733036",
            "count": 0
        },
        {
            "id": "100073914505202",
            "count": 0
        },
        {
            "id": "100074989756571",
            "count": 0
        },
        {
            "id": "100075045672682",
            "count": 0
        },
        {
            "id": "100075355876941",
            "count": 0
        },
        {
            "id": "100075483996976",
            "count": 0
        },
        {
            "id": "100075512350565",
            "count": 0
        },
        {
            "id": "100076016169543",
            "count": 0
        },
        {
            "id": "100076704768542",
            "count": 0
        },
        {
            "id": "100077606558815",
            "count": 0
        },
        {
            "id": "100080477570628",
            "count": 0
        },
        {
            "id": "100081559980120",
            "count": 0
        },
        {
            "id": "100081687495014",
            "count": 0
        },
        {
            "id": "100082212352230",
            "count": 0
        },
        {
            "id": "100082227319124",
            "count": 0
        },
        {
            "id": "100083966956905",
            "count": 0
        },
        {
            "id": "100084272238125",
            "count": 0
        },
        {
            "id": "100085804470373",
            "count": 0
        },
        {
            "id": "100087563325271",
            "count": 0
        },
        {
            "id": "100087794490181",
            "count": 0
        }
    ],
    "week": [
        {
            "id": "100007983120330",
            "count": 0
        },
        {
            "id": "100018178041120",
            "count": 0
        },
        {
            "id": "100020297100144",
            "count": 0
        },
        {
            "id": "100022058474577",
            "count": 0
        },
        {
            "id": "100023072555103",
            "count": 0
        },
        {
            "id": "100023538824140",
            "count": 0
        },
        {
            "id": "100037211391552",
            "count": 0
        },
        {
            "id": "100038712123708",
            "count": 0
        },
        {
            "id": "100040774741313",
            "count": 0
        },
        {
            "id": "100042562902970",
            "count": 0
        },
        {
            "id": "100046245679609",
            "count": 0
        },
        {
            "id": "100049064564282",
            "count": 0
        },
        {
            "id": "100050685667856",
            "count": 0
        },
        {
            "id": "100051120954168",
            "count": 0
        },
        {
            "id": "100052099704347",
            "count": 0
        },
        {
            "id": "100052275203830",
            "count": 0
        },
        {
            "id": "100053071082611",
            "count": 0
        },
        {
            "id": "100053441830749",
            "count": 0
        },
        {
            "id": "100054152644605",
            "count": 0
        },
        {
            "id": "100055143390404",
            "count": 0
        },
        {
            "id": "100055273496276",
            "count": 0
        },
        {
            "id": "100058247483594",
            "count": 0
        },
        {
            "id": "100058368403112",
            "count": 0
        },
        {
            "id": "100059036475175",
            "count": 0
        },
        {
            "id": "100060418544586",
            "count": 0
        },
        {
            "id": "100060766060569",
            "count": 0
        },
        {
            "id": "100063647093819",
            "count": 0
        },
        {
            "id": "100063854705489",
            "count": 0
        },
        {
            "id": "100065345865143",
            "count": 0
        },
        {
            "id": "100068180674287",
            "count": 0
        },
        {
            "id": "100068390512366",
            "count": 0
        },
        {
            "id": "100069034490631",
            "count": 1
        },
        {
            "id": "100069246614610",
            "count": 0
        },
        {
            "id": "100069564621889",
            "count": 0
        },
        {
            "id": "100069721796400",
            "count": 0
        },
        {
            "id": "100072534692059",
            "count": 0
        },
        {
            "id": "100072713953965",
            "count": 0
        },
        {
            "id": "100073709118964",
            "count": 0
        },
        {
            "id": "100073733733036",
            "count": 0
        },
        {
            "id": "100073914505202",
            "count": 0
        },
        {
            "id": "100074989756571",
            "count": 0
        },
        {
            "id": "100075045672682",
            "count": 0
        },
        {
            "id": "100075355876941",
            "count": 0
        },
        {
            "id": "100075483996976",
            "count": 0
        },
        {
            "id": "100075512350565",
            "count": 0
        },
        {
            "id": "100076016169543",
            "count": 0
        },
        {
            "id": "100076704768542",
            "count": 0
        },
        {
            "id": "100077606558815",
            "count": 0
        },
        {
            "id": "100080477570628",
            "count": 0
        },
        {
            "id": "100081559980120",
            "count": 0
        },
        {
            "id": "100081687495014",
            "count": 0
        },
        {
            "id": "100082212352230",
            "count": 0
        },
        {
            "id": "100082227319124",
            "count": 0
        },
        {
            "id": "100083966956905",
            "count": 0
        },
        {
            "id": "100084272238125",
            "count": 0
        },
        {
            "id": "100085804470373",
            "count": 0
        },
        {
            "id": "100087563325271",
            "count": 0
        },
        {
            "id": "100087794490181",
            "count": 0
        }
    ],
    "day": [
        {
            "id": "100007983120330",
            "count": 0
        },
        {
            "id": "100018178041120",
            "count": 0
        },
        {
            "id": "100020297100144",
            "count": 0
        },
        {
            "id": "100022058474577",
            "count": 0
        },
        {
            "id": "100023072555103",
            "count": 0
        },
        {
            "id": "100023538824140",
            "count": 0
        },
        {
            "id": "100037211391552",
            "count": 0
        },
        {
            "id": "100038712123708",
            "count": 0
        },
        {
            "id": "100040774741313",
            "count": 0
        },
        {
            "id": "100042562902970",
            "count": 0
        },
        {
            "id": "100046245679609",
            "count": 0
        },
        {
            "id": "100049064564282",
            "count": 0
        },
        {
            "id": "100050685667856",
            "count": 0
        },
        {
            "id": "100051120954168",
            "count": 0
        },
        {
            "id": "100052099704347",
            "count": 0
        },
        {
            "id": "100052275203830",
            "count": 0
        },
        {
            "id": "100053071082611",
            "count": 0
        },
        {
            "id": "100053441830749",
            "count": 0
        },
        {
            "id": "100054152644605",
            "count": 0
        },
        {
            "id": "100055143390404",
            "count": 0
        },
        {
            "id": "100055273496276",
            "count": 0
        },
        {
            "id": "100058247483594",
            "count": 0
        },
        {
            "id": "100058368403112",
            "count": 0
        },
        {
            "id": "100059036475175",
            "count": 0
        },
        {
            "id": "100060418544586",
            "count": 0
        },
        {
            "id": "100060766060569",
            "count": 0
        },
        {
            "id": "100063647093819",
            "count": 0
        },
        {
            "id": "100063854705489",
            "count": 0
        },
        {
            "id": "100065345865143",
            "count": 0
        },
        {
            "id": "100068180674287",
            "count": 0
        },
        {
            "id": "100068390512366",
            "count": 0
        },
        {
            "id": "100069034490631",
            "count": 1
        },
        {
            "id": "100069246614610",
            "count": 0
        },
        {
            "id": "100069564621889",
            "count": 0
        },
        {
            "id": "100069721796400",
            "count": 0
        },
        {
            "id": "100072534692059",
            "count": 0
        },
        {
            "id": "100072713953965",
            "count": 0
        },
        {
            "id": "100073709118964",
            "count": 0
        },
        {
            "id": "100073733733036",
            "count": 0
        },
        {
            "id": "100073914505202",
            "count": 0
        },
        {
            "id": "100074989756571",
            "count": 0
        },
        {
            "id": "100075045672682",
            "count": 0
        },
        {
            "id": "100075355876941",
            "count": 0
        },
        {
            "id": "100075483996976",
            "count": 0
        },
        {
            "id": "100075512350565",
            "count": 0
        },
        {
            "id": "100076016169543",
            "count": 0
        },
        {
            "id": "100076704768542",
            "count": 0
        },
        {
            "id": "100077606558815",
            "count": 0
        },
        {
            "id": "100080477570628",
            "count": 0
        },
        {
            "id": "100081559980120",
            "count": 0
        },
        {
            "id": "100081687495014",
            "count": 0
        },
        {
            "id": "100082212352230",
            "count": 0
        },
        {
            "id": "100082227319124",
            "count": 0
        },
        {
            "id": "100083966956905",
            "count": 0
        },
        {
            "id": "100084272238125",
            "count": 0
        },
        {
            "id": "100085804470373",
            "count": 0
        },
        {
            "id": "100087563325271",
            "count": 0
        },
        {
            "id": "100087794490181",
            "count": 0
        }
    ],
    "time": 0
}