{
    "total": [
        {
            "id": "100068154438111",
            "count": 5
        },
        {
            "id": "100014811933322",
            "count": 4
        },
        {
            "id": "100001384775585",
            "count": 0
        },
        {
            "id": "100050068740641",
            "count": 0
        },
        {
            "id": "100056565229471",
            "count": 0
        },
        {
            "id": "100090458979503",
            "count": 6
        },
        {
            "id": "100090835586018",
            "count": 0
        },
        {
            "id": "509484270",
            "count": 2
        },
        {
            "id": "100080949890526",
            "count": 0
        },
        {
            "id": "100038677565816",
            "count": 0
        },
        {
            "id": "100088286371303",
            "count": 0
        },
        {
            "id": "61550126549146",
            "count": 25
        },
        {
            "id": "100048286966787",
            "count": 4
        },
        {
            "id": "100007704346822",
            "count": 0
        },
        {
            "id": "100063050334248",
            "count": 11
        },
        {
            "id": "100082055229744",
            "count": 11
        },
        {
            "id": "100085266196708",
            "count": 17
        },
        {
            "id": "100051049144814",
            "count": 0
        },
        {
            "id": "593577006",
            "count": 0
        },
        {
            "id": "100000306189948",
            "count": 0
        },
        {
            "id": "100081797352234",
            "count": 11
        },
        {
            "id": "100078168302063",
            "count": 8
        },
        {
            "id": "100077980504363",
            "count": 15
        },
        {
            "id": "100011422572422",
            "count": 0
        },
        {
            "id": "100000745531418",
            "count": 0
        },
        {
            "id": "100083174347639",
            "count": 10
        },
        {
            "id": "61554349770554",
            "count": 1
        },
        {
            "id": "100066802922565",
            "count": 2
        },
        {
            "id": "100055524725064",
            "count": 16
        },
        {
            "id": "100037465932663",
            "count": 0
        },
        {
            "id": "100038678414010",
            "count": 0
        },
        {
            "id": "100076162129824",
            "count": 0
        },
        {
            "id": "100030860482751",
            "count": 0
        },
        {
            "id": "61552623147589",
            "count": 0
        },
        {
            "id": "100058800620671",
            "count": 0
        },
        {
            "id": "100083631244697",
            "count": 0
        },
        {
            "id": "100046691234633",
            "count": 0
        },
        {
            "id": "100074142183168",
            "count": 0
        },
        {
            "id": "100030967444445",
            "count": 0
        },
        {
            "id": "61553232495517",
            "count": 37
        },
        {
            "id": "100060410386561",
            "count": 2
        },
        {
            "id": "100074485740415",
            "count": 13
        },
        {
            "id": "100022448225417",
            "count": 0
        },
        {
            "id": "61554436354083",
            "count": 0
        },
        {
            "id": "100000661752086",
            "count": 0
        },
        {
            "id": "100092573320601",
            "count": 5
        },
        {
            "id": "100091891485289",
            "count": 0
        },
        {
            "id": "100010064109735",
            "count": 1
        },
        {
            "id": "999",
            "count": 0
        },
        {
            "id": "61553185732182",
            "count": 0
        },
        {
            "id": "100001691890354",
            "count": 5
        },
        {
            "id": "100083314216887",
            "count": 6
        },
        {
            "id": "100013256493555",
            "count": 0
        },
        {
            "id": "100093241881980",
            "count": 0
        },
        {
            "id": "100004458484369",
            "count": 0
        },
        {
            "id": "100076505592408",
            "count": 0
        },
        {
            "id": "61551788562933",
            "count": 0
        },
        {
            "id": "100080280055413",
            "count": 0
        },
        {
            "id": "61554398259683",
            "count": 0
        },
        {
            "id": "100001378940139",
            "count": 0
        },
        {
            "id": "100028548344383",
            "count": 0
        },
        {
            "id": "100075493308135",
            "count": 0
        }
    ],
    "week": [
        {
            "id": "100068154438111",
            "count": 5
        },
        {
            "id": "100014811933322",
            "count": 4
        },
        {
            "id": "100001384775585",
            "count": 0
        },
        {
            "id": "100050068740641",
            "count": 0
        },
        {
            "id": "100056565229471",
            "count": 0
        },
        {
            "id": "100090458979503",
            "count": 6
        },
        {
            "id": "100090835586018",
            "count": 0
        },
        {
            "id": "509484270",
            "count": 2
        },
        {
            "id": "100080949890526",
            "count": 0
        },
        {
            "id": "100038677565816",
            "count": 0
        },
        {
            "id": "100088286371303",
            "count": 0
        },
        {
            "id": "61550126549146",
            "count": 25
        },
        {
            "id": "100048286966787",
            "count": 4
        },
        {
            "id": "100007704346822",
            "count": 0
        },
        {
            "id": "100063050334248",
            "count": 11
        },
        {
            "id": "100082055229744",
            "count": 11
        },
        {
            "id": "100085266196708",
            "count": 17
        },
        {
            "id": "100051049144814",
            "count": 0
        },
        {
            "id": "593577006",
            "count": 0
        },
        {
            "id": "100000306189948",
            "count": 0
        },
        {
            "id": "100081797352234",
            "count": 11
        },
        {
            "id": "100078168302063",
            "count": 8
        },
        {
            "id": "100077980504363",
            "count": 15
        },
        {
            "id": "100011422572422",
            "count": 0
        },
        {
            "id": "100000745531418",
            "count": 0
        },
        {
            "id": "100083174347639",
            "count": 10
        },
        {
            "id": "61554349770554",
            "count": 1
        },
        {
            "id": "100066802922565",
            "count": 2
        },
        {
            "id": "100055524725064",
            "count": 16
        },
        {
            "id": "100037465932663",
            "count": 0
        },
        {
            "id": "100038678414010",
            "count": 0
        },
        {
            "id": "100076162129824",
            "count": 0
        },
        {
            "id": "100030860482751",
            "count": 0
        },
        {
            "id": "61552623147589",
            "count": 0
        },
        {
            "id": "100058800620671",
            "count": 0
        },
        {
            "id": "100083631244697",
            "count": 0
        },
        {
            "id": "100046691234633",
            "count": 0
        },
        {
            "id": "100074142183168",
            "count": 0
        },
        {
            "id": "100030967444445",
            "count": 0
        },
        {
            "id": "61553232495517",
            "count": 37
        },
        {
            "id": "100060410386561",
            "count": 2
        },
        {
            "id": "100074485740415",
            "count": 13
        },
        {
            "id": "100022448225417",
            "count": 0
        },
        {
            "id": "61554436354083",
            "count": 0
        },
        {
            "id": "100000661752086",
            "count": 0
        },
        {
            "id": "100092573320601",
            "count": 5
        },
        {
            "id": "100091891485289",
            "count": 0
        },
        {
            "id": "100010064109735",
            "count": 1
        },
        {
            "id": "999",
            "count": 0
        },
        {
            "id": "61553185732182",
            "count": 0
        },
        {
            "id": "100001691890354",
            "count": 5
        },
        {
            "id": "100083314216887",
            "count": 6
        },
        {
            "id": "100013256493555",
            "count": 0
        },
        {
            "id": "100093241881980",
            "count": 0
        },
        {
            "id": "100004458484369",
            "count": 0
        },
        {
            "id": "100076505592408",
            "count": 0
        },
        {
            "id": "61551788562933",
            "count": 0
        },
        {
            "id": "100080280055413",
            "count": 0
        },
        {
            "id": "61554398259683",
            "count": 0
        },
        {
            "id": "100001378940139",
            "count": 0
        },
        {
            "id": "100028548344383",
            "count": 0
        },
        {
            "id": "100075493308135",
            "count": 0
        }
    ],
    "day": [
        {
            "id": "100068154438111",
            "count": 5
        },
        {
            "id": "100014811933322",
            "count": 4
        },
        {
            "id": "100001384775585",
            "count": 0
        },
        {
            "id": "100050068740641",
            "count": 0
        },
        {
            "id": "100056565229471",
            "count": 0
        },
        {
            "id": "100090458979503",
            "count": 6
        },
        {
            "id": "100090835586018",
            "count": 0
        },
        {
            "id": "509484270",
            "count": 2
        },
        {
            "id": "100080949890526",
            "count": 0
        },
        {
            "id": "100038677565816",
            "count": 0
        },
        {
            "id": "100088286371303",
            "count": 0
        },
        {
            "id": "61550126549146",
            "count": 25
        },
        {
            "id": "100048286966787",
            "count": 4
        },
        {
            "id": "100007704346822",
            "count": 0
        },
        {
            "id": "100063050334248",
            "count": 11
        },
        {
            "id": "100082055229744",
            "count": 11
        },
        {
            "id": "100085266196708",
            "count": 17
        },
        {
            "id": "100051049144814",
            "count": 0
        },
        {
            "id": "593577006",
            "count": 0
        },
        {
            "id": "100000306189948",
            "count": 0
        },
        {
            "id": "100081797352234",
            "count": 11
        },
        {
            "id": "100078168302063",
            "count": 8
        },
        {
            "id": "100077980504363",
            "count": 15
        },
        {
            "id": "100011422572422",
            "count": 0
        },
        {
            "id": "100000745531418",
            "count": 0
        },
        {
            "id": "100083174347639",
            "count": 10
        },
        {
            "id": "61554349770554",
            "count": 1
        },
        {
            "id": "100066802922565",
            "count": 2
        },
        {
            "id": "100055524725064",
            "count": 16
        },
        {
            "id": "100037465932663",
            "count": 0
        },
        {
            "id": "100038678414010",
            "count": 0
        },
        {
            "id": "100076162129824",
            "count": 0
        },
        {
            "id": "100030860482751",
            "count": 0
        },
        {
            "id": "61552623147589",
            "count": 0
        },
        {
            "id": "100058800620671",
            "count": 0
        },
        {
            "id": "100083631244697",
            "count": 0
        },
        {
            "id": "100046691234633",
            "count": 0
        },
        {
            "id": "100074142183168",
            "count": 0
        },
        {
            "id": "100030967444445",
            "count": 0
        },
        {
            "id": "61553232495517",
            "count": 37
        },
        {
            "id": "100060410386561",
            "count": 2
        },
        {
            "id": "100074485740415",
            "count": 13
        },
        {
            "id": "100022448225417",
            "count": 0
        },
        {
            "id": "61554436354083",
            "count": 0
        },
        {
            "id": "100000661752086",
            "count": 0
        },
        {
            "id": "100092573320601",
            "count": 5
        },
        {
            "id": "100091891485289",
            "count": 0
        },
        {
            "id": "100010064109735",
            "count": 1
        },
        {
            "id": "999",
            "count": 0
        },
        {
            "id": "61553185732182",
            "count": 0
        },
        {
            "id": "100001691890354",
            "count": 5
        },
        {
            "id": "100083314216887",
            "count": 6
        },
        {
            "id": "100013256493555",
            "count": 0
        },
        {
            "id": "100093241881980",
            "count": 0
        },
        {
            "id": "100004458484369",
            "count": 0
        },
        {
            "id": "100076505592408",
            "count": 0
        },
        {
            "id": "61551788562933",
            "count": 0
        },
        {
            "id": "100080280055413",
            "count": 0
        },
        {
            "id": "61554398259683",
            "count": 0
        },
        {
            "id": "100001378940139",
            "count": 0
        },
        {
            "id": "100028548344383",
            "count": 0
        },
        {
            "id": "100075493308135",
            "count": 0
        }
    ],
    "time": 0,
    "last": {
        "time": 1,
        "day": [
            {
                "id": "100068154438111",
                "count": 0
            },
            {
                "id": "100014811933322",
                "count": 0
            },
            {
                "id": "100001384775585",
                "count": 0
            },
            {
                "id": "100050068740641",
                "count": 0
            },
            {
                "id": "100056565229471",
                "count": 0
            },
            {
                "id": "634969363",
                "count": 0
            },
            {
                "id": "100090458979503",
                "count": 0
            },
            {
                "id": "100090835586018",
                "count": 0
            },
            {
                "id": "509484270",
                "count": 0
            },
            {
                "id": "100090260659479",
                "count": 0
            },
            {
                "id": "100080949890526",
                "count": 0
            },
            {
                "id": "100038677565816",
                "count": 0
            },
            {
                "id": "100088286371303",
                "count": 0
            },
            {
                "id": "61550126549146",
                "count": 0
            },
            {
                "id": "100048286966787",
                "count": 0
            },
            {
                "id": "100007704346822",
                "count": 0
            },
            {
                "id": "100063050334248",
                "count": 0
            },
            {
                "id": "100082055229744",
                "count": 0
            },
            {
                "id": "100085266196708",
                "count": 0
            },
            {
                "id": "100051049144814",
                "count": 0
            },
            {
                "id": "593577006",
                "count": 0
            },
            {
                "id": "100000306189948",
                "count": 0
            },
            {
                "id": "100081797352234",
                "count": 0
            },
            {
                "id": "100078168302063",
                "count": 0
            },
            {
                "id": "100073889114412",
                "count": 0
            },
            {
                "id": "100077980504363",
                "count": 0
            },
            {
                "id": "100011422572422",
                "count": 0
            },
            {
                "id": "100088737923043",
                "count": 0
            },
            {
                "id": "100000745531418",
                "count": 0
            },
            {
                "id": "100083174347639",
                "count": 0
            },
            {
                "id": "61554349770554",
                "count": 0
            },
            {
                "id": "100066802922565",
                "count": 0
            },
            {
                "id": "100055524725064",
                "count": 0
            },
            {
                "id": "100037465932663",
                "count": 0
            },
            {
                "id": "61553345025634",
                "count": 0
            },
            {
                "id": "100038678414010",
                "count": 0
            },
            {
                "id": "100076162129824",
                "count": 0
            },
            {
                "id": "100030860482751",
                "count": 0
            },
            {
                "id": "61552623147589",
                "count": 0
            },
            {
                "id": "100088507428187",
                "count": 0
            },
            {
                "id": "100058800620671",
                "count": 0
            },
            {
                "id": "100083631244697",
                "count": 0
            },
            {
                "id": "100046691234633",
                "count": 0
            },
            {
                "id": "100074142183168",
                "count": 0
            },
            {
                "id": "100030967444445",
                "count": 0
            },
            {
                "id": "61554436354083",
                "count": 0
            },
            {
                "id": "100087438951039",
                "count": 0
            },
            {
                "id": "100010064109735",
                "count": 0
            },
            {
                "id": "61553232495517",
                "count": 0
            },
            {
                "id": "100060410386561",
                "count": 0
            },
            {
                "id": "100074485740415",
                "count": 0
            },
            {
                "id": "100022448225417",
                "count": 0
            },
            {
                "id": "100000661752086",
                "count": 0
            },
            {
                "id": "100092573320601",
                "count": 0
            },
            {
                "id": "100091891485289",
                "count": 0
            },
            {
                "id": "999",
                "count": 0
            },
            {
                "id": "100090168070553",
                "count": 0
            },
            {
                "id": "61553185732182",
                "count": 0
            },
            {
                "id": "100001691890354",
                "count": 0
            },
            {
                "id": "100083314216887",
                "count": 0
            },
            {
                "id": "100013256493555",
                "count": 0
            },
            {
                "id": "100093241881980",
                "count": 0
            },
            {
                "id": "100004458484369",
                "count": 0
            },
            {
                "id": "100076505592408",
                "count": 0
            },
            {
                "id": "61551788562933",
                "count": 0
            },
            {
                "id": "100080280055413",
                "count": 0
            },
            {
                "id": "61554398259683",
                "count": 0
            },
            {
                "id": "100001378940139",
                "count": 0
            },
            {
                "id": "100028548344383",
                "count": 0
            },
            {
                "id": "100075493308135",
                "count": 0
            }
        ],
        "week": [
            {
                "id": "100068154438111",
                "count": 0
            },
            {
                "id": "100014811933322",
                "count": 0
            },
            {
                "id": "100001384775585",
                "count": 0
            },
            {
                "id": "100050068740641",
                "count": 0
            },
            {
                "id": "100056565229471",
                "count": 0
            },
            {
                "id": "634969363",
                "count": 0
            },
            {
                "id": "100090458979503",
                "count": 0
            },
            {
                "id": "100090835586018",
                "count": 0
            },
            {
                "id": "509484270",
                "count": 0
            },
            {
                "id": "100090260659479",
                "count": 0
            },
            {
                "id": "100080949890526",
                "count": 0
            },
            {
                "id": "100038677565816",
                "count": 0
            },
            {
                "id": "100088286371303",
                "count": 0
            },
            {
                "id": "61550126549146",
                "count": 0
            },
            {
                "id": "100048286966787",
                "count": 0
            },
            {
                "id": "100007704346822",
                "count": 0
            },
            {
                "id": "100063050334248",
                "count": 0
            },
            {
                "id": "100082055229744",
                "count": 0
            },
            {
                "id": "100085266196708",
                "count": 0
            },
            {
                "id": "100051049144814",
                "count": 0
            },
            {
                "id": "593577006",
                "count": 0
            },
            {
                "id": "100000306189948",
                "count": 0
            },
            {
                "id": "100081797352234",
                "count": 0
            },
            {
                "id": "100078168302063",
                "count": 0
            },
            {
                "id": "100073889114412",
                "count": 0
            },
            {
                "id": "100077980504363",
                "count": 0
            },
            {
                "id": "100011422572422",
                "count": 0
            },
            {
                "id": "100088737923043",
                "count": 0
            },
            {
                "id": "100000745531418",
                "count": 0
            },
            {
                "id": "100083174347639",
                "count": 0
            },
            {
                "id": "61554349770554",
                "count": 0
            },
            {
                "id": "100066802922565",
                "count": 0
            },
            {
                "id": "100055524725064",
                "count": 0
            },
            {
                "id": "100037465932663",
                "count": 0
            },
            {
                "id": "61553345025634",
                "count": 0
            },
            {
                "id": "100038678414010",
                "count": 0
            },
            {
                "id": "100076162129824",
                "count": 0
            },
            {
                "id": "100030860482751",
                "count": 0
            },
            {
                "id": "61552623147589",
                "count": 0
            },
            {
                "id": "100088507428187",
                "count": 0
            },
            {
                "id": "100058800620671",
                "count": 0
            },
            {
                "id": "100083631244697",
                "count": 0
            },
            {
                "id": "100046691234633",
                "count": 0
            },
            {
                "id": "100074142183168",
                "count": 0
            },
            {
                "id": "100030967444445",
                "count": 0
            },
            {
                "id": "61554436354083",
                "count": 0
            },
            {
                "id": "100087438951039",
                "count": 0
            },
            {
                "id": "100010064109735",
                "count": 0
            },
            {
                "id": "61553232495517",
                "count": 0
            },
            {
                "id": "100060410386561",
                "count": 0
            },
            {
                "id": "100074485740415",
                "count": 0
            },
            {
                "id": "100022448225417",
                "count": 0
            },
            {
                "id": "100000661752086",
                "count": 0
            },
            {
                "id": "100092573320601",
                "count": 0
            },
            {
                "id": "100091891485289",
                "count": 0
            },
            {
                "id": "999",
                "count": 0
            },
            {
                "id": "100090168070553",
                "count": 0
            },
            {
                "id": "61553185732182",
                "count": 0
            },
            {
                "id": "100001691890354",
                "count": 0
            },
            {
                "id": "100083314216887",
                "count": 0
            },
            {
                "id": "100013256493555",
                "count": 0
            },
            {
                "id": "100093241881980",
                "count": 0
            },
            {
                "id": "100004458484369",
                "count": 0
            },
            {
                "id": "100076505592408",
                "count": 0
            },
            {
                "id": "61551788562933",
                "count": 0
            },
            {
                "id": "100080280055413",
                "count": 0
            },
            {
                "id": "61554398259683",
                "count": 0
            },
            {
                "id": "100001378940139",
                "count": 0
            },
            {
                "id": "100028548344383",
                "count": 0
            },
            {
                "id": "100075493308135",
                "count": 0
            }
        ]
    }
}