{
    "total": [
        {
            "id": "100000664756191",
            "count": 0
        },
        {
            "id": "100003302681054",
            "count": 0
        },
        {
            "id": "100005888052703",
            "count": 0
        },
        {
            "id": "100007850537297",
            "count": 0
        },
        {
            "id": "100011026299795",
            "count": 0
        },
        {
            "id": "100011855520258",
            "count": 0
        },
        {
            "id": "100023064561299",
            "count": 0
        },
        {
            "id": "100026863234777",
            "count": 0
        },
        {
            "id": "100027540335691",
            "count": 0
        },
        {
            "id": "100035338401736",
            "count": 0
        },
        {
            "id": "100048716535254",
            "count": 0
        },
        {
            "id": "100049627819619",
            "count": 0
        },
        {
            "id": "100050761189480",
            "count": 0
        },
        {
            "id": "100054557605343",
            "count": 0
        },
        {
            "id": "100054803097914",
            "count": 0
        },
        {
            "id": "100058262946039",
            "count": 0
        },
        {
            "id": "100058548293549",
            "count": 0
        },
        {
            "id": "100066815386834",
            "count": 0
        },
        {
            "id": "100068974240769",
            "count": 0
        },
        {
            "id": "100069581941121",
            "count": 0
        },
        {
            "id": "100070071044282",
            "count": 0
        },
        {
            "id": "100072032300441",
            "count": 0
        },
        {
            "id": "100073196142652",
            "count": 0
        },
        {
            "id": "100074045391654",
            "count": 0
        },
        {
            "id": "100074076194870",
            "count": 0
        },
        {
            "id": "100074099258172",
            "count": 8
        },
        {
            "id": "100075181797272",
            "count": 0
        },
        {
            "id": "100075355876941",
            "count": 6
        },
        {
            "id": "100075401250019",
            "count": 0
        },
        {
            "id": "100075863781789",
            "count": 55
        },
        {
            "id": "100075885595966",
            "count": 0
        },
        {
            "id": "100075993638787",
            "count": 0
        },
        {
            "id": "100077304613627",
            "count": 0
        },
        {
            "id": "100077592699091",
            "count": 0
        },
        {
            "id": "100077629334420",
            "count": 0
        },
        {
            "id": "100078626946596",
            "count": 0
        },
        {
            "id": "100078762117419",
            "count": 0
        },
        {
            "id": "100079086835283",
            "count": 0
        },
        {
            "id": "100079647698215",
            "count": 0
        },
        {
            "id": "100079690009984",
            "count": 0
        },
        {
            "id": "100080033716501",
            "count": 0
        },
        {
            "id": "100081896180094",
            "count": 0
        },
        {
            "id": "100083046837802",
            "count": 4
        },
        {
            "id": "100083270917722",
            "count": 0
        },
        {
            "id": "100083333494738",
            "count": 0
        },
        {
            "id": "100083471226209",
            "count": 0
        },
        {
            "id": "100084657540140",
            "count": 2
        },
        {
            "id": "100084794796348",
            "count": 4
        },
        {
            "id": "100086647466239",
            "count": 0
        },
        {
            "id": "100087321961455",
            "count": 0
        },
        {
            "id": "100089839273447",
            "count": 0
        },
        {
            "id": "100090289387049",
            "count": 0
        }
    ],
    "week": [
        {
            "id": "100000664756191",
            "count": 0
        },
        {
            "id": "100003302681054",
            "count": 0
        },
        {
            "id": "100005888052703",
            "count": 0
        },
        {
            "id": "100007850537297",
            "count": 0
        },
        {
            "id": "100011026299795",
            "count": 0
        },
        {
            "id": "100011855520258",
            "count": 0
        },
        {
            "id": "100023064561299",
            "count": 0
        },
        {
            "id": "100026863234777",
            "count": 0
        },
        {
            "id": "100027540335691",
            "count": 0
        },
        {
            "id": "100035338401736",
            "count": 0
        },
        {
            "id": "100048716535254",
            "count": 0
        },
        {
            "id": "100049627819619",
            "count": 0
        },
        {
            "id": "100050761189480",
            "count": 0
        },
        {
            "id": "100054557605343",
            "count": 0
        },
        {
            "id": "100054803097914",
            "count": 0
        },
        {
            "id": "100058262946039",
            "count": 0
        },
        {
            "id": "100058548293549",
            "count": 0
        },
        {
            "id": "100066815386834",
            "count": 0
        },
        {
            "id": "100068974240769",
            "count": 0
        },
        {
            "id": "100069581941121",
            "count": 0
        },
        {
            "id": "100070071044282",
            "count": 0
        },
        {
            "id": "100072032300441",
            "count": 0
        },
        {
            "id": "100073196142652",
            "count": 0
        },
        {
            "id": "100074045391654",
            "count": 0
        },
        {
            "id": "100074076194870",
            "count": 0
        },
        {
            "id": "100074099258172",
            "count": 8
        },
        {
            "id": "100075181797272",
            "count": 0
        },
        {
            "id": "100075355876941",
            "count": 6
        },
        {
            "id": "100075401250019",
            "count": 0
        },
        {
            "id": "100075863781789",
            "count": 55
        },
        {
            "id": "100075885595966",
            "count": 0
        },
        {
            "id": "100075993638787",
            "count": 0
        },
        {
            "id": "100077304613627",
            "count": 0
        },
        {
            "id": "100077592699091",
            "count": 0
        },
        {
            "id": "100077629334420",
            "count": 0
        },
        {
            "id": "100078626946596",
            "count": 0
        },
        {
            "id": "100078762117419",
            "count": 0
        },
        {
            "id": "100079086835283",
            "count": 0
        },
        {
            "id": "100079647698215",
            "count": 0
        },
        {
            "id": "100079690009984",
            "count": 0
        },
        {
            "id": "100080033716501",
            "count": 0
        },
        {
            "id": "100081896180094",
            "count": 0
        },
        {
            "id": "100083046837802",
            "count": 4
        },
        {
            "id": "100083270917722",
            "count": 0
        },
        {
            "id": "100083333494738",
            "count": 0
        },
        {
            "id": "100083471226209",
            "count": 0
        },
        {
            "id": "100084657540140",
            "count": 2
        },
        {
            "id": "100084794796348",
            "count": 4
        },
        {
            "id": "100086647466239",
            "count": 0
        },
        {
            "id": "100087321961455",
            "count": 0
        },
        {
            "id": "100089839273447",
            "count": 0
        },
        {
            "id": "100090289387049",
            "count": 0
        }
    ],
    "day": [
        {
            "id": "100000664756191",
            "count": 0
        },
        {
            "id": "100003302681054",
            "count": 0
        },
        {
            "id": "100005888052703",
            "count": 0
        },
        {
            "id": "100007850537297",
            "count": 0
        },
        {
            "id": "100011026299795",
            "count": 0
        },
        {
            "id": "100011855520258",
            "count": 0
        },
        {
            "id": "100023064561299",
            "count": 0
        },
        {
            "id": "100026863234777",
            "count": 0
        },
        {
            "id": "100027540335691",
            "count": 0
        },
        {
            "id": "100035338401736",
            "count": 0
        },
        {
            "id": "100048716535254",
            "count": 0
        },
        {
            "id": "100049627819619",
            "count": 0
        },
        {
            "id": "100050761189480",
            "count": 0
        },
        {
            "id": "100054557605343",
            "count": 0
        },
        {
            "id": "100054803097914",
            "count": 0
        },
        {
            "id": "100058262946039",
            "count": 0
        },
        {
            "id": "100058548293549",
            "count": 0
        },
        {
            "id": "100066815386834",
            "count": 0
        },
        {
            "id": "100068974240769",
            "count": 0
        },
        {
            "id": "100069581941121",
            "count": 0
        },
        {
            "id": "100070071044282",
            "count": 0
        },
        {
            "id": "100072032300441",
            "count": 0
        },
        {
            "id": "100073196142652",
            "count": 0
        },
        {
            "id": "100074045391654",
            "count": 0
        },
        {
            "id": "100074076194870",
            "count": 0
        },
        {
            "id": "100074099258172",
            "count": 8
        },
        {
            "id": "100075181797272",
            "count": 0
        },
        {
            "id": "100075355876941",
            "count": 6
        },
        {
            "id": "100075401250019",
            "count": 0
        },
        {
            "id": "100075863781789",
            "count": 55
        },
        {
            "id": "100075885595966",
            "count": 0
        },
        {
            "id": "100075993638787",
            "count": 0
        },
        {
            "id": "100077304613627",
            "count": 0
        },
        {
            "id": "100077592699091",
            "count": 0
        },
        {
            "id": "100077629334420",
            "count": 0
        },
        {
            "id": "100078626946596",
            "count": 0
        },
        {
            "id": "100078762117419",
            "count": 0
        },
        {
            "id": "100079086835283",
            "count": 0
        },
        {
            "id": "100079647698215",
            "count": 0
        },
        {
            "id": "100079690009984",
            "count": 0
        },
        {
            "id": "100080033716501",
            "count": 0
        },
        {
            "id": "100081896180094",
            "count": 0
        },
        {
            "id": "100083046837802",
            "count": 4
        },
        {
            "id": "100083270917722",
            "count": 0
        },
        {
            "id": "100083333494738",
            "count": 0
        },
        {
            "id": "100083471226209",
            "count": 0
        },
        {
            "id": "100084657540140",
            "count": 2
        },
        {
            "id": "100084794796348",
            "count": 4
        },
        {
            "id": "100086647466239",
            "count": 0
        },
        {
            "id": "100087321961455",
            "count": 0
        },
        {
            "id": "100089839273447",
            "count": 0
        },
        {
            "id": "100090289387049",
            "count": 0
        }
    ],
    "time": 0
}