{
    "total": [
        {
            "id": "1153327407",
            "count": 70
        },
        {
            "id": "1511167863",
            "count": 180
        },
        {
            "id": "100000749440372",
            "count": 0
        },
        {
            "id": "100001046658840",
            "count": 0
        },
        {
            "id": "100003322160627",
            "count": 0
        },
        {
            "id": "100006393339463",
            "count": 0
        },
        {
            "id": "100007653399051",
            "count": 0
        },
        {
            "id": "100011422572422",
            "count": 10
        },
        {
            "id": "100013143223723",
            "count": 0
        },
        {
            "id": "100023847794585",
            "count": 0
        },
        {
            "id": "100026039134645",
            "count": 223
        },
        {
            "id": "100029310527150",
            "count": 23
        },
        {
            "id": "100032189318161",
            "count": 0
        },
        {
            "id": "100036947774673",
            "count": 26
        },
        {
            "id": "100037211391552",
            "count": 3
        },
        {
            "id": "100040255552361",
            "count": 0
        },
        {
            "id": "100040984926932",
            "count": 0
        },
        {
            "id": "100041354865168",
            "count": 0
        },
        {
            "id": "100041673456896",
            "count": 0
        },
        {
            "id": "100043937075088",
            "count": 0
        },
        {
            "id": "100048248300560",
            "count": 0
        },
        {
            "id": "100056953105174",
            "count": 2
        },
        {
            "id": "100059538169739",
            "count": 0
        },
        {
            "id": "100060894693968",
            "count": 256
        },
        {
            "id": "100071132537313",
            "count": 0
        },
        {
            "id": "100075355876941",
            "count": 20
        },
        {
            "id": "100075488244842",
            "count": 0
        },
        {
            "id": "100075676857572",
            "count": 1
        },
        {
            "id": "100076407622159",
            "count": 0
        },
        {
            "id": "100076651668677",
            "count": 0
        },
        {
            "id": "100076965934609",
            "count": 12
        },
        {
            "id": "100077850417035",
            "count": 0
        },
        {
            "id": "100079136841577",
            "count": 0
        },
        {
            "id": "100080257120369",
            "count": 0
        },
        {
            "id": "100080307767340",
            "count": 0
        },
        {
            "id": "100080629883742",
            "count": 0
        },
        {
            "id": "100081134078080",
            "count": 4
        },
        {
            "id": "100083903953745",
            "count": 0
        },
        {
            "id": "100084965994363",
            "count": 0
        },
        {
            "id": "100085168546194",
            "count": 0
        },
        {
            "id": "100086105334175",
            "count": 0
        },
        {
            "id": "100089183517713",
            "count": 0
        },
        {
            "id": "100089901228032",
            "count": 0
        },
        {
            "id": "100050596473219",
            "count": 1
        },
        {
            "id": "100055943906136",
            "count": 1
        }
    ],
    "week": [
        {
            "id": "1153327407",
            "count": 70
        },
        {
            "id": "1511167863",
            "count": 180
        },
        {
            "id": "100000749440372",
            "count": 0
        },
        {
            "id": "100001046658840",
            "count": 0
        },
        {
            "id": "100003322160627",
            "count": 0
        },
        {
            "id": "100006393339463",
            "count": 0
        },
        {
            "id": "100007653399051",
            "count": 0
        },
        {
            "id": "100011422572422",
            "count": 10
        },
        {
            "id": "100013143223723",
            "count": 0
        },
        {
            "id": "100023847794585",
            "count": 0
        },
        {
            "id": "100026039134645",
            "count": 223
        },
        {
            "id": "100029310527150",
            "count": 23
        },
        {
            "id": "100032189318161",
            "count": 0
        },
        {
            "id": "100036947774673",
            "count": 26
        },
        {
            "id": "100037211391552",
            "count": 3
        },
        {
            "id": "100040255552361",
            "count": 0
        },
        {
            "id": "100040984926932",
            "count": 0
        },
        {
            "id": "100041354865168",
            "count": 0
        },
        {
            "id": "100041673456896",
            "count": 0
        },
        {
            "id": "100043937075088",
            "count": 0
        },
        {
            "id": "100048248300560",
            "count": 0
        },
        {
            "id": "100056953105174",
            "count": 2
        },
        {
            "id": "100059538169739",
            "count": 0
        },
        {
            "id": "100060894693968",
            "count": 256
        },
        {
            "id": "100071132537313",
            "count": 0
        },
        {
            "id": "100075355876941",
            "count": 20
        },
        {
            "id": "100075488244842",
            "count": 0
        },
        {
            "id": "100075676857572",
            "count": 1
        },
        {
            "id": "100076407622159",
            "count": 0
        },
        {
            "id": "100076651668677",
            "count": 0
        },
        {
            "id": "100076965934609",
            "count": 12
        },
        {
            "id": "100077850417035",
            "count": 0
        },
        {
            "id": "100079136841577",
            "count": 0
        },
        {
            "id": "100080257120369",
            "count": 0
        },
        {
            "id": "100080307767340",
            "count": 0
        },
        {
            "id": "100080629883742",
            "count": 0
        },
        {
            "id": "100081134078080",
            "count": 4
        },
        {
            "id": "100083903953745",
            "count": 0
        },
        {
            "id": "100084965994363",
            "count": 0
        },
        {
            "id": "100085168546194",
            "count": 0
        },
        {
            "id": "100086105334175",
            "count": 0
        },
        {
            "id": "100089183517713",
            "count": 0
        },
        {
            "id": "100089901228032",
            "count": 0
        },
        {
            "id": "100050596473219",
            "count": 1
        },
        {
            "id": "100055943906136",
            "count": 1
        }
    ],
    "day": [
        {
            "id": "1153327407",
            "count": 70
        },
        {
            "id": "1511167863",
            "count": 180
        },
        {
            "id": "100000749440372",
            "count": 0
        },
        {
            "id": "100001046658840",
            "count": 0
        },
        {
            "id": "100003322160627",
            "count": 0
        },
        {
            "id": "100006393339463",
            "count": 0
        },
        {
            "id": "100007653399051",
            "count": 0
        },
        {
            "id": "100011422572422",
            "count": 10
        },
        {
            "id": "100013143223723",
            "count": 0
        },
        {
            "id": "100023847794585",
            "count": 0
        },
        {
            "id": "100026039134645",
            "count": 223
        },
        {
            "id": "100029310527150",
            "count": 23
        },
        {
            "id": "100032189318161",
            "count": 0
        },
        {
            "id": "100036947774673",
            "count": 26
        },
        {
            "id": "100037211391552",
            "count": 3
        },
        {
            "id": "100040255552361",
            "count": 0
        },
        {
            "id": "100040984926932",
            "count": 0
        },
        {
            "id": "100041354865168",
            "count": 0
        },
        {
            "id": "100041673456896",
            "count": 0
        },
        {
            "id": "100043937075088",
            "count": 0
        },
        {
            "id": "100048248300560",
            "count": 0
        },
        {
            "id": "100056953105174",
            "count": 2
        },
        {
            "id": "100059538169739",
            "count": 0
        },
        {
            "id": "100060894693968",
            "count": 256
        },
        {
            "id": "100071132537313",
            "count": 0
        },
        {
            "id": "100075355876941",
            "count": 20
        },
        {
            "id": "100075488244842",
            "count": 0
        },
        {
            "id": "100075676857572",
            "count": 1
        },
        {
            "id": "100076407622159",
            "count": 0
        },
        {
            "id": "100076651668677",
            "count": 0
        },
        {
            "id": "100076965934609",
            "count": 12
        },
        {
            "id": "100077850417035",
            "count": 0
        },
        {
            "id": "100079136841577",
            "count": 0
        },
        {
            "id": "100080257120369",
            "count": 0
        },
        {
            "id": "100080307767340",
            "count": 0
        },
        {
            "id": "100080629883742",
            "count": 0
        },
        {
            "id": "100081134078080",
            "count": 4
        },
        {
            "id": "100083903953745",
            "count": 0
        },
        {
            "id": "100084965994363",
            "count": 0
        },
        {
            "id": "100085168546194",
            "count": 0
        },
        {
            "id": "100086105334175",
            "count": 0
        },
        {
            "id": "100089183517713",
            "count": 0
        },
        {
            "id": "100089901228032",
            "count": 0
        },
        {
            "id": "100050596473219",
            "count": 1
        },
        {
            "id": "100055943906136",
            "count": 1
        }
    ],
    "time": 0
}