{
    "total": [
        {
            "id": "728710916",
            "count": 0
        },
        {
            "id": "832704028",
            "count": 33
        },
        {
            "id": "1214220027",
            "count": 0
        },
        {
            "id": "1511167863",
            "count": 0
        },
        {
            "id": "1551310958",
            "count": 4
        },
        {
            "id": "61550941926291",
            "count": 1
        },
        {
            "id": "61551567358696",
            "count": 0
        },
        {
            "id": "61552004121558",
            "count": 0
        },
        {
            "id": "100000166365548",
            "count": 0
        },
        {
            "id": "100000306189948",
            "count": 0
        },
        {
            "id": "100001700116860",
            "count": 0
        },
        {
            "id": "100002268728586",
            "count": 0
        },
        {
            "id": "100004458484369",
            "count": 3
        },
        {
            "id": "100005201702431",
            "count": 8
        },
        {
            "id": "100007653399051",
            "count": 0
        },
        {
            "id": "100007848254532",
            "count": 0
        },
        {
            "id": "100008256196077",
            "count": 0
        },
        {
            "id": "100012084348372",
            "count": 0
        },
        {
            "id": "100012371343281",
            "count": 0
        },
        {
            "id": "100023792231064",
            "count": 0
        },
        {
            "id": "100027757217628",
            "count": 0
        },
        {
            "id": "100030967444445",
            "count": 0
        },
        {
            "id": "100035731083424",
            "count": 0
        },
        {
            "id": "100037211391552",
            "count": 44
        },
        {
            "id": "100037663296273",
            "count": 0
        },
        {
            "id": "100037741424837",
            "count": 14
        },
        {
            "id": "100040761302134",
            "count": 0
        },
        {
            "id": "100043044991011",
            "count": 0
        },
        {
            "id": "100046249339326",
            "count": 0
        },
        {
            "id": "100047157346580",
            "count": 1
        },
        {
            "id": "100047491308508",
            "count": 0
        },
        {
            "id": "100047874375055",
            "count": 0
        },
        {
            "id": "100048093391768",
            "count": 0
        },
        {
            "id": "100051277189546",
            "count": 0
        },
        {
            "id": "100055824878280",
            "count": 0
        },
        {
            "id": "100056992160405",
            "count": 0
        },
        {
            "id": "100060645105681",
            "count": 0
        },
        {
            "id": "100060894693968",
            "count": 0
        },
        {
            "id": "100061883144653",
            "count": 0
        },
        {
            "id": "100070815402204",
            "count": 0
        },
        {
            "id": "100073280626414",
            "count": 0
        },
        {
            "id": "100073889114412",
            "count": 14
        },
        {
            "id": "100075401250019",
            "count": 0
        },
        {
            "id": "100082104586323",
            "count": 0
        },
        {
            "id": "100082668132301",
            "count": 0
        },
        {
            "id": "100084424387341",
            "count": 0
        },
        {
            "id": "100085130240990",
            "count": 25
        },
        {
            "id": "100087652159146",
            "count": 0
        },
        {
            "id": "100090095755829",
            "count": 11
        },
        {
            "id": "100090522207138",
            "count": 0
        },
        {
            "id": "100092099263936",
            "count": 0
        },
        {
            "id": "100093646673933",
            "count": 0
        },
        {
            "id": "100094656913873",
            "count": 0
        }
    ],
    "week": [
        {
            "id": "728710916",
            "count": 0
        },
        {
            "id": "832704028",
            "count": 33
        },
        {
            "id": "1214220027",
            "count": 0
        },
        {
            "id": "1511167863",
            "count": 0
        },
        {
            "id": "1551310958",
            "count": 4
        },
        {
            "id": "61550941926291",
            "count": 1
        },
        {
            "id": "61551567358696",
            "count": 0
        },
        {
            "id": "61552004121558",
            "count": 0
        },
        {
            "id": "100000166365548",
            "count": 0
        },
        {
            "id": "100000306189948",
            "count": 0
        },
        {
            "id": "100001700116860",
            "count": 0
        },
        {
            "id": "100002268728586",
            "count": 0
        },
        {
            "id": "100004458484369",
            "count": 3
        },
        {
            "id": "100005201702431",
            "count": 8
        },
        {
            "id": "100007653399051",
            "count": 0
        },
        {
            "id": "100007848254532",
            "count": 0
        },
        {
            "id": "100008256196077",
            "count": 0
        },
        {
            "id": "100012084348372",
            "count": 0
        },
        {
            "id": "100012371343281",
            "count": 0
        },
        {
            "id": "100023792231064",
            "count": 0
        },
        {
            "id": "100027757217628",
            "count": 0
        },
        {
            "id": "100030967444445",
            "count": 0
        },
        {
            "id": "100035731083424",
            "count": 0
        },
        {
            "id": "100037211391552",
            "count": 44
        },
        {
            "id": "100037663296273",
            "count": 0
        },
        {
            "id": "100037741424837",
            "count": 14
        },
        {
            "id": "100040761302134",
            "count": 0
        },
        {
            "id": "100043044991011",
            "count": 0
        },
        {
            "id": "100046249339326",
            "count": 0
        },
        {
            "id": "100047157346580",
            "count": 1
        },
        {
            "id": "100047491308508",
            "count": 0
        },
        {
            "id": "100047874375055",
            "count": 0
        },
        {
            "id": "100048093391768",
            "count": 0
        },
        {
            "id": "100051277189546",
            "count": 0
        },
        {
            "id": "100055824878280",
            "count": 0
        },
        {
            "id": "100056992160405",
            "count": 0
        },
        {
            "id": "100060645105681",
            "count": 0
        },
        {
            "id": "100060894693968",
            "count": 0
        },
        {
            "id": "100061883144653",
            "count": 0
        },
        {
            "id": "100070815402204",
            "count": 0
        },
        {
            "id": "100073280626414",
            "count": 0
        },
        {
            "id": "100073889114412",
            "count": 14
        },
        {
            "id": "100075401250019",
            "count": 0
        },
        {
            "id": "100082104586323",
            "count": 0
        },
        {
            "id": "100082668132301",
            "count": 0
        },
        {
            "id": "100084424387341",
            "count": 0
        },
        {
            "id": "100085130240990",
            "count": 25
        },
        {
            "id": "100087652159146",
            "count": 0
        },
        {
            "id": "100090095755829",
            "count": 11
        },
        {
            "id": "100090522207138",
            "count": 0
        },
        {
            "id": "100092099263936",
            "count": 0
        },
        {
            "id": "100093646673933",
            "count": 0
        },
        {
            "id": "100094656913873",
            "count": 0
        }
    ],
    "day": [
        {
            "id": "728710916",
            "count": 0
        },
        {
            "id": "832704028",
            "count": 33
        },
        {
            "id": "1214220027",
            "count": 0
        },
        {
            "id": "1511167863",
            "count": 0
        },
        {
            "id": "1551310958",
            "count": 4
        },
        {
            "id": "61550941926291",
            "count": 1
        },
        {
            "id": "61551567358696",
            "count": 0
        },
        {
            "id": "61552004121558",
            "count": 0
        },
        {
            "id": "100000166365548",
            "count": 0
        },
        {
            "id": "100000306189948",
            "count": 0
        },
        {
            "id": "100001700116860",
            "count": 0
        },
        {
            "id": "100002268728586",
            "count": 0
        },
        {
            "id": "100004458484369",
            "count": 3
        },
        {
            "id": "100005201702431",
            "count": 8
        },
        {
            "id": "100007653399051",
            "count": 0
        },
        {
            "id": "100007848254532",
            "count": 0
        },
        {
            "id": "100008256196077",
            "count": 0
        },
        {
            "id": "100012084348372",
            "count": 0
        },
        {
            "id": "100012371343281",
            "count": 0
        },
        {
            "id": "100023792231064",
            "count": 0
        },
        {
            "id": "100027757217628",
            "count": 0
        },
        {
            "id": "100030967444445",
            "count": 0
        },
        {
            "id": "100035731083424",
            "count": 0
        },
        {
            "id": "100037211391552",
            "count": 44
        },
        {
            "id": "100037663296273",
            "count": 0
        },
        {
            "id": "100037741424837",
            "count": 14
        },
        {
            "id": "100040761302134",
            "count": 0
        },
        {
            "id": "100043044991011",
            "count": 0
        },
        {
            "id": "100046249339326",
            "count": 0
        },
        {
            "id": "100047157346580",
            "count": 1
        },
        {
            "id": "100047491308508",
            "count": 0
        },
        {
            "id": "100047874375055",
            "count": 0
        },
        {
            "id": "100048093391768",
            "count": 0
        },
        {
            "id": "100051277189546",
            "count": 0
        },
        {
            "id": "100055824878280",
            "count": 0
        },
        {
            "id": "100056992160405",
            "count": 0
        },
        {
            "id": "100060645105681",
            "count": 0
        },
        {
            "id": "100060894693968",
            "count": 0
        },
        {
            "id": "100061883144653",
            "count": 0
        },
        {
            "id": "100070815402204",
            "count": 0
        },
        {
            "id": "100073280626414",
            "count": 0
        },
        {
            "id": "100073889114412",
            "count": 14
        },
        {
            "id": "100075401250019",
            "count": 0
        },
        {
            "id": "100082104586323",
            "count": 0
        },
        {
            "id": "100082668132301",
            "count": 0
        },
        {
            "id": "100084424387341",
            "count": 0
        },
        {
            "id": "100085130240990",
            "count": 25
        },
        {
            "id": "100087652159146",
            "count": 0
        },
        {
            "id": "100090095755829",
            "count": 11
        },
        {
            "id": "100090522207138",
            "count": 0
        },
        {
            "id": "100092099263936",
            "count": 0
        },
        {
            "id": "100093646673933",
            "count": 0
        },
        {
            "id": "100094656913873",
            "count": 0
        }
    ],
    "time": 0
}