{
    "total": [
        {
            "id": "100004550830435",
            "count": 22
        },
        {
            "id": "100005005055889",
            "count": 256
        },
        {
            "id": "100006182554227",
            "count": 10
        },
        {
            "id": "100006808956011",
            "count": 0
        },
        {
            "id": "100010237719596",
            "count": 0
        },
        {
            "id": "100011944723335",
            "count": 0
        },
        {
            "id": "100012096822194",
            "count": 0
        },
        {
            "id": "100014207313336",
            "count": 322
        },
        {
            "id": "100016226410742",
            "count": 0
        },
        {
            "id": "100016294424896",
            "count": 0
        },
        {
            "id": "100018255961369",
            "count": 13
        },
        {
            "id": "100024227808617",
            "count": 24
        },
        {
            "id": "100024544373554",
            "count": 59
        },
        {
            "id": "100025480897356",
            "count": 44
        },
        {
            "id": "100026578389039",
            "count": 48
        },
        {
            "id": "100028161294363",
            "count": 0
        },
        {
            "id": "100030044075935",
            "count": 0
        },
        {
            "id": "100031086939136",
            "count": 3
        },
        {
            "id": "100032645508383",
            "count": 282
        },
        {
            "id": "100033746498329",
            "count": 5
        },
        {
            "id": "100033966453997",
            "count": 1
        },
        {
            "id": "100036596419691",
            "count": 43
        },
        {
            "id": "100036837741914",
            "count": 0
        },
        {
            "id": "100037211391552",
            "count": 13
        },
        {
            "id": "100038181998663",
            "count": 29
        },
        {
            "id": "100041354865168",
            "count": 0
        },
        {
            "id": "100045523307991",
            "count": 0
        },
        {
            "id": "100045864811683",
            "count": 2
        },
        {
            "id": "100047042468589",
            "count": 0
        },
        {
            "id": "100047767038709",
            "count": 15
        },
        {
            "id": "100050103252225",
            "count": 0
        },
        {
            "id": "100053228301913",
            "count": 0
        },
        {
            "id": "100054509567802",
            "count": 7
        },
        {
            "id": "100054547561882",
            "count": 10
        },
        {
            "id": "100058398720305",
            "count": 0
        },
        {
            "id": "100065286875455",
            "count": 1
        },
        {
            "id": "100067783701711",
            "count": 70
        },
        {
            "id": "100071166323858",
            "count": 0
        },
        {
            "id": "100072240338503",
            "count": 22
        },
        {
            "id": "100074397706839",
            "count": 0
        },
        {
            "id": "100075355876941",
            "count": 79
        },
        {
            "id": "100078790172935",
            "count": 0
        },
        {
            "id": "100081380741835",
            "count": 49
        },
        {
            "id": "100082053738809",
            "count": 23
        },
        {
            "id": "100083252384698",
            "count": 118
        },
        {
            "id": "100085033884180",
            "count": 41
        },
        {
            "id": "100085570618004",
            "count": 24
        },
        {
            "id": "100090471999304",
            "count": 0
        },
        {
            "id": "100082378260317",
            "count": 4
        },
        {
            "id": "100024732522971",
            "count": 17
        },
        {
            "id": "100038182746859",
            "count": 13
        },
        {
            "id": "100085131859490",
            "count": 39
        }
    ],
    "week": [
        {
            "id": "100004550830435",
            "count": 22
        },
        {
            "id": "100005005055889",
            "count": 256
        },
        {
            "id": "100006182554227",
            "count": 10
        },
        {
            "id": "100006808956011",
            "count": 0
        },
        {
            "id": "100010237719596",
            "count": 0
        },
        {
            "id": "100011944723335",
            "count": 0
        },
        {
            "id": "100012096822194",
            "count": 0
        },
        {
            "id": "100014207313336",
            "count": 322
        },
        {
            "id": "100016226410742",
            "count": 0
        },
        {
            "id": "100016294424896",
            "count": 0
        },
        {
            "id": "100018255961369",
            "count": 13
        },
        {
            "id": "100024227808617",
            "count": 24
        },
        {
            "id": "100024544373554",
            "count": 59
        },
        {
            "id": "100025480897356",
            "count": 44
        },
        {
            "id": "100026578389039",
            "count": 48
        },
        {
            "id": "100028161294363",
            "count": 0
        },
        {
            "id": "100030044075935",
            "count": 0
        },
        {
            "id": "100031086939136",
            "count": 3
        },
        {
            "id": "100032645508383",
            "count": 282
        },
        {
            "id": "100033746498329",
            "count": 5
        },
        {
            "id": "100033966453997",
            "count": 1
        },
        {
            "id": "100036596419691",
            "count": 43
        },
        {
            "id": "100036837741914",
            "count": 0
        },
        {
            "id": "100037211391552",
            "count": 13
        },
        {
            "id": "100038181998663",
            "count": 29
        },
        {
            "id": "100041354865168",
            "count": 0
        },
        {
            "id": "100045523307991",
            "count": 0
        },
        {
            "id": "100045864811683",
            "count": 2
        },
        {
            "id": "100047042468589",
            "count": 0
        },
        {
            "id": "100047767038709",
            "count": 15
        },
        {
            "id": "100050103252225",
            "count": 0
        },
        {
            "id": "100053228301913",
            "count": 0
        },
        {
            "id": "100054509567802",
            "count": 7
        },
        {
            "id": "100054547561882",
            "count": 10
        },
        {
            "id": "100058398720305",
            "count": 0
        },
        {
            "id": "100065286875455",
            "count": 1
        },
        {
            "id": "100067783701711",
            "count": 70
        },
        {
            "id": "100071166323858",
            "count": 0
        },
        {
            "id": "100072240338503",
            "count": 22
        },
        {
            "id": "100074397706839",
            "count": 0
        },
        {
            "id": "100075355876941",
            "count": 79
        },
        {
            "id": "100078790172935",
            "count": 0
        },
        {
            "id": "100081380741835",
            "count": 49
        },
        {
            "id": "100082053738809",
            "count": 23
        },
        {
            "id": "100083252384698",
            "count": 118
        },
        {
            "id": "100085033884180",
            "count": 41
        },
        {
            "id": "100085570618004",
            "count": 24
        },
        {
            "id": "100090471999304",
            "count": 0
        },
        {
            "id": "100082378260317",
            "count": 4
        },
        {
            "id": "100024732522971",
            "count": 17
        },
        {
            "id": "100038182746859",
            "count": 13
        },
        {
            "id": "100085131859490",
            "count": 39
        }
    ],
    "day": [
        {
            "id": "100004550830435",
            "count": 22
        },
        {
            "id": "100005005055889",
            "count": 256
        },
        {
            "id": "100006182554227",
            "count": 10
        },
        {
            "id": "100006808956011",
            "count": 0
        },
        {
            "id": "100010237719596",
            "count": 0
        },
        {
            "id": "100011944723335",
            "count": 0
        },
        {
            "id": "100012096822194",
            "count": 0
        },
        {
            "id": "100014207313336",
            "count": 322
        },
        {
            "id": "100016226410742",
            "count": 0
        },
        {
            "id": "100016294424896",
            "count": 0
        },
        {
            "id": "100018255961369",
            "count": 13
        },
        {
            "id": "100024227808617",
            "count": 24
        },
        {
            "id": "100024544373554",
            "count": 59
        },
        {
            "id": "100025480897356",
            "count": 44
        },
        {
            "id": "100026578389039",
            "count": 48
        },
        {
            "id": "100028161294363",
            "count": 0
        },
        {
            "id": "100030044075935",
            "count": 0
        },
        {
            "id": "100031086939136",
            "count": 3
        },
        {
            "id": "100032645508383",
            "count": 282
        },
        {
            "id": "100033746498329",
            "count": 5
        },
        {
            "id": "100033966453997",
            "count": 1
        },
        {
            "id": "100036596419691",
            "count": 43
        },
        {
            "id": "100036837741914",
            "count": 0
        },
        {
            "id": "100037211391552",
            "count": 13
        },
        {
            "id": "100038181998663",
            "count": 29
        },
        {
            "id": "100041354865168",
            "count": 0
        },
        {
            "id": "100045523307991",
            "count": 0
        },
        {
            "id": "100045864811683",
            "count": 2
        },
        {
            "id": "100047042468589",
            "count": 0
        },
        {
            "id": "100047767038709",
            "count": 15
        },
        {
            "id": "100050103252225",
            "count": 0
        },
        {
            "id": "100053228301913",
            "count": 0
        },
        {
            "id": "100054509567802",
            "count": 7
        },
        {
            "id": "100054547561882",
            "count": 10
        },
        {
            "id": "100058398720305",
            "count": 0
        },
        {
            "id": "100065286875455",
            "count": 1
        },
        {
            "id": "100067783701711",
            "count": 70
        },
        {
            "id": "100071166323858",
            "count": 0
        },
        {
            "id": "100072240338503",
            "count": 22
        },
        {
            "id": "100074397706839",
            "count": 0
        },
        {
            "id": "100075355876941",
            "count": 79
        },
        {
            "id": "100078790172935",
            "count": 0
        },
        {
            "id": "100081380741835",
            "count": 49
        },
        {
            "id": "100082053738809",
            "count": 23
        },
        {
            "id": "100083252384698",
            "count": 118
        },
        {
            "id": "100085033884180",
            "count": 41
        },
        {
            "id": "100085570618004",
            "count": 24
        },
        {
            "id": "100090471999304",
            "count": 0
        },
        {
            "id": "100082378260317",
            "count": 4
        },
        {
            "id": "100024732522971",
            "count": 17
        },
        {
            "id": "100038182746859",
            "count": 13
        },
        {
            "id": "100085131859490",
            "count": 39
        }
    ],
    "time": 0
}