{
    "total": [
        {
            "id": "100023432137344",
            "count": 0
        },
        {
            "id": "100043815721648",
            "count": 1
        },
        {
            "id": "100070815402204",
            "count": 4
        },
        {
            "id": "100075355876941",
            "count": 0
        }
    ],
    "week": [
        {
            "id": "100023432137344",
            "count": 0
        },
        {
            "id": "100043815721648",
            "count": 1
        },
        {
            "id": "100070815402204",
            "count": 4
        },
        {
            "id": "100075355876941",
            "count": 0
        }
    ],
    "day": [
        {
            "id": "100023432137344",
            "count": 0
        },
        {
            "id": "100043815721648",
            "count": 1
        },
        {
            "id": "100070815402204",
            "count": 4
        },
        {
            "id": "100075355876941",
            "count": 0
        }
    ],
    "time": 0
}