{
    "total": [
        {
            "id": "100017494272651",
            "count": 4349
        },
        {
            "id": "100062121322274",
            "count": 0
        },
        {
            "id": "100075268951000",
            "count": 277
        },
        {
            "id": "100075355876941",
            "count": 525
        },
        {
            "id": "100080112802389",
            "count": 47
        },
        {
            "id": "100088384296739",
            "count": 3048
        },
        {
            "id": "100089096727255",
            "count": 0
        },
        {
            "id": "100090377351383",
            "count": 0
        }
    ],
    "week": [
        {
            "id": "100017494272651",
            "count": 4349
        },
        {
            "id": "100062121322274",
            "count": 0
        },
        {
            "id": "100075268951000",
            "count": 277
        },
        {
            "id": "100075355876941",
            "count": 525
        },
        {
            "id": "100080112802389",
            "count": 47
        },
        {
            "id": "100088384296739",
            "count": 3048
        },
        {
            "id": "100089096727255",
            "count": 0
        },
        {
            "id": "100090377351383",
            "count": 0
        }
    ],
    "day": [
        {
            "id": "100017494272651",
            "count": 4349
        },
        {
            "id": "100062121322274",
            "count": 0
        },
        {
            "id": "100075268951000",
            "count": 277
        },
        {
            "id": "100075355876941",
            "count": 525
        },
        {
            "id": "100080112802389",
            "count": 47
        },
        {
            "id": "100088384296739",
            "count": 3048
        },
        {
            "id": "100089096727255",
            "count": 0
        },
        {
            "id": "100090377351383",
            "count": 0
        }
    ],
    "time": 0
}