{
    "total": [
        {
            "id": "100056395001224",
            "count": 2898
        },
        {
            "id": "100075355876941",
            "count": 146
        },
        {
            "id": "100080112802389",
            "count": 110
        }
    ],
    "week": [
        {
            "id": "100056395001224",
            "count": 2898
        },
        {
            "id": "100075355876941",
            "count": 146
        },
        {
            "id": "100080112802389",
            "count": 110
        }
    ],
    "day": [
        {
            "id": "100056395001224",
            "count": 2898
        },
        {
            "id": "100075355876941",
            "count": 146
        },
        {
            "id": "100080112802389",
            "count": 110
        }
    ],
    "time": 0
}