{
    "total": [
        {
            "id": "100006518044298",
            "count": 0
        },
        {
            "id": "100013136430539",
            "count": 0
        },
        {
            "id": "100023012527167",
            "count": 0
        },
        {
            "id": "100023722807423",
            "count": 0
        },
        {
            "id": "100024476621355",
            "count": 10
        },
        {
            "id": "100024652176931",
            "count": 0
        },
        {
            "id": "100026720052477",
            "count": 0
        },
        {
            "id": "100028534101048",
            "count": 0
        },
        {
            "id": "100029908502814",
            "count": 0
        },
        {
            "id": "100030871203871",
            "count": 0
        },
        {
            "id": "100032473539578",
            "count": 0
        },
        {
            "id": "100033458571614",
            "count": 0
        },
        {
            "id": "100034217175935",
            "count": 0
        },
        {
            "id": "100034830402757",
            "count": 0
        },
        {
            "id": "100037211391552",
            "count": 0
        },
        {
            "id": "100038529371779",
            "count": 0
        },
        {
            "id": "100041231671427",
            "count": 0
        },
        {
            "id": "100041465832703",
            "count": 0
        },
        {
            "id": "100041802313728",
            "count": 0
        },
        {
            "id": "100045124486038",
            "count": 0
        },
        {
            "id": "100045434437616",
            "count": 1
        },
        {
            "id": "100047743594130",
            "count": 1
        },
        {
            "id": "100047833064209",
            "count": 0
        },
        {
            "id": "100048503018969",
            "count": 0
        },
        {
            "id": "100049429944233",
            "count": 1
        },
        {
            "id": "100049477415939",
            "count": 0
        },
        {
            "id": "100053212577107",
            "count": 0
        },
        {
            "id": "100053548896331",
            "count": 0
        },
        {
            "id": "100053642079984",
            "count": 0
        },
        {
            "id": "100054567572443",
            "count": 42
        },
        {
            "id": "100054907214490",
            "count": 0
        },
        {
            "id": "100055111427204",
            "count": 0
        },
        {
            "id": "100055962777245",
            "count": 0
        },
        {
            "id": "100056043973625",
            "count": 0
        },
        {
            "id": "100056702942197",
            "count": 0
        },
        {
            "id": "100057106901731",
            "count": 0
        },
        {
            "id": "100060735340720",
            "count": 0
        },
        {
            "id": "100063140262530",
            "count": 0
        },
        {
            "id": "100063496591342",
            "count": 0
        },
        {
            "id": "100063501348602",
            "count": 0
        },
        {
            "id": "100065645378911",
            "count": 0
        },
        {
            "id": "100066837190302",
            "count": 0
        },
        {
            "id": "100071778530994",
            "count": 0
        },
        {
            "id": "100071783026820",
            "count": 0
        },
        {
            "id": "100072270437630",
            "count": 0
        },
        {
            "id": "100072912161222",
            "count": 0
        },
        {
            "id": "100073322073156",
            "count": 1
        },
        {
            "id": "100073763213023",
            "count": 0
        },
        {
            "id": "100073954480621",
            "count": 0
        },
        {
            "id": "100073981433685",
            "count": 0
        },
        {
            "id": "100074045285305",
            "count": 0
        },
        {
            "id": "100074445803442",
            "count": 0
        },
        {
            "id": "100075355876941",
            "count": 7
        },
        {
            "id": "100075822765411",
            "count": 0
        },
        {
            "id": "100075872122395",
            "count": 0
        },
        {
            "id": "100076014157768",
            "count": 0
        },
        {
            "id": "100076126911944",
            "count": 16
        },
        {
            "id": "100076284760656",
            "count": 0
        },
        {
            "id": "100076318392281",
            "count": 3
        },
        {
            "id": "100077164385248",
            "count": 0
        },
        {
            "id": "100078095079125",
            "count": 0
        },
        {
            "id": "100078096100387",
            "count": 0
        },
        {
            "id": "100078948677860",
            "count": 0
        },
        {
            "id": "100079186995566",
            "count": 0
        },
        {
            "id": "100079317101364",
            "count": 0
        },
        {
            "id": "100082807338693",
            "count": 0
        },
        {
            "id": "100083006314929",
            "count": 0
        },
        {
            "id": "100083044115234",
            "count": 1
        },
        {
            "id": "100083313295905",
            "count": 4
        },
        {
            "id": "100083914280568",
            "count": 0
        },
        {
            "id": "100083996295955",
            "count": 0
        },
        {
            "id": "100084323799638",
            "count": 0
        },
        {
            "id": "100084349273089",
            "count": 0
        },
        {
            "id": "100084540618868",
            "count": 0
        },
        {
            "id": "100085504448669",
            "count": 0
        },
        {
            "id": "100089128590950",
            "count": 0
        },
        {
            "id": "100089660252833",
            "count": 0
        },
        {
            "id": "100089718391580",
            "count": 0
        },
        {
            "id": "100090265691754",
            "count": 0
        },
        {
            "id": "100001795291235",
            "count": 1
        }
    ],
    "week": [
        {
            "id": "100006518044298",
            "count": 0
        },
        {
            "id": "100013136430539",
            "count": 0
        },
        {
            "id": "100023012527167",
            "count": 0
        },
        {
            "id": "100023722807423",
            "count": 0
        },
        {
            "id": "100024476621355",
            "count": 10
        },
        {
            "id": "100024652176931",
            "count": 0
        },
        {
            "id": "100026720052477",
            "count": 0
        },
        {
            "id": "100028534101048",
            "count": 0
        },
        {
            "id": "100029908502814",
            "count": 0
        },
        {
            "id": "100030871203871",
            "count": 0
        },
        {
            "id": "100032473539578",
            "count": 0
        },
        {
            "id": "100033458571614",
            "count": 0
        },
        {
            "id": "100034217175935",
            "count": 0
        },
        {
            "id": "100034830402757",
            "count": 0
        },
        {
            "id": "100037211391552",
            "count": 0
        },
        {
            "id": "100038529371779",
            "count": 0
        },
        {
            "id": "100041231671427",
            "count": 0
        },
        {
            "id": "100041465832703",
            "count": 0
        },
        {
            "id": "100041802313728",
            "count": 0
        },
        {
            "id": "100045124486038",
            "count": 0
        },
        {
            "id": "100045434437616",
            "count": 1
        },
        {
            "id": "100047743594130",
            "count": 1
        },
        {
            "id": "100047833064209",
            "count": 0
        },
        {
            "id": "100048503018969",
            "count": 0
        },
        {
            "id": "100049429944233",
            "count": 1
        },
        {
            "id": "100049477415939",
            "count": 0
        },
        {
            "id": "100053212577107",
            "count": 0
        },
        {
            "id": "100053548896331",
            "count": 0
        },
        {
            "id": "100053642079984",
            "count": 0
        },
        {
            "id": "100054567572443",
            "count": 42
        },
        {
            "id": "100054907214490",
            "count": 0
        },
        {
            "id": "100055111427204",
            "count": 0
        },
        {
            "id": "100055962777245",
            "count": 0
        },
        {
            "id": "100056043973625",
            "count": 0
        },
        {
            "id": "100056702942197",
            "count": 0
        },
        {
            "id": "100057106901731",
            "count": 0
        },
        {
            "id": "100060735340720",
            "count": 0
        },
        {
            "id": "100063140262530",
            "count": 0
        },
        {
            "id": "100063496591342",
            "count": 0
        },
        {
            "id": "100063501348602",
            "count": 0
        },
        {
            "id": "100065645378911",
            "count": 0
        },
        {
            "id": "100066837190302",
            "count": 0
        },
        {
            "id": "100071778530994",
            "count": 0
        },
        {
            "id": "100071783026820",
            "count": 0
        },
        {
            "id": "100072270437630",
            "count": 0
        },
        {
            "id": "100072912161222",
            "count": 0
        },
        {
            "id": "100073322073156",
            "count": 1
        },
        {
            "id": "100073763213023",
            "count": 0
        },
        {
            "id": "100073954480621",
            "count": 0
        },
        {
            "id": "100073981433685",
            "count": 0
        },
        {
            "id": "100074045285305",
            "count": 0
        },
        {
            "id": "100074445803442",
            "count": 0
        },
        {
            "id": "100075355876941",
            "count": 7
        },
        {
            "id": "100075822765411",
            "count": 0
        },
        {
            "id": "100075872122395",
            "count": 0
        },
        {
            "id": "100076014157768",
            "count": 0
        },
        {
            "id": "100076126911944",
            "count": 16
        },
        {
            "id": "100076284760656",
            "count": 0
        },
        {
            "id": "100076318392281",
            "count": 3
        },
        {
            "id": "100077164385248",
            "count": 0
        },
        {
            "id": "100078095079125",
            "count": 0
        },
        {
            "id": "100078096100387",
            "count": 0
        },
        {
            "id": "100078948677860",
            "count": 0
        },
        {
            "id": "100079186995566",
            "count": 0
        },
        {
            "id": "100079317101364",
            "count": 0
        },
        {
            "id": "100082807338693",
            "count": 0
        },
        {
            "id": "100083006314929",
            "count": 0
        },
        {
            "id": "100083044115234",
            "count": 1
        },
        {
            "id": "100083313295905",
            "count": 4
        },
        {
            "id": "100083914280568",
            "count": 0
        },
        {
            "id": "100083996295955",
            "count": 0
        },
        {
            "id": "100084323799638",
            "count": 0
        },
        {
            "id": "100084349273089",
            "count": 0
        },
        {
            "id": "100084540618868",
            "count": 0
        },
        {
            "id": "100085504448669",
            "count": 0
        },
        {
            "id": "100089128590950",
            "count": 0
        },
        {
            "id": "100089660252833",
            "count": 0
        },
        {
            "id": "100089718391580",
            "count": 0
        },
        {
            "id": "100090265691754",
            "count": 0
        },
        {
            "id": "100001795291235",
            "count": 1
        }
    ],
    "day": [
        {
            "id": "100006518044298",
            "count": 0
        },
        {
            "id": "100013136430539",
            "count": 0
        },
        {
            "id": "100023012527167",
            "count": 0
        },
        {
            "id": "100023722807423",
            "count": 0
        },
        {
            "id": "100024476621355",
            "count": 10
        },
        {
            "id": "100024652176931",
            "count": 0
        },
        {
            "id": "100026720052477",
            "count": 0
        },
        {
            "id": "100028534101048",
            "count": 0
        },
        {
            "id": "100029908502814",
            "count": 0
        },
        {
            "id": "100030871203871",
            "count": 0
        },
        {
            "id": "100032473539578",
            "count": 0
        },
        {
            "id": "100033458571614",
            "count": 0
        },
        {
            "id": "100034217175935",
            "count": 0
        },
        {
            "id": "100034830402757",
            "count": 0
        },
        {
            "id": "100037211391552",
            "count": 0
        },
        {
            "id": "100038529371779",
            "count": 0
        },
        {
            "id": "100041231671427",
            "count": 0
        },
        {
            "id": "100041465832703",
            "count": 0
        },
        {
            "id": "100041802313728",
            "count": 0
        },
        {
            "id": "100045124486038",
            "count": 0
        },
        {
            "id": "100045434437616",
            "count": 1
        },
        {
            "id": "100047743594130",
            "count": 1
        },
        {
            "id": "100047833064209",
            "count": 0
        },
        {
            "id": "100048503018969",
            "count": 0
        },
        {
            "id": "100049429944233",
            "count": 1
        },
        {
            "id": "100049477415939",
            "count": 0
        },
        {
            "id": "100053212577107",
            "count": 0
        },
        {
            "id": "100053548896331",
            "count": 0
        },
        {
            "id": "100053642079984",
            "count": 0
        },
        {
            "id": "100054567572443",
            "count": 42
        },
        {
            "id": "100054907214490",
            "count": 0
        },
        {
            "id": "100055111427204",
            "count": 0
        },
        {
            "id": "100055962777245",
            "count": 0
        },
        {
            "id": "100056043973625",
            "count": 0
        },
        {
            "id": "100056702942197",
            "count": 0
        },
        {
            "id": "100057106901731",
            "count": 0
        },
        {
            "id": "100060735340720",
            "count": 0
        },
        {
            "id": "100063140262530",
            "count": 0
        },
        {
            "id": "100063496591342",
            "count": 0
        },
        {
            "id": "100063501348602",
            "count": 0
        },
        {
            "id": "100065645378911",
            "count": 0
        },
        {
            "id": "100066837190302",
            "count": 0
        },
        {
            "id": "100071778530994",
            "count": 0
        },
        {
            "id": "100071783026820",
            "count": 0
        },
        {
            "id": "100072270437630",
            "count": 0
        },
        {
            "id": "100072912161222",
            "count": 0
        },
        {
            "id": "100073322073156",
            "count": 1
        },
        {
            "id": "100073763213023",
            "count": 0
        },
        {
            "id": "100073954480621",
            "count": 0
        },
        {
            "id": "100073981433685",
            "count": 0
        },
        {
            "id": "100074045285305",
            "count": 0
        },
        {
            "id": "100074445803442",
            "count": 0
        },
        {
            "id": "100075355876941",
            "count": 7
        },
        {
            "id": "100075822765411",
            "count": 0
        },
        {
            "id": "100075872122395",
            "count": 0
        },
        {
            "id": "100076014157768",
            "count": 0
        },
        {
            "id": "100076126911944",
            "count": 16
        },
        {
            "id": "100076284760656",
            "count": 0
        },
        {
            "id": "100076318392281",
            "count": 3
        },
        {
            "id": "100077164385248",
            "count": 0
        },
        {
            "id": "100078095079125",
            "count": 0
        },
        {
            "id": "100078096100387",
            "count": 0
        },
        {
            "id": "100078948677860",
            "count": 0
        },
        {
            "id": "100079186995566",
            "count": 0
        },
        {
            "id": "100079317101364",
            "count": 0
        },
        {
            "id": "100082807338693",
            "count": 0
        },
        {
            "id": "100083006314929",
            "count": 0
        },
        {
            "id": "100083044115234",
            "count": 1
        },
        {
            "id": "100083313295905",
            "count": 4
        },
        {
            "id": "100083914280568",
            "count": 0
        },
        {
            "id": "100083996295955",
            "count": 0
        },
        {
            "id": "100084323799638",
            "count": 0
        },
        {
            "id": "100084349273089",
            "count": 0
        },
        {
            "id": "100084540618868",
            "count": 0
        },
        {
            "id": "100085504448669",
            "count": 0
        },
        {
            "id": "100089128590950",
            "count": 0
        },
        {
            "id": "100089660252833",
            "count": 0
        },
        {
            "id": "100089718391580",
            "count": 0
        },
        {
            "id": "100090265691754",
            "count": 0
        },
        {
            "id": "100001795291235",
            "count": 1
        }
    ],
    "time": 0
}