{
    "total": [
        {
            "id": "100007286764894",
            "count": 0
        },
        {
            "id": "100015403909428",
            "count": 0
        },
        {
            "id": "100015522303291",
            "count": 0
        },
        {
            "id": "100023081944341",
            "count": 0
        },
        {
            "id": "100031459751798",
            "count": 0
        },
        {
            "id": "100036332533658",
            "count": 0
        },
        {
            "id": "100036840345374",
            "count": 0
        },
        {
            "id": "100037211391552",
            "count": 0
        },
        {
            "id": "100040425527534",
            "count": 0
        },
        {
            "id": "100041159857065",
            "count": 0
        },
        {
            "id": "100042819242793",
            "count": 0
        },
        {
            "id": "100042967458407",
            "count": 0
        },
        {
            "id": "100044001424273",
            "count": 0
        },
        {
            "id": "100045788047202",
            "count": 0
        },
        {
            "id": "100047605462641",
            "count": 0
        },
        {
            "id": "100051426034529",
            "count": 0
        },
        {
            "id": "100051491974063",
            "count": 0
        },
        {
            "id": "100053014702573",
            "count": 0
        },
        {
            "id": "100053113447246",
            "count": 0
        },
        {
            "id": "100055063962676",
            "count": 0
        },
        {
            "id": "100055982168840",
            "count": 1
        },
        {
            "id": "100057674004366",
            "count": 0
        },
        {
            "id": "100059632578156",
            "count": 0
        },
        {
            "id": "100059787086780",
            "count": 0
        },
        {
            "id": "100059922037389",
            "count": 0
        },
        {
            "id": "100064425188372",
            "count": 0
        },
        {
            "id": "100065688607009",
            "count": 0
        },
        {
            "id": "100067617737481",
            "count": 0
        },
        {
            "id": "100069703493253",
            "count": 0
        },
        {
            "id": "100070365810909",
            "count": 0
        },
        {
            "id": "100070533442476",
            "count": 0
        },
        {
            "id": "100070732525271",
            "count": 0
        },
        {
            "id": "100070899604455",
            "count": 0
        },
        {
            "id": "100072640932432",
            "count": 0
        },
        {
            "id": "100075355876941",
            "count": 0
        },
        {
            "id": "100075743215258",
            "count": 0
        },
        {
            "id": "100076585511205",
            "count": 0
        },
        {
            "id": "100079138293740",
            "count": 0
        },
        {
            "id": "100079649334031",
            "count": 0
        },
        {
            "id": "100080197184595",
            "count": 0
        },
        {
            "id": "100080805316412",
            "count": 0
        },
        {
            "id": "100080974432866",
            "count": 0
        },
        {
            "id": "100081624519996",
            "count": 0
        },
        {
            "id": "100081783871497",
            "count": 0
        },
        {
            "id": "100083082275002",
            "count": 0
        },
        {
            "id": "100083181343738",
            "count": 0
        },
        {
            "id": "100083842967826",
            "count": 0
        },
        {
            "id": "100083945708873",
            "count": 0
        },
        {
            "id": "100086104557571",
            "count": 0
        },
        {
            "id": "100086305484814",
            "count": 0
        },
        {
            "id": "100090187861435",
            "count": 0
        }
    ],
    "week": [
        {
            "id": "100007286764894",
            "count": 0
        },
        {
            "id": "100015403909428",
            "count": 0
        },
        {
            "id": "100015522303291",
            "count": 0
        },
        {
            "id": "100023081944341",
            "count": 0
        },
        {
            "id": "100031459751798",
            "count": 0
        },
        {
            "id": "100036332533658",
            "count": 0
        },
        {
            "id": "100036840345374",
            "count": 0
        },
        {
            "id": "100037211391552",
            "count": 0
        },
        {
            "id": "100040425527534",
            "count": 0
        },
        {
            "id": "100041159857065",
            "count": 0
        },
        {
            "id": "100042819242793",
            "count": 0
        },
        {
            "id": "100042967458407",
            "count": 0
        },
        {
            "id": "100044001424273",
            "count": 0
        },
        {
            "id": "100045788047202",
            "count": 0
        },
        {
            "id": "100047605462641",
            "count": 0
        },
        {
            "id": "100051426034529",
            "count": 0
        },
        {
            "id": "100051491974063",
            "count": 0
        },
        {
            "id": "100053014702573",
            "count": 0
        },
        {
            "id": "100053113447246",
            "count": 0
        },
        {
            "id": "100055063962676",
            "count": 0
        },
        {
            "id": "100055982168840",
            "count": 1
        },
        {
            "id": "100057674004366",
            "count": 0
        },
        {
            "id": "100059632578156",
            "count": 0
        },
        {
            "id": "100059787086780",
            "count": 0
        },
        {
            "id": "100059922037389",
            "count": 0
        },
        {
            "id": "100064425188372",
            "count": 0
        },
        {
            "id": "100065688607009",
            "count": 0
        },
        {
            "id": "100067617737481",
            "count": 0
        },
        {
            "id": "100069703493253",
            "count": 0
        },
        {
            "id": "100070365810909",
            "count": 0
        },
        {
            "id": "100070533442476",
            "count": 0
        },
        {
            "id": "100070732525271",
            "count": 0
        },
        {
            "id": "100070899604455",
            "count": 0
        },
        {
            "id": "100072640932432",
            "count": 0
        },
        {
            "id": "100075355876941",
            "count": 0
        },
        {
            "id": "100075743215258",
            "count": 0
        },
        {
            "id": "100076585511205",
            "count": 0
        },
        {
            "id": "100079138293740",
            "count": 0
        },
        {
            "id": "100079649334031",
            "count": 0
        },
        {
            "id": "100080197184595",
            "count": 0
        },
        {
            "id": "100080805316412",
            "count": 0
        },
        {
            "id": "100080974432866",
            "count": 0
        },
        {
            "id": "100081624519996",
            "count": 0
        },
        {
            "id": "100081783871497",
            "count": 0
        },
        {
            "id": "100083082275002",
            "count": 0
        },
        {
            "id": "100083181343738",
            "count": 0
        },
        {
            "id": "100083842967826",
            "count": 0
        },
        {
            "id": "100083945708873",
            "count": 0
        },
        {
            "id": "100086104557571",
            "count": 0
        },
        {
            "id": "100086305484814",
            "count": 0
        },
        {
            "id": "100090187861435",
            "count": 0
        }
    ],
    "day": [
        {
            "id": "100007286764894",
            "count": 0
        },
        {
            "id": "100015403909428",
            "count": 0
        },
        {
            "id": "100015522303291",
            "count": 0
        },
        {
            "id": "100023081944341",
            "count": 0
        },
        {
            "id": "100031459751798",
            "count": 0
        },
        {
            "id": "100036332533658",
            "count": 0
        },
        {
            "id": "100036840345374",
            "count": 0
        },
        {
            "id": "100037211391552",
            "count": 0
        },
        {
            "id": "100040425527534",
            "count": 0
        },
        {
            "id": "100041159857065",
            "count": 0
        },
        {
            "id": "100042819242793",
            "count": 0
        },
        {
            "id": "100042967458407",
            "count": 0
        },
        {
            "id": "100044001424273",
            "count": 0
        },
        {
            "id": "100045788047202",
            "count": 0
        },
        {
            "id": "100047605462641",
            "count": 0
        },
        {
            "id": "100051426034529",
            "count": 0
        },
        {
            "id": "100051491974063",
            "count": 0
        },
        {
            "id": "100053014702573",
            "count": 0
        },
        {
            "id": "100053113447246",
            "count": 0
        },
        {
            "id": "100055063962676",
            "count": 0
        },
        {
            "id": "100055982168840",
            "count": 1
        },
        {
            "id": "100057674004366",
            "count": 0
        },
        {
            "id": "100059632578156",
            "count": 0
        },
        {
            "id": "100059787086780",
            "count": 0
        },
        {
            "id": "100059922037389",
            "count": 0
        },
        {
            "id": "100064425188372",
            "count": 0
        },
        {
            "id": "100065688607009",
            "count": 0
        },
        {
            "id": "100067617737481",
            "count": 0
        },
        {
            "id": "100069703493253",
            "count": 0
        },
        {
            "id": "100070365810909",
            "count": 0
        },
        {
            "id": "100070533442476",
            "count": 0
        },
        {
            "id": "100070732525271",
            "count": 0
        },
        {
            "id": "100070899604455",
            "count": 0
        },
        {
            "id": "100072640932432",
            "count": 0
        },
        {
            "id": "100075355876941",
            "count": 0
        },
        {
            "id": "100075743215258",
            "count": 0
        },
        {
            "id": "100076585511205",
            "count": 0
        },
        {
            "id": "100079138293740",
            "count": 0
        },
        {
            "id": "100079649334031",
            "count": 0
        },
        {
            "id": "100080197184595",
            "count": 0
        },
        {
            "id": "100080805316412",
            "count": 0
        },
        {
            "id": "100080974432866",
            "count": 0
        },
        {
            "id": "100081624519996",
            "count": 0
        },
        {
            "id": "100081783871497",
            "count": 0
        },
        {
            "id": "100083082275002",
            "count": 0
        },
        {
            "id": "100083181343738",
            "count": 0
        },
        {
            "id": "100083842967826",
            "count": 0
        },
        {
            "id": "100083945708873",
            "count": 0
        },
        {
            "id": "100086104557571",
            "count": 0
        },
        {
            "id": "100086305484814",
            "count": 0
        },
        {
            "id": "100090187861435",
            "count": 0
        }
    ],
    "time": 0
}