{
    "total": [
        {
            "id": "100075268951000",
            "count": 2
        },
        {
            "id": "100075355876941",
            "count": 0
        },
        {
            "id": "100090319685759",
            "count": 1
        },
        {
            "id": "100090610212531",
            "count": 0
        }
    ],
    "week": [
        {
            "id": "100075268951000",
            "count": 2
        },
        {
            "id": "100075355876941",
            "count": 0
        },
        {
            "id": "100090319685759",
            "count": 1
        },
        {
            "id": "100090610212531",
            "count": 0
        }
    ],
    "day": [
        {
            "id": "100075268951000",
            "count": 2
        },
        {
            "id": "100075355876941",
            "count": 0
        },
        {
            "id": "100090319685759",
            "count": 1
        },
        {
            "id": "100090610212531",
            "count": 0
        }
    ],
    "time": 0
}