{
    "total": [
        {
            "id": "502340734",
            "count": 0
        },
        {
            "id": "765905827",
            "count": 0
        },
        {
            "id": "832704028",
            "count": 0
        },
        {
            "id": "1215854362",
            "count": 0
        },
        {
            "id": "1511167863",
            "count": 0
        },
        {
            "id": "61550016352657",
            "count": 0
        },
        {
            "id": "61550549983378",
            "count": 0
        },
        {
            "id": "61550585903101",
            "count": 0
        },
        {
            "id": "61550589552183",
            "count": 0
        },
        {
            "id": "61550622568132",
            "count": 0
        },
        {
            "id": "61550629811845",
            "count": 0
        },
        {
            "id": "61550662202441",
            "count": 0
        },
        {
            "id": "61550706565423",
            "count": 0
        },
        {
            "id": "61550717223178",
            "count": 0
        },
        {
            "id": "61550860560126",
            "count": 0
        },
        {
            "id": "61552061856289",
            "count": 0
        },
        {
            "id": "100000144591570",
            "count": 0
        },
        {
            "id": "100000147407179",
            "count": 0
        },
        {
            "id": "100000225673860",
            "count": 0
        },
        {
            "id": "100000595777821",
            "count": 0
        },
        {
            "id": "100000992626243",
            "count": 0
        },
        {
            "id": "100004276238379",
            "count": 0
        },
        {
            "id": "100004458484369",
            "count": 0
        },
        {
            "id": "100005201702431",
            "count": 0
        },
        {
            "id": "100006155348307",
            "count": 0
        },
        {
            "id": "100008241974779",
            "count": 0
        },
        {
            "id": "100009402365888",
            "count": 0
        },
        {
            "id": "100010823413009",
            "count": 0
        },
        {
            "id": "100011401776397",
            "count": 0
        },
        {
            "id": "100011855520258",
            "count": 0
        },
        {
            "id": "100012630906343",
            "count": 0
        },
        {
            "id": "100016492066001",
            "count": 0
        },
        {
            "id": "100024487176902",
            "count": 0
        },
        {
            "id": "100026059477387",
            "count": 0
        },
        {
            "id": "100026439672665",
            "count": 0
        },
        {
            "id": "100027254855494",
            "count": 0
        },
        {
            "id": "100027915854913",
            "count": 0
        },
        {
            "id": "100032061762348",
            "count": 0
        },
        {
            "id": "100037211391552",
            "count": 0
        },
        {
            "id": "100039986310453",
            "count": 0
        },
        {
            "id": "100041296170925",
            "count": 0
        },
        {
            "id": "100041600164073",
            "count": 0
        },
        {
            "id": "100043043294961",
            "count": 0
        },
        {
            "id": "100045049330313",
            "count": 0
        },
        {
            "id": "100045781080814",
            "count": 0
        },
        {
            "id": "100048121433546",
            "count": 0
        },
        {
            "id": "100049162717191",
            "count": 0
        },
        {
            "id": "100049577220791",
            "count": 0
        },
        {
            "id": "100050068740641",
            "count": 0
        },
        {
            "id": "100050289951013",
            "count": 0
        },
        {
            "id": "100050480566983",
            "count": 0
        },
        {
            "id": "100050722630869",
            "count": 0
        },
        {
            "id": "100051049144814",
            "count": 0
        },
        {
            "id": "100051738860611",
            "count": 0
        },
        {
            "id": "100051874687776",
            "count": 0
        },
        {
            "id": "100053357677462",
            "count": 0
        },
        {
            "id": "100053568250530",
            "count": 0
        },
        {
            "id": "100053800224181",
            "count": 0
        },
        {
            "id": "100055003933977",
            "count": 0
        },
        {
            "id": "100055512802635",
            "count": 0
        },
        {
            "id": "100055941496837",
            "count": 0
        },
        {
            "id": "100057189002754",
            "count": 0
        },
        {
            "id": "100060000662599",
            "count": 0
        },
        {
            "id": "100062426421455",
            "count": 0
        },
        {
            "id": "100063749911657",
            "count": 0
        },
        {
            "id": "100064533063816",
            "count": 0
        },
        {
            "id": "100064641214464",
            "count": 0
        },
        {
            "id": "100065461046530",
            "count": 0
        },
        {
            "id": "100068094188928",
            "count": 3
        },
        {
            "id": "100068442077862",
            "count": 0
        },
        {
            "id": "100068786864021",
            "count": 0
        },
        {
            "id": "100071021834010",
            "count": 0
        },
        {
            "id": "100071130575974",
            "count": 0
        },
        {
            "id": "100071178976883",
            "count": 0
        },
        {
            "id": "100072900513635",
            "count": 0
        },
        {
            "id": "100073137742165",
            "count": 0
        },
        {
            "id": "100073633500368",
            "count": 0
        },
        {
            "id": "100074236464958",
            "count": 0
        },
        {
            "id": "100075355876941",
            "count": 0
        },
        {
            "id": "100075401250019",
            "count": 0
        },
        {
            "id": "100076416444956",
            "count": 0
        },
        {
            "id": "100076870617799",
            "count": 0
        },
        {
            "id": "100077497896569",
            "count": 0
        },
        {
            "id": "100077649590510",
            "count": 0
        },
        {
            "id": "100077748687629",
            "count": 0
        },
        {
            "id": "100077980504363",
            "count": 0
        },
        {
            "id": "100078446207191",
            "count": 0
        },
        {
            "id": "100079084999204",
            "count": 0
        },
        {
            "id": "100080154134723",
            "count": 0
        },
        {
            "id": "100080313308644",
            "count": 0
        },
        {
            "id": "100080372217401",
            "count": 0
        },
        {
            "id": "100080561384537",
            "count": 0
        },
        {
            "id": "100080955501166",
            "count": 0
        },
        {
            "id": "100081139775425",
            "count": 0
        },
        {
            "id": "100081816936311",
            "count": 0
        },
        {
            "id": "100082055229744",
            "count": 0
        },
        {
            "id": "100082118224359",
            "count": 0
        },
        {
            "id": "100082453017179",
            "count": 0
        },
        {
            "id": "100082668132301",
            "count": 0
        },
        {
            "id": "100082841383719",
            "count": 0
        },
        {
            "id": "100083602273594",
            "count": 0
        },
        {
            "id": "100083643483290",
            "count": 0
        },
        {
            "id": "100084329895588",
            "count": 0
        },
        {
            "id": "100084490347306",
            "count": 0
        },
        {
            "id": "100084707103003",
            "count": 0
        },
        {
            "id": "100084783461543",
            "count": 0
        },
        {
            "id": "100084997838243",
            "count": 0
        },
        {
            "id": "100085088395095",
            "count": 0
        },
        {
            "id": "100086064197382",
            "count": 0
        },
        {
            "id": "100086359473589",
            "count": 0
        },
        {
            "id": "100086521550537",
            "count": 0
        },
        {
            "id": "100087508487645",
            "count": 0
        },
        {
            "id": "100087657436899",
            "count": 0
        },
        {
            "id": "100088889594079",
            "count": 0
        },
        {
            "id": "100089027046643",
            "count": 0
        },
        {
            "id": "100090550433286",
            "count": 0
        },
        {
            "id": "100090594826871",
            "count": 0
        },
        {
            "id": "100090613983850",
            "count": 0
        },
        {
            "id": "100091476741196",
            "count": 0
        },
        {
            "id": "100092099263936",
            "count": 0
        },
        {
            "id": "100092224539770",
            "count": 0
        },
        {
            "id": "100092604634713",
            "count": 0
        },
        {
            "id": "100092658948619",
            "count": 0
        },
        {
            "id": "100092724216307",
            "count": 0
        },
        {
            "id": "100093081887128",
            "count": 0
        },
        {
            "id": "100093082630955",
            "count": 0
        },
        {
            "id": "100093638045927",
            "count": 0
        },
        {
            "id": "100093852663481",
            "count": 0
        },
        {
            "id": "100094064787772",
            "count": 0
        },
        {
            "id": "100094314882749",
            "count": 0
        },
        {
            "id": "100094365186222",
            "count": 0
        },
        {
            "id": "100094461955294",
            "count": 0
        },
        {
            "id": "100094701698985",
            "count": 0
        },
        {
            "id": "100094886823838",
            "count": 0
        },
        {
            "id": "100095179252164",
            "count": 0
        }
    ],
    "week": [
        {
            "id": "502340734",
            "count": 0
        },
        {
            "id": "765905827",
            "count": 0
        },
        {
            "id": "832704028",
            "count": 0
        },
        {
            "id": "1215854362",
            "count": 0
        },
        {
            "id": "1511167863",
            "count": 0
        },
        {
            "id": "61550016352657",
            "count": 0
        },
        {
            "id": "61550549983378",
            "count": 0
        },
        {
            "id": "61550585903101",
            "count": 0
        },
        {
            "id": "61550589552183",
            "count": 0
        },
        {
            "id": "61550622568132",
            "count": 0
        },
        {
            "id": "61550629811845",
            "count": 0
        },
        {
            "id": "61550662202441",
            "count": 0
        },
        {
            "id": "61550706565423",
            "count": 0
        },
        {
            "id": "61550717223178",
            "count": 0
        },
        {
            "id": "61550860560126",
            "count": 0
        },
        {
            "id": "61552061856289",
            "count": 0
        },
        {
            "id": "100000144591570",
            "count": 0
        },
        {
            "id": "100000147407179",
            "count": 0
        },
        {
            "id": "100000225673860",
            "count": 0
        },
        {
            "id": "100000595777821",
            "count": 0
        },
        {
            "id": "100000992626243",
            "count": 0
        },
        {
            "id": "100004276238379",
            "count": 0
        },
        {
            "id": "100004458484369",
            "count": 0
        },
        {
            "id": "100005201702431",
            "count": 0
        },
        {
            "id": "100006155348307",
            "count": 0
        },
        {
            "id": "100008241974779",
            "count": 0
        },
        {
            "id": "100009402365888",
            "count": 0
        },
        {
            "id": "100010823413009",
            "count": 0
        },
        {
            "id": "100011401776397",
            "count": 0
        },
        {
            "id": "100011855520258",
            "count": 0
        },
        {
            "id": "100012630906343",
            "count": 0
        },
        {
            "id": "100016492066001",
            "count": 0
        },
        {
            "id": "100024487176902",
            "count": 0
        },
        {
            "id": "100026059477387",
            "count": 0
        },
        {
            "id": "100026439672665",
            "count": 0
        },
        {
            "id": "100027254855494",
            "count": 0
        },
        {
            "id": "100027915854913",
            "count": 0
        },
        {
            "id": "100032061762348",
            "count": 0
        },
        {
            "id": "100037211391552",
            "count": 0
        },
        {
            "id": "100039986310453",
            "count": 0
        },
        {
            "id": "100041296170925",
            "count": 0
        },
        {
            "id": "100041600164073",
            "count": 0
        },
        {
            "id": "100043043294961",
            "count": 0
        },
        {
            "id": "100045049330313",
            "count": 0
        },
        {
            "id": "100045781080814",
            "count": 0
        },
        {
            "id": "100048121433546",
            "count": 0
        },
        {
            "id": "100049162717191",
            "count": 0
        },
        {
            "id": "100049577220791",
            "count": 0
        },
        {
            "id": "100050068740641",
            "count": 0
        },
        {
            "id": "100050289951013",
            "count": 0
        },
        {
            "id": "100050480566983",
            "count": 0
        },
        {
            "id": "100050722630869",
            "count": 0
        },
        {
            "id": "100051049144814",
            "count": 0
        },
        {
            "id": "100051738860611",
            "count": 0
        },
        {
            "id": "100051874687776",
            "count": 0
        },
        {
            "id": "100053357677462",
            "count": 0
        },
        {
            "id": "100053568250530",
            "count": 0
        },
        {
            "id": "100053800224181",
            "count": 0
        },
        {
            "id": "100055003933977",
            "count": 0
        },
        {
            "id": "100055512802635",
            "count": 0
        },
        {
            "id": "100055941496837",
            "count": 0
        },
        {
            "id": "100057189002754",
            "count": 0
        },
        {
            "id": "100060000662599",
            "count": 0
        },
        {
            "id": "100062426421455",
            "count": 0
        },
        {
            "id": "100063749911657",
            "count": 0
        },
        {
            "id": "100064533063816",
            "count": 0
        },
        {
            "id": "100064641214464",
            "count": 0
        },
        {
            "id": "100065461046530",
            "count": 0
        },
        {
            "id": "100068094188928",
            "count": 3
        },
        {
            "id": "100068442077862",
            "count": 0
        },
        {
            "id": "100068786864021",
            "count": 0
        },
        {
            "id": "100071021834010",
            "count": 0
        },
        {
            "id": "100071130575974",
            "count": 0
        },
        {
            "id": "100071178976883",
            "count": 0
        },
        {
            "id": "100072900513635",
            "count": 0
        },
        {
            "id": "100073137742165",
            "count": 0
        },
        {
            "id": "100073633500368",
            "count": 0
        },
        {
            "id": "100074236464958",
            "count": 0
        },
        {
            "id": "100075355876941",
            "count": 0
        },
        {
            "id": "100075401250019",
            "count": 0
        },
        {
            "id": "100076416444956",
            "count": 0
        },
        {
            "id": "100076870617799",
            "count": 0
        },
        {
            "id": "100077497896569",
            "count": 0
        },
        {
            "id": "100077649590510",
            "count": 0
        },
        {
            "id": "100077748687629",
            "count": 0
        },
        {
            "id": "100077980504363",
            "count": 0
        },
        {
            "id": "100078446207191",
            "count": 0
        },
        {
            "id": "100079084999204",
            "count": 0
        },
        {
            "id": "100080154134723",
            "count": 0
        },
        {
            "id": "100080313308644",
            "count": 0
        },
        {
            "id": "100080372217401",
            "count": 0
        },
        {
            "id": "100080561384537",
            "count": 0
        },
        {
            "id": "100080955501166",
            "count": 0
        },
        {
            "id": "100081139775425",
            "count": 0
        },
        {
            "id": "100081816936311",
            "count": 0
        },
        {
            "id": "100082055229744",
            "count": 0
        },
        {
            "id": "100082118224359",
            "count": 0
        },
        {
            "id": "100082453017179",
            "count": 0
        },
        {
            "id": "100082668132301",
            "count": 0
        },
        {
            "id": "100082841383719",
            "count": 0
        },
        {
            "id": "100083602273594",
            "count": 0
        },
        {
            "id": "100083643483290",
            "count": 0
        },
        {
            "id": "100084329895588",
            "count": 0
        },
        {
            "id": "100084490347306",
            "count": 0
        },
        {
            "id": "100084707103003",
            "count": 0
        },
        {
            "id": "100084783461543",
            "count": 0
        },
        {
            "id": "100084997838243",
            "count": 0
        },
        {
            "id": "100085088395095",
            "count": 0
        },
        {
            "id": "100086064197382",
            "count": 0
        },
        {
            "id": "100086359473589",
            "count": 0
        },
        {
            "id": "100086521550537",
            "count": 0
        },
        {
            "id": "100087508487645",
            "count": 0
        },
        {
            "id": "100087657436899",
            "count": 0
        },
        {
            "id": "100088889594079",
            "count": 0
        },
        {
            "id": "100089027046643",
            "count": 0
        },
        {
            "id": "100090550433286",
            "count": 0
        },
        {
            "id": "100090594826871",
            "count": 0
        },
        {
            "id": "100090613983850",
            "count": 0
        },
        {
            "id": "100091476741196",
            "count": 0
        },
        {
            "id": "100092099263936",
            "count": 0
        },
        {
            "id": "100092224539770",
            "count": 0
        },
        {
            "id": "100092604634713",
            "count": 0
        },
        {
            "id": "100092658948619",
            "count": 0
        },
        {
            "id": "100092724216307",
            "count": 0
        },
        {
            "id": "100093081887128",
            "count": 0
        },
        {
            "id": "100093082630955",
            "count": 0
        },
        {
            "id": "100093638045927",
            "count": 0
        },
        {
            "id": "100093852663481",
            "count": 0
        },
        {
            "id": "100094064787772",
            "count": 0
        },
        {
            "id": "100094314882749",
            "count": 0
        },
        {
            "id": "100094365186222",
            "count": 0
        },
        {
            "id": "100094461955294",
            "count": 0
        },
        {
            "id": "100094701698985",
            "count": 0
        },
        {
            "id": "100094886823838",
            "count": 0
        },
        {
            "id": "100095179252164",
            "count": 0
        }
    ],
    "day": [
        {
            "id": "502340734",
            "count": 0
        },
        {
            "id": "765905827",
            "count": 0
        },
        {
            "id": "832704028",
            "count": 0
        },
        {
            "id": "1215854362",
            "count": 0
        },
        {
            "id": "1511167863",
            "count": 0
        },
        {
            "id": "61550016352657",
            "count": 0
        },
        {
            "id": "61550549983378",
            "count": 0
        },
        {
            "id": "61550585903101",
            "count": 0
        },
        {
            "id": "61550589552183",
            "count": 0
        },
        {
            "id": "61550622568132",
            "count": 0
        },
        {
            "id": "61550629811845",
            "count": 0
        },
        {
            "id": "61550662202441",
            "count": 0
        },
        {
            "id": "61550706565423",
            "count": 0
        },
        {
            "id": "61550717223178",
            "count": 0
        },
        {
            "id": "61550860560126",
            "count": 0
        },
        {
            "id": "61552061856289",
            "count": 0
        },
        {
            "id": "100000144591570",
            "count": 0
        },
        {
            "id": "100000147407179",
            "count": 0
        },
        {
            "id": "100000225673860",
            "count": 0
        },
        {
            "id": "100000595777821",
            "count": 0
        },
        {
            "id": "100000992626243",
            "count": 0
        },
        {
            "id": "100004276238379",
            "count": 0
        },
        {
            "id": "100004458484369",
            "count": 0
        },
        {
            "id": "100005201702431",
            "count": 0
        },
        {
            "id": "100006155348307",
            "count": 0
        },
        {
            "id": "100008241974779",
            "count": 0
        },
        {
            "id": "100009402365888",
            "count": 0
        },
        {
            "id": "100010823413009",
            "count": 0
        },
        {
            "id": "100011401776397",
            "count": 0
        },
        {
            "id": "100011855520258",
            "count": 0
        },
        {
            "id": "100012630906343",
            "count": 0
        },
        {
            "id": "100016492066001",
            "count": 0
        },
        {
            "id": "100024487176902",
            "count": 0
        },
        {
            "id": "100026059477387",
            "count": 0
        },
        {
            "id": "100026439672665",
            "count": 0
        },
        {
            "id": "100027254855494",
            "count": 0
        },
        {
            "id": "100027915854913",
            "count": 0
        },
        {
            "id": "100032061762348",
            "count": 0
        },
        {
            "id": "100037211391552",
            "count": 0
        },
        {
            "id": "100039986310453",
            "count": 0
        },
        {
            "id": "100041296170925",
            "count": 0
        },
        {
            "id": "100041600164073",
            "count": 0
        },
        {
            "id": "100043043294961",
            "count": 0
        },
        {
            "id": "100045049330313",
            "count": 0
        },
        {
            "id": "100045781080814",
            "count": 0
        },
        {
            "id": "100048121433546",
            "count": 0
        },
        {
            "id": "100049162717191",
            "count": 0
        },
        {
            "id": "100049577220791",
            "count": 0
        },
        {
            "id": "100050068740641",
            "count": 0
        },
        {
            "id": "100050289951013",
            "count": 0
        },
        {
            "id": "100050480566983",
            "count": 0
        },
        {
            "id": "100050722630869",
            "count": 0
        },
        {
            "id": "100051049144814",
            "count": 0
        },
        {
            "id": "100051738860611",
            "count": 0
        },
        {
            "id": "100051874687776",
            "count": 0
        },
        {
            "id": "100053357677462",
            "count": 0
        },
        {
            "id": "100053568250530",
            "count": 0
        },
        {
            "id": "100053800224181",
            "count": 0
        },
        {
            "id": "100055003933977",
            "count": 0
        },
        {
            "id": "100055512802635",
            "count": 0
        },
        {
            "id": "100055941496837",
            "count": 0
        },
        {
            "id": "100057189002754",
            "count": 0
        },
        {
            "id": "100060000662599",
            "count": 0
        },
        {
            "id": "100062426421455",
            "count": 0
        },
        {
            "id": "100063749911657",
            "count": 0
        },
        {
            "id": "100064533063816",
            "count": 0
        },
        {
            "id": "100064641214464",
            "count": 0
        },
        {
            "id": "100065461046530",
            "count": 0
        },
        {
            "id": "100068094188928",
            "count": 3
        },
        {
            "id": "100068442077862",
            "count": 0
        },
        {
            "id": "100068786864021",
            "count": 0
        },
        {
            "id": "100071021834010",
            "count": 0
        },
        {
            "id": "100071130575974",
            "count": 0
        },
        {
            "id": "100071178976883",
            "count": 0
        },
        {
            "id": "100072900513635",
            "count": 0
        },
        {
            "id": "100073137742165",
            "count": 0
        },
        {
            "id": "100073633500368",
            "count": 0
        },
        {
            "id": "100074236464958",
            "count": 0
        },
        {
            "id": "100075355876941",
            "count": 0
        },
        {
            "id": "100075401250019",
            "count": 0
        },
        {
            "id": "100076416444956",
            "count": 0
        },
        {
            "id": "100076870617799",
            "count": 0
        },
        {
            "id": "100077497896569",
            "count": 0
        },
        {
            "id": "100077649590510",
            "count": 0
        },
        {
            "id": "100077748687629",
            "count": 0
        },
        {
            "id": "100077980504363",
            "count": 0
        },
        {
            "id": "100078446207191",
            "count": 0
        },
        {
            "id": "100079084999204",
            "count": 0
        },
        {
            "id": "100080154134723",
            "count": 0
        },
        {
            "id": "100080313308644",
            "count": 0
        },
        {
            "id": "100080372217401",
            "count": 0
        },
        {
            "id": "100080561384537",
            "count": 0
        },
        {
            "id": "100080955501166",
            "count": 0
        },
        {
            "id": "100081139775425",
            "count": 0
        },
        {
            "id": "100081816936311",
            "count": 0
        },
        {
            "id": "100082055229744",
            "count": 0
        },
        {
            "id": "100082118224359",
            "count": 0
        },
        {
            "id": "100082453017179",
            "count": 0
        },
        {
            "id": "100082668132301",
            "count": 0
        },
        {
            "id": "100082841383719",
            "count": 0
        },
        {
            "id": "100083602273594",
            "count": 0
        },
        {
            "id": "100083643483290",
            "count": 0
        },
        {
            "id": "100084329895588",
            "count": 0
        },
        {
            "id": "100084490347306",
            "count": 0
        },
        {
            "id": "100084707103003",
            "count": 0
        },
        {
            "id": "100084783461543",
            "count": 0
        },
        {
            "id": "100084997838243",
            "count": 0
        },
        {
            "id": "100085088395095",
            "count": 0
        },
        {
            "id": "100086064197382",
            "count": 0
        },
        {
            "id": "100086359473589",
            "count": 0
        },
        {
            "id": "100086521550537",
            "count": 0
        },
        {
            "id": "100087508487645",
            "count": 0
        },
        {
            "id": "100087657436899",
            "count": 0
        },
        {
            "id": "100088889594079",
            "count": 0
        },
        {
            "id": "100089027046643",
            "count": 0
        },
        {
            "id": "100090550433286",
            "count": 0
        },
        {
            "id": "100090594826871",
            "count": 0
        },
        {
            "id": "100090613983850",
            "count": 0
        },
        {
            "id": "100091476741196",
            "count": 0
        },
        {
            "id": "100092099263936",
            "count": 0
        },
        {
            "id": "100092224539770",
            "count": 0
        },
        {
            "id": "100092604634713",
            "count": 0
        },
        {
            "id": "100092658948619",
            "count": 0
        },
        {
            "id": "100092724216307",
            "count": 0
        },
        {
            "id": "100093081887128",
            "count": 0
        },
        {
            "id": "100093082630955",
            "count": 0
        },
        {
            "id": "100093638045927",
            "count": 0
        },
        {
            "id": "100093852663481",
            "count": 0
        },
        {
            "id": "100094064787772",
            "count": 0
        },
        {
            "id": "100094314882749",
            "count": 0
        },
        {
            "id": "100094365186222",
            "count": 0
        },
        {
            "id": "100094461955294",
            "count": 0
        },
        {
            "id": "100094701698985",
            "count": 0
        },
        {
            "id": "100094886823838",
            "count": 0
        },
        {
            "id": "100095179252164",
            "count": 0
        }
    ],
    "time": 0
}