{
    "total": [
        {
            "id": "100088162593575",
            "count": 7
        },
        {
            "id": "100083153822246",
            "count": 0
        },
        {
            "id": "100087304210031",
            "count": 0
        },
        {
            "id": "100092386685973",
            "count": 2
        },
        {
            "id": "100013020960970",
            "count": 0
        },
        {
            "id": "100090879814247",
            "count": 4
        },
        {
            "id": "100090019820389",
            "count": 0
        },
        {
            "id": "100069615517197",
            "count": 0
        },
        {
            "id": "100068041482609",
            "count": 0
        },
        {
            "id": "100044588597466",
            "count": 0
        },
        {
            "id": "61550280362044",
            "count": 0
        },
        {
            "id": "61552679161101",
            "count": 1
        },
        {
            "id": "100071292092147",
            "count": 0
        },
        {
            "id": "100078278101106",
            "count": 3
        },
        {
            "id": "61552012021512",
            "count": 0
        },
        {
            "id": "100075878343251",
            "count": 0
        },
        {
            "id": "100072168947866",
            "count": 0
        },
        {
            "id": "100088845770374",
            "count": 0
        },
        {
            "id": "100069291556566",
            "count": 0
        },
        {
            "id": "100055631615740",
            "count": 0
        },
        {
            "id": "100086740630173",
            "count": 7
        },
        {
            "id": "100083727994682",
            "count": 0
        },
        {
            "id": "100080014253711",
            "count": 10
        },
        {
            "id": "100065084449084",
            "count": 6
        },
        {
            "id": "100074188156200",
            "count": 0
        },
        {
            "id": "100089466821981",
            "count": 0
        },
        {
            "id": "100080028294585",
            "count": 0
        },
        {
            "id": "100088886695444",
            "count": 3
        },
        {
            "id": "100072407529414",
            "count": 26
        },
        {
            "id": "100049341283079",
            "count": 4
        },
        {
            "id": "100074155621505",
            "count": 0
        },
        {
            "id": "100058416497941",
            "count": 0
        },
        {
            "id": "100054816790377",
            "count": 0
        },
        {
            "id": "100074889207161",
            "count": 0
        },
        {
            "id": "100022136445300",
            "count": 2
        },
        {
            "id": "100078098326066",
            "count": 0
        },
        {
            "id": "61553556735087",
            "count": 0
        },
        {
            "id": "100068941703430",
            "count": 0
        },
        {
            "id": "100075202783131",
            "count": 0
        },
        {
            "id": "100076636516504",
            "count": 0
        },
        {
            "id": "100071575183469",
            "count": 0
        },
        {
            "id": "61554261837686",
            "count": 0
        },
        {
            "id": "61554245852620",
            "count": 0
        },
        {
            "id": "100082580843320",
            "count": 1
        },
        {
            "id": "100015614650311",
            "count": 0
        },
        {
            "id": "61554374420491",
            "count": 0
        },
        {
            "id": "100095152174872",
            "count": 0
        },
        {
            "id": "100089992819251",
            "count": 0
        },
        {
            "id": "100070553651539",
            "count": 0
        },
        {
            "id": "100015133066370",
            "count": 0
        },
        {
            "id": "61554360746159",
            "count": 0
        },
        {
            "id": "61554375812101",
            "count": 0
        },
        {
            "id": "61553844029344",
            "count": 6
        },
        {
            "id": "100069515736280",
            "count": 0
        },
        {
            "id": "61550707240123",
            "count": 0
        },
        {
            "id": "100084699854818",
            "count": 0
        },
        {
            "id": "61552759405423",
            "count": 3
        },
        {
            "id": "61552109345840",
            "count": 28
        },
        {
            "id": "61551218121180",
            "count": 0
        },
        {
            "id": "100051329000139",
            "count": 150
        },
        {
            "id": "61553680732804",
            "count": 134
        },
        {
            "id": "61554183195298",
            "count": 0
        },
        {
            "id": "61553124433567",
            "count": 30
        },
        {
            "id": "61550084998935",
            "count": 0
        },
        {
            "id": "61550992775020",
            "count": 4
        },
        {
            "id": "61554147737053",
            "count": 0
        },
        {
            "id": "100077980504363",
            "count": 245
        },
        {
            "id": "100053586885851",
            "count": 1
        },
        {
            "id": "100085241593198",
            "count": 1
        },
        {
            "id": "61553670189094",
            "count": 0
        },
        {
            "id": "61553737190634",
            "count": 3
        },
        {
            "id": "61554765907632",
            "count": 0
        },
        {
            "id": "61550826891708",
            "count": 0
        }
    ],
    "week": [
        {
            "id": "100088162593575",
            "count": 7
        },
        {
            "id": "100083153822246",
            "count": 0
        },
        {
            "id": "100087304210031",
            "count": 0
        },
        {
            "id": "100092386685973",
            "count": 2
        },
        {
            "id": "100013020960970",
            "count": 0
        },
        {
            "id": "100090879814247",
            "count": 4
        },
        {
            "id": "100090019820389",
            "count": 0
        },
        {
            "id": "100069615517197",
            "count": 0
        },
        {
            "id": "100068041482609",
            "count": 0
        },
        {
            "id": "100044588597466",
            "count": 0
        },
        {
            "id": "61550280362044",
            "count": 0
        },
        {
            "id": "61552679161101",
            "count": 1
        },
        {
            "id": "100071292092147",
            "count": 0
        },
        {
            "id": "100078278101106",
            "count": 3
        },
        {
            "id": "61552012021512",
            "count": 0
        },
        {
            "id": "100075878343251",
            "count": 0
        },
        {
            "id": "100072168947866",
            "count": 0
        },
        {
            "id": "100088845770374",
            "count": 0
        },
        {
            "id": "100069291556566",
            "count": 0
        },
        {
            "id": "100055631615740",
            "count": 0
        },
        {
            "id": "100086740630173",
            "count": 7
        },
        {
            "id": "100083727994682",
            "count": 0
        },
        {
            "id": "100080014253711",
            "count": 10
        },
        {
            "id": "100065084449084",
            "count": 6
        },
        {
            "id": "100074188156200",
            "count": 0
        },
        {
            "id": "100089466821981",
            "count": 0
        },
        {
            "id": "100080028294585",
            "count": 0
        },
        {
            "id": "100088886695444",
            "count": 3
        },
        {
            "id": "100072407529414",
            "count": 26
        },
        {
            "id": "100049341283079",
            "count": 4
        },
        {
            "id": "100074155621505",
            "count": 0
        },
        {
            "id": "100058416497941",
            "count": 0
        },
        {
            "id": "100054816790377",
            "count": 0
        },
        {
            "id": "100074889207161",
            "count": 0
        },
        {
            "id": "100022136445300",
            "count": 2
        },
        {
            "id": "100078098326066",
            "count": 0
        },
        {
            "id": "61553556735087",
            "count": 0
        },
        {
            "id": "100068941703430",
            "count": 0
        },
        {
            "id": "100075202783131",
            "count": 0
        },
        {
            "id": "100076636516504",
            "count": 0
        },
        {
            "id": "100071575183469",
            "count": 0
        },
        {
            "id": "61554261837686",
            "count": 0
        },
        {
            "id": "61554245852620",
            "count": 0
        },
        {
            "id": "100082580843320",
            "count": 1
        },
        {
            "id": "100015614650311",
            "count": 0
        },
        {
            "id": "61554374420491",
            "count": 0
        },
        {
            "id": "100095152174872",
            "count": 0
        },
        {
            "id": "100089992819251",
            "count": 0
        },
        {
            "id": "100070553651539",
            "count": 0
        },
        {
            "id": "100015133066370",
            "count": 0
        },
        {
            "id": "61554360746159",
            "count": 0
        },
        {
            "id": "61554375812101",
            "count": 0
        },
        {
            "id": "61553844029344",
            "count": 6
        },
        {
            "id": "100069515736280",
            "count": 0
        },
        {
            "id": "61550707240123",
            "count": 0
        },
        {
            "id": "100084699854818",
            "count": 0
        },
        {
            "id": "61552759405423",
            "count": 3
        },
        {
            "id": "61552109345840",
            "count": 28
        },
        {
            "id": "61551218121180",
            "count": 0
        },
        {
            "id": "100051329000139",
            "count": 150
        },
        {
            "id": "61553680732804",
            "count": 134
        },
        {
            "id": "61554183195298",
            "count": 0
        },
        {
            "id": "61553124433567",
            "count": 30
        },
        {
            "id": "61550084998935",
            "count": 0
        },
        {
            "id": "61550992775020",
            "count": 4
        },
        {
            "id": "61554147737053",
            "count": 0
        },
        {
            "id": "100077980504363",
            "count": 245
        },
        {
            "id": "100053586885851",
            "count": 1
        },
        {
            "id": "100085241593198",
            "count": 1
        },
        {
            "id": "61553670189094",
            "count": 0
        },
        {
            "id": "61553737190634",
            "count": 3
        },
        {
            "id": "61554765907632",
            "count": 0
        },
        {
            "id": "61550826891708",
            "count": 0
        }
    ],
    "day": [
        {
            "id": "100088162593575",
            "count": 7
        },
        {
            "id": "100083153822246",
            "count": 0
        },
        {
            "id": "100087304210031",
            "count": 0
        },
        {
            "id": "100092386685973",
            "count": 2
        },
        {
            "id": "100013020960970",
            "count": 0
        },
        {
            "id": "100090879814247",
            "count": 4
        },
        {
            "id": "100090019820389",
            "count": 0
        },
        {
            "id": "100069615517197",
            "count": 0
        },
        {
            "id": "100068041482609",
            "count": 0
        },
        {
            "id": "100044588597466",
            "count": 0
        },
        {
            "id": "61550280362044",
            "count": 0
        },
        {
            "id": "61552679161101",
            "count": 1
        },
        {
            "id": "100071292092147",
            "count": 0
        },
        {
            "id": "100078278101106",
            "count": 3
        },
        {
            "id": "61552012021512",
            "count": 0
        },
        {
            "id": "100075878343251",
            "count": 0
        },
        {
            "id": "100072168947866",
            "count": 0
        },
        {
            "id": "100088845770374",
            "count": 0
        },
        {
            "id": "100069291556566",
            "count": 0
        },
        {
            "id": "100055631615740",
            "count": 0
        },
        {
            "id": "100086740630173",
            "count": 7
        },
        {
            "id": "100083727994682",
            "count": 0
        },
        {
            "id": "100080014253711",
            "count": 10
        },
        {
            "id": "100065084449084",
            "count": 6
        },
        {
            "id": "100074188156200",
            "count": 0
        },
        {
            "id": "100089466821981",
            "count": 0
        },
        {
            "id": "100080028294585",
            "count": 0
        },
        {
            "id": "100088886695444",
            "count": 3
        },
        {
            "id": "100072407529414",
            "count": 26
        },
        {
            "id": "100049341283079",
            "count": 4
        },
        {
            "id": "100074155621505",
            "count": 0
        },
        {
            "id": "100058416497941",
            "count": 0
        },
        {
            "id": "100054816790377",
            "count": 0
        },
        {
            "id": "100074889207161",
            "count": 0
        },
        {
            "id": "100022136445300",
            "count": 2
        },
        {
            "id": "100078098326066",
            "count": 0
        },
        {
            "id": "61553556735087",
            "count": 0
        },
        {
            "id": "100068941703430",
            "count": 0
        },
        {
            "id": "100075202783131",
            "count": 0
        },
        {
            "id": "100076636516504",
            "count": 0
        },
        {
            "id": "100071575183469",
            "count": 0
        },
        {
            "id": "61554261837686",
            "count": 0
        },
        {
            "id": "61554245852620",
            "count": 0
        },
        {
            "id": "100082580843320",
            "count": 1
        },
        {
            "id": "100015614650311",
            "count": 0
        },
        {
            "id": "61554374420491",
            "count": 0
        },
        {
            "id": "100095152174872",
            "count": 0
        },
        {
            "id": "100089992819251",
            "count": 0
        },
        {
            "id": "100070553651539",
            "count": 0
        },
        {
            "id": "100015133066370",
            "count": 0
        },
        {
            "id": "61554360746159",
            "count": 0
        },
        {
            "id": "61554375812101",
            "count": 0
        },
        {
            "id": "61553844029344",
            "count": 6
        },
        {
            "id": "100069515736280",
            "count": 0
        },
        {
            "id": "61550707240123",
            "count": 0
        },
        {
            "id": "100084699854818",
            "count": 0
        },
        {
            "id": "61552759405423",
            "count": 3
        },
        {
            "id": "61552109345840",
            "count": 28
        },
        {
            "id": "61551218121180",
            "count": 0
        },
        {
            "id": "100051329000139",
            "count": 150
        },
        {
            "id": "61553680732804",
            "count": 134
        },
        {
            "id": "61554183195298",
            "count": 0
        },
        {
            "id": "61553124433567",
            "count": 30
        },
        {
            "id": "61550084998935",
            "count": 0
        },
        {
            "id": "61550992775020",
            "count": 4
        },
        {
            "id": "61554147737053",
            "count": 0
        },
        {
            "id": "100077980504363",
            "count": 245
        },
        {
            "id": "100053586885851",
            "count": 1
        },
        {
            "id": "100085241593198",
            "count": 1
        },
        {
            "id": "61553670189094",
            "count": 0
        },
        {
            "id": "61553737190634",
            "count": 3
        },
        {
            "id": "61554765907632",
            "count": 0
        },
        {
            "id": "61550826891708",
            "count": 0
        }
    ],
    "time": 0,
    "last": {
        "time": 3,
        "day": [
            {
                "id": "100088162593575",
                "count": 0
            },
            {
                "id": "100083153822246",
                "count": 0
            },
            {
                "id": "100087304210031",
                "count": 0
            },
            {
                "id": "100092386685973",
                "count": 0
            },
            {
                "id": "100013020960970",
                "count": 0
            },
            {
                "id": "100090879814247",
                "count": 0
            },
            {
                "id": "100090019820389",
                "count": 0
            },
            {
                "id": "100069615517197",
                "count": 0
            },
            {
                "id": "100068041482609",
                "count": 0
            },
            {
                "id": "100044588597466",
                "count": 0
            },
            {
                "id": "61550280362044",
                "count": 0
            },
            {
                "id": "61552679161101",
                "count": 0
            },
            {
                "id": "100071292092147",
                "count": 0
            },
            {
                "id": "100078278101106",
                "count": 0
            },
            {
                "id": "61552012021512",
                "count": 0
            },
            {
                "id": "100075878343251",
                "count": 0
            },
            {
                "id": "100072168947866",
                "count": 0
            },
            {
                "id": "61553112157597",
                "count": 0
            },
            {
                "id": "100088845770374",
                "count": 0
            },
            {
                "id": "100069291556566",
                "count": 0
            },
            {
                "id": "100055631615740",
                "count": 0
            },
            {
                "id": "100086740630173",
                "count": 0
            },
            {
                "id": "100083727994682",
                "count": 0
            },
            {
                "id": "100080014253711",
                "count": 0
            },
            {
                "id": "100065084449084",
                "count": 0
            },
            {
                "id": "100074188156200",
                "count": 0
            },
            {
                "id": "100089466821981",
                "count": 0
            },
            {
                "id": "100080028294585",
                "count": 0
            },
            {
                "id": "100088886695444",
                "count": 0
            },
            {
                "id": "100072407529414",
                "count": 0
            },
            {
                "id": "100049341283079",
                "count": 0
            },
            {
                "id": "100074155621505",
                "count": 0
            },
            {
                "id": "100058416497941",
                "count": 0
            },
            {
                "id": "100054816790377",
                "count": 0
            },
            {
                "id": "100074889207161",
                "count": 0
            },
            {
                "id": "100022136445300",
                "count": 0
            },
            {
                "id": "100078098326066",
                "count": 0
            },
            {
                "id": "61553556735087",
                "count": 0
            },
            {
                "id": "100068941703430",
                "count": 0
            },
            {
                "id": "100075202783131",
                "count": 0
            },
            {
                "id": "100076636516504",
                "count": 0
            },
            {
                "id": "100071575183469",
                "count": 0
            },
            {
                "id": "61554261837686",
                "count": 0
            },
            {
                "id": "61554245852620",
                "count": 0
            },
            {
                "id": "100082580843320",
                "count": 0
            },
            {
                "id": "100015614650311",
                "count": 0
            },
            {
                "id": "61554374420491",
                "count": 0
            },
            {
                "id": "100095152174872",
                "count": 0
            },
            {
                "id": "100089992819251",
                "count": 0
            },
            {
                "id": "100070553651539",
                "count": 0
            },
            {
                "id": "100016337528521",
                "count": 0
            },
            {
                "id": "100015133066370",
                "count": 0
            },
            {
                "id": "61554360746159",
                "count": 0
            },
            {
                "id": "61554375812101",
                "count": 0
            },
            {
                "id": "61553844029344",
                "count": 0
            },
            {
                "id": "100069515736280",
                "count": 0
            },
            {
                "id": "61550707240123",
                "count": 0
            },
            {
                "id": "100084699854818",
                "count": 0
            },
            {
                "id": "61552759405423",
                "count": 0
            },
            {
                "id": "61552109345840",
                "count": 0
            },
            {
                "id": "61551218121180",
                "count": 0
            },
            {
                "id": "100051329000139",
                "count": 0
            },
            {
                "id": "61553680732804",
                "count": 0
            },
            {
                "id": "61554183195298",
                "count": 0
            },
            {
                "id": "61553124433567",
                "count": 0
            },
            {
                "id": "61550084998935",
                "count": 0
            },
            {
                "id": "61550992775020",
                "count": 0
            },
            {
                "id": "61554147737053",
                "count": 0
            },
            {
                "id": "100077980504363",
                "count": 0
            },
            {
                "id": "61553604117291",
                "count": 0
            },
            {
                "id": "100053586885851",
                "count": 0
            },
            {
                "id": "61554204366021",
                "count": 0
            },
            {
                "id": "100085241593198",
                "count": 0
            },
            {
                "id": "61553670189094",
                "count": 0
            },
            {
                "id": "61553737190634",
                "count": 0
            },
            {
                "id": "61554765907632",
                "count": 0
            },
            {
                "id": "61550826891708",
                "count": 0
            }
        ],
        "week": [
            {
                "id": "100088162593575",
                "count": 0
            },
            {
                "id": "100083153822246",
                "count": 0
            },
            {
                "id": "100087304210031",
                "count": 0
            },
            {
                "id": "100092386685973",
                "count": 0
            },
            {
                "id": "100013020960970",
                "count": 0
            },
            {
                "id": "100090879814247",
                "count": 0
            },
            {
                "id": "100090019820389",
                "count": 0
            },
            {
                "id": "100069615517197",
                "count": 0
            },
            {
                "id": "100068041482609",
                "count": 0
            },
            {
                "id": "100044588597466",
                "count": 0
            },
            {
                "id": "61550280362044",
                "count": 0
            },
            {
                "id": "61552679161101",
                "count": 0
            },
            {
                "id": "100071292092147",
                "count": 0
            },
            {
                "id": "100078278101106",
                "count": 0
            },
            {
                "id": "61552012021512",
                "count": 0
            },
            {
                "id": "100075878343251",
                "count": 0
            },
            {
                "id": "100072168947866",
                "count": 0
            },
            {
                "id": "61553112157597",
                "count": 0
            },
            {
                "id": "100088845770374",
                "count": 0
            },
            {
                "id": "100069291556566",
                "count": 0
            },
            {
                "id": "100055631615740",
                "count": 0
            },
            {
                "id": "100086740630173",
                "count": 0
            },
            {
                "id": "100083727994682",
                "count": 0
            },
            {
                "id": "100080014253711",
                "count": 0
            },
            {
                "id": "100065084449084",
                "count": 0
            },
            {
                "id": "100074188156200",
                "count": 0
            },
            {
                "id": "100089466821981",
                "count": 0
            },
            {
                "id": "100080028294585",
                "count": 0
            },
            {
                "id": "100088886695444",
                "count": 0
            },
            {
                "id": "100072407529414",
                "count": 0
            },
            {
                "id": "100049341283079",
                "count": 0
            },
            {
                "id": "100074155621505",
                "count": 0
            },
            {
                "id": "100058416497941",
                "count": 0
            },
            {
                "id": "100054816790377",
                "count": 0
            },
            {
                "id": "100074889207161",
                "count": 0
            },
            {
                "id": "100022136445300",
                "count": 0
            },
            {
                "id": "100078098326066",
                "count": 0
            },
            {
                "id": "61553556735087",
                "count": 0
            },
            {
                "id": "100068941703430",
                "count": 0
            },
            {
                "id": "100075202783131",
                "count": 0
            },
            {
                "id": "100076636516504",
                "count": 0
            },
            {
                "id": "100071575183469",
                "count": 0
            },
            {
                "id": "61554261837686",
                "count": 0
            },
            {
                "id": "61554245852620",
                "count": 0
            },
            {
                "id": "100082580843320",
                "count": 0
            },
            {
                "id": "100015614650311",
                "count": 0
            },
            {
                "id": "61554374420491",
                "count": 0
            },
            {
                "id": "100095152174872",
                "count": 0
            },
            {
                "id": "100089992819251",
                "count": 0
            },
            {
                "id": "100070553651539",
                "count": 0
            },
            {
                "id": "100016337528521",
                "count": 0
            },
            {
                "id": "100015133066370",
                "count": 0
            },
            {
                "id": "61554360746159",
                "count": 0
            },
            {
                "id": "61554375812101",
                "count": 0
            },
            {
                "id": "61553844029344",
                "count": 0
            },
            {
                "id": "100069515736280",
                "count": 0
            },
            {
                "id": "61550707240123",
                "count": 0
            },
            {
                "id": "100084699854818",
                "count": 0
            },
            {
                "id": "61552759405423",
                "count": 0
            },
            {
                "id": "61552109345840",
                "count": 0
            },
            {
                "id": "61551218121180",
                "count": 0
            },
            {
                "id": "100051329000139",
                "count": 0
            },
            {
                "id": "61553680732804",
                "count": 0
            },
            {
                "id": "61554183195298",
                "count": 0
            },
            {
                "id": "61553124433567",
                "count": 0
            },
            {
                "id": "61550084998935",
                "count": 0
            },
            {
                "id": "61550992775020",
                "count": 0
            },
            {
                "id": "61554147737053",
                "count": 0
            },
            {
                "id": "100077980504363",
                "count": 0
            },
            {
                "id": "61553604117291",
                "count": 0
            },
            {
                "id": "100053586885851",
                "count": 0
            },
            {
                "id": "61554204366021",
                "count": 0
            },
            {
                "id": "100085241593198",
                "count": 0
            },
            {
                "id": "61553670189094",
                "count": 0
            },
            {
                "id": "61553737190634",
                "count": 0
            },
            {
                "id": "61554765907632",
                "count": 0
            },
            {
                "id": "61550826891708",
                "count": 0
            }
        ]
    }
}