{
    "total": [
        {
            "id": "100004253741257",
            "count": 73
        },
        {
            "id": "100037211391552",
            "count": 140
        },
        {
            "id": "100041354865168",
            "count": 0
        },
        {
            "id": "100075355876941",
            "count": 24
        },
        {
            "id": "100090471999304",
            "count": 0
        }
    ],
    "week": [
        {
            "id": "100004253741257",
            "count": 73
        },
        {
            "id": "100037211391552",
            "count": 140
        },
        {
            "id": "100041354865168",
            "count": 0
        },
        {
            "id": "100075355876941",
            "count": 24
        },
        {
            "id": "100090471999304",
            "count": 0
        }
    ],
    "day": [
        {
            "id": "100004253741257",
            "count": 73
        },
        {
            "id": "100037211391552",
            "count": 140
        },
        {
            "id": "100041354865168",
            "count": 0
        },
        {
            "id": "100075355876941",
            "count": 24
        },
        {
            "id": "100090471999304",
            "count": 0
        }
    ],
    "time": 0
}