{
    "total": [
        {
            "id": "100006203778271",
            "count": 5
        },
        {
            "id": "100035338401736",
            "count": 0
        },
        {
            "id": "100039713823230",
            "count": 423
        },
        {
            "id": "100051856243142",
            "count": 0
        },
        {
            "id": "100055155874023",
            "count": 390
        },
        {
            "id": "100055590276733",
            "count": 50
        },
        {
            "id": "100055971690649",
            "count": 66
        },
        {
            "id": "100058356992262",
            "count": 13
        },
        {
            "id": "100059052998037",
            "count": 0
        },
        {
            "id": "100065173873883",
            "count": 14
        },
        {
            "id": "100067617180105",
            "count": 95
        },
        {
            "id": "100068218759611",
            "count": 54
        },
        {
            "id": "100068452084371",
            "count": 0
        },
        {
            "id": "100069365300253",
            "count": 0
        },
        {
            "id": "100069422066719",
            "count": 16
        },
        {
            "id": "100069590178624",
            "count": 324
        },
        {
            "id": "100070097215039",
            "count": 10
        },
        {
            "id": "100072149605910",
            "count": 8
        },
        {
            "id": "100073682665918",
            "count": 114
        },
        {
            "id": "100074183751399",
            "count": 90
        },
        {
            "id": "100074356844421",
            "count": 80
        },
        {
            "id": "100074410017723",
            "count": 1
        },
        {
            "id": "100074655041706",
            "count": 4
        },
        {
            "id": "100074671624138",
            "count": 5
        },
        {
            "id": "100075355876941",
            "count": 484
        },
        {
            "id": "100076059008741",
            "count": 154
        },
        {
            "id": "100076318667042",
            "count": 1
        },
        {
            "id": "100076917033700",
            "count": 0
        },
        {
            "id": "100077110212514",
            "count": 0
        },
        {
            "id": "100077216151389",
            "count": 0
        },
        {
            "id": "100077394915643",
            "count": 0
        },
        {
            "id": "100078522622945",
            "count": 0
        },
        {
            "id": "100080090057761",
            "count": 6
        },
        {
            "id": "100080097950563",
            "count": 2
        },
        {
            "id": "100080275429058",
            "count": 0
        },
        {
            "id": "100081001940408",
            "count": 0
        },
        {
            "id": "100081045545656",
            "count": 45
        },
        {
            "id": "100081286236327",
            "count": 0
        },
        {
            "id": "100081554757525",
            "count": 0
        },
        {
            "id": "100081829010088",
            "count": 0
        },
        {
            "id": "100081906521034",
            "count": 41
        },
        {
            "id": "100081929220308",
            "count": 227
        },
        {
            "id": "100082094246827",
            "count": 0
        },
        {
            "id": "100082285017441",
            "count": 29
        },
        {
            "id": "100082986570736",
            "count": 2
        },
        {
            "id": "100082988416800",
            "count": 1
        },
        {
            "id": "100083373464705",
            "count": 0
        },
        {
            "id": "100083708777440",
            "count": 150
        },
        {
            "id": "100083926006433",
            "count": 0
        },
        {
            "id": "100084108829840",
            "count": 16
        },
        {
            "id": "100084303827842",
            "count": 13
        },
        {
            "id": "100084338059654",
            "count": 0
        },
        {
            "id": "100084745404422",
            "count": 0
        },
        {
            "id": "100085500372424",
            "count": 0
        },
        {
            "id": "100086005584800",
            "count": 2
        },
        {
            "id": "100086234130648",
            "count": 0
        },
        {
            "id": "100086437779169",
            "count": 0
        },
        {
            "id": "100086626548019",
            "count": 36
        },
        {
            "id": "100086985710941",
            "count": 6
        },
        {
            "id": "100087637215488",
            "count": 0
        },
        {
            "id": "100087892237546",
            "count": 7
        },
        {
            "id": "100088250256029",
            "count": 0
        },
        {
            "id": "100088315446602",
            "count": 0
        },
        {
            "id": "100088458310130",
            "count": 10
        },
        {
            "id": "100088850805635",
            "count": 3
        },
        {
            "id": "100089032728291",
            "count": 0
        },
        {
            "id": "100089218887303",
            "count": 5
        },
        {
            "id": "100089355207461",
            "count": 4148
        },
        {
            "id": "100089762521015",
            "count": 26
        },
        {
            "id": "100089908142522",
            "count": 25
        },
        {
            "id": "100089917021747",
            "count": 95
        },
        {
            "id": "100089970441518",
            "count": 0
        },
        {
            "id": "100090017462216",
            "count": 0
        },
        {
            "id": "100090264608888",
            "count": 0
        },
        {
            "id": "100090270531552",
            "count": 97
        },
        {
            "id": "100090310003141",
            "count": 0
        },
        {
            "id": "100090352387067",
            "count": 41
        },
        {
            "id": "100090384908748",
            "count": 4
        },
        {
            "id": "100090446100553",
            "count": 0
        },
        {
            "id": "100090515787490",
            "count": 0
        },
        {
            "id": "100090545195255",
            "count": 0
        },
        {
            "id": "100090737124377",
            "count": 15
        },
        {
            "id": "100075144168383",
            "count": 45
        },
        {
            "id": "100088402011832",
            "count": 11
        },
        {
            "id": "100085106261614",
            "count": 139
        },
        {
            "id": "100060262234507",
            "count": 225
        },
        {
            "id": "100080324380594",
            "count": 69
        },
        {
            "id": "100051168762738",
            "count": 6
        },
        {
            "id": "100037211391552",
            "count": 992
        },
        {
            "id": "100074639773574",
            "count": 132
        },
        {
            "id": "100085157497541",
            "count": 438
        },
        {
            "id": "100084118696251",
            "count": 210
        },
        {
            "id": "100079147129678",
            "count": 45
        },
        {
            "id": "100050513449994",
            "count": 228
        },
        {
            "id": "100089720405052",
            "count": 39
        },
        {
            "id": "100065260538283",
            "count": 2
        }
    ],
    "week": [
        {
            "id": "100006203778271",
            "count": 5
        },
        {
            "id": "100035338401736",
            "count": 0
        },
        {
            "id": "100039713823230",
            "count": 423
        },
        {
            "id": "100051856243142",
            "count": 0
        },
        {
            "id": "100055155874023",
            "count": 390
        },
        {
            "id": "100055590276733",
            "count": 50
        },
        {
            "id": "100055971690649",
            "count": 66
        },
        {
            "id": "100058356992262",
            "count": 13
        },
        {
            "id": "100059052998037",
            "count": 0
        },
        {
            "id": "100065173873883",
            "count": 14
        },
        {
            "id": "100067617180105",
            "count": 95
        },
        {
            "id": "100068218759611",
            "count": 54
        },
        {
            "id": "100068452084371",
            "count": 0
        },
        {
            "id": "100069365300253",
            "count": 0
        },
        {
            "id": "100069422066719",
            "count": 16
        },
        {
            "id": "100069590178624",
            "count": 324
        },
        {
            "id": "100070097215039",
            "count": 10
        },
        {
            "id": "100072149605910",
            "count": 8
        },
        {
            "id": "100073682665918",
            "count": 114
        },
        {
            "id": "100074183751399",
            "count": 90
        },
        {
            "id": "100074356844421",
            "count": 80
        },
        {
            "id": "100074410017723",
            "count": 1
        },
        {
            "id": "100074655041706",
            "count": 4
        },
        {
            "id": "100074671624138",
            "count": 5
        },
        {
            "id": "100075355876941",
            "count": 484
        },
        {
            "id": "100076059008741",
            "count": 154
        },
        {
            "id": "100076318667042",
            "count": 1
        },
        {
            "id": "100076917033700",
            "count": 0
        },
        {
            "id": "100077110212514",
            "count": 0
        },
        {
            "id": "100077216151389",
            "count": 0
        },
        {
            "id": "100077394915643",
            "count": 0
        },
        {
            "id": "100078522622945",
            "count": 0
        },
        {
            "id": "100080090057761",
            "count": 6
        },
        {
            "id": "100080097950563",
            "count": 2
        },
        {
            "id": "100080275429058",
            "count": 0
        },
        {
            "id": "100081001940408",
            "count": 0
        },
        {
            "id": "100081045545656",
            "count": 45
        },
        {
            "id": "100081286236327",
            "count": 0
        },
        {
            "id": "100081554757525",
            "count": 0
        },
        {
            "id": "100081829010088",
            "count": 0
        },
        {
            "id": "100081906521034",
            "count": 41
        },
        {
            "id": "100081929220308",
            "count": 227
        },
        {
            "id": "100082094246827",
            "count": 0
        },
        {
            "id": "100082285017441",
            "count": 29
        },
        {
            "id": "100082986570736",
            "count": 2
        },
        {
            "id": "100082988416800",
            "count": 1
        },
        {
            "id": "100083373464705",
            "count": 0
        },
        {
            "id": "100083708777440",
            "count": 150
        },
        {
            "id": "100083926006433",
            "count": 0
        },
        {
            "id": "100084108829840",
            "count": 16
        },
        {
            "id": "100084303827842",
            "count": 13
        },
        {
            "id": "100084338059654",
            "count": 0
        },
        {
            "id": "100084745404422",
            "count": 0
        },
        {
            "id": "100085500372424",
            "count": 0
        },
        {
            "id": "100086005584800",
            "count": 2
        },
        {
            "id": "100086234130648",
            "count": 0
        },
        {
            "id": "100086437779169",
            "count": 0
        },
        {
            "id": "100086626548019",
            "count": 36
        },
        {
            "id": "100086985710941",
            "count": 6
        },
        {
            "id": "100087637215488",
            "count": 0
        },
        {
            "id": "100087892237546",
            "count": 7
        },
        {
            "id": "100088250256029",
            "count": 0
        },
        {
            "id": "100088315446602",
            "count": 0
        },
        {
            "id": "100088458310130",
            "count": 10
        },
        {
            "id": "100088850805635",
            "count": 3
        },
        {
            "id": "100089032728291",
            "count": 0
        },
        {
            "id": "100089218887303",
            "count": 5
        },
        {
            "id": "100089355207461",
            "count": 4148
        },
        {
            "id": "100089762521015",
            "count": 26
        },
        {
            "id": "100089908142522",
            "count": 25
        },
        {
            "id": "100089917021747",
            "count": 95
        },
        {
            "id": "100089970441518",
            "count": 0
        },
        {
            "id": "100090017462216",
            "count": 0
        },
        {
            "id": "100090264608888",
            "count": 0
        },
        {
            "id": "100090270531552",
            "count": 97
        },
        {
            "id": "100090310003141",
            "count": 0
        },
        {
            "id": "100090352387067",
            "count": 41
        },
        {
            "id": "100090384908748",
            "count": 4
        },
        {
            "id": "100090446100553",
            "count": 0
        },
        {
            "id": "100090515787490",
            "count": 0
        },
        {
            "id": "100090545195255",
            "count": 0
        },
        {
            "id": "100090737124377",
            "count": 15
        },
        {
            "id": "100075144168383",
            "count": 45
        },
        {
            "id": "100088402011832",
            "count": 11
        },
        {
            "id": "100085106261614",
            "count": 139
        },
        {
            "id": "100060262234507",
            "count": 225
        },
        {
            "id": "100080324380594",
            "count": 69
        },
        {
            "id": "100051168762738",
            "count": 6
        },
        {
            "id": "100037211391552",
            "count": 992
        },
        {
            "id": "100074639773574",
            "count": 132
        },
        {
            "id": "100085157497541",
            "count": 438
        },
        {
            "id": "100084118696251",
            "count": 210
        },
        {
            "id": "100079147129678",
            "count": 45
        },
        {
            "id": "100050513449994",
            "count": 228
        },
        {
            "id": "100089720405052",
            "count": 39
        },
        {
            "id": "100065260538283",
            "count": 2
        }
    ],
    "day": [
        {
            "id": "100006203778271",
            "count": 5
        },
        {
            "id": "100035338401736",
            "count": 0
        },
        {
            "id": "100039713823230",
            "count": 423
        },
        {
            "id": "100051856243142",
            "count": 0
        },
        {
            "id": "100055155874023",
            "count": 390
        },
        {
            "id": "100055590276733",
            "count": 50
        },
        {
            "id": "100055971690649",
            "count": 66
        },
        {
            "id": "100058356992262",
            "count": 13
        },
        {
            "id": "100059052998037",
            "count": 0
        },
        {
            "id": "100065173873883",
            "count": 14
        },
        {
            "id": "100067617180105",
            "count": 95
        },
        {
            "id": "100068218759611",
            "count": 54
        },
        {
            "id": "100068452084371",
            "count": 0
        },
        {
            "id": "100069365300253",
            "count": 0
        },
        {
            "id": "100069422066719",
            "count": 16
        },
        {
            "id": "100069590178624",
            "count": 324
        },
        {
            "id": "100070097215039",
            "count": 10
        },
        {
            "id": "100072149605910",
            "count": 8
        },
        {
            "id": "100073682665918",
            "count": 114
        },
        {
            "id": "100074183751399",
            "count": 90
        },
        {
            "id": "100074356844421",
            "count": 80
        },
        {
            "id": "100074410017723",
            "count": 1
        },
        {
            "id": "100074655041706",
            "count": 4
        },
        {
            "id": "100074671624138",
            "count": 5
        },
        {
            "id": "100075355876941",
            "count": 484
        },
        {
            "id": "100076059008741",
            "count": 154
        },
        {
            "id": "100076318667042",
            "count": 1
        },
        {
            "id": "100076917033700",
            "count": 0
        },
        {
            "id": "100077110212514",
            "count": 0
        },
        {
            "id": "100077216151389",
            "count": 0
        },
        {
            "id": "100077394915643",
            "count": 0
        },
        {
            "id": "100078522622945",
            "count": 0
        },
        {
            "id": "100080090057761",
            "count": 6
        },
        {
            "id": "100080097950563",
            "count": 2
        },
        {
            "id": "100080275429058",
            "count": 0
        },
        {
            "id": "100081001940408",
            "count": 0
        },
        {
            "id": "100081045545656",
            "count": 45
        },
        {
            "id": "100081286236327",
            "count": 0
        },
        {
            "id": "100081554757525",
            "count": 0
        },
        {
            "id": "100081829010088",
            "count": 0
        },
        {
            "id": "100081906521034",
            "count": 41
        },
        {
            "id": "100081929220308",
            "count": 227
        },
        {
            "id": "100082094246827",
            "count": 0
        },
        {
            "id": "100082285017441",
            "count": 29
        },
        {
            "id": "100082986570736",
            "count": 2
        },
        {
            "id": "100082988416800",
            "count": 1
        },
        {
            "id": "100083373464705",
            "count": 0
        },
        {
            "id": "100083708777440",
            "count": 150
        },
        {
            "id": "100083926006433",
            "count": 0
        },
        {
            "id": "100084108829840",
            "count": 16
        },
        {
            "id": "100084303827842",
            "count": 13
        },
        {
            "id": "100084338059654",
            "count": 0
        },
        {
            "id": "100084745404422",
            "count": 0
        },
        {
            "id": "100085500372424",
            "count": 0
        },
        {
            "id": "100086005584800",
            "count": 2
        },
        {
            "id": "100086234130648",
            "count": 0
        },
        {
            "id": "100086437779169",
            "count": 0
        },
        {
            "id": "100086626548019",
            "count": 36
        },
        {
            "id": "100086985710941",
            "count": 6
        },
        {
            "id": "100087637215488",
            "count": 0
        },
        {
            "id": "100087892237546",
            "count": 7
        },
        {
            "id": "100088250256029",
            "count": 0
        },
        {
            "id": "100088315446602",
            "count": 0
        },
        {
            "id": "100088458310130",
            "count": 10
        },
        {
            "id": "100088850805635",
            "count": 3
        },
        {
            "id": "100089032728291",
            "count": 0
        },
        {
            "id": "100089218887303",
            "count": 5
        },
        {
            "id": "100089355207461",
            "count": 4148
        },
        {
            "id": "100089762521015",
            "count": 26
        },
        {
            "id": "100089908142522",
            "count": 25
        },
        {
            "id": "100089917021747",
            "count": 95
        },
        {
            "id": "100089970441518",
            "count": 0
        },
        {
            "id": "100090017462216",
            "count": 0
        },
        {
            "id": "100090264608888",
            "count": 0
        },
        {
            "id": "100090270531552",
            "count": 97
        },
        {
            "id": "100090310003141",
            "count": 0
        },
        {
            "id": "100090352387067",
            "count": 41
        },
        {
            "id": "100090384908748",
            "count": 4
        },
        {
            "id": "100090446100553",
            "count": 0
        },
        {
            "id": "100090515787490",
            "count": 0
        },
        {
            "id": "100090545195255",
            "count": 0
        },
        {
            "id": "100090737124377",
            "count": 15
        },
        {
            "id": "100075144168383",
            "count": 45
        },
        {
            "id": "100088402011832",
            "count": 11
        },
        {
            "id": "100085106261614",
            "count": 139
        },
        {
            "id": "100060262234507",
            "count": 225
        },
        {
            "id": "100080324380594",
            "count": 69
        },
        {
            "id": "100051168762738",
            "count": 6
        },
        {
            "id": "100037211391552",
            "count": 992
        },
        {
            "id": "100074639773574",
            "count": 132
        },
        {
            "id": "100085157497541",
            "count": 438
        },
        {
            "id": "100084118696251",
            "count": 210
        },
        {
            "id": "100079147129678",
            "count": 45
        },
        {
            "id": "100050513449994",
            "count": 228
        },
        {
            "id": "100089720405052",
            "count": 39
        },
        {
            "id": "100065260538283",
            "count": 2
        }
    ],
    "time": 0
}