{
    "total": [
        {
            "id": "1119315441",
            "count": 0
        },
        {
            "id": "1511167863",
            "count": 2
        },
        {
            "id": "61550003562735",
            "count": 0
        },
        {
            "id": "61552060045488",
            "count": 0
        },
        {
            "id": "61552635263838",
            "count": 0
        },
        {
            "id": "100004652504239",
            "count": 18
        },
        {
            "id": "100010046614944",
            "count": 0
        },
        {
            "id": "100013295447683",
            "count": 23
        },
        {
            "id": "100013456778220",
            "count": 0
        },
        {
            "id": "100014108989356",
            "count": 15
        },
        {
            "id": "100020649143207",
            "count": 0
        },
        {
            "id": "100021757547466",
            "count": 0
        },
        {
            "id": "100021909661419",
            "count": 5
        },
        {
            "id": "100024284866524",
            "count": 0
        },
        {
            "id": "100024580370516",
            "count": 1
        },
        {
            "id": "100024712241604",
            "count": 0
        },
        {
            "id": "100025121046284",
            "count": 0
        },
        {
            "id": "100026568881175",
            "count": 0
        },
        {
            "id": "100026875027717",
            "count": 0
        },
        {
            "id": "100027622682911",
            "count": 0
        },
        {
            "id": "100027885968824",
            "count": 0
        },
        {
            "id": "100029049210477",
            "count": 0
        },
        {
            "id": "100034664363473",
            "count": 0
        },
        {
            "id": "100034844558344",
            "count": 0
        },
        {
            "id": "100038104273680",
            "count": 4
        },
        {
            "id": "100038448368360",
            "count": 0
        },
        {
            "id": "100041092967527",
            "count": 0
        },
        {
            "id": "100041641873072",
            "count": 0
        },
        {
            "id": "100041836890467",
            "count": 0
        },
        {
            "id": "100041992475635",
            "count": 0
        },
        {
            "id": "100043167948123",
            "count": 0
        },
        {
            "id": "100043203935416",
            "count": 0
        },
        {
            "id": "100043841041817",
            "count": 5
        },
        {
            "id": "100044155958996",
            "count": 0
        },
        {
            "id": "100046099572778",
            "count": 0
        },
        {
            "id": "100046286322114",
            "count": 0
        },
        {
            "id": "100047128249623",
            "count": 0
        },
        {
            "id": "100047511014828",
            "count": 0
        },
        {
            "id": "100048105352757",
            "count": 0
        },
        {
            "id": "100050319812656",
            "count": 0
        },
        {
            "id": "100050775526272",
            "count": 0
        },
        {
            "id": "100051729883019",
            "count": 3
        },
        {
            "id": "100051813322476",
            "count": 0
        },
        {
            "id": "100051925632933",
            "count": 4
        },
        {
            "id": "100052031423772",
            "count": 0
        },
        {
            "id": "100054155234705",
            "count": 0
        },
        {
            "id": "100055088327745",
            "count": 5
        },
        {
            "id": "100057333090514",
            "count": 0
        },
        {
            "id": "100057942794427",
            "count": 0
        },
        {
            "id": "100062550436714",
            "count": 0
        },
        {
            "id": "100064468460050",
            "count": 0
        },
        {
            "id": "100065371883176",
            "count": 0
        },
        {
            "id": "100065463705474",
            "count": 5
        },
        {
            "id": "100065565975749",
            "count": 0
        },
        {
            "id": "100067037802168",
            "count": 0
        },
        {
            "id": "100067197609933",
            "count": 0
        },
        {
            "id": "100067294073119",
            "count": 0
        },
        {
            "id": "100067381882265",
            "count": 0
        },
        {
            "id": "100067498555053",
            "count": 21
        },
        {
            "id": "100070516493232",
            "count": 6
        },
        {
            "id": "100070979661701",
            "count": 0
        },
        {
            "id": "100072499250178",
            "count": 2
        },
        {
            "id": "100073761374342",
            "count": 6
        },
        {
            "id": "100075319280443",
            "count": 0
        },
        {
            "id": "100075958574333",
            "count": 2
        },
        {
            "id": "100076618451443",
            "count": 0
        },
        {
            "id": "100076623385139",
            "count": 3
        },
        {
            "id": "100076728672495",
            "count": 0
        },
        {
            "id": "100076934424479",
            "count": 2
        },
        {
            "id": "100077516893907",
            "count": 6
        },
        {
            "id": "100077524235705",
            "count": 0
        },
        {
            "id": "100078039941394",
            "count": 0
        },
        {
            "id": "100079292530676",
            "count": 4
        },
        {
            "id": "100079629970614",
            "count": 0
        },
        {
            "id": "100080076618690",
            "count": 0
        },
        {
            "id": "100080107479425",
            "count": 0
        },
        {
            "id": "100080158846095",
            "count": 7
        },
        {
            "id": "100080359144251",
            "count": 0
        },
        {
            "id": "100080888744866",
            "count": 8
        },
        {
            "id": "100080954981372",
            "count": 5
        },
        {
            "id": "100081066733802",
            "count": 0
        },
        {
            "id": "100082565640998",
            "count": 0
        },
        {
            "id": "100083877077255",
            "count": 4
        },
        {
            "id": "100085153689958",
            "count": 8
        },
        {
            "id": "100085229995324",
            "count": 0
        },
        {
            "id": "100088441035723",
            "count": 0
        },
        {
            "id": "100088594940791",
            "count": 0
        },
        {
            "id": "100089226249080",
            "count": 0
        },
        {
            "id": "100089872271464",
            "count": 0
        },
        {
            "id": "100090061656850",
            "count": 0
        },
        {
            "id": "100090107920123",
            "count": 0
        },
        {
            "id": "100090353590861",
            "count": 0
        },
        {
            "id": "100090402285684",
            "count": 0
        },
        {
            "id": "100090918241249",
            "count": 0
        },
        {
            "id": "100092321771334",
            "count": 0
        },
        {
            "id": "100093675474473",
            "count": 0
        },
        {
            "id": "100094573314376",
            "count": 0
        },
        {
            "id": "100095222029679",
            "count": 6
        }
    ],
    "week": [
        {
            "id": "1119315441",
            "count": 0
        },
        {
            "id": "1511167863",
            "count": 2
        },
        {
            "id": "61550003562735",
            "count": 0
        },
        {
            "id": "61552060045488",
            "count": 0
        },
        {
            "id": "61552635263838",
            "count": 0
        },
        {
            "id": "100004652504239",
            "count": 18
        },
        {
            "id": "100010046614944",
            "count": 0
        },
        {
            "id": "100013295447683",
            "count": 23
        },
        {
            "id": "100013456778220",
            "count": 0
        },
        {
            "id": "100014108989356",
            "count": 15
        },
        {
            "id": "100020649143207",
            "count": 0
        },
        {
            "id": "100021757547466",
            "count": 0
        },
        {
            "id": "100021909661419",
            "count": 5
        },
        {
            "id": "100024284866524",
            "count": 0
        },
        {
            "id": "100024580370516",
            "count": 1
        },
        {
            "id": "100024712241604",
            "count": 0
        },
        {
            "id": "100025121046284",
            "count": 0
        },
        {
            "id": "100026568881175",
            "count": 0
        },
        {
            "id": "100026875027717",
            "count": 0
        },
        {
            "id": "100027622682911",
            "count": 0
        },
        {
            "id": "100027885968824",
            "count": 0
        },
        {
            "id": "100029049210477",
            "count": 0
        },
        {
            "id": "100034664363473",
            "count": 0
        },
        {
            "id": "100034844558344",
            "count": 0
        },
        {
            "id": "100038104273680",
            "count": 4
        },
        {
            "id": "100038448368360",
            "count": 0
        },
        {
            "id": "100041092967527",
            "count": 0
        },
        {
            "id": "100041641873072",
            "count": 0
        },
        {
            "id": "100041836890467",
            "count": 0
        },
        {
            "id": "100041992475635",
            "count": 0
        },
        {
            "id": "100043167948123",
            "count": 0
        },
        {
            "id": "100043203935416",
            "count": 0
        },
        {
            "id": "100043841041817",
            "count": 5
        },
        {
            "id": "100044155958996",
            "count": 0
        },
        {
            "id": "100046099572778",
            "count": 0
        },
        {
            "id": "100046286322114",
            "count": 0
        },
        {
            "id": "100047128249623",
            "count": 0
        },
        {
            "id": "100047511014828",
            "count": 0
        },
        {
            "id": "100048105352757",
            "count": 0
        },
        {
            "id": "100050319812656",
            "count": 0
        },
        {
            "id": "100050775526272",
            "count": 0
        },
        {
            "id": "100051729883019",
            "count": 3
        },
        {
            "id": "100051813322476",
            "count": 0
        },
        {
            "id": "100051925632933",
            "count": 4
        },
        {
            "id": "100052031423772",
            "count": 0
        },
        {
            "id": "100054155234705",
            "count": 0
        },
        {
            "id": "100055088327745",
            "count": 5
        },
        {
            "id": "100057333090514",
            "count": 0
        },
        {
            "id": "100057942794427",
            "count": 0
        },
        {
            "id": "100062550436714",
            "count": 0
        },
        {
            "id": "100064468460050",
            "count": 0
        },
        {
            "id": "100065371883176",
            "count": 0
        },
        {
            "id": "100065463705474",
            "count": 5
        },
        {
            "id": "100065565975749",
            "count": 0
        },
        {
            "id": "100067037802168",
            "count": 0
        },
        {
            "id": "100067197609933",
            "count": 0
        },
        {
            "id": "100067294073119",
            "count": 0
        },
        {
            "id": "100067381882265",
            "count": 0
        },
        {
            "id": "100067498555053",
            "count": 21
        },
        {
            "id": "100070516493232",
            "count": 6
        },
        {
            "id": "100070979661701",
            "count": 0
        },
        {
            "id": "100072499250178",
            "count": 2
        },
        {
            "id": "100073761374342",
            "count": 6
        },
        {
            "id": "100075319280443",
            "count": 0
        },
        {
            "id": "100075958574333",
            "count": 2
        },
        {
            "id": "100076618451443",
            "count": 0
        },
        {
            "id": "100076623385139",
            "count": 3
        },
        {
            "id": "100076728672495",
            "count": 0
        },
        {
            "id": "100076934424479",
            "count": 2
        },
        {
            "id": "100077516893907",
            "count": 6
        },
        {
            "id": "100077524235705",
            "count": 0
        },
        {
            "id": "100078039941394",
            "count": 0
        },
        {
            "id": "100079292530676",
            "count": 4
        },
        {
            "id": "100079629970614",
            "count": 0
        },
        {
            "id": "100080076618690",
            "count": 0
        },
        {
            "id": "100080107479425",
            "count": 0
        },
        {
            "id": "100080158846095",
            "count": 7
        },
        {
            "id": "100080359144251",
            "count": 0
        },
        {
            "id": "100080888744866",
            "count": 8
        },
        {
            "id": "100080954981372",
            "count": 5
        },
        {
            "id": "100081066733802",
            "count": 0
        },
        {
            "id": "100082565640998",
            "count": 0
        },
        {
            "id": "100083877077255",
            "count": 4
        },
        {
            "id": "100085153689958",
            "count": 8
        },
        {
            "id": "100085229995324",
            "count": 0
        },
        {
            "id": "100088441035723",
            "count": 0
        },
        {
            "id": "100088594940791",
            "count": 0
        },
        {
            "id": "100089226249080",
            "count": 0
        },
        {
            "id": "100089872271464",
            "count": 0
        },
        {
            "id": "100090061656850",
            "count": 0
        },
        {
            "id": "100090107920123",
            "count": 0
        },
        {
            "id": "100090353590861",
            "count": 0
        },
        {
            "id": "100090402285684",
            "count": 0
        },
        {
            "id": "100090918241249",
            "count": 0
        },
        {
            "id": "100092321771334",
            "count": 0
        },
        {
            "id": "100093675474473",
            "count": 0
        },
        {
            "id": "100094573314376",
            "count": 0
        },
        {
            "id": "100095222029679",
            "count": 6
        }
    ],
    "day": [
        {
            "id": "1119315441",
            "count": 0
        },
        {
            "id": "1511167863",
            "count": 2
        },
        {
            "id": "61550003562735",
            "count": 0
        },
        {
            "id": "61552060045488",
            "count": 0
        },
        {
            "id": "61552635263838",
            "count": 0
        },
        {
            "id": "100004652504239",
            "count": 18
        },
        {
            "id": "100010046614944",
            "count": 0
        },
        {
            "id": "100013295447683",
            "count": 23
        },
        {
            "id": "100013456778220",
            "count": 0
        },
        {
            "id": "100014108989356",
            "count": 15
        },
        {
            "id": "100020649143207",
            "count": 0
        },
        {
            "id": "100021757547466",
            "count": 0
        },
        {
            "id": "100021909661419",
            "count": 5
        },
        {
            "id": "100024284866524",
            "count": 0
        },
        {
            "id": "100024580370516",
            "count": 1
        },
        {
            "id": "100024712241604",
            "count": 0
        },
        {
            "id": "100025121046284",
            "count": 0
        },
        {
            "id": "100026568881175",
            "count": 0
        },
        {
            "id": "100026875027717",
            "count": 0
        },
        {
            "id": "100027622682911",
            "count": 0
        },
        {
            "id": "100027885968824",
            "count": 0
        },
        {
            "id": "100029049210477",
            "count": 0
        },
        {
            "id": "100034664363473",
            "count": 0
        },
        {
            "id": "100034844558344",
            "count": 0
        },
        {
            "id": "100038104273680",
            "count": 4
        },
        {
            "id": "100038448368360",
            "count": 0
        },
        {
            "id": "100041092967527",
            "count": 0
        },
        {
            "id": "100041641873072",
            "count": 0
        },
        {
            "id": "100041836890467",
            "count": 0
        },
        {
            "id": "100041992475635",
            "count": 0
        },
        {
            "id": "100043167948123",
            "count": 0
        },
        {
            "id": "100043203935416",
            "count": 0
        },
        {
            "id": "100043841041817",
            "count": 5
        },
        {
            "id": "100044155958996",
            "count": 0
        },
        {
            "id": "100046099572778",
            "count": 0
        },
        {
            "id": "100046286322114",
            "count": 0
        },
        {
            "id": "100047128249623",
            "count": 0
        },
        {
            "id": "100047511014828",
            "count": 0
        },
        {
            "id": "100048105352757",
            "count": 0
        },
        {
            "id": "100050319812656",
            "count": 0
        },
        {
            "id": "100050775526272",
            "count": 0
        },
        {
            "id": "100051729883019",
            "count": 3
        },
        {
            "id": "100051813322476",
            "count": 0
        },
        {
            "id": "100051925632933",
            "count": 4
        },
        {
            "id": "100052031423772",
            "count": 0
        },
        {
            "id": "100054155234705",
            "count": 0
        },
        {
            "id": "100055088327745",
            "count": 5
        },
        {
            "id": "100057333090514",
            "count": 0
        },
        {
            "id": "100057942794427",
            "count": 0
        },
        {
            "id": "100062550436714",
            "count": 0
        },
        {
            "id": "100064468460050",
            "count": 0
        },
        {
            "id": "100065371883176",
            "count": 0
        },
        {
            "id": "100065463705474",
            "count": 5
        },
        {
            "id": "100065565975749",
            "count": 0
        },
        {
            "id": "100067037802168",
            "count": 0
        },
        {
            "id": "100067197609933",
            "count": 0
        },
        {
            "id": "100067294073119",
            "count": 0
        },
        {
            "id": "100067381882265",
            "count": 0
        },
        {
            "id": "100067498555053",
            "count": 21
        },
        {
            "id": "100070516493232",
            "count": 6
        },
        {
            "id": "100070979661701",
            "count": 0
        },
        {
            "id": "100072499250178",
            "count": 2
        },
        {
            "id": "100073761374342",
            "count": 6
        },
        {
            "id": "100075319280443",
            "count": 0
        },
        {
            "id": "100075958574333",
            "count": 2
        },
        {
            "id": "100076618451443",
            "count": 0
        },
        {
            "id": "100076623385139",
            "count": 3
        },
        {
            "id": "100076728672495",
            "count": 0
        },
        {
            "id": "100076934424479",
            "count": 2
        },
        {
            "id": "100077516893907",
            "count": 6
        },
        {
            "id": "100077524235705",
            "count": 0
        },
        {
            "id": "100078039941394",
            "count": 0
        },
        {
            "id": "100079292530676",
            "count": 4
        },
        {
            "id": "100079629970614",
            "count": 0
        },
        {
            "id": "100080076618690",
            "count": 0
        },
        {
            "id": "100080107479425",
            "count": 0
        },
        {
            "id": "100080158846095",
            "count": 7
        },
        {
            "id": "100080359144251",
            "count": 0
        },
        {
            "id": "100080888744866",
            "count": 8
        },
        {
            "id": "100080954981372",
            "count": 5
        },
        {
            "id": "100081066733802",
            "count": 0
        },
        {
            "id": "100082565640998",
            "count": 0
        },
        {
            "id": "100083877077255",
            "count": 4
        },
        {
            "id": "100085153689958",
            "count": 8
        },
        {
            "id": "100085229995324",
            "count": 0
        },
        {
            "id": "100088441035723",
            "count": 0
        },
        {
            "id": "100088594940791",
            "count": 0
        },
        {
            "id": "100089226249080",
            "count": 0
        },
        {
            "id": "100089872271464",
            "count": 0
        },
        {
            "id": "100090061656850",
            "count": 0
        },
        {
            "id": "100090107920123",
            "count": 0
        },
        {
            "id": "100090353590861",
            "count": 0
        },
        {
            "id": "100090402285684",
            "count": 0
        },
        {
            "id": "100090918241249",
            "count": 0
        },
        {
            "id": "100092321771334",
            "count": 0
        },
        {
            "id": "100093675474473",
            "count": 0
        },
        {
            "id": "100094573314376",
            "count": 0
        },
        {
            "id": "100095222029679",
            "count": 6
        }
    ],
    "time": 0
}