{
    "total": [
        {
            "id": "100059818487421",
            "count": 0
        },
        {
            "id": "100075281011870",
            "count": 0
        },
        {
            "id": "100079949799291",
            "count": 0
        },
        {
            "id": "100094175696430",
            "count": 0
        },
        {
            "id": "61550931710343",
            "count": 0
        },
        {
            "id": "100089852453208",
            "count": 0
        },
        {
            "id": "100084707103003",
            "count": 0
        },
        {
            "id": "61550682061492",
            "count": 0
        },
        {
            "id": "61550918199093",
            "count": 0
        },
        {
            "id": "61551480535487",
            "count": 0
        },
        {
            "id": "100057657637832",
            "count": 0
        },
        {
            "id": "100000954787959",
            "count": 0
        },
        {
            "id": "100082055229744",
            "count": 0
        },
        {
            "id": "61551218710706",
            "count": 0
        },
        {
            "id": "100059622225034",
            "count": 0
        },
        {
            "id": "61551647431700",
            "count": 0
        },
        {
            "id": "100051141638702",
            "count": 0
        },
        {
            "id": "100092604979537",
            "count": 0
        },
        {
            "id": "100004338075138",
            "count": 0
        },
        {
            "id": "21800378",
            "count": 0
        },
        {
            "id": "100001624277957",
            "count": 0
        },
        {
            "id": "100091314682651",
            "count": 0
        },
        {
            "id": "100084464114731",
            "count": 0
        },
        {
            "id": "100083717118861",
            "count": 0
        },
        {
            "id": "100016492066001",
            "count": 0
        },
        {
            "id": "100051926358003",
            "count": 0
        },
        {
            "id": "1087818221",
            "count": 0
        },
        {
            "id": "100073137742165",
            "count": 0
        },
        {
            "id": "61551000463735",
            "count": 0
        },
        {
            "id": "100055678164715",
            "count": 0
        },
        {
            "id": "61550330643165",
            "count": 0
        },
        {
            "id": "61550861438366",
            "count": 0
        },
        {
            "id": "61550620983442",
            "count": 0
        },
        {
            "id": "100000864410090",
            "count": 0
        },
        {
            "id": "100088868400760",
            "count": 0
        },
        {
            "id": "100008820256894",
            "count": 0
        },
        {
            "id": "100049824572490",
            "count": 0
        },
        {
            "id": "61551011851222",
            "count": 0
        },
        {
            "id": "100088226658631",
            "count": 0
        },
        {
            "id": "61551779831282",
            "count": 0
        },
        {
            "id": "100086457879061",
            "count": 0
        },
        {
            "id": "100088520606794",
            "count": 0
        },
        {
            "id": "100037583630292",
            "count": 0
        },
        {
            "id": "100004079673419",
            "count": 0
        },
        {
            "id": "100063965404298",
            "count": 0
        },
        {
            "id": "61550236210449",
            "count": 0
        },
        {
            "id": "100018374996457",
            "count": 0
        },
        {
            "id": "100056565229471",
            "count": 0
        },
        {
            "id": "80504840",
            "count": 0
        },
        {
            "id": "1177560038",
            "count": 0
        },
        {
            "id": "100088306472939",
            "count": 0
        },
        {
            "id": "557960377",
            "count": 0
        },
        {
            "id": "751841838",
            "count": 0
        },
        {
            "id": "100050522619948",
            "count": 0
        },
        {
            "id": "100071168687916",
            "count": 0
        },
        {
            "id": "100087287954260",
            "count": 0
        },
        {
            "id": "100090100729441",
            "count": 0
        },
        {
            "id": "1496041630",
            "count": 0
        },
        {
            "id": "100078868145839",
            "count": 0
        },
        {
            "id": "540740302",
            "count": 0
        },
        {
            "id": "100055651601104",
            "count": 0
        },
        {
            "id": "100040761302134",
            "count": 0
        },
        {
            "id": "100051049144814",
            "count": 0
        },
        {
            "id": "100077667677278",
            "count": 11
        },
        {
            "id": "100087867263933",
            "count": 0
        },
        {
            "id": "100093149648982",
            "count": 0
        },
        {
            "id": "100026439672665",
            "count": 0
        },
        {
            "id": "100016495471276",
            "count": 0
        },
        {
            "id": "100093361944504",
            "count": 0
        },
        {
            "id": "100077875467618",
            "count": 0
        },
        {
            "id": "100077528378001",
            "count": 0
        },
        {
            "id": "61553514025990",
            "count": 0
        },
        {
            "id": "100003743454819",
            "count": 0
        },
        {
            "id": "100060686425949",
            "count": 0
        },
        {
            "id": "100071645274253",
            "count": 0
        },
        {
            "id": "629476704",
            "count": 0
        },
        {
            "id": "61551640457868",
            "count": 0
        },
        {
            "id": "61554188341505",
            "count": 0
        },
        {
            "id": "100083329715113",
            "count": 0
        },
        {
            "id": "100002486713071",
            "count": 0
        },
        {
            "id": "100001774073492",
            "count": 0
        },
        {
            "id": "100091639431045",
            "count": 0
        }
    ],
    "week": [
        {
            "id": "100059818487421",
            "count": 0
        },
        {
            "id": "100075281011870",
            "count": 0
        },
        {
            "id": "100079949799291",
            "count": 0
        },
        {
            "id": "100094175696430",
            "count": 0
        },
        {
            "id": "61550931710343",
            "count": 0
        },
        {
            "id": "100089852453208",
            "count": 0
        },
        {
            "id": "100084707103003",
            "count": 0
        },
        {
            "id": "61550682061492",
            "count": 0
        },
        {
            "id": "61550918199093",
            "count": 0
        },
        {
            "id": "61551480535487",
            "count": 0
        },
        {
            "id": "100057657637832",
            "count": 0
        },
        {
            "id": "100000954787959",
            "count": 0
        },
        {
            "id": "100082055229744",
            "count": 0
        },
        {
            "id": "61551218710706",
            "count": 0
        },
        {
            "id": "100059622225034",
            "count": 0
        },
        {
            "id": "61551647431700",
            "count": 0
        },
        {
            "id": "100051141638702",
            "count": 0
        },
        {
            "id": "100092604979537",
            "count": 0
        },
        {
            "id": "100004338075138",
            "count": 0
        },
        {
            "id": "21800378",
            "count": 0
        },
        {
            "id": "100001624277957",
            "count": 0
        },
        {
            "id": "100091314682651",
            "count": 0
        },
        {
            "id": "100084464114731",
            "count": 0
        },
        {
            "id": "100083717118861",
            "count": 0
        },
        {
            "id": "100016492066001",
            "count": 0
        },
        {
            "id": "100051926358003",
            "count": 0
        },
        {
            "id": "1087818221",
            "count": 0
        },
        {
            "id": "100073137742165",
            "count": 0
        },
        {
            "id": "61551000463735",
            "count": 0
        },
        {
            "id": "100055678164715",
            "count": 0
        },
        {
            "id": "61550330643165",
            "count": 0
        },
        {
            "id": "61550861438366",
            "count": 0
        },
        {
            "id": "61550620983442",
            "count": 0
        },
        {
            "id": "100000864410090",
            "count": 0
        },
        {
            "id": "100088868400760",
            "count": 0
        },
        {
            "id": "100008820256894",
            "count": 0
        },
        {
            "id": "100049824572490",
            "count": 0
        },
        {
            "id": "61551011851222",
            "count": 0
        },
        {
            "id": "100088226658631",
            "count": 0
        },
        {
            "id": "61551779831282",
            "count": 0
        },
        {
            "id": "100086457879061",
            "count": 0
        },
        {
            "id": "100088520606794",
            "count": 0
        },
        {
            "id": "100037583630292",
            "count": 0
        },
        {
            "id": "100004079673419",
            "count": 0
        },
        {
            "id": "100063965404298",
            "count": 0
        },
        {
            "id": "61550236210449",
            "count": 0
        },
        {
            "id": "100018374996457",
            "count": 0
        },
        {
            "id": "100056565229471",
            "count": 0
        },
        {
            "id": "80504840",
            "count": 0
        },
        {
            "id": "1177560038",
            "count": 0
        },
        {
            "id": "100088306472939",
            "count": 0
        },
        {
            "id": "557960377",
            "count": 0
        },
        {
            "id": "751841838",
            "count": 0
        },
        {
            "id": "100050522619948",
            "count": 0
        },
        {
            "id": "100071168687916",
            "count": 0
        },
        {
            "id": "100087287954260",
            "count": 0
        },
        {
            "id": "100090100729441",
            "count": 0
        },
        {
            "id": "1496041630",
            "count": 0
        },
        {
            "id": "100078868145839",
            "count": 0
        },
        {
            "id": "540740302",
            "count": 0
        },
        {
            "id": "100055651601104",
            "count": 0
        },
        {
            "id": "100040761302134",
            "count": 0
        },
        {
            "id": "100051049144814",
            "count": 0
        },
        {
            "id": "100077667677278",
            "count": 11
        },
        {
            "id": "100087867263933",
            "count": 0
        },
        {
            "id": "100093149648982",
            "count": 0
        },
        {
            "id": "100026439672665",
            "count": 0
        },
        {
            "id": "100016495471276",
            "count": 0
        },
        {
            "id": "100093361944504",
            "count": 0
        },
        {
            "id": "100077875467618",
            "count": 0
        },
        {
            "id": "100077528378001",
            "count": 0
        },
        {
            "id": "61553514025990",
            "count": 0
        },
        {
            "id": "100003743454819",
            "count": 0
        },
        {
            "id": "100060686425949",
            "count": 0
        },
        {
            "id": "100071645274253",
            "count": 0
        },
        {
            "id": "629476704",
            "count": 0
        },
        {
            "id": "61551640457868",
            "count": 0
        },
        {
            "id": "61554188341505",
            "count": 0
        },
        {
            "id": "100083329715113",
            "count": 0
        },
        {
            "id": "100002486713071",
            "count": 0
        },
        {
            "id": "100001774073492",
            "count": 0
        },
        {
            "id": "100091639431045",
            "count": 0
        }
    ],
    "day": [
        {
            "id": "100059818487421",
            "count": 0
        },
        {
            "id": "100075281011870",
            "count": 0
        },
        {
            "id": "100079949799291",
            "count": 0
        },
        {
            "id": "100094175696430",
            "count": 0
        },
        {
            "id": "61550931710343",
            "count": 0
        },
        {
            "id": "100089852453208",
            "count": 0
        },
        {
            "id": "100084707103003",
            "count": 0
        },
        {
            "id": "61550682061492",
            "count": 0
        },
        {
            "id": "61550918199093",
            "count": 0
        },
        {
            "id": "61551480535487",
            "count": 0
        },
        {
            "id": "100057657637832",
            "count": 0
        },
        {
            "id": "100000954787959",
            "count": 0
        },
        {
            "id": "100082055229744",
            "count": 0
        },
        {
            "id": "61551218710706",
            "count": 0
        },
        {
            "id": "100059622225034",
            "count": 0
        },
        {
            "id": "61551647431700",
            "count": 0
        },
        {
            "id": "100051141638702",
            "count": 0
        },
        {
            "id": "100092604979537",
            "count": 0
        },
        {
            "id": "100004338075138",
            "count": 0
        },
        {
            "id": "21800378",
            "count": 0
        },
        {
            "id": "100001624277957",
            "count": 0
        },
        {
            "id": "100091314682651",
            "count": 0
        },
        {
            "id": "100084464114731",
            "count": 0
        },
        {
            "id": "100083717118861",
            "count": 0
        },
        {
            "id": "100016492066001",
            "count": 0
        },
        {
            "id": "100051926358003",
            "count": 0
        },
        {
            "id": "1087818221",
            "count": 0
        },
        {
            "id": "100073137742165",
            "count": 0
        },
        {
            "id": "61551000463735",
            "count": 0
        },
        {
            "id": "100055678164715",
            "count": 0
        },
        {
            "id": "61550330643165",
            "count": 0
        },
        {
            "id": "61550861438366",
            "count": 0
        },
        {
            "id": "61550620983442",
            "count": 0
        },
        {
            "id": "100000864410090",
            "count": 0
        },
        {
            "id": "100088868400760",
            "count": 0
        },
        {
            "id": "100008820256894",
            "count": 0
        },
        {
            "id": "100049824572490",
            "count": 0
        },
        {
            "id": "61551011851222",
            "count": 0
        },
        {
            "id": "100088226658631",
            "count": 0
        },
        {
            "id": "61551779831282",
            "count": 0
        },
        {
            "id": "100086457879061",
            "count": 0
        },
        {
            "id": "100088520606794",
            "count": 0
        },
        {
            "id": "100037583630292",
            "count": 0
        },
        {
            "id": "100004079673419",
            "count": 0
        },
        {
            "id": "100063965404298",
            "count": 0
        },
        {
            "id": "61550236210449",
            "count": 0
        },
        {
            "id": "100018374996457",
            "count": 0
        },
        {
            "id": "100056565229471",
            "count": 0
        },
        {
            "id": "80504840",
            "count": 0
        },
        {
            "id": "1177560038",
            "count": 0
        },
        {
            "id": "100088306472939",
            "count": 0
        },
        {
            "id": "557960377",
            "count": 0
        },
        {
            "id": "751841838",
            "count": 0
        },
        {
            "id": "100050522619948",
            "count": 0
        },
        {
            "id": "100071168687916",
            "count": 0
        },
        {
            "id": "100087287954260",
            "count": 0
        },
        {
            "id": "100090100729441",
            "count": 0
        },
        {
            "id": "1496041630",
            "count": 0
        },
        {
            "id": "100078868145839",
            "count": 0
        },
        {
            "id": "540740302",
            "count": 0
        },
        {
            "id": "100055651601104",
            "count": 0
        },
        {
            "id": "100040761302134",
            "count": 0
        },
        {
            "id": "100051049144814",
            "count": 0
        },
        {
            "id": "100077667677278",
            "count": 11
        },
        {
            "id": "100087867263933",
            "count": 0
        },
        {
            "id": "100093149648982",
            "count": 0
        },
        {
            "id": "100026439672665",
            "count": 0
        },
        {
            "id": "100016495471276",
            "count": 0
        },
        {
            "id": "100093361944504",
            "count": 0
        },
        {
            "id": "100077875467618",
            "count": 0
        },
        {
            "id": "100077528378001",
            "count": 0
        },
        {
            "id": "61553514025990",
            "count": 0
        },
        {
            "id": "100003743454819",
            "count": 0
        },
        {
            "id": "100060686425949",
            "count": 0
        },
        {
            "id": "100071645274253",
            "count": 0
        },
        {
            "id": "629476704",
            "count": 0
        },
        {
            "id": "61551640457868",
            "count": 0
        },
        {
            "id": "61554188341505",
            "count": 0
        },
        {
            "id": "100083329715113",
            "count": 0
        },
        {
            "id": "100002486713071",
            "count": 0
        },
        {
            "id": "100001774073492",
            "count": 0
        },
        {
            "id": "100091639431045",
            "count": 0
        }
    ],
    "time": 0,
    "last": {
        "time": 6,
        "day": [
            {
                "id": "100059818487421",
                "count": 0
            },
            {
                "id": "100075281011870",
                "count": 0
            },
            {
                "id": "100079949799291",
                "count": 0
            },
            {
                "id": "100094175696430",
                "count": 0
            },
            {
                "id": "61550931710343",
                "count": 0
            },
            {
                "id": "100089852453208",
                "count": 0
            },
            {
                "id": "100084707103003",
                "count": 0
            },
            {
                "id": "61550682061492",
                "count": 0
            },
            {
                "id": "61550918199093",
                "count": 0
            },
            {
                "id": "61551480535487",
                "count": 0
            },
            {
                "id": "100057657637832",
                "count": 0
            },
            {
                "id": "100000954787959",
                "count": 0
            },
            {
                "id": "100082055229744",
                "count": 0
            },
            {
                "id": "61551218710706",
                "count": 0
            },
            {
                "id": "100059622225034",
                "count": 0
            },
            {
                "id": "61551647431700",
                "count": 0
            },
            {
                "id": "100051141638702",
                "count": 0
            },
            {
                "id": "100092604979537",
                "count": 0
            },
            {
                "id": "100004338075138",
                "count": 0
            },
            {
                "id": "21800378",
                "count": 0
            },
            {
                "id": "100001624277957",
                "count": 0
            },
            {
                "id": "100091314682651",
                "count": 0
            },
            {
                "id": "100084464114731",
                "count": 0
            },
            {
                "id": "100083717118861",
                "count": 0
            },
            {
                "id": "100016492066001",
                "count": 0
            },
            {
                "id": "100051926358003",
                "count": 0
            },
            {
                "id": "1087818221",
                "count": 0
            },
            {
                "id": "100073137742165",
                "count": 0
            },
            {
                "id": "61551000463735",
                "count": 0
            },
            {
                "id": "100055678164715",
                "count": 0
            },
            {
                "id": "61550330643165",
                "count": 0
            },
            {
                "id": "61550861438366",
                "count": 0
            },
            {
                "id": "61550620983442",
                "count": 0
            },
            {
                "id": "100000864410090",
                "count": 0
            },
            {
                "id": "100088868400760",
                "count": 0
            },
            {
                "id": "100008820256894",
                "count": 0
            },
            {
                "id": "100049824572490",
                "count": 0
            },
            {
                "id": "61551011851222",
                "count": 0
            },
            {
                "id": "100088226658631",
                "count": 0
            },
            {
                "id": "61551779831282",
                "count": 0
            },
            {
                "id": "100086457879061",
                "count": 0
            },
            {
                "id": "100088520606794",
                "count": 0
            },
            {
                "id": "100037583630292",
                "count": 0
            },
            {
                "id": "100004079673419",
                "count": 0
            },
            {
                "id": "100063965404298",
                "count": 0
            },
            {
                "id": "61550236210449",
                "count": 0
            },
            {
                "id": "100018374996457",
                "count": 0
            },
            {
                "id": "100056565229471",
                "count": 0
            },
            {
                "id": "80504840",
                "count": 0
            },
            {
                "id": "1177560038",
                "count": 0
            },
            {
                "id": "100088306472939",
                "count": 0
            },
            {
                "id": "557960377",
                "count": 0
            },
            {
                "id": "751841838",
                "count": 0
            },
            {
                "id": "100050522619948",
                "count": 0
            },
            {
                "id": "100071168687916",
                "count": 0
            },
            {
                "id": "100087287954260",
                "count": 0
            },
            {
                "id": "100090100729441",
                "count": 0
            },
            {
                "id": "1496041630",
                "count": 0
            },
            {
                "id": "100078868145839",
                "count": 0
            },
            {
                "id": "540740302",
                "count": 0
            },
            {
                "id": "100055651601104",
                "count": 0
            },
            {
                "id": "100040761302134",
                "count": 0
            },
            {
                "id": "100051049144814",
                "count": 0
            },
            {
                "id": "100077667677278",
                "count": 0
            },
            {
                "id": "100087867263933",
                "count": 0
            },
            {
                "id": "100093149648982",
                "count": 0
            },
            {
                "id": "100026439672665",
                "count": 0
            },
            {
                "id": "100016495471276",
                "count": 0
            },
            {
                "id": "100093361944504",
                "count": 0
            },
            {
                "id": "100077875467618",
                "count": 0
            },
            {
                "id": "100077528378001",
                "count": 0
            },
            {
                "id": "61553514025990",
                "count": 0
            },
            {
                "id": "100003743454819",
                "count": 0
            },
            {
                "id": "100060686425949",
                "count": 0
            },
            {
                "id": "100071645274253",
                "count": 0
            },
            {
                "id": "629476704",
                "count": 0
            },
            {
                "id": "61551640457868",
                "count": 0
            },
            {
                "id": "61554188341505",
                "count": 0
            },
            {
                "id": "100083329715113",
                "count": 0
            },
            {
                "id": "100002486713071",
                "count": 0
            },
            {
                "id": "100001774073492",
                "count": 0
            },
            {
                "id": "100091639431045",
                "count": 0
            }
        ],
        "week": [
            {
                "id": "100059818487421",
                "count": 0
            },
            {
                "id": "100075281011870",
                "count": 0
            },
            {
                "id": "100079949799291",
                "count": 0
            },
            {
                "id": "100094175696430",
                "count": 0
            },
            {
                "id": "61550931710343",
                "count": 0
            },
            {
                "id": "100089852453208",
                "count": 0
            },
            {
                "id": "100084707103003",
                "count": 0
            },
            {
                "id": "61550682061492",
                "count": 0
            },
            {
                "id": "61550918199093",
                "count": 0
            },
            {
                "id": "61551480535487",
                "count": 0
            },
            {
                "id": "100057657637832",
                "count": 0
            },
            {
                "id": "100000954787959",
                "count": 0
            },
            {
                "id": "100082055229744",
                "count": 0
            },
            {
                "id": "61551218710706",
                "count": 0
            },
            {
                "id": "100059622225034",
                "count": 0
            },
            {
                "id": "61551647431700",
                "count": 0
            },
            {
                "id": "100051141638702",
                "count": 0
            },
            {
                "id": "100092604979537",
                "count": 0
            },
            {
                "id": "100004338075138",
                "count": 0
            },
            {
                "id": "21800378",
                "count": 0
            },
            {
                "id": "100001624277957",
                "count": 0
            },
            {
                "id": "100091314682651",
                "count": 0
            },
            {
                "id": "100084464114731",
                "count": 0
            },
            {
                "id": "100083717118861",
                "count": 0
            },
            {
                "id": "100016492066001",
                "count": 0
            },
            {
                "id": "100051926358003",
                "count": 0
            },
            {
                "id": "1087818221",
                "count": 0
            },
            {
                "id": "100073137742165",
                "count": 0
            },
            {
                "id": "61551000463735",
                "count": 0
            },
            {
                "id": "100055678164715",
                "count": 0
            },
            {
                "id": "61550330643165",
                "count": 0
            },
            {
                "id": "61550861438366",
                "count": 0
            },
            {
                "id": "61550620983442",
                "count": 0
            },
            {
                "id": "100000864410090",
                "count": 0
            },
            {
                "id": "100088868400760",
                "count": 0
            },
            {
                "id": "100008820256894",
                "count": 0
            },
            {
                "id": "100049824572490",
                "count": 0
            },
            {
                "id": "61551011851222",
                "count": 0
            },
            {
                "id": "100088226658631",
                "count": 0
            },
            {
                "id": "61551779831282",
                "count": 0
            },
            {
                "id": "100086457879061",
                "count": 0
            },
            {
                "id": "100088520606794",
                "count": 0
            },
            {
                "id": "100037583630292",
                "count": 0
            },
            {
                "id": "100004079673419",
                "count": 0
            },
            {
                "id": "100063965404298",
                "count": 0
            },
            {
                "id": "61550236210449",
                "count": 0
            },
            {
                "id": "100018374996457",
                "count": 0
            },
            {
                "id": "100056565229471",
                "count": 0
            },
            {
                "id": "80504840",
                "count": 0
            },
            {
                "id": "1177560038",
                "count": 0
            },
            {
                "id": "100088306472939",
                "count": 0
            },
            {
                "id": "557960377",
                "count": 0
            },
            {
                "id": "751841838",
                "count": 0
            },
            {
                "id": "100050522619948",
                "count": 0
            },
            {
                "id": "100071168687916",
                "count": 0
            },
            {
                "id": "100087287954260",
                "count": 0
            },
            {
                "id": "100090100729441",
                "count": 0
            },
            {
                "id": "1496041630",
                "count": 0
            },
            {
                "id": "100078868145839",
                "count": 0
            },
            {
                "id": "540740302",
                "count": 0
            },
            {
                "id": "100055651601104",
                "count": 0
            },
            {
                "id": "100040761302134",
                "count": 0
            },
            {
                "id": "100051049144814",
                "count": 0
            },
            {
                "id": "100077667677278",
                "count": 0
            },
            {
                "id": "100087867263933",
                "count": 0
            },
            {
                "id": "100093149648982",
                "count": 0
            },
            {
                "id": "100026439672665",
                "count": 0
            },
            {
                "id": "100016495471276",
                "count": 0
            },
            {
                "id": "100093361944504",
                "count": 0
            },
            {
                "id": "100077875467618",
                "count": 0
            },
            {
                "id": "100077528378001",
                "count": 0
            },
            {
                "id": "61553514025990",
                "count": 0
            },
            {
                "id": "100003743454819",
                "count": 0
            },
            {
                "id": "100060686425949",
                "count": 0
            },
            {
                "id": "100071645274253",
                "count": 0
            },
            {
                "id": "629476704",
                "count": 0
            },
            {
                "id": "61551640457868",
                "count": 0
            },
            {
                "id": "61554188341505",
                "count": 0
            },
            {
                "id": "100083329715113",
                "count": 0
            },
            {
                "id": "100002486713071",
                "count": 0
            },
            {
                "id": "100001774073492",
                "count": 0
            },
            {
                "id": "100091639431045",
                "count": 0
            }
        ]
    }
}