{
    "total": [
        {
            "id": "1406996716",
            "count": 0
        },
        {
            "id": "100000692804831",
            "count": 0
        },
        {
            "id": "100033645221041",
            "count": 0
        },
        {
            "id": "100035692713899",
            "count": 0
        },
        {
            "id": "100037211391552",
            "count": 20
        },
        {
            "id": "100038147856696",
            "count": 0
        },
        {
            "id": "100041354865168",
            "count": 0
        },
        {
            "id": "100050722630869",
            "count": 0
        },
        {
            "id": "100062121322274",
            "count": 0
        },
        {
            "id": "100063218863151",
            "count": 0
        },
        {
            "id": "100064267053853",
            "count": 0
        },
        {
            "id": "100065570327898",
            "count": 0
        },
        {
            "id": "100066547492787",
            "count": 0
        },
        {
            "id": "100067408770832",
            "count": 0
        },
        {
            "id": "100067765894412",
            "count": 0
        },
        {
            "id": "100069083905450",
            "count": 0
        },
        {
            "id": "100070299475995",
            "count": 0
        },
        {
            "id": "100072874315220",
            "count": 0
        },
        {
            "id": "100074666631308",
            "count": 0
        },
        {
            "id": "100075214171386",
            "count": 0
        },
        {
            "id": "100075234520703",
            "count": 0
        },
        {
            "id": "100075355876941",
            "count": 17
        },
        {
            "id": "100076679412128",
            "count": 0
        },
        {
            "id": "100078189741076",
            "count": 0
        },
        {
            "id": "100079180986615",
            "count": 0
        },
        {
            "id": "100079506020098",
            "count": 0
        },
        {
            "id": "100080490429213",
            "count": 0
        },
        {
            "id": "100082172861464",
            "count": 6
        },
        {
            "id": "100082827695423",
            "count": 1
        },
        {
            "id": "100083954395951",
            "count": 0
        },
        {
            "id": "100084368957984",
            "count": 0
        },
        {
            "id": "100084997520491",
            "count": 0
        },
        {
            "id": "100085572037677",
            "count": 0
        },
        {
            "id": "100086820700468",
            "count": 0
        },
        {
            "id": "100087042831997",
            "count": 0
        },
        {
            "id": "100087416715420",
            "count": 0
        },
        {
            "id": "100087435755599",
            "count": 0
        },
        {
            "id": "100087525513652",
            "count": 0
        },
        {
            "id": "100087653374074",
            "count": 0
        },
        {
            "id": "100088072009544",
            "count": 0
        },
        {
            "id": "100088234449834",
            "count": 0
        },
        {
            "id": "100089231029339",
            "count": 0
        },
        {
            "id": "100089509812839",
            "count": 29
        },
        {
            "id": "100089628286873",
            "count": 0
        },
        {
            "id": "100089714137492",
            "count": 0
        },
        {
            "id": "100089802312016",
            "count": 0
        },
        {
            "id": "100089897102487",
            "count": 0
        },
        {
            "id": "100089971055440",
            "count": 0
        },
        {
            "id": "100090052081974",
            "count": 0
        },
        {
            "id": "100090458979503",
            "count": 0
        },
        {
            "id": "100090474267993",
            "count": 0
        },
        {
            "id": "100090710480346",
            "count": 0
        },
        {
            "id": "100090842296320",
            "count": 0
        }
    ],
    "week": [
        {
            "id": "1406996716",
            "count": 0
        },
        {
            "id": "100000692804831",
            "count": 0
        },
        {
            "id": "100033645221041",
            "count": 0
        },
        {
            "id": "100035692713899",
            "count": 0
        },
        {
            "id": "100037211391552",
            "count": 20
        },
        {
            "id": "100038147856696",
            "count": 0
        },
        {
            "id": "100041354865168",
            "count": 0
        },
        {
            "id": "100050722630869",
            "count": 0
        },
        {
            "id": "100062121322274",
            "count": 0
        },
        {
            "id": "100063218863151",
            "count": 0
        },
        {
            "id": "100064267053853",
            "count": 0
        },
        {
            "id": "100065570327898",
            "count": 0
        },
        {
            "id": "100066547492787",
            "count": 0
        },
        {
            "id": "100067408770832",
            "count": 0
        },
        {
            "id": "100067765894412",
            "count": 0
        },
        {
            "id": "100069083905450",
            "count": 0
        },
        {
            "id": "100070299475995",
            "count": 0
        },
        {
            "id": "100072874315220",
            "count": 0
        },
        {
            "id": "100074666631308",
            "count": 0
        },
        {
            "id": "100075214171386",
            "count": 0
        },
        {
            "id": "100075234520703",
            "count": 0
        },
        {
            "id": "100075355876941",
            "count": 17
        },
        {
            "id": "100076679412128",
            "count": 0
        },
        {
            "id": "100078189741076",
            "count": 0
        },
        {
            "id": "100079180986615",
            "count": 0
        },
        {
            "id": "100079506020098",
            "count": 0
        },
        {
            "id": "100080490429213",
            "count": 0
        },
        {
            "id": "100082172861464",
            "count": 6
        },
        {
            "id": "100082827695423",
            "count": 1
        },
        {
            "id": "100083954395951",
            "count": 0
        },
        {
            "id": "100084368957984",
            "count": 0
        },
        {
            "id": "100084997520491",
            "count": 0
        },
        {
            "id": "100085572037677",
            "count": 0
        },
        {
            "id": "100086820700468",
            "count": 0
        },
        {
            "id": "100087042831997",
            "count": 0
        },
        {
            "id": "100087416715420",
            "count": 0
        },
        {
            "id": "100087435755599",
            "count": 0
        },
        {
            "id": "100087525513652",
            "count": 0
        },
        {
            "id": "100087653374074",
            "count": 0
        },
        {
            "id": "100088072009544",
            "count": 0
        },
        {
            "id": "100088234449834",
            "count": 0
        },
        {
            "id": "100089231029339",
            "count": 0
        },
        {
            "id": "100089509812839",
            "count": 29
        },
        {
            "id": "100089628286873",
            "count": 0
        },
        {
            "id": "100089714137492",
            "count": 0
        },
        {
            "id": "100089802312016",
            "count": 0
        },
        {
            "id": "100089897102487",
            "count": 0
        },
        {
            "id": "100089971055440",
            "count": 0
        },
        {
            "id": "100090052081974",
            "count": 0
        },
        {
            "id": "100090458979503",
            "count": 0
        },
        {
            "id": "100090474267993",
            "count": 0
        },
        {
            "id": "100090710480346",
            "count": 0
        },
        {
            "id": "100090842296320",
            "count": 0
        }
    ],
    "day": [
        {
            "id": "1406996716",
            "count": 0
        },
        {
            "id": "100000692804831",
            "count": 0
        },
        {
            "id": "100033645221041",
            "count": 0
        },
        {
            "id": "100035692713899",
            "count": 0
        },
        {
            "id": "100037211391552",
            "count": 20
        },
        {
            "id": "100038147856696",
            "count": 0
        },
        {
            "id": "100041354865168",
            "count": 0
        },
        {
            "id": "100050722630869",
            "count": 0
        },
        {
            "id": "100062121322274",
            "count": 0
        },
        {
            "id": "100063218863151",
            "count": 0
        },
        {
            "id": "100064267053853",
            "count": 0
        },
        {
            "id": "100065570327898",
            "count": 0
        },
        {
            "id": "100066547492787",
            "count": 0
        },
        {
            "id": "100067408770832",
            "count": 0
        },
        {
            "id": "100067765894412",
            "count": 0
        },
        {
            "id": "100069083905450",
            "count": 0
        },
        {
            "id": "100070299475995",
            "count": 0
        },
        {
            "id": "100072874315220",
            "count": 0
        },
        {
            "id": "100074666631308",
            "count": 0
        },
        {
            "id": "100075214171386",
            "count": 0
        },
        {
            "id": "100075234520703",
            "count": 0
        },
        {
            "id": "100075355876941",
            "count": 17
        },
        {
            "id": "100076679412128",
            "count": 0
        },
        {
            "id": "100078189741076",
            "count": 0
        },
        {
            "id": "100079180986615",
            "count": 0
        },
        {
            "id": "100079506020098",
            "count": 0
        },
        {
            "id": "100080490429213",
            "count": 0
        },
        {
            "id": "100082172861464",
            "count": 6
        },
        {
            "id": "100082827695423",
            "count": 1
        },
        {
            "id": "100083954395951",
            "count": 0
        },
        {
            "id": "100084368957984",
            "count": 0
        },
        {
            "id": "100084997520491",
            "count": 0
        },
        {
            "id": "100085572037677",
            "count": 0
        },
        {
            "id": "100086820700468",
            "count": 0
        },
        {
            "id": "100087042831997",
            "count": 0
        },
        {
            "id": "100087416715420",
            "count": 0
        },
        {
            "id": "100087435755599",
            "count": 0
        },
        {
            "id": "100087525513652",
            "count": 0
        },
        {
            "id": "100087653374074",
            "count": 0
        },
        {
            "id": "100088072009544",
            "count": 0
        },
        {
            "id": "100088234449834",
            "count": 0
        },
        {
            "id": "100089231029339",
            "count": 0
        },
        {
            "id": "100089509812839",
            "count": 29
        },
        {
            "id": "100089628286873",
            "count": 0
        },
        {
            "id": "100089714137492",
            "count": 0
        },
        {
            "id": "100089802312016",
            "count": 0
        },
        {
            "id": "100089897102487",
            "count": 0
        },
        {
            "id": "100089971055440",
            "count": 0
        },
        {
            "id": "100090052081974",
            "count": 0
        },
        {
            "id": "100090458979503",
            "count": 0
        },
        {
            "id": "100090474267993",
            "count": 0
        },
        {
            "id": "100090710480346",
            "count": 0
        },
        {
            "id": "100090842296320",
            "count": 0
        }
    ],
    "time": 0
}