{
    "total": [
        {
            "id": "1281982024",
            "count": 0
        },
        {
            "id": "1496041630",
            "count": 0
        },
        {
            "id": "1511167863",
            "count": 0
        },
        {
            "id": "61550044296929",
            "count": 0
        },
        {
            "id": "100000225673860",
            "count": 0
        },
        {
            "id": "100002243995962",
            "count": 0
        },
        {
            "id": "100003376202926",
            "count": 0
        },
        {
            "id": "100005201702431",
            "count": 0
        },
        {
            "id": "100005405505326",
            "count": 0
        },
        {
            "id": "100007452076175",
            "count": 0
        },
        {
            "id": "100008522174196",
            "count": 0
        },
        {
            "id": "100009402365888",
            "count": 0
        },
        {
            "id": "100011299752732",
            "count": 0
        },
        {
            "id": "100011855520258",
            "count": 0
        },
        {
            "id": "100026039134645",
            "count": 0
        },
        {
            "id": "100029198175178",
            "count": 0
        },
        {
            "id": "100030860482751",
            "count": 0
        },
        {
            "id": "100033850302186",
            "count": 0
        },
        {
            "id": "100035731083424",
            "count": 0
        },
        {
            "id": "100036283453277",
            "count": 0
        },
        {
            "id": "100038382758970",
            "count": 0
        },
        {
            "id": "100039441414188",
            "count": 0
        },
        {
            "id": "100041296170925",
            "count": 0
        },
        {
            "id": "100041651315453",
            "count": 0
        },
        {
            "id": "100045049330313",
            "count": 0
        },
        {
            "id": "100047874375055",
            "count": 0
        },
        {
            "id": "100048121433546",
            "count": 0
        },
        {
            "id": "100049162717191",
            "count": 0
        },
        {
            "id": "100050068740641",
            "count": 0
        },
        {
            "id": "100050480566983",
            "count": 0
        },
        {
            "id": "100050566574587",
            "count": 0
        },
        {
            "id": "100050999371837",
            "count": 0
        },
        {
            "id": "100053395118616",
            "count": 0
        },
        {
            "id": "100053800224181",
            "count": 0
        },
        {
            "id": "100055941496837",
            "count": 0
        },
        {
            "id": "100061183894247",
            "count": 0
        },
        {
            "id": "100062890573526",
            "count": 0
        },
        {
            "id": "100064533063816",
            "count": 0
        },
        {
            "id": "100068094188928",
            "count": 3
        },
        {
            "id": "100068310261131",
            "count": 0
        },
        {
            "id": "100068940754681",
            "count": 0
        },
        {
            "id": "100073785162678",
            "count": 0
        },
        {
            "id": "100074007695250",
            "count": 0
        },
        {
            "id": "100075493308135",
            "count": 0
        },
        {
            "id": "100077870917015",
            "count": 0
        },
        {
            "id": "100078055193801",
            "count": 0
        },
        {
            "id": "100079086835283",
            "count": 0
        },
        {
            "id": "100081140116751",
            "count": 0
        },
        {
            "id": "100081774576028",
            "count": 0
        },
        {
            "id": "100081797352234",
            "count": 0
        },
        {
            "id": "100082668132301",
            "count": 0
        },
        {
            "id": "100083727994682",
            "count": 0
        },
        {
            "id": "100085465945864",
            "count": 0
        },
        {
            "id": "100085691713281",
            "count": 0
        },
        {
            "id": "100085934155016",
            "count": 0
        },
        {
            "id": "100088286371303",
            "count": 0
        },
        {
            "id": "100088449372985",
            "count": 0
        },
        {
            "id": "100088843067313",
            "count": 0
        },
        {
            "id": "100090204294234",
            "count": 0
        },
        {
            "id": "100091209702804",
            "count": 0
        },
        {
            "id": "100092393976975",
            "count": 0
        },
        {
            "id": "100092589880342",
            "count": 0
        },
        {
            "id": "100093412552479",
            "count": 0
        },
        {
            "id": "100094014555667",
            "count": 0
        },
        {
            "id": "100094016695915",
            "count": 0
        },
        {
            "id": "100094167665283",
            "count": 0
        },
        {
            "id": "100094187658752",
            "count": 0
        },
        {
            "id": "100094236391871",
            "count": 0
        },
        {
            "id": "100094280769832",
            "count": 0
        },
        {
            "id": "100094723906010",
            "count": 0
        },
        {
            "id": "100094769693328",
            "count": 0
        },
        {
            "id": "100094895394051",
            "count": 0
        },
        {
            "id": "100095135452095",
            "count": 0
        }
    ],
    "week": [
        {
            "id": "1281982024",
            "count": 0
        },
        {
            "id": "1496041630",
            "count": 0
        },
        {
            "id": "1511167863",
            "count": 0
        },
        {
            "id": "61550044296929",
            "count": 0
        },
        {
            "id": "100000225673860",
            "count": 0
        },
        {
            "id": "100002243995962",
            "count": 0
        },
        {
            "id": "100003376202926",
            "count": 0
        },
        {
            "id": "100005201702431",
            "count": 0
        },
        {
            "id": "100005405505326",
            "count": 0
        },
        {
            "id": "100007452076175",
            "count": 0
        },
        {
            "id": "100008522174196",
            "count": 0
        },
        {
            "id": "100009402365888",
            "count": 0
        },
        {
            "id": "100011299752732",
            "count": 0
        },
        {
            "id": "100011855520258",
            "count": 0
        },
        {
            "id": "100026039134645",
            "count": 0
        },
        {
            "id": "100029198175178",
            "count": 0
        },
        {
            "id": "100030860482751",
            "count": 0
        },
        {
            "id": "100033850302186",
            "count": 0
        },
        {
            "id": "100035731083424",
            "count": 0
        },
        {
            "id": "100036283453277",
            "count": 0
        },
        {
            "id": "100038382758970",
            "count": 0
        },
        {
            "id": "100039441414188",
            "count": 0
        },
        {
            "id": "100041296170925",
            "count": 0
        },
        {
            "id": "100041651315453",
            "count": 0
        },
        {
            "id": "100045049330313",
            "count": 0
        },
        {
            "id": "100047874375055",
            "count": 0
        },
        {
            "id": "100048121433546",
            "count": 0
        },
        {
            "id": "100049162717191",
            "count": 0
        },
        {
            "id": "100050068740641",
            "count": 0
        },
        {
            "id": "100050480566983",
            "count": 0
        },
        {
            "id": "100050566574587",
            "count": 0
        },
        {
            "id": "100050999371837",
            "count": 0
        },
        {
            "id": "100053395118616",
            "count": 0
        },
        {
            "id": "100053800224181",
            "count": 0
        },
        {
            "id": "100055941496837",
            "count": 0
        },
        {
            "id": "100061183894247",
            "count": 0
        },
        {
            "id": "100062890573526",
            "count": 0
        },
        {
            "id": "100064533063816",
            "count": 0
        },
        {
            "id": "100068094188928",
            "count": 3
        },
        {
            "id": "100068310261131",
            "count": 0
        },
        {
            "id": "100068940754681",
            "count": 0
        },
        {
            "id": "100073785162678",
            "count": 0
        },
        {
            "id": "100074007695250",
            "count": 0
        },
        {
            "id": "100075493308135",
            "count": 0
        },
        {
            "id": "100077870917015",
            "count": 0
        },
        {
            "id": "100078055193801",
            "count": 0
        },
        {
            "id": "100079086835283",
            "count": 0
        },
        {
            "id": "100081140116751",
            "count": 0
        },
        {
            "id": "100081774576028",
            "count": 0
        },
        {
            "id": "100081797352234",
            "count": 0
        },
        {
            "id": "100082668132301",
            "count": 0
        },
        {
            "id": "100083727994682",
            "count": 0
        },
        {
            "id": "100085465945864",
            "count": 0
        },
        {
            "id": "100085691713281",
            "count": 0
        },
        {
            "id": "100085934155016",
            "count": 0
        },
        {
            "id": "100088286371303",
            "count": 0
        },
        {
            "id": "100088449372985",
            "count": 0
        },
        {
            "id": "100088843067313",
            "count": 0
        },
        {
            "id": "100090204294234",
            "count": 0
        },
        {
            "id": "100091209702804",
            "count": 0
        },
        {
            "id": "100092393976975",
            "count": 0
        },
        {
            "id": "100092589880342",
            "count": 0
        },
        {
            "id": "100093412552479",
            "count": 0
        },
        {
            "id": "100094014555667",
            "count": 0
        },
        {
            "id": "100094016695915",
            "count": 0
        },
        {
            "id": "100094167665283",
            "count": 0
        },
        {
            "id": "100094187658752",
            "count": 0
        },
        {
            "id": "100094236391871",
            "count": 0
        },
        {
            "id": "100094280769832",
            "count": 0
        },
        {
            "id": "100094723906010",
            "count": 0
        },
        {
            "id": "100094769693328",
            "count": 0
        },
        {
            "id": "100094895394051",
            "count": 0
        },
        {
            "id": "100095135452095",
            "count": 0
        }
    ],
    "day": [
        {
            "id": "1281982024",
            "count": 0
        },
        {
            "id": "1496041630",
            "count": 0
        },
        {
            "id": "1511167863",
            "count": 0
        },
        {
            "id": "61550044296929",
            "count": 0
        },
        {
            "id": "100000225673860",
            "count": 0
        },
        {
            "id": "100002243995962",
            "count": 0
        },
        {
            "id": "100003376202926",
            "count": 0
        },
        {
            "id": "100005201702431",
            "count": 0
        },
        {
            "id": "100005405505326",
            "count": 0
        },
        {
            "id": "100007452076175",
            "count": 0
        },
        {
            "id": "100008522174196",
            "count": 0
        },
        {
            "id": "100009402365888",
            "count": 0
        },
        {
            "id": "100011299752732",
            "count": 0
        },
        {
            "id": "100011855520258",
            "count": 0
        },
        {
            "id": "100026039134645",
            "count": 0
        },
        {
            "id": "100029198175178",
            "count": 0
        },
        {
            "id": "100030860482751",
            "count": 0
        },
        {
            "id": "100033850302186",
            "count": 0
        },
        {
            "id": "100035731083424",
            "count": 0
        },
        {
            "id": "100036283453277",
            "count": 0
        },
        {
            "id": "100038382758970",
            "count": 0
        },
        {
            "id": "100039441414188",
            "count": 0
        },
        {
            "id": "100041296170925",
            "count": 0
        },
        {
            "id": "100041651315453",
            "count": 0
        },
        {
            "id": "100045049330313",
            "count": 0
        },
        {
            "id": "100047874375055",
            "count": 0
        },
        {
            "id": "100048121433546",
            "count": 0
        },
        {
            "id": "100049162717191",
            "count": 0
        },
        {
            "id": "100050068740641",
            "count": 0
        },
        {
            "id": "100050480566983",
            "count": 0
        },
        {
            "id": "100050566574587",
            "count": 0
        },
        {
            "id": "100050999371837",
            "count": 0
        },
        {
            "id": "100053395118616",
            "count": 0
        },
        {
            "id": "100053800224181",
            "count": 0
        },
        {
            "id": "100055941496837",
            "count": 0
        },
        {
            "id": "100061183894247",
            "count": 0
        },
        {
            "id": "100062890573526",
            "count": 0
        },
        {
            "id": "100064533063816",
            "count": 0
        },
        {
            "id": "100068094188928",
            "count": 3
        },
        {
            "id": "100068310261131",
            "count": 0
        },
        {
            "id": "100068940754681",
            "count": 0
        },
        {
            "id": "100073785162678",
            "count": 0
        },
        {
            "id": "100074007695250",
            "count": 0
        },
        {
            "id": "100075493308135",
            "count": 0
        },
        {
            "id": "100077870917015",
            "count": 0
        },
        {
            "id": "100078055193801",
            "count": 0
        },
        {
            "id": "100079086835283",
            "count": 0
        },
        {
            "id": "100081140116751",
            "count": 0
        },
        {
            "id": "100081774576028",
            "count": 0
        },
        {
            "id": "100081797352234",
            "count": 0
        },
        {
            "id": "100082668132301",
            "count": 0
        },
        {
            "id": "100083727994682",
            "count": 0
        },
        {
            "id": "100085465945864",
            "count": 0
        },
        {
            "id": "100085691713281",
            "count": 0
        },
        {
            "id": "100085934155016",
            "count": 0
        },
        {
            "id": "100088286371303",
            "count": 0
        },
        {
            "id": "100088449372985",
            "count": 0
        },
        {
            "id": "100088843067313",
            "count": 0
        },
        {
            "id": "100090204294234",
            "count": 0
        },
        {
            "id": "100091209702804",
            "count": 0
        },
        {
            "id": "100092393976975",
            "count": 0
        },
        {
            "id": "100092589880342",
            "count": 0
        },
        {
            "id": "100093412552479",
            "count": 0
        },
        {
            "id": "100094014555667",
            "count": 0
        },
        {
            "id": "100094016695915",
            "count": 0
        },
        {
            "id": "100094167665283",
            "count": 0
        },
        {
            "id": "100094187658752",
            "count": 0
        },
        {
            "id": "100094236391871",
            "count": 0
        },
        {
            "id": "100094280769832",
            "count": 0
        },
        {
            "id": "100094723906010",
            "count": 0
        },
        {
            "id": "100094769693328",
            "count": 0
        },
        {
            "id": "100094895394051",
            "count": 0
        },
        {
            "id": "100095135452095",
            "count": 0
        }
    ],
    "time": 0
}