{
    "total": [
        {
            "id": "509484270",
            "count": 89
        },
        {
            "id": "100011082583640",
            "count": 184
        },
        {
            "id": "100048033791608",
            "count": 3
        },
        {
            "id": "100077980504363",
            "count": 487
        },
        {
            "id": "100083205727767",
            "count": 211
        },
        {
            "id": "100085073240621",
            "count": 2
        },
        {
            "id": "100085342716116",
            "count": 38
        },
        {
            "id": "100086705375024",
            "count": 0
        },
        {
            "id": "100088817988946",
            "count": 25
        },
        {
            "id": "100068310261131",
            "count": 15
        },
        {
            "id": "100092744481406",
            "count": 1
        },
        {
            "id": "100074142183168",
            "count": 208
        },
        {
            "id": "100085625258201",
            "count": 1
        },
        {
            "id": "100088737923043",
            "count": 3
        },
        {
            "id": "100004458484369",
            "count": 91
        },
        {
            "id": "100040761302134",
            "count": 45
        },
        {
            "id": "100074293234284",
            "count": 2
        },
        {
            "id": "1824557330",
            "count": 31
        },
        {
            "id": "100000732833159",
            "count": 21
        },
        {
            "id": "100031845708228",
            "count": 75
        },
        {
            "id": "100090135878284",
            "count": 2
        },
        {
            "id": "100080647629698",
            "count": 90
        },
        {
            "id": "100082055229744",
            "count": 3
        },
        {
            "id": "100076162129824",
            "count": 46
        },
        {
            "id": "100051241563318",
            "count": 43
        },
        {
            "id": "100000661752086",
            "count": 0
        },
        {
            "id": "100090260659479",
            "count": 11
        },
        {
            "id": "100037211391552",
            "count": 7
        },
        {
            "id": "100053800224181",
            "count": 2
        },
        {
            "id": "100078505905203",
            "count": 12
        },
        {
            "id": "100063690017657",
            "count": 0
        },
        {
            "id": "100027187763993",
            "count": 201
        },
        {
            "id": "100056385116028",
            "count": 5
        },
        {
            "id": "100041600164073",
            "count": 101
        },
        {
            "id": "100006684545503",
            "count": 0
        },
        {
            "id": "100084329895588",
            "count": 26
        },
        {
            "id": "100048505611574",
            "count": 0
        },
        {
            "id": "100075940538217",
            "count": 6
        },
        {
            "id": "100079629185519",
            "count": 268
        },
        {
            "id": "61554952705292",
            "count": 0
        },
        {
            "id": "61552157895988",
            "count": 56
        },
        {
            "id": "100042575622073",
            "count": 0
        },
        {
            "id": "100050480566983",
            "count": 3
        },
        {
            "id": "61550582710187",
            "count": 0
        },
        {
            "id": "100088286371303",
            "count": 16
        },
        {
            "id": "100037465932663",
            "count": 0
        },
        {
            "id": "100061160525111",
            "count": 115
        },
        {
            "id": "100025452960563",
            "count": 90
        },
        {
            "id": "593146350",
            "count": 2
        },
        {
            "id": "100018088576695",
            "count": 0
        },
        {
            "id": "100040139298179",
            "count": 0
        },
        {
            "id": "100025818829763",
            "count": 0
        },
        {
            "id": "100038791595043",
            "count": 31
        },
        {
            "id": "61552777084227",
            "count": 0
        },
        {
            "id": "100075885595966",
            "count": 10
        },
        {
            "id": "100061172506707",
            "count": 0
        },
        {
            "id": "100088911317039",
            "count": 0
        },
        {
            "id": "100022448225417",
            "count": 31
        },
        {
            "id": "100078641677432",
            "count": 75
        },
        {
            "id": "100069864945865",
            "count": 12
        },
        {
            "id": "100067508386723",
            "count": 97
        },
        {
            "id": "61550043721647",
            "count": 0
        },
        {
            "id": "100083174347639",
            "count": 0
        },
        {
            "id": "100092996132773",
            "count": 0
        },
        {
            "id": "100089235302587",
            "count": 0
        },
        {
            "id": "61553885116833",
            "count": 0
        },
        {
            "id": "100080195806723",
            "count": 16
        },
        {
            "id": "1831058374",
            "count": 0
        },
        {
            "id": "100083502499869",
            "count": 99
        },
        {
            "id": "61554942840114",
            "count": 0
        },
        {
            "id": "709145693",
            "count": 115
        },
        {
            "id": "61552479907169",
            "count": 44
        },
        {
            "id": "61554835708572",
            "count": 0
        },
        {
            "id": "100008225821165",
            "count": 0
        },
        {
            "id": "100079199973533",
            "count": 0
        },
        {
            "id": "100081610877963",
            "count": 0
        },
        {
            "id": "100089059676631",
            "count": 0
        },
        {
            "id": "100091864710801",
            "count": 102
        },
        {
            "id": "100036058101855",
            "count": 0
        },
        {
            "id": "61552123057620",
            "count": 0
        },
        {
            "id": "100054884351496",
            "count": 0
        },
        {
            "id": "100052651182915",
            "count": 0
        },
        {
            "id": "100078159843511",
            "count": 0
        },
        {
            "id": "61554932013755",
            "count": 71
        },
        {
            "id": "100014811933322",
            "count": 82
        },
        {
            "id": "61551315316500",
            "count": 1
        },
        {
            "id": "100083897637232",
            "count": 2
        },
        {
            "id": "100074278195157",
            "count": 0
        },
        {
            "id": "100051894861505",
            "count": 208
        },
        {
            "id": "61555227230925",
            "count": 0
        },
        {
            "id": "100020908143321",
            "count": 15
        },
        {
            "id": "100075233017178",
            "count": 16
        },
        {
            "id": "100090168070553",
            "count": 10
        },
        {
            "id": "100093177673164",
            "count": 1
        },
        {
            "id": "100045924584506",
            "count": 82
        },
        {
            "id": "100087126503731",
            "count": 7
        },
        {
            "id": "100076388661987",
            "count": 5
        },
        {
            "id": "100078168302063",
            "count": 90
        },
        {
            "id": "100001691890354",
            "count": 149
        },
        {
            "id": "61551779831282",
            "count": 0
        },
        {
            "id": "100081162464683",
            "count": 33
        },
        {
            "id": "100015708247902",
            "count": 0
        },
        {
            "id": "100093834681242",
            "count": 0
        },
        {
            "id": "100035421814099",
            "count": 0
        },
        {
            "id": "100048593391564",
            "count": 0
        },
        {
            "id": "593577006",
            "count": 9
        }
    ],
    "week": [
        {
            "id": "509484270",
            "count": 89
        },
        {
            "id": "100011082583640",
            "count": 184
        },
        {
            "id": "100048033791608",
            "count": 3
        },
        {
            "id": "100077980504363",
            "count": 487
        },
        {
            "id": "100083205727767",
            "count": 211
        },
        {
            "id": "100085073240621",
            "count": 2
        },
        {
            "id": "100085342716116",
            "count": 38
        },
        {
            "id": "100086705375024",
            "count": 0
        },
        {
            "id": "100088817988946",
            "count": 25
        },
        {
            "id": "100068310261131",
            "count": 15
        },
        {
            "id": "100092744481406",
            "count": 1
        },
        {
            "id": "100074142183168",
            "count": 208
        },
        {
            "id": "100085625258201",
            "count": 1
        },
        {
            "id": "100088737923043",
            "count": 3
        },
        {
            "id": "100004458484369",
            "count": 91
        },
        {
            "id": "100040761302134",
            "count": 45
        },
        {
            "id": "100074293234284",
            "count": 2
        },
        {
            "id": "1824557330",
            "count": 31
        },
        {
            "id": "100000732833159",
            "count": 21
        },
        {
            "id": "100031845708228",
            "count": 75
        },
        {
            "id": "100090135878284",
            "count": 2
        },
        {
            "id": "100080647629698",
            "count": 90
        },
        {
            "id": "100082055229744",
            "count": 3
        },
        {
            "id": "100076162129824",
            "count": 46
        },
        {
            "id": "100051241563318",
            "count": 43
        },
        {
            "id": "100000661752086",
            "count": 0
        },
        {
            "id": "100090260659479",
            "count": 11
        },
        {
            "id": "100037211391552",
            "count": 7
        },
        {
            "id": "100053800224181",
            "count": 2
        },
        {
            "id": "100078505905203",
            "count": 12
        },
        {
            "id": "100063690017657",
            "count": 0
        },
        {
            "id": "100027187763993",
            "count": 201
        },
        {
            "id": "100056385116028",
            "count": 5
        },
        {
            "id": "100041600164073",
            "count": 101
        },
        {
            "id": "100006684545503",
            "count": 0
        },
        {
            "id": "100084329895588",
            "count": 26
        },
        {
            "id": "100048505611574",
            "count": 0
        },
        {
            "id": "100075940538217",
            "count": 6
        },
        {
            "id": "100079629185519",
            "count": 268
        },
        {
            "id": "61554952705292",
            "count": 0
        },
        {
            "id": "61552157895988",
            "count": 56
        },
        {
            "id": "100042575622073",
            "count": 0
        },
        {
            "id": "100050480566983",
            "count": 3
        },
        {
            "id": "61550582710187",
            "count": 0
        },
        {
            "id": "100088286371303",
            "count": 16
        },
        {
            "id": "100037465932663",
            "count": 0
        },
        {
            "id": "100061160525111",
            "count": 115
        },
        {
            "id": "100025452960563",
            "count": 90
        },
        {
            "id": "593146350",
            "count": 2
        },
        {
            "id": "100018088576695",
            "count": 0
        },
        {
            "id": "100040139298179",
            "count": 0
        },
        {
            "id": "100025818829763",
            "count": 0
        },
        {
            "id": "100038791595043",
            "count": 31
        },
        {
            "id": "61552777084227",
            "count": 0
        },
        {
            "id": "100075885595966",
            "count": 10
        },
        {
            "id": "100061172506707",
            "count": 0
        },
        {
            "id": "100088911317039",
            "count": 0
        },
        {
            "id": "100022448225417",
            "count": 31
        },
        {
            "id": "100078641677432",
            "count": 75
        },
        {
            "id": "100069864945865",
            "count": 12
        },
        {
            "id": "100067508386723",
            "count": 97
        },
        {
            "id": "61550043721647",
            "count": 0
        },
        {
            "id": "100083174347639",
            "count": 0
        },
        {
            "id": "100092996132773",
            "count": 0
        },
        {
            "id": "100089235302587",
            "count": 0
        },
        {
            "id": "61553885116833",
            "count": 0
        },
        {
            "id": "100080195806723",
            "count": 16
        },
        {
            "id": "1831058374",
            "count": 0
        },
        {
            "id": "100083502499869",
            "count": 99
        },
        {
            "id": "61554942840114",
            "count": 0
        },
        {
            "id": "709145693",
            "count": 115
        },
        {
            "id": "61552479907169",
            "count": 44
        },
        {
            "id": "61554835708572",
            "count": 0
        },
        {
            "id": "100008225821165",
            "count": 0
        },
        {
            "id": "100079199973533",
            "count": 0
        },
        {
            "id": "100081610877963",
            "count": 0
        },
        {
            "id": "100089059676631",
            "count": 0
        },
        {
            "id": "100091864710801",
            "count": 102
        },
        {
            "id": "100036058101855",
            "count": 0
        },
        {
            "id": "61552123057620",
            "count": 0
        },
        {
            "id": "100054884351496",
            "count": 0
        },
        {
            "id": "100052651182915",
            "count": 0
        },
        {
            "id": "100078159843511",
            "count": 0
        },
        {
            "id": "61554932013755",
            "count": 71
        },
        {
            "id": "100014811933322",
            "count": 82
        },
        {
            "id": "61551315316500",
            "count": 1
        },
        {
            "id": "100083897637232",
            "count": 2
        },
        {
            "id": "100074278195157",
            "count": 0
        },
        {
            "id": "100051894861505",
            "count": 208
        },
        {
            "id": "61555227230925",
            "count": 0
        },
        {
            "id": "100020908143321",
            "count": 15
        },
        {
            "id": "100075233017178",
            "count": 16
        },
        {
            "id": "100090168070553",
            "count": 10
        },
        {
            "id": "100093177673164",
            "count": 1
        },
        {
            "id": "100045924584506",
            "count": 82
        },
        {
            "id": "100087126503731",
            "count": 7
        },
        {
            "id": "100076388661987",
            "count": 5
        },
        {
            "id": "100078168302063",
            "count": 90
        },
        {
            "id": "100001691890354",
            "count": 149
        },
        {
            "id": "61551779831282",
            "count": 0
        },
        {
            "id": "100081162464683",
            "count": 33
        },
        {
            "id": "100015708247902",
            "count": 0
        },
        {
            "id": "100093834681242",
            "count": 0
        },
        {
            "id": "100035421814099",
            "count": 0
        },
        {
            "id": "100048593391564",
            "count": 0
        },
        {
            "id": "593577006",
            "count": 9
        }
    ],
    "day": [
        {
            "id": "509484270",
            "count": 89
        },
        {
            "id": "100011082583640",
            "count": 184
        },
        {
            "id": "100048033791608",
            "count": 3
        },
        {
            "id": "100077980504363",
            "count": 487
        },
        {
            "id": "100083205727767",
            "count": 211
        },
        {
            "id": "100085073240621",
            "count": 2
        },
        {
            "id": "100085342716116",
            "count": 38
        },
        {
            "id": "100086705375024",
            "count": 0
        },
        {
            "id": "100088817988946",
            "count": 25
        },
        {
            "id": "100068310261131",
            "count": 15
        },
        {
            "id": "100092744481406",
            "count": 1
        },
        {
            "id": "100074142183168",
            "count": 208
        },
        {
            "id": "100085625258201",
            "count": 1
        },
        {
            "id": "100088737923043",
            "count": 3
        },
        {
            "id": "100004458484369",
            "count": 91
        },
        {
            "id": "100040761302134",
            "count": 45
        },
        {
            "id": "100074293234284",
            "count": 2
        },
        {
            "id": "1824557330",
            "count": 31
        },
        {
            "id": "100000732833159",
            "count": 21
        },
        {
            "id": "100031845708228",
            "count": 75
        },
        {
            "id": "100090135878284",
            "count": 2
        },
        {
            "id": "100080647629698",
            "count": 90
        },
        {
            "id": "100082055229744",
            "count": 3
        },
        {
            "id": "100076162129824",
            "count": 46
        },
        {
            "id": "100051241563318",
            "count": 43
        },
        {
            "id": "100000661752086",
            "count": 0
        },
        {
            "id": "100090260659479",
            "count": 11
        },
        {
            "id": "100037211391552",
            "count": 7
        },
        {
            "id": "100053800224181",
            "count": 2
        },
        {
            "id": "100078505905203",
            "count": 12
        },
        {
            "id": "100063690017657",
            "count": 0
        },
        {
            "id": "100027187763993",
            "count": 201
        },
        {
            "id": "100056385116028",
            "count": 5
        },
        {
            "id": "100041600164073",
            "count": 101
        },
        {
            "id": "100006684545503",
            "count": 0
        },
        {
            "id": "100084329895588",
            "count": 26
        },
        {
            "id": "100048505611574",
            "count": 0
        },
        {
            "id": "100075940538217",
            "count": 6
        },
        {
            "id": "100079629185519",
            "count": 268
        },
        {
            "id": "61554952705292",
            "count": 0
        },
        {
            "id": "61552157895988",
            "count": 56
        },
        {
            "id": "100042575622073",
            "count": 0
        },
        {
            "id": "100050480566983",
            "count": 3
        },
        {
            "id": "61550582710187",
            "count": 0
        },
        {
            "id": "100088286371303",
            "count": 16
        },
        {
            "id": "100037465932663",
            "count": 0
        },
        {
            "id": "100061160525111",
            "count": 115
        },
        {
            "id": "100025452960563",
            "count": 90
        },
        {
            "id": "593146350",
            "count": 2
        },
        {
            "id": "100018088576695",
            "count": 0
        },
        {
            "id": "100040139298179",
            "count": 0
        },
        {
            "id": "100025818829763",
            "count": 0
        },
        {
            "id": "100038791595043",
            "count": 31
        },
        {
            "id": "61552777084227",
            "count": 0
        },
        {
            "id": "100075885595966",
            "count": 10
        },
        {
            "id": "100061172506707",
            "count": 0
        },
        {
            "id": "100088911317039",
            "count": 0
        },
        {
            "id": "100022448225417",
            "count": 31
        },
        {
            "id": "100078641677432",
            "count": 75
        },
        {
            "id": "100069864945865",
            "count": 12
        },
        {
            "id": "100067508386723",
            "count": 97
        },
        {
            "id": "61550043721647",
            "count": 0
        },
        {
            "id": "100083174347639",
            "count": 0
        },
        {
            "id": "100092996132773",
            "count": 0
        },
        {
            "id": "100089235302587",
            "count": 0
        },
        {
            "id": "61553885116833",
            "count": 0
        },
        {
            "id": "100080195806723",
            "count": 16
        },
        {
            "id": "1831058374",
            "count": 0
        },
        {
            "id": "100083502499869",
            "count": 99
        },
        {
            "id": "61554942840114",
            "count": 0
        },
        {
            "id": "709145693",
            "count": 115
        },
        {
            "id": "61552479907169",
            "count": 44
        },
        {
            "id": "61554835708572",
            "count": 0
        },
        {
            "id": "100008225821165",
            "count": 0
        },
        {
            "id": "100079199973533",
            "count": 0
        },
        {
            "id": "100081610877963",
            "count": 0
        },
        {
            "id": "100089059676631",
            "count": 0
        },
        {
            "id": "100091864710801",
            "count": 102
        },
        {
            "id": "100036058101855",
            "count": 0
        },
        {
            "id": "61552123057620",
            "count": 0
        },
        {
            "id": "100054884351496",
            "count": 0
        },
        {
            "id": "100052651182915",
            "count": 0
        },
        {
            "id": "100078159843511",
            "count": 0
        },
        {
            "id": "61554932013755",
            "count": 71
        },
        {
            "id": "100014811933322",
            "count": 82
        },
        {
            "id": "61551315316500",
            "count": 1
        },
        {
            "id": "100083897637232",
            "count": 2
        },
        {
            "id": "100074278195157",
            "count": 0
        },
        {
            "id": "100051894861505",
            "count": 208
        },
        {
            "id": "61555227230925",
            "count": 0
        },
        {
            "id": "100020908143321",
            "count": 15
        },
        {
            "id": "100075233017178",
            "count": 16
        },
        {
            "id": "100090168070553",
            "count": 10
        },
        {
            "id": "100093177673164",
            "count": 1
        },
        {
            "id": "100045924584506",
            "count": 82
        },
        {
            "id": "100087126503731",
            "count": 7
        },
        {
            "id": "100076388661987",
            "count": 5
        },
        {
            "id": "100078168302063",
            "count": 90
        },
        {
            "id": "100001691890354",
            "count": 149
        },
        {
            "id": "61551779831282",
            "count": 0
        },
        {
            "id": "100081162464683",
            "count": 33
        },
        {
            "id": "100015708247902",
            "count": 0
        },
        {
            "id": "100093834681242",
            "count": 0
        },
        {
            "id": "100035421814099",
            "count": 0
        },
        {
            "id": "100048593391564",
            "count": 0
        },
        {
            "id": "593577006",
            "count": 9
        }
    ],
    "time": 0,
    "last": {
        "time": 4,
        "day": [
            {
                "id": "509484270",
                "count": 0
            },
            {
                "id": "100011082583640",
                "count": 0
            },
            {
                "id": "100035421814099",
                "count": 0
            },
            {
                "id": "100048033791608",
                "count": 0
            },
            {
                "id": "100077980504363",
                "count": 0
            },
            {
                "id": "100083205727767",
                "count": 0
            },
            {
                "id": "100085073240621",
                "count": 0
            },
            {
                "id": "100085342716116",
                "count": 0
            },
            {
                "id": "100086705375024",
                "count": 0
            },
            {
                "id": "100088817988946",
                "count": 0
            },
            {
                "id": "100068310261131",
                "count": 0
            },
            {
                "id": "100092744481406",
                "count": 0
            },
            {
                "id": "100074142183168",
                "count": 0
            },
            {
                "id": "100085625258201",
                "count": 0
            },
            {
                "id": "100088737923043",
                "count": 0
            },
            {
                "id": "100004458484369",
                "count": 0
            },
            {
                "id": "100040761302134",
                "count": 0
            },
            {
                "id": "100074293234284",
                "count": 0
            },
            {
                "id": "1824557330",
                "count": 0
            },
            {
                "id": "100000732833159",
                "count": 0
            },
            {
                "id": "61550126549146",
                "count": 0
            },
            {
                "id": "100031845708228",
                "count": 0
            },
            {
                "id": "100090135878284",
                "count": 0
            },
            {
                "id": "100080647629698",
                "count": 0
            },
            {
                "id": "100082055229744",
                "count": 0
            },
            {
                "id": "100090168070553",
                "count": 0
            },
            {
                "id": "100076162129824",
                "count": 0
            },
            {
                "id": "100051241563318",
                "count": 0
            },
            {
                "id": "100000661752086",
                "count": 0
            },
            {
                "id": "100081730332704",
                "count": 0
            },
            {
                "id": "100090260659479",
                "count": 0
            },
            {
                "id": "61552084539145",
                "count": 0
            },
            {
                "id": "100081129610697",
                "count": 0
            },
            {
                "id": "100037211391552",
                "count": 0
            },
            {
                "id": "100053800224181",
                "count": 0
            },
            {
                "id": "100078505905203",
                "count": 0
            },
            {
                "id": "100091773840498",
                "count": 0
            },
            {
                "id": "100042013055182",
                "count": 0
            },
            {
                "id": "100063690017657",
                "count": 0
            },
            {
                "id": "100027187763993",
                "count": 0
            },
            {
                "id": "61550390720177",
                "count": 0
            },
            {
                "id": "100056385116028",
                "count": 0
            },
            {
                "id": "61554848964926",
                "count": 0
            },
            {
                "id": "100041600164073",
                "count": 0
            },
            {
                "id": "100009347666640",
                "count": 0
            },
            {
                "id": "100006684545503",
                "count": 0
            },
            {
                "id": "100084329895588",
                "count": 0
            },
            {
                "id": "100048505611574",
                "count": 0
            },
            {
                "id": "100075940538217",
                "count": 0
            },
            {
                "id": "100079629185519",
                "count": 0
            },
            {
                "id": "61554952705292",
                "count": 0
            },
            {
                "id": "61552623147589",
                "count": 0
            },
            {
                "id": "61552157895988",
                "count": 0
            },
            {
                "id": "100042575622073",
                "count": 0
            },
            {
                "id": "100050480566983",
                "count": 0
            },
            {
                "id": "61550582710187",
                "count": 0
            },
            {
                "id": "100088286371303",
                "count": 0
            },
            {
                "id": "100037465932663",
                "count": 0
            },
            {
                "id": "100061160525111",
                "count": 0
            },
            {
                "id": "100025452960563",
                "count": 0
            },
            {
                "id": "593146350",
                "count": 0
            },
            {
                "id": "100018088576695",
                "count": 0
            },
            {
                "id": "100060410386561",
                "count": 0
            },
            {
                "id": "100072051367430",
                "count": 0
            },
            {
                "id": "100078159843511",
                "count": 0
            },
            {
                "id": "100040139298179",
                "count": 0
            },
            {
                "id": "100025818829763",
                "count": 0
            },
            {
                "id": "100038791595043",
                "count": 0
            },
            {
                "id": "61552777084227",
                "count": 0
            },
            {
                "id": "100075885595966",
                "count": 0
            },
            {
                "id": "100061172506707",
                "count": 0
            },
            {
                "id": "100088911317039",
                "count": 0
            },
            {
                "id": "100022448225417",
                "count": 0
            },
            {
                "id": "61551077970326",
                "count": 0
            },
            {
                "id": "100024871212620",
                "count": 0
            },
            {
                "id": "100078641677432",
                "count": 0
            },
            {
                "id": "100069864945865",
                "count": 0
            },
            {
                "id": "100067508386723",
                "count": 0
            },
            {
                "id": "61550043721647",
                "count": 0
            },
            {
                "id": "100083174347639",
                "count": 0
            },
            {
                "id": "100092996132773",
                "count": 0
            },
            {
                "id": "100089235302587",
                "count": 0
            },
            {
                "id": "61553885116833",
                "count": 0
            },
            {
                "id": "100080195806723",
                "count": 0
            },
            {
                "id": "1831058374",
                "count": 0
            },
            {
                "id": "61553353496743",
                "count": 0
            },
            {
                "id": "100083502499869",
                "count": 0
            },
            {
                "id": "61554942840114",
                "count": 0
            },
            {
                "id": "100078890899867",
                "count": 0
            },
            {
                "id": "100023419935399",
                "count": 0
            },
            {
                "id": "709145693",
                "count": 0
            },
            {
                "id": "100076713260083",
                "count": 0
            },
            {
                "id": "61552479907169",
                "count": 0
            },
            {
                "id": "61554835708572",
                "count": 0
            },
            {
                "id": "100008225821165",
                "count": 0
            },
            {
                "id": "100079199973533",
                "count": 0
            },
            {
                "id": "100090272688935",
                "count": 0
            },
            {
                "id": "100050211051726",
                "count": 0
            },
            {
                "id": "100088266109751",
                "count": 0
            },
            {
                "id": "100081610877963",
                "count": 0
            },
            {
                "id": "61552147704450",
                "count": 0
            },
            {
                "id": "100089059676631",
                "count": 0
            },
            {
                "id": "100091864710801",
                "count": 0
            },
            {
                "id": "100089774139187",
                "count": 0
            },
            {
                "id": "61551343617929",
                "count": 0
            },
            {
                "id": "100036058101855",
                "count": 0
            },
            {
                "id": "100094411714697",
                "count": 0
            },
            {
                "id": "61550826891708",
                "count": 0
            },
            {
                "id": "100001691890354",
                "count": 0
            },
            {
                "id": "61552123057620",
                "count": 0
            },
            {
                "id": "100052651182915",
                "count": 0
            },
            {
                "id": "100054884351496",
                "count": 0
            },
            {
                "id": "61555162495777",
                "count": 0
            },
            {
                "id": "61552090983898",
                "count": 0
            },
            {
                "id": "100038391126000",
                "count": 0
            },
            {
                "id": "61554932013755",
                "count": 0
            },
            {
                "id": "100014811933322",
                "count": 0
            },
            {
                "id": "61551315316500",
                "count": 0
            },
            {
                "id": "100083897637232",
                "count": 0
            },
            {
                "id": "100074278195157",
                "count": 0
            },
            {
                "id": "100051894861505",
                "count": 0
            },
            {
                "id": "61555227230925",
                "count": 0
            },
            {
                "id": "100020908143321",
                "count": 0
            },
            {
                "id": "100075233017178",
                "count": 0
            },
            {
                "id": "100093177673164",
                "count": 0
            },
            {
                "id": "100045924584506",
                "count": 0
            },
            {
                "id": "100087126503731",
                "count": 0
            },
            {
                "id": "100076388661987",
                "count": 0
            },
            {
                "id": "100078168302063",
                "count": 0
            },
            {
                "id": "61551779831282",
                "count": 0
            },
            {
                "id": "100081162464683",
                "count": 0
            },
            {
                "id": "100015708247902",
                "count": 0
            },
            {
                "id": "100093834681242",
                "count": 0
            },
            {
                "id": "100048593391564",
                "count": 0
            },
            {
                "id": "593577006",
                "count": 0
            }
        ],
        "week": [
            {
                "id": "509484270",
                "count": 0
            },
            {
                "id": "100011082583640",
                "count": 0
            },
            {
                "id": "100035421814099",
                "count": 0
            },
            {
                "id": "100048033791608",
                "count": 0
            },
            {
                "id": "100077980504363",
                "count": 0
            },
            {
                "id": "100083205727767",
                "count": 0
            },
            {
                "id": "100085073240621",
                "count": 0
            },
            {
                "id": "100085342716116",
                "count": 0
            },
            {
                "id": "100086705375024",
                "count": 0
            },
            {
                "id": "100088817988946",
                "count": 0
            },
            {
                "id": "100068310261131",
                "count": 0
            },
            {
                "id": "100092744481406",
                "count": 0
            },
            {
                "id": "100074142183168",
                "count": 0
            },
            {
                "id": "100085625258201",
                "count": 0
            },
            {
                "id": "100088737923043",
                "count": 0
            },
            {
                "id": "100004458484369",
                "count": 0
            },
            {
                "id": "100040761302134",
                "count": 0
            },
            {
                "id": "100074293234284",
                "count": 0
            },
            {
                "id": "1824557330",
                "count": 0
            },
            {
                "id": "100000732833159",
                "count": 0
            },
            {
                "id": "61550126549146",
                "count": 0
            },
            {
                "id": "100031845708228",
                "count": 0
            },
            {
                "id": "100090135878284",
                "count": 0
            },
            {
                "id": "100080647629698",
                "count": 0
            },
            {
                "id": "100082055229744",
                "count": 0
            },
            {
                "id": "100090168070553",
                "count": 0
            },
            {
                "id": "100076162129824",
                "count": 0
            },
            {
                "id": "100051241563318",
                "count": 0
            },
            {
                "id": "100000661752086",
                "count": 0
            },
            {
                "id": "100081730332704",
                "count": 0
            },
            {
                "id": "100090260659479",
                "count": 0
            },
            {
                "id": "61552084539145",
                "count": 0
            },
            {
                "id": "100081129610697",
                "count": 0
            },
            {
                "id": "100037211391552",
                "count": 0
            },
            {
                "id": "100053800224181",
                "count": 0
            },
            {
                "id": "100078505905203",
                "count": 0
            },
            {
                "id": "100091773840498",
                "count": 0
            },
            {
                "id": "100042013055182",
                "count": 0
            },
            {
                "id": "100063690017657",
                "count": 0
            },
            {
                "id": "100027187763993",
                "count": 0
            },
            {
                "id": "61550390720177",
                "count": 0
            },
            {
                "id": "100056385116028",
                "count": 0
            },
            {
                "id": "61554848964926",
                "count": 0
            },
            {
                "id": "100041600164073",
                "count": 0
            },
            {
                "id": "100009347666640",
                "count": 0
            },
            {
                "id": "100006684545503",
                "count": 0
            },
            {
                "id": "100084329895588",
                "count": 0
            },
            {
                "id": "100048505611574",
                "count": 0
            },
            {
                "id": "100075940538217",
                "count": 0
            },
            {
                "id": "100079629185519",
                "count": 0
            },
            {
                "id": "61554952705292",
                "count": 0
            },
            {
                "id": "61552623147589",
                "count": 0
            },
            {
                "id": "61552157895988",
                "count": 0
            },
            {
                "id": "100042575622073",
                "count": 0
            },
            {
                "id": "100050480566983",
                "count": 0
            },
            {
                "id": "61550582710187",
                "count": 0
            },
            {
                "id": "100088286371303",
                "count": 0
            },
            {
                "id": "100037465932663",
                "count": 0
            },
            {
                "id": "100061160525111",
                "count": 0
            },
            {
                "id": "100025452960563",
                "count": 0
            },
            {
                "id": "593146350",
                "count": 0
            },
            {
                "id": "100018088576695",
                "count": 0
            },
            {
                "id": "100060410386561",
                "count": 0
            },
            {
                "id": "100072051367430",
                "count": 0
            },
            {
                "id": "100078159843511",
                "count": 0
            },
            {
                "id": "100040139298179",
                "count": 0
            },
            {
                "id": "100025818829763",
                "count": 0
            },
            {
                "id": "100038791595043",
                "count": 0
            },
            {
                "id": "61552777084227",
                "count": 0
            },
            {
                "id": "100075885595966",
                "count": 0
            },
            {
                "id": "100061172506707",
                "count": 0
            },
            {
                "id": "100088911317039",
                "count": 0
            },
            {
                "id": "100022448225417",
                "count": 0
            },
            {
                "id": "61551077970326",
                "count": 0
            },
            {
                "id": "100024871212620",
                "count": 0
            },
            {
                "id": "100078641677432",
                "count": 0
            },
            {
                "id": "100069864945865",
                "count": 0
            },
            {
                "id": "100067508386723",
                "count": 0
            },
            {
                "id": "61550043721647",
                "count": 0
            },
            {
                "id": "100083174347639",
                "count": 0
            },
            {
                "id": "100092996132773",
                "count": 0
            },
            {
                "id": "100089235302587",
                "count": 0
            },
            {
                "id": "61553885116833",
                "count": 0
            },
            {
                "id": "100080195806723",
                "count": 0
            },
            {
                "id": "1831058374",
                "count": 0
            },
            {
                "id": "61553353496743",
                "count": 0
            },
            {
                "id": "100083502499869",
                "count": 0
            },
            {
                "id": "61554942840114",
                "count": 0
            },
            {
                "id": "100078890899867",
                "count": 0
            },
            {
                "id": "100023419935399",
                "count": 0
            },
            {
                "id": "709145693",
                "count": 0
            },
            {
                "id": "100076713260083",
                "count": 0
            },
            {
                "id": "61552479907169",
                "count": 0
            },
            {
                "id": "61554835708572",
                "count": 0
            },
            {
                "id": "100008225821165",
                "count": 0
            },
            {
                "id": "100079199973533",
                "count": 0
            },
            {
                "id": "100090272688935",
                "count": 0
            },
            {
                "id": "100050211051726",
                "count": 0
            },
            {
                "id": "100088266109751",
                "count": 0
            },
            {
                "id": "100081610877963",
                "count": 0
            },
            {
                "id": "61552147704450",
                "count": 0
            },
            {
                "id": "100089059676631",
                "count": 0
            },
            {
                "id": "100091864710801",
                "count": 0
            },
            {
                "id": "100089774139187",
                "count": 0
            },
            {
                "id": "61551343617929",
                "count": 0
            },
            {
                "id": "100036058101855",
                "count": 0
            },
            {
                "id": "100094411714697",
                "count": 0
            },
            {
                "id": "61550826891708",
                "count": 0
            },
            {
                "id": "100001691890354",
                "count": 0
            },
            {
                "id": "61552123057620",
                "count": 0
            },
            {
                "id": "100052651182915",
                "count": 0
            },
            {
                "id": "100054884351496",
                "count": 0
            },
            {
                "id": "61555162495777",
                "count": 0
            },
            {
                "id": "61552090983898",
                "count": 0
            },
            {
                "id": "100038391126000",
                "count": 0
            },
            {
                "id": "61554932013755",
                "count": 0
            },
            {
                "id": "100014811933322",
                "count": 0
            },
            {
                "id": "61551315316500",
                "count": 0
            },
            {
                "id": "100083897637232",
                "count": 0
            },
            {
                "id": "100074278195157",
                "count": 0
            },
            {
                "id": "100051894861505",
                "count": 0
            },
            {
                "id": "61555227230925",
                "count": 0
            },
            {
                "id": "100020908143321",
                "count": 0
            },
            {
                "id": "100075233017178",
                "count": 0
            },
            {
                "id": "100093177673164",
                "count": 0
            },
            {
                "id": "100045924584506",
                "count": 0
            },
            {
                "id": "100087126503731",
                "count": 0
            },
            {
                "id": "100076388661987",
                "count": 0
            },
            {
                "id": "100078168302063",
                "count": 0
            },
            {
                "id": "61551779831282",
                "count": 0
            },
            {
                "id": "100081162464683",
                "count": 0
            },
            {
                "id": "100015708247902",
                "count": 0
            },
            {
                "id": "100093834681242",
                "count": 0
            },
            {
                "id": "100048593391564",
                "count": 0
            },
            {
                "id": "593577006",
                "count": 0
            }
        ]
    }
}