{
    "total": [
        {
            "id": "666896678",
            "count": 0
        },
        {
            "id": "1511167863",
            "count": 0
        },
        {
            "id": "100001525900768",
            "count": 0
        },
        {
            "id": "100002748052924",
            "count": 0
        },
        {
            "id": "100003773337470",
            "count": 0
        },
        {
            "id": "100006603758144",
            "count": 0
        },
        {
            "id": "100010153117912",
            "count": 0
        },
        {
            "id": "100010611522329",
            "count": 1
        },
        {
            "id": "100012548927955",
            "count": 4
        },
        {
            "id": "100013537127103",
            "count": 1
        },
        {
            "id": "100015097750960",
            "count": 0
        },
        {
            "id": "100015354331297",
            "count": 0
        },
        {
            "id": "100022698316019",
            "count": 0
        },
        {
            "id": "100023922682683",
            "count": 0
        },
        {
            "id": "100023983343824",
            "count": 0
        },
        {
            "id": "100025381023139",
            "count": 0
        },
        {
            "id": "100027495512730",
            "count": 0
        },
        {
            "id": "100028164360624",
            "count": 0
        },
        {
            "id": "100029541495253",
            "count": 0
        },
        {
            "id": "100029609386158",
            "count": 0
        },
        {
            "id": "100033994821941",
            "count": 0
        },
        {
            "id": "100034735612198",
            "count": 0
        },
        {
            "id": "100035868277181",
            "count": 0
        },
        {
            "id": "100037211391552",
            "count": 0
        },
        {
            "id": "100037648140702",
            "count": 1
        },
        {
            "id": "100038390167256",
            "count": 0
        },
        {
            "id": "100039318105470",
            "count": 0
        },
        {
            "id": "100041270760690",
            "count": 0
        },
        {
            "id": "100041570267150",
            "count": 1
        },
        {
            "id": "100041647429602",
            "count": 1
        },
        {
            "id": "100041712917711",
            "count": 0
        },
        {
            "id": "100043460868093",
            "count": 0
        },
        {
            "id": "100045158431032",
            "count": 0
        },
        {
            "id": "100047514954366",
            "count": 0
        },
        {
            "id": "100049372056963",
            "count": 5
        },
        {
            "id": "100050052186725",
            "count": 0
        },
        {
            "id": "100050570744413",
            "count": 0
        },
        {
            "id": "100050981317798",
            "count": 0
        },
        {
            "id": "100051388784650",
            "count": 0
        },
        {
            "id": "100053837582823",
            "count": 0
        },
        {
            "id": "100054110926431",
            "count": 0
        },
        {
            "id": "100055518351371",
            "count": 1
        },
        {
            "id": "100057082165766",
            "count": 0
        },
        {
            "id": "100057621151435",
            "count": 0
        },
        {
            "id": "100058889183822",
            "count": 0
        },
        {
            "id": "100059352710629",
            "count": 0
        },
        {
            "id": "100059996710451",
            "count": 0
        },
        {
            "id": "100062720678853",
            "count": 0
        },
        {
            "id": "100063736384632",
            "count": 0
        },
        {
            "id": "100064256025778",
            "count": 0
        },
        {
            "id": "100065230736103",
            "count": 1
        },
        {
            "id": "100065285684977",
            "count": 0
        },
        {
            "id": "100065520187657",
            "count": 0
        },
        {
            "id": "100066157980292",
            "count": 1
        },
        {
            "id": "100066667495230",
            "count": 0
        },
        {
            "id": "100067978808563",
            "count": 0
        },
        {
            "id": "100070406264106",
            "count": 0
        },
        {
            "id": "100071146816996",
            "count": 0
        },
        {
            "id": "100072112012749",
            "count": 0
        },
        {
            "id": "100073603771954",
            "count": 0
        },
        {
            "id": "100073689097572",
            "count": 0
        },
        {
            "id": "100074040844167",
            "count": 21
        },
        {
            "id": "100074083940638",
            "count": 0
        },
        {
            "id": "100075178771947",
            "count": 3
        },
        {
            "id": "100075180672812",
            "count": 0
        },
        {
            "id": "100075441085554",
            "count": 0
        },
        {
            "id": "100076423877834",
            "count": 0
        },
        {
            "id": "100077257071130",
            "count": 0
        },
        {
            "id": "100077591233716",
            "count": 6
        },
        {
            "id": "100078759851136",
            "count": 0
        },
        {
            "id": "100078962088906",
            "count": 1
        },
        {
            "id": "100080647300636",
            "count": 0
        },
        {
            "id": "100081186736854",
            "count": 0
        },
        {
            "id": "100081572386482",
            "count": 0
        },
        {
            "id": "100082998649675",
            "count": 0
        },
        {
            "id": "100084104523501",
            "count": 1
        },
        {
            "id": "100084243595456",
            "count": 0
        },
        {
            "id": "100084261617217",
            "count": 0
        },
        {
            "id": "100084334914944",
            "count": 0
        },
        {
            "id": "100085439588028",
            "count": 4
        },
        {
            "id": "100087395422997",
            "count": 0
        },
        {
            "id": "100089769458616",
            "count": 0
        },
        {
            "id": "100089875996650",
            "count": 10
        },
        {
            "id": "100091992353642",
            "count": 0
        },
        {
            "id": "100092239123548",
            "count": 0
        },
        {
            "id": "100094976511767",
            "count": 0
        },
        {
            "id": "100095427584638",
            "count": 0
        },
        {
            "id": "61552539309283",
            "count": 6
        }
    ],
    "week": [
        {
            "id": "666896678",
            "count": 0
        },
        {
            "id": "1511167863",
            "count": 0
        },
        {
            "id": "100001525900768",
            "count": 0
        },
        {
            "id": "100002748052924",
            "count": 0
        },
        {
            "id": "100003773337470",
            "count": 0
        },
        {
            "id": "100006603758144",
            "count": 0
        },
        {
            "id": "100010153117912",
            "count": 0
        },
        {
            "id": "100010611522329",
            "count": 1
        },
        {
            "id": "100012548927955",
            "count": 4
        },
        {
            "id": "100013537127103",
            "count": 1
        },
        {
            "id": "100015097750960",
            "count": 0
        },
        {
            "id": "100015354331297",
            "count": 0
        },
        {
            "id": "100022698316019",
            "count": 0
        },
        {
            "id": "100023922682683",
            "count": 0
        },
        {
            "id": "100023983343824",
            "count": 0
        },
        {
            "id": "100025381023139",
            "count": 0
        },
        {
            "id": "100027495512730",
            "count": 0
        },
        {
            "id": "100028164360624",
            "count": 0
        },
        {
            "id": "100029541495253",
            "count": 0
        },
        {
            "id": "100029609386158",
            "count": 0
        },
        {
            "id": "100033994821941",
            "count": 0
        },
        {
            "id": "100034735612198",
            "count": 0
        },
        {
            "id": "100035868277181",
            "count": 0
        },
        {
            "id": "100037211391552",
            "count": 0
        },
        {
            "id": "100037648140702",
            "count": 1
        },
        {
            "id": "100038390167256",
            "count": 0
        },
        {
            "id": "100039318105470",
            "count": 0
        },
        {
            "id": "100041270760690",
            "count": 0
        },
        {
            "id": "100041570267150",
            "count": 1
        },
        {
            "id": "100041647429602",
            "count": 1
        },
        {
            "id": "100041712917711",
            "count": 0
        },
        {
            "id": "100043460868093",
            "count": 0
        },
        {
            "id": "100045158431032",
            "count": 0
        },
        {
            "id": "100047514954366",
            "count": 0
        },
        {
            "id": "100049372056963",
            "count": 5
        },
        {
            "id": "100050052186725",
            "count": 0
        },
        {
            "id": "100050570744413",
            "count": 0
        },
        {
            "id": "100050981317798",
            "count": 0
        },
        {
            "id": "100051388784650",
            "count": 0
        },
        {
            "id": "100053837582823",
            "count": 0
        },
        {
            "id": "100054110926431",
            "count": 0
        },
        {
            "id": "100055518351371",
            "count": 1
        },
        {
            "id": "100057082165766",
            "count": 0
        },
        {
            "id": "100057621151435",
            "count": 0
        },
        {
            "id": "100058889183822",
            "count": 0
        },
        {
            "id": "100059352710629",
            "count": 0
        },
        {
            "id": "100059996710451",
            "count": 0
        },
        {
            "id": "100062720678853",
            "count": 0
        },
        {
            "id": "100063736384632",
            "count": 0
        },
        {
            "id": "100064256025778",
            "count": 0
        },
        {
            "id": "100065230736103",
            "count": 1
        },
        {
            "id": "100065285684977",
            "count": 0
        },
        {
            "id": "100065520187657",
            "count": 0
        },
        {
            "id": "100066157980292",
            "count": 1
        },
        {
            "id": "100066667495230",
            "count": 0
        },
        {
            "id": "100067978808563",
            "count": 0
        },
        {
            "id": "100070406264106",
            "count": 0
        },
        {
            "id": "100071146816996",
            "count": 0
        },
        {
            "id": "100072112012749",
            "count": 0
        },
        {
            "id": "100073603771954",
            "count": 0
        },
        {
            "id": "100073689097572",
            "count": 0
        },
        {
            "id": "100074040844167",
            "count": 21
        },
        {
            "id": "100074083940638",
            "count": 0
        },
        {
            "id": "100075178771947",
            "count": 3
        },
        {
            "id": "100075180672812",
            "count": 0
        },
        {
            "id": "100075441085554",
            "count": 0
        },
        {
            "id": "100076423877834",
            "count": 0
        },
        {
            "id": "100077257071130",
            "count": 0
        },
        {
            "id": "100077591233716",
            "count": 6
        },
        {
            "id": "100078759851136",
            "count": 0
        },
        {
            "id": "100078962088906",
            "count": 1
        },
        {
            "id": "100080647300636",
            "count": 0
        },
        {
            "id": "100081186736854",
            "count": 0
        },
        {
            "id": "100081572386482",
            "count": 0
        },
        {
            "id": "100082998649675",
            "count": 0
        },
        {
            "id": "100084104523501",
            "count": 1
        },
        {
            "id": "100084243595456",
            "count": 0
        },
        {
            "id": "100084261617217",
            "count": 0
        },
        {
            "id": "100084334914944",
            "count": 0
        },
        {
            "id": "100085439588028",
            "count": 4
        },
        {
            "id": "100087395422997",
            "count": 0
        },
        {
            "id": "100089769458616",
            "count": 0
        },
        {
            "id": "100089875996650",
            "count": 10
        },
        {
            "id": "100091992353642",
            "count": 0
        },
        {
            "id": "100092239123548",
            "count": 0
        },
        {
            "id": "100094976511767",
            "count": 0
        },
        {
            "id": "100095427584638",
            "count": 0
        },
        {
            "id": "61552539309283",
            "count": 6
        }
    ],
    "day": [
        {
            "id": "666896678",
            "count": 0
        },
        {
            "id": "1511167863",
            "count": 0
        },
        {
            "id": "100001525900768",
            "count": 0
        },
        {
            "id": "100002748052924",
            "count": 0
        },
        {
            "id": "100003773337470",
            "count": 0
        },
        {
            "id": "100006603758144",
            "count": 0
        },
        {
            "id": "100010153117912",
            "count": 0
        },
        {
            "id": "100010611522329",
            "count": 1
        },
        {
            "id": "100012548927955",
            "count": 4
        },
        {
            "id": "100013537127103",
            "count": 1
        },
        {
            "id": "100015097750960",
            "count": 0
        },
        {
            "id": "100015354331297",
            "count": 0
        },
        {
            "id": "100022698316019",
            "count": 0
        },
        {
            "id": "100023922682683",
            "count": 0
        },
        {
            "id": "100023983343824",
            "count": 0
        },
        {
            "id": "100025381023139",
            "count": 0
        },
        {
            "id": "100027495512730",
            "count": 0
        },
        {
            "id": "100028164360624",
            "count": 0
        },
        {
            "id": "100029541495253",
            "count": 0
        },
        {
            "id": "100029609386158",
            "count": 0
        },
        {
            "id": "100033994821941",
            "count": 0
        },
        {
            "id": "100034735612198",
            "count": 0
        },
        {
            "id": "100035868277181",
            "count": 0
        },
        {
            "id": "100037211391552",
            "count": 0
        },
        {
            "id": "100037648140702",
            "count": 1
        },
        {
            "id": "100038390167256",
            "count": 0
        },
        {
            "id": "100039318105470",
            "count": 0
        },
        {
            "id": "100041270760690",
            "count": 0
        },
        {
            "id": "100041570267150",
            "count": 1
        },
        {
            "id": "100041647429602",
            "count": 1
        },
        {
            "id": "100041712917711",
            "count": 0
        },
        {
            "id": "100043460868093",
            "count": 0
        },
        {
            "id": "100045158431032",
            "count": 0
        },
        {
            "id": "100047514954366",
            "count": 0
        },
        {
            "id": "100049372056963",
            "count": 5
        },
        {
            "id": "100050052186725",
            "count": 0
        },
        {
            "id": "100050570744413",
            "count": 0
        },
        {
            "id": "100050981317798",
            "count": 0
        },
        {
            "id": "100051388784650",
            "count": 0
        },
        {
            "id": "100053837582823",
            "count": 0
        },
        {
            "id": "100054110926431",
            "count": 0
        },
        {
            "id": "100055518351371",
            "count": 1
        },
        {
            "id": "100057082165766",
            "count": 0
        },
        {
            "id": "100057621151435",
            "count": 0
        },
        {
            "id": "100058889183822",
            "count": 0
        },
        {
            "id": "100059352710629",
            "count": 0
        },
        {
            "id": "100059996710451",
            "count": 0
        },
        {
            "id": "100062720678853",
            "count": 0
        },
        {
            "id": "100063736384632",
            "count": 0
        },
        {
            "id": "100064256025778",
            "count": 0
        },
        {
            "id": "100065230736103",
            "count": 1
        },
        {
            "id": "100065285684977",
            "count": 0
        },
        {
            "id": "100065520187657",
            "count": 0
        },
        {
            "id": "100066157980292",
            "count": 1
        },
        {
            "id": "100066667495230",
            "count": 0
        },
        {
            "id": "100067978808563",
            "count": 0
        },
        {
            "id": "100070406264106",
            "count": 0
        },
        {
            "id": "100071146816996",
            "count": 0
        },
        {
            "id": "100072112012749",
            "count": 0
        },
        {
            "id": "100073603771954",
            "count": 0
        },
        {
            "id": "100073689097572",
            "count": 0
        },
        {
            "id": "100074040844167",
            "count": 21
        },
        {
            "id": "100074083940638",
            "count": 0
        },
        {
            "id": "100075178771947",
            "count": 3
        },
        {
            "id": "100075180672812",
            "count": 0
        },
        {
            "id": "100075441085554",
            "count": 0
        },
        {
            "id": "100076423877834",
            "count": 0
        },
        {
            "id": "100077257071130",
            "count": 0
        },
        {
            "id": "100077591233716",
            "count": 6
        },
        {
            "id": "100078759851136",
            "count": 0
        },
        {
            "id": "100078962088906",
            "count": 1
        },
        {
            "id": "100080647300636",
            "count": 0
        },
        {
            "id": "100081186736854",
            "count": 0
        },
        {
            "id": "100081572386482",
            "count": 0
        },
        {
            "id": "100082998649675",
            "count": 0
        },
        {
            "id": "100084104523501",
            "count": 1
        },
        {
            "id": "100084243595456",
            "count": 0
        },
        {
            "id": "100084261617217",
            "count": 0
        },
        {
            "id": "100084334914944",
            "count": 0
        },
        {
            "id": "100085439588028",
            "count": 4
        },
        {
            "id": "100087395422997",
            "count": 0
        },
        {
            "id": "100089769458616",
            "count": 0
        },
        {
            "id": "100089875996650",
            "count": 10
        },
        {
            "id": "100091992353642",
            "count": 0
        },
        {
            "id": "100092239123548",
            "count": 0
        },
        {
            "id": "100094976511767",
            "count": 0
        },
        {
            "id": "100095427584638",
            "count": 0
        },
        {
            "id": "61552539309283",
            "count": 6
        }
    ],
    "time": 0
}