{
    "total": [
        {
            "id": "1511167863",
            "count": 3
        },
        {
            "id": "61550506603246",
            "count": 0
        },
        {
            "id": "61550589688451",
            "count": 0
        },
        {
            "id": "61550603411022",
            "count": 0
        },
        {
            "id": "61550941602959",
            "count": 0
        },
        {
            "id": "61551517670923",
            "count": 0
        },
        {
            "id": "61552183165215",
            "count": 3
        },
        {
            "id": "100003773337470",
            "count": 1
        },
        {
            "id": "100007173046848",
            "count": 0
        },
        {
            "id": "100008087231164",
            "count": 0
        },
        {
            "id": "100008244253661",
            "count": 0
        },
        {
            "id": "100009413699980",
            "count": 0
        },
        {
            "id": "100010153117912",
            "count": 0
        },
        {
            "id": "100010736461048",
            "count": 35
        },
        {
            "id": "100012548927955",
            "count": 28
        },
        {
            "id": "100013796616829",
            "count": 0
        },
        {
            "id": "100022778984234",
            "count": 2
        },
        {
            "id": "100023983343824",
            "count": 0
        },
        {
            "id": "100025043201861",
            "count": 0
        },
        {
            "id": "100025106821253",
            "count": 0
        },
        {
            "id": "100026663464414",
            "count": 0
        },
        {
            "id": "100028643325892",
            "count": 3
        },
        {
            "id": "100033994821941",
            "count": 0
        },
        {
            "id": "100037136602750",
            "count": 1
        },
        {
            "id": "100037211391552",
            "count": 71
        },
        {
            "id": "100037816381730",
            "count": 0
        },
        {
            "id": "100039214817408",
            "count": 0
        },
        {
            "id": "100040953953925",
            "count": 0
        },
        {
            "id": "100041570267150",
            "count": 1
        },
        {
            "id": "100045694145828",
            "count": 3
        },
        {
            "id": "100046413543059",
            "count": 0
        },
        {
            "id": "100047514954366",
            "count": 0
        },
        {
            "id": "100048749765189",
            "count": 0
        },
        {
            "id": "100049538483897",
            "count": 56
        },
        {
            "id": "100050088004756",
            "count": 0
        },
        {
            "id": "100050507359746",
            "count": 0
        },
        {
            "id": "100053758624277",
            "count": 0
        },
        {
            "id": "100053818446405",
            "count": 0
        },
        {
            "id": "100053879773021",
            "count": 0
        },
        {
            "id": "100055518351371",
            "count": 0
        },
        {
            "id": "100057385811725",
            "count": 0
        },
        {
            "id": "100057535661962",
            "count": 1
        },
        {
            "id": "100057557857508",
            "count": 6
        },
        {
            "id": "100059687682950",
            "count": 3
        },
        {
            "id": "100063736384632",
            "count": 0
        },
        {
            "id": "100063812071525",
            "count": 0
        },
        {
            "id": "100064453952250",
            "count": 0
        },
        {
            "id": "100065230736103",
            "count": 0
        },
        {
            "id": "100065855643995",
            "count": 0
        },
        {
            "id": "100066295938198",
            "count": 0
        },
        {
            "id": "100066667495230",
            "count": 0
        },
        {
            "id": "100069200304161",
            "count": 0
        },
        {
            "id": "100071313625379",
            "count": 0
        },
        {
            "id": "100073899620953",
            "count": 0
        },
        {
            "id": "100074040844167",
            "count": 5
        },
        {
            "id": "100075141721916",
            "count": 0
        },
        {
            "id": "100075294882679",
            "count": 0
        },
        {
            "id": "100075441085554",
            "count": 0
        },
        {
            "id": "100075588620943",
            "count": 0
        },
        {
            "id": "100076775343305",
            "count": 0
        },
        {
            "id": "100076970664537",
            "count": 0
        },
        {
            "id": "100077256396139",
            "count": 0
        },
        {
            "id": "100079055132141",
            "count": 0
        },
        {
            "id": "100079913272863",
            "count": 0
        },
        {
            "id": "100080380236285",
            "count": 0
        },
        {
            "id": "100081013140853",
            "count": 0
        },
        {
            "id": "100082026567138",
            "count": 0
        },
        {
            "id": "100082692310562",
            "count": 0
        },
        {
            "id": "100084243595456",
            "count": 0
        },
        {
            "id": "100084261617217",
            "count": 0
        },
        {
            "id": "100085240928043",
            "count": 0
        },
        {
            "id": "100085474756362",
            "count": 0
        },
        {
            "id": "100085946067362",
            "count": 0
        },
        {
            "id": "100086612034682",
            "count": 0
        },
        {
            "id": "100086991146067",
            "count": 1
        },
        {
            "id": "100089036894855",
            "count": 0
        },
        {
            "id": "100089769458616",
            "count": 46
        },
        {
            "id": "100090657933025",
            "count": 0
        },
        {
            "id": "100090697506533",
            "count": 0
        },
        {
            "id": "100095346420738",
            "count": 0
        },
        {
            "id": "100095393522926",
            "count": 0
        }
    ],
    "week": [
        {
            "id": "1511167863",
            "count": 3
        },
        {
            "id": "61550506603246",
            "count": 0
        },
        {
            "id": "61550589688451",
            "count": 0
        },
        {
            "id": "61550603411022",
            "count": 0
        },
        {
            "id": "61550941602959",
            "count": 0
        },
        {
            "id": "61551517670923",
            "count": 0
        },
        {
            "id": "61552183165215",
            "count": 3
        },
        {
            "id": "100003773337470",
            "count": 1
        },
        {
            "id": "100007173046848",
            "count": 0
        },
        {
            "id": "100008087231164",
            "count": 0
        },
        {
            "id": "100008244253661",
            "count": 0
        },
        {
            "id": "100009413699980",
            "count": 0
        },
        {
            "id": "100010153117912",
            "count": 0
        },
        {
            "id": "100010736461048",
            "count": 35
        },
        {
            "id": "100012548927955",
            "count": 28
        },
        {
            "id": "100013796616829",
            "count": 0
        },
        {
            "id": "100022778984234",
            "count": 2
        },
        {
            "id": "100023983343824",
            "count": 0
        },
        {
            "id": "100025043201861",
            "count": 0
        },
        {
            "id": "100025106821253",
            "count": 0
        },
        {
            "id": "100026663464414",
            "count": 0
        },
        {
            "id": "100028643325892",
            "count": 3
        },
        {
            "id": "100033994821941",
            "count": 0
        },
        {
            "id": "100037136602750",
            "count": 1
        },
        {
            "id": "100037211391552",
            "count": 71
        },
        {
            "id": "100037816381730",
            "count": 0
        },
        {
            "id": "100039214817408",
            "count": 0
        },
        {
            "id": "100040953953925",
            "count": 0
        },
        {
            "id": "100041570267150",
            "count": 1
        },
        {
            "id": "100045694145828",
            "count": 3
        },
        {
            "id": "100046413543059",
            "count": 0
        },
        {
            "id": "100047514954366",
            "count": 0
        },
        {
            "id": "100048749765189",
            "count": 0
        },
        {
            "id": "100049538483897",
            "count": 56
        },
        {
            "id": "100050088004756",
            "count": 0
        },
        {
            "id": "100050507359746",
            "count": 0
        },
        {
            "id": "100053758624277",
            "count": 0
        },
        {
            "id": "100053818446405",
            "count": 0
        },
        {
            "id": "100053879773021",
            "count": 0
        },
        {
            "id": "100055518351371",
            "count": 0
        },
        {
            "id": "100057385811725",
            "count": 0
        },
        {
            "id": "100057535661962",
            "count": 1
        },
        {
            "id": "100057557857508",
            "count": 6
        },
        {
            "id": "100059687682950",
            "count": 3
        },
        {
            "id": "100063736384632",
            "count": 0
        },
        {
            "id": "100063812071525",
            "count": 0
        },
        {
            "id": "100064453952250",
            "count": 0
        },
        {
            "id": "100065230736103",
            "count": 0
        },
        {
            "id": "100065855643995",
            "count": 0
        },
        {
            "id": "100066295938198",
            "count": 0
        },
        {
            "id": "100066667495230",
            "count": 0
        },
        {
            "id": "100069200304161",
            "count": 0
        },
        {
            "id": "100071313625379",
            "count": 0
        },
        {
            "id": "100073899620953",
            "count": 0
        },
        {
            "id": "100074040844167",
            "count": 5
        },
        {
            "id": "100075141721916",
            "count": 0
        },
        {
            "id": "100075294882679",
            "count": 0
        },
        {
            "id": "100075441085554",
            "count": 0
        },
        {
            "id": "100075588620943",
            "count": 0
        },
        {
            "id": "100076775343305",
            "count": 0
        },
        {
            "id": "100076970664537",
            "count": 0
        },
        {
            "id": "100077256396139",
            "count": 0
        },
        {
            "id": "100079055132141",
            "count": 0
        },
        {
            "id": "100079913272863",
            "count": 0
        },
        {
            "id": "100080380236285",
            "count": 0
        },
        {
            "id": "100081013140853",
            "count": 0
        },
        {
            "id": "100082026567138",
            "count": 0
        },
        {
            "id": "100082692310562",
            "count": 0
        },
        {
            "id": "100084243595456",
            "count": 0
        },
        {
            "id": "100084261617217",
            "count": 0
        },
        {
            "id": "100085240928043",
            "count": 0
        },
        {
            "id": "100085474756362",
            "count": 0
        },
        {
            "id": "100085946067362",
            "count": 0
        },
        {
            "id": "100086612034682",
            "count": 0
        },
        {
            "id": "100086991146067",
            "count": 1
        },
        {
            "id": "100089036894855",
            "count": 0
        },
        {
            "id": "100089769458616",
            "count": 46
        },
        {
            "id": "100090657933025",
            "count": 0
        },
        {
            "id": "100090697506533",
            "count": 0
        },
        {
            "id": "100095346420738",
            "count": 0
        },
        {
            "id": "100095393522926",
            "count": 0
        }
    ],
    "day": [
        {
            "id": "1511167863",
            "count": 3
        },
        {
            "id": "61550506603246",
            "count": 0
        },
        {
            "id": "61550589688451",
            "count": 0
        },
        {
            "id": "61550603411022",
            "count": 0
        },
        {
            "id": "61550941602959",
            "count": 0
        },
        {
            "id": "61551517670923",
            "count": 0
        },
        {
            "id": "61552183165215",
            "count": 3
        },
        {
            "id": "100003773337470",
            "count": 1
        },
        {
            "id": "100007173046848",
            "count": 0
        },
        {
            "id": "100008087231164",
            "count": 0
        },
        {
            "id": "100008244253661",
            "count": 0
        },
        {
            "id": "100009413699980",
            "count": 0
        },
        {
            "id": "100010153117912",
            "count": 0
        },
        {
            "id": "100010736461048",
            "count": 35
        },
        {
            "id": "100012548927955",
            "count": 28
        },
        {
            "id": "100013796616829",
            "count": 0
        },
        {
            "id": "100022778984234",
            "count": 2
        },
        {
            "id": "100023983343824",
            "count": 0
        },
        {
            "id": "100025043201861",
            "count": 0
        },
        {
            "id": "100025106821253",
            "count": 0
        },
        {
            "id": "100026663464414",
            "count": 0
        },
        {
            "id": "100028643325892",
            "count": 3
        },
        {
            "id": "100033994821941",
            "count": 0
        },
        {
            "id": "100037136602750",
            "count": 1
        },
        {
            "id": "100037211391552",
            "count": 71
        },
        {
            "id": "100037816381730",
            "count": 0
        },
        {
            "id": "100039214817408",
            "count": 0
        },
        {
            "id": "100040953953925",
            "count": 0
        },
        {
            "id": "100041570267150",
            "count": 1
        },
        {
            "id": "100045694145828",
            "count": 3
        },
        {
            "id": "100046413543059",
            "count": 0
        },
        {
            "id": "100047514954366",
            "count": 0
        },
        {
            "id": "100048749765189",
            "count": 0
        },
        {
            "id": "100049538483897",
            "count": 56
        },
        {
            "id": "100050088004756",
            "count": 0
        },
        {
            "id": "100050507359746",
            "count": 0
        },
        {
            "id": "100053758624277",
            "count": 0
        },
        {
            "id": "100053818446405",
            "count": 0
        },
        {
            "id": "100053879773021",
            "count": 0
        },
        {
            "id": "100055518351371",
            "count": 0
        },
        {
            "id": "100057385811725",
            "count": 0
        },
        {
            "id": "100057535661962",
            "count": 1
        },
        {
            "id": "100057557857508",
            "count": 6
        },
        {
            "id": "100059687682950",
            "count": 3
        },
        {
            "id": "100063736384632",
            "count": 0
        },
        {
            "id": "100063812071525",
            "count": 0
        },
        {
            "id": "100064453952250",
            "count": 0
        },
        {
            "id": "100065230736103",
            "count": 0
        },
        {
            "id": "100065855643995",
            "count": 0
        },
        {
            "id": "100066295938198",
            "count": 0
        },
        {
            "id": "100066667495230",
            "count": 0
        },
        {
            "id": "100069200304161",
            "count": 0
        },
        {
            "id": "100071313625379",
            "count": 0
        },
        {
            "id": "100073899620953",
            "count": 0
        },
        {
            "id": "100074040844167",
            "count": 5
        },
        {
            "id": "100075141721916",
            "count": 0
        },
        {
            "id": "100075294882679",
            "count": 0
        },
        {
            "id": "100075441085554",
            "count": 0
        },
        {
            "id": "100075588620943",
            "count": 0
        },
        {
            "id": "100076775343305",
            "count": 0
        },
        {
            "id": "100076970664537",
            "count": 0
        },
        {
            "id": "100077256396139",
            "count": 0
        },
        {
            "id": "100079055132141",
            "count": 0
        },
        {
            "id": "100079913272863",
            "count": 0
        },
        {
            "id": "100080380236285",
            "count": 0
        },
        {
            "id": "100081013140853",
            "count": 0
        },
        {
            "id": "100082026567138",
            "count": 0
        },
        {
            "id": "100082692310562",
            "count": 0
        },
        {
            "id": "100084243595456",
            "count": 0
        },
        {
            "id": "100084261617217",
            "count": 0
        },
        {
            "id": "100085240928043",
            "count": 0
        },
        {
            "id": "100085474756362",
            "count": 0
        },
        {
            "id": "100085946067362",
            "count": 0
        },
        {
            "id": "100086612034682",
            "count": 0
        },
        {
            "id": "100086991146067",
            "count": 1
        },
        {
            "id": "100089036894855",
            "count": 0
        },
        {
            "id": "100089769458616",
            "count": 46
        },
        {
            "id": "100090657933025",
            "count": 0
        },
        {
            "id": "100090697506533",
            "count": 0
        },
        {
            "id": "100095346420738",
            "count": 0
        },
        {
            "id": "100095393522926",
            "count": 0
        }
    ],
    "time": 0
}