{
    "total": [
        {
            "id": "100093241881980",
            "count": 0
        },
        {
            "id": "100082230486613",
            "count": 9
        },
        {
            "id": "100029081737001",
            "count": 0
        },
        {
            "id": "100051908003124",
            "count": 0
        }
    ],
    "week": [
        {
            "id": "100093241881980",
            "count": 0
        },
        {
            "id": "100082230486613",
            "count": 9
        },
        {
            "id": "100029081737001",
            "count": 0
        },
        {
            "id": "100051908003124",
            "count": 0
        }
    ],
    "day": [
        {
            "id": "100093241881980",
            "count": 0
        },
        {
            "id": "100082230486613",
            "count": 9
        },
        {
            "id": "100029081737001",
            "count": 0
        },
        {
            "id": "100051908003124",
            "count": 0
        }
    ],
    "time": 0,
    "last": {
        "time": 2,
        "day": [
            {
                "id": "100093241881980",
                "count": 0
            },
            {
                "id": "100082230486613",
                "count": 0
            },
            {
                "id": "100029081737001",
                "count": 0
            },
            {
                "id": "100051908003124",
                "count": 0
            }
        ],
        "week": [
            {
                "id": "100093241881980",
                "count": 0
            },
            {
                "id": "100082230486613",
                "count": 0
            },
            {
                "id": "100029081737001",
                "count": 0
            },
            {
                "id": "100051908003124",
                "count": 0
            }
        ]
    }
}