{
    "total": [
        {
            "id": "1511167863",
            "count": 0
        },
        {
            "id": "100052252005020",
            "count": 0
        },
        {
            "id": "100058797181683",
            "count": 19
        },
        {
            "id": "100066649894577",
            "count": 16
        },
        {
            "id": "100080267559363",
            "count": 0
        }
    ],
    "week": [
        {
            "id": "1511167863",
            "count": 0
        },
        {
            "id": "100052252005020",
            "count": 0
        },
        {
            "id": "100058797181683",
            "count": 19
        },
        {
            "id": "100066649894577",
            "count": 16
        },
        {
            "id": "100080267559363",
            "count": 0
        }
    ],
    "day": [
        {
            "id": "1511167863",
            "count": 0
        },
        {
            "id": "100052252005020",
            "count": 0
        },
        {
            "id": "100058797181683",
            "count": 19
        },
        {
            "id": "100066649894577",
            "count": 16
        },
        {
            "id": "100080267559363",
            "count": 0
        }
    ],
    "time": 0
}