{
    "total": [
        {
            "id": "100079747028113",
            "count": 0
        },
        {
            "id": "100093541880157",
            "count": 25
        },
        {
            "id": "100083245696563",
            "count": 0
        },
        {
            "id": "100004131041279",
            "count": 22
        },
        {
            "id": "100077977845704",
            "count": 0
        },
        {
            "id": "100095446472252",
            "count": 0
        },
        {
            "id": "100072754532494",
            "count": 0
        },
        {
            "id": "100089016742138",
            "count": 0
        },
        {
            "id": "100041600164073",
            "count": 65
        },
        {
            "id": "100068672101423",
            "count": 0
        },
        {
            "id": "100085088395095",
            "count": 8
        },
        {
            "id": "100040761302134",
            "count": 8
        },
        {
            "id": "100081797352234",
            "count": 3
        },
        {
            "id": "100020908143321",
            "count": 18
        },
        {
            "id": "100074293234284",
            "count": 68
        },
        {
            "id": "100091250266334",
            "count": 6
        },
        {
            "id": "100009601162952",
            "count": 0
        },
        {
            "id": "100018663901688",
            "count": 44
        },
        {
            "id": "100052939611895",
            "count": 0
        },
        {
            "id": "100028867464047",
            "count": 0
        },
        {
            "id": "100076388661987",
            "count": 0
        },
        {
            "id": "61554581414107",
            "count": 0
        },
        {
            "id": "100051241563318",
            "count": 3
        },
        {
            "id": "100077980504363",
            "count": 0
        },
        {
            "id": "100031845708228",
            "count": 0
        },
        {
            "id": "100080228242971",
            "count": 0
        },
        {
            "id": "100050671301677",
            "count": 0
        },
        {
            "id": "100074142183168",
            "count": 5
        },
        {
            "id": "100060834633630",
            "count": 0
        },
        {
            "id": "100060348680482",
            "count": 0
        },
        {
            "id": "100049867818618",
            "count": 0
        },
        {
            "id": "100081535050073",
            "count": 0
        },
        {
            "id": "100083107807389",
            "count": 0
        },
        {
            "id": "100060886247648",
            "count": 0
        },
        {
            "id": "61551424019095",
            "count": 0
        },
        {
            "id": "61553353496743",
            "count": 0
        },
        {
            "id": "61554255323291",
            "count": 0
        },
        {
            "id": "100084329895588",
            "count": 0
        },
        {
            "id": "61550742535189",
            "count": 0
        },
        {
            "id": "100060722342175",
            "count": 0
        },
        {
            "id": "100026657051649",
            "count": 0
        },
        {
            "id": "100022969938456",
            "count": 0
        },
        {
            "id": "100079882792816",
            "count": 1
        },
        {
            "id": "100062580801848",
            "count": 0
        },
        {
            "id": "61554835708572",
            "count": 0
        },
        {
            "id": "61553776247865",
            "count": 0
        },
        {
            "id": "100087972074835",
            "count": 0
        },
        {
            "id": "100094616572585",
            "count": 0
        },
        {
            "id": "100073732487873",
            "count": 0
        },
        {
            "id": "100089942348293",
            "count": 0
        },
        {
            "id": "100089616877413",
            "count": 13
        },
        {
            "id": "61552940189108",
            "count": 0
        },
        {
            "id": "100049843750110",
            "count": 0
        },
        {
            "id": "61554979376416",
            "count": 1
        },
        {
            "id": "100085848446525",
            "count": 0
        },
        {
            "id": "100077014194257",
            "count": 2
        },
        {
            "id": "100095048216071",
            "count": 0
        },
        {
            "id": "100095393115693",
            "count": 0
        },
        {
            "id": "61550882661933",
            "count": 0
        },
        {
            "id": "61550295536938",
            "count": 0
        },
        {
            "id": "100038391126000",
            "count": 0
        }
    ],
    "week": [
        {
            "id": "100079747028113",
            "count": 0
        },
        {
            "id": "100093541880157",
            "count": 25
        },
        {
            "id": "100083245696563",
            "count": 0
        },
        {
            "id": "100004131041279",
            "count": 22
        },
        {
            "id": "100077977845704",
            "count": 0
        },
        {
            "id": "100095446472252",
            "count": 0
        },
        {
            "id": "100072754532494",
            "count": 0
        },
        {
            "id": "100089016742138",
            "count": 0
        },
        {
            "id": "100041600164073",
            "count": 65
        },
        {
            "id": "100068672101423",
            "count": 0
        },
        {
            "id": "100085088395095",
            "count": 8
        },
        {
            "id": "100040761302134",
            "count": 8
        },
        {
            "id": "100081797352234",
            "count": 3
        },
        {
            "id": "100020908143321",
            "count": 18
        },
        {
            "id": "100074293234284",
            "count": 68
        },
        {
            "id": "100091250266334",
            "count": 6
        },
        {
            "id": "100009601162952",
            "count": 0
        },
        {
            "id": "100018663901688",
            "count": 44
        },
        {
            "id": "100052939611895",
            "count": 0
        },
        {
            "id": "100028867464047",
            "count": 0
        },
        {
            "id": "100076388661987",
            "count": 0
        },
        {
            "id": "61554581414107",
            "count": 0
        },
        {
            "id": "100051241563318",
            "count": 3
        },
        {
            "id": "100077980504363",
            "count": 0
        },
        {
            "id": "100031845708228",
            "count": 0
        },
        {
            "id": "100080228242971",
            "count": 0
        },
        {
            "id": "100050671301677",
            "count": 0
        },
        {
            "id": "100074142183168",
            "count": 5
        },
        {
            "id": "100060834633630",
            "count": 0
        },
        {
            "id": "100060348680482",
            "count": 0
        },
        {
            "id": "100049867818618",
            "count": 0
        },
        {
            "id": "100081535050073",
            "count": 0
        },
        {
            "id": "100083107807389",
            "count": 0
        },
        {
            "id": "100060886247648",
            "count": 0
        },
        {
            "id": "61551424019095",
            "count": 0
        },
        {
            "id": "61553353496743",
            "count": 0
        },
        {
            "id": "61554255323291",
            "count": 0
        },
        {
            "id": "100084329895588",
            "count": 0
        },
        {
            "id": "61550742535189",
            "count": 0
        },
        {
            "id": "100060722342175",
            "count": 0
        },
        {
            "id": "100026657051649",
            "count": 0
        },
        {
            "id": "100022969938456",
            "count": 0
        },
        {
            "id": "100079882792816",
            "count": 1
        },
        {
            "id": "100062580801848",
            "count": 0
        },
        {
            "id": "61554835708572",
            "count": 0
        },
        {
            "id": "61553776247865",
            "count": 0
        },
        {
            "id": "100087972074835",
            "count": 0
        },
        {
            "id": "100094616572585",
            "count": 0
        },
        {
            "id": "100073732487873",
            "count": 0
        },
        {
            "id": "100089942348293",
            "count": 0
        },
        {
            "id": "100089616877413",
            "count": 13
        },
        {
            "id": "61552940189108",
            "count": 0
        },
        {
            "id": "100049843750110",
            "count": 0
        },
        {
            "id": "61554979376416",
            "count": 1
        },
        {
            "id": "100085848446525",
            "count": 0
        },
        {
            "id": "100077014194257",
            "count": 2
        },
        {
            "id": "100095048216071",
            "count": 0
        },
        {
            "id": "100095393115693",
            "count": 0
        },
        {
            "id": "61550882661933",
            "count": 0
        },
        {
            "id": "61550295536938",
            "count": 0
        },
        {
            "id": "100038391126000",
            "count": 0
        }
    ],
    "day": [
        {
            "id": "100079747028113",
            "count": 0
        },
        {
            "id": "100093541880157",
            "count": 25
        },
        {
            "id": "100083245696563",
            "count": 0
        },
        {
            "id": "100004131041279",
            "count": 22
        },
        {
            "id": "100077977845704",
            "count": 0
        },
        {
            "id": "100095446472252",
            "count": 0
        },
        {
            "id": "100072754532494",
            "count": 0
        },
        {
            "id": "100089016742138",
            "count": 0
        },
        {
            "id": "100041600164073",
            "count": 65
        },
        {
            "id": "100068672101423",
            "count": 0
        },
        {
            "id": "100085088395095",
            "count": 8
        },
        {
            "id": "100040761302134",
            "count": 8
        },
        {
            "id": "100081797352234",
            "count": 3
        },
        {
            "id": "100020908143321",
            "count": 18
        },
        {
            "id": "100074293234284",
            "count": 68
        },
        {
            "id": "100091250266334",
            "count": 6
        },
        {
            "id": "100009601162952",
            "count": 0
        },
        {
            "id": "100018663901688",
            "count": 44
        },
        {
            "id": "100052939611895",
            "count": 0
        },
        {
            "id": "100028867464047",
            "count": 0
        },
        {
            "id": "100076388661987",
            "count": 0
        },
        {
            "id": "61554581414107",
            "count": 0
        },
        {
            "id": "100051241563318",
            "count": 3
        },
        {
            "id": "100077980504363",
            "count": 0
        },
        {
            "id": "100031845708228",
            "count": 0
        },
        {
            "id": "100080228242971",
            "count": 0
        },
        {
            "id": "100050671301677",
            "count": 0
        },
        {
            "id": "100074142183168",
            "count": 5
        },
        {
            "id": "100060834633630",
            "count": 0
        },
        {
            "id": "100060348680482",
            "count": 0
        },
        {
            "id": "100049867818618",
            "count": 0
        },
        {
            "id": "100081535050073",
            "count": 0
        },
        {
            "id": "100083107807389",
            "count": 0
        },
        {
            "id": "100060886247648",
            "count": 0
        },
        {
            "id": "61551424019095",
            "count": 0
        },
        {
            "id": "61553353496743",
            "count": 0
        },
        {
            "id": "61554255323291",
            "count": 0
        },
        {
            "id": "100084329895588",
            "count": 0
        },
        {
            "id": "61550742535189",
            "count": 0
        },
        {
            "id": "100060722342175",
            "count": 0
        },
        {
            "id": "100026657051649",
            "count": 0
        },
        {
            "id": "100022969938456",
            "count": 0
        },
        {
            "id": "100079882792816",
            "count": 1
        },
        {
            "id": "100062580801848",
            "count": 0
        },
        {
            "id": "61554835708572",
            "count": 0
        },
        {
            "id": "61553776247865",
            "count": 0
        },
        {
            "id": "100087972074835",
            "count": 0
        },
        {
            "id": "100094616572585",
            "count": 0
        },
        {
            "id": "100073732487873",
            "count": 0
        },
        {
            "id": "100089942348293",
            "count": 0
        },
        {
            "id": "100089616877413",
            "count": 13
        },
        {
            "id": "61552940189108",
            "count": 0
        },
        {
            "id": "100049843750110",
            "count": 0
        },
        {
            "id": "61554979376416",
            "count": 1
        },
        {
            "id": "100085848446525",
            "count": 0
        },
        {
            "id": "100077014194257",
            "count": 2
        },
        {
            "id": "100095048216071",
            "count": 0
        },
        {
            "id": "100095393115693",
            "count": 0
        },
        {
            "id": "61550882661933",
            "count": 0
        },
        {
            "id": "61550295536938",
            "count": 0
        },
        {
            "id": "100038391126000",
            "count": 0
        }
    ],
    "time": 0,
    "last": {
        "time": 4,
        "day": [
            {
                "id": "100079747028113",
                "count": 0
            },
            {
                "id": "100093541880157",
                "count": 0
            },
            {
                "id": "100083245696563",
                "count": 0
            },
            {
                "id": "100004131041279",
                "count": 0
            },
            {
                "id": "100077977845704",
                "count": 0
            },
            {
                "id": "100095446472252",
                "count": 0
            },
            {
                "id": "100072754532494",
                "count": 0
            },
            {
                "id": "100089016742138",
                "count": 0
            },
            {
                "id": "100041600164073",
                "count": 0
            },
            {
                "id": "100068672101423",
                "count": 0
            },
            {
                "id": "100085088395095",
                "count": 0
            },
            {
                "id": "100040761302134",
                "count": 0
            },
            {
                "id": "100081797352234",
                "count": 0
            },
            {
                "id": "100020908143321",
                "count": 0
            },
            {
                "id": "100074293234284",
                "count": 0
            },
            {
                "id": "100091250266334",
                "count": 0
            },
            {
                "id": "100009601162952",
                "count": 0
            },
            {
                "id": "100018663901688",
                "count": 0
            },
            {
                "id": "100052939611895",
                "count": 0
            },
            {
                "id": "100028867464047",
                "count": 0
            },
            {
                "id": "100076388661987",
                "count": 0
            },
            {
                "id": "61554581414107",
                "count": 0
            },
            {
                "id": "100051241563318",
                "count": 0
            },
            {
                "id": "100077980504363",
                "count": 0
            },
            {
                "id": "100031845708228",
                "count": 0
            },
            {
                "id": "100080228242971",
                "count": 0
            },
            {
                "id": "100050671301677",
                "count": 0
            },
            {
                "id": "100074142183168",
                "count": 0
            },
            {
                "id": "100060834633630",
                "count": 0
            },
            {
                "id": "100060348680482",
                "count": 0
            },
            {
                "id": "100049867818618",
                "count": 0
            },
            {
                "id": "100081535050073",
                "count": 0
            },
            {
                "id": "100083107807389",
                "count": 0
            },
            {
                "id": "100060886247648",
                "count": 0
            },
            {
                "id": "61551424019095",
                "count": 0
            },
            {
                "id": "61553353496743",
                "count": 0
            },
            {
                "id": "61554255323291",
                "count": 0
            },
            {
                "id": "100084329895588",
                "count": 0
            },
            {
                "id": "61550742535189",
                "count": 0
            },
            {
                "id": "100060722342175",
                "count": 0
            },
            {
                "id": "100026657051649",
                "count": 0
            },
            {
                "id": "100022969938456",
                "count": 0
            },
            {
                "id": "100079882792816",
                "count": 0
            },
            {
                "id": "100062580801848",
                "count": 0
            },
            {
                "id": "61554835708572",
                "count": 0
            },
            {
                "id": "61553776247865",
                "count": 0
            },
            {
                "id": "100087972074835",
                "count": 0
            },
            {
                "id": "100094616572585",
                "count": 0
            },
            {
                "id": "100073732487873",
                "count": 0
            },
            {
                "id": "100089942348293",
                "count": 0
            },
            {
                "id": "100089616877413",
                "count": 0
            },
            {
                "id": "61552940189108",
                "count": 0
            },
            {
                "id": "100049843750110",
                "count": 0
            },
            {
                "id": "61554979376416",
                "count": 0
            },
            {
                "id": "100085848446525",
                "count": 0
            },
            {
                "id": "100077014194257",
                "count": 0
            },
            {
                "id": "100095048216071",
                "count": 0
            },
            {
                "id": "100095393115693",
                "count": 0
            },
            {
                "id": "61550882661933",
                "count": 0
            },
            {
                "id": "61550295536938",
                "count": 0
            },
            {
                "id": "100038391126000",
                "count": 0
            }
        ],
        "week": [
            {
                "id": "100079747028113",
                "count": 0
            },
            {
                "id": "100093541880157",
                "count": 0
            },
            {
                "id": "100083245696563",
                "count": 0
            },
            {
                "id": "100004131041279",
                "count": 0
            },
            {
                "id": "100077977845704",
                "count": 0
            },
            {
                "id": "100095446472252",
                "count": 0
            },
            {
                "id": "100072754532494",
                "count": 0
            },
            {
                "id": "100089016742138",
                "count": 0
            },
            {
                "id": "100041600164073",
                "count": 0
            },
            {
                "id": "100068672101423",
                "count": 0
            },
            {
                "id": "100085088395095",
                "count": 0
            },
            {
                "id": "100040761302134",
                "count": 0
            },
            {
                "id": "100081797352234",
                "count": 0
            },
            {
                "id": "100020908143321",
                "count": 0
            },
            {
                "id": "100074293234284",
                "count": 0
            },
            {
                "id": "100091250266334",
                "count": 0
            },
            {
                "id": "100009601162952",
                "count": 0
            },
            {
                "id": "100018663901688",
                "count": 0
            },
            {
                "id": "100052939611895",
                "count": 0
            },
            {
                "id": "100028867464047",
                "count": 0
            },
            {
                "id": "100076388661987",
                "count": 0
            },
            {
                "id": "61554581414107",
                "count": 0
            },
            {
                "id": "100051241563318",
                "count": 0
            },
            {
                "id": "100077980504363",
                "count": 0
            },
            {
                "id": "100031845708228",
                "count": 0
            },
            {
                "id": "100080228242971",
                "count": 0
            },
            {
                "id": "100050671301677",
                "count": 0
            },
            {
                "id": "100074142183168",
                "count": 0
            },
            {
                "id": "100060834633630",
                "count": 0
            },
            {
                "id": "100060348680482",
                "count": 0
            },
            {
                "id": "100049867818618",
                "count": 0
            },
            {
                "id": "100081535050073",
                "count": 0
            },
            {
                "id": "100083107807389",
                "count": 0
            },
            {
                "id": "100060886247648",
                "count": 0
            },
            {
                "id": "61551424019095",
                "count": 0
            },
            {
                "id": "61553353496743",
                "count": 0
            },
            {
                "id": "61554255323291",
                "count": 0
            },
            {
                "id": "100084329895588",
                "count": 0
            },
            {
                "id": "61550742535189",
                "count": 0
            },
            {
                "id": "100060722342175",
                "count": 0
            },
            {
                "id": "100026657051649",
                "count": 0
            },
            {
                "id": "100022969938456",
                "count": 0
            },
            {
                "id": "100079882792816",
                "count": 0
            },
            {
                "id": "100062580801848",
                "count": 0
            },
            {
                "id": "61554835708572",
                "count": 0
            },
            {
                "id": "61553776247865",
                "count": 0
            },
            {
                "id": "100087972074835",
                "count": 0
            },
            {
                "id": "100094616572585",
                "count": 0
            },
            {
                "id": "100073732487873",
                "count": 0
            },
            {
                "id": "100089942348293",
                "count": 0
            },
            {
                "id": "100089616877413",
                "count": 0
            },
            {
                "id": "61552940189108",
                "count": 0
            },
            {
                "id": "100049843750110",
                "count": 0
            },
            {
                "id": "61554979376416",
                "count": 0
            },
            {
                "id": "100085848446525",
                "count": 0
            },
            {
                "id": "100077014194257",
                "count": 0
            },
            {
                "id": "100095048216071",
                "count": 0
            },
            {
                "id": "100095393115693",
                "count": 0
            },
            {
                "id": "61550882661933",
                "count": 0
            },
            {
                "id": "61550295536938",
                "count": 0
            },
            {
                "id": "100038391126000",
                "count": 0
            }
        ]
    }
}