{
    "total": [
        {
            "id": "100077467606233",
            "count": 0
        },
        {
            "id": "100053853827525",
            "count": 0
        },
        {
            "id": "100083222810526",
            "count": 41
        },
        {
            "id": "100088893033402",
            "count": 3
        },
        {
            "id": "61552384659415",
            "count": 96
        },
        {
            "id": "100072291275338",
            "count": 88
        },
        {
            "id": "61550826891708",
            "count": 0
        }
    ],
    "week": [
        {
            "id": "100077467606233",
            "count": 0
        },
        {
            "id": "100053853827525",
            "count": 0
        },
        {
            "id": "100083222810526",
            "count": 41
        },
        {
            "id": "100088893033402",
            "count": 3
        },
        {
            "id": "61552384659415",
            "count": 96
        },
        {
            "id": "100072291275338",
            "count": 88
        },
        {
            "id": "61550826891708",
            "count": 0
        }
    ],
    "day": [
        {
            "id": "100077467606233",
            "count": 0
        },
        {
            "id": "100053853827525",
            "count": 0
        },
        {
            "id": "100083222810526",
            "count": 41
        },
        {
            "id": "100088893033402",
            "count": 3
        },
        {
            "id": "61552384659415",
            "count": 96
        },
        {
            "id": "100072291275338",
            "count": 88
        },
        {
            "id": "61550826891708",
            "count": 0
        }
    ],
    "time": 0,
    "last": {
        "time": 4,
        "day": [
            {
                "id": "100077467606233",
                "count": 0
            },
            {
                "id": "100053853827525",
                "count": 0
            },
            {
                "id": "100083222810526",
                "count": 0
            },
            {
                "id": "100088893033402",
                "count": 0
            },
            {
                "id": "61552384659415",
                "count": 0
            },
            {
                "id": "100072291275338",
                "count": 0
            },
            {
                "id": "100083037270671",
                "count": 0
            },
            {
                "id": "61550826891708",
                "count": 0
            },
            {
                "id": "100090056723870",
                "count": 0
            }
        ],
        "week": [
            {
                "id": "100077467606233",
                "count": 0
            },
            {
                "id": "100053853827525",
                "count": 0
            },
            {
                "id": "100083222810526",
                "count": 0
            },
            {
                "id": "100088893033402",
                "count": 0
            },
            {
                "id": "61552384659415",
                "count": 0
            },
            {
                "id": "100072291275338",
                "count": 0
            },
            {
                "id": "100083037270671",
                "count": 0
            },
            {
                "id": "61550826891708",
                "count": 0
            },
            {
                "id": "100090056723870",
                "count": 0
            }
        ]
    }
}