{
    "total": [
        {
            "id": "100084111394522",
            "count": 0
        },
        {
            "id": "100035050220699",
            "count": 0
        },
        {
            "id": "100085622322552",
            "count": 5
        },
        {
            "id": "100038391126000",
            "count": 0
        }
    ],
    "week": [
        {
            "id": "100084111394522",
            "count": 0
        },
        {
            "id": "100035050220699",
            "count": 0
        },
        {
            "id": "100085622322552",
            "count": 5
        },
        {
            "id": "100038391126000",
            "count": 0
        }
    ],
    "day": [
        {
            "id": "100084111394522",
            "count": 0
        },
        {
            "id": "100035050220699",
            "count": 0
        },
        {
            "id": "100085622322552",
            "count": 5
        },
        {
            "id": "100038391126000",
            "count": 0
        }
    ],
    "time": 0,
    "last": {
        "time": 5,
        "day": [
            {
                "id": "100084111394522",
                "count": 0
            },
            {
                "id": "100035050220699",
                "count": 0
            },
            {
                "id": "100085622322552",
                "count": 0
            },
            {
                "id": "100038391126000",
                "count": 0
            }
        ],
        "week": [
            {
                "id": "100084111394522",
                "count": 0
            },
            {
                "id": "100035050220699",
                "count": 0
            },
            {
                "id": "100085622322552",
                "count": 0
            },
            {
                "id": "100038391126000",
                "count": 0
            }
        ]
    }
}