{
    "total": [
        {
            "id": "100037033106039",
            "count": 20
        },
        {
            "id": "100093834681242",
            "count": 0
        },
        {
            "id": "100028798371902",
            "count": 0
        }
    ],
    "week": [
        {
            "id": "100037033106039",
            "count": 20
        },
        {
            "id": "100093834681242",
            "count": 0
        },
        {
            "id": "100028798371902",
            "count": 0
        }
    ],
    "day": [
        {
            "id": "100037033106039",
            "count": 20
        },
        {
            "id": "100093834681242",
            "count": 0
        },
        {
            "id": "100028798371902",
            "count": 0
        }
    ],
    "time": 0,
    "last": {
        "time": 0,
        "day": [
            {
                "id": "100037033106039",
                "count": 0
            },
            {
                "id": "100093834681242",
                "count": 0
            },
            {
                "id": "100028798371902",
                "count": 0
            }
        ],
        "week": [
            {
                "id": "100037033106039",
                "count": 0
            },
            {
                "id": "100093834681242",
                "count": 0
            },
            {
                "id": "100028798371902",
                "count": 0
            }
        ]
    }
}