{
    "total": [
        {
            "id": "61552623147589",
            "count": 0
        },
        {
            "id": "61553670189094",
            "count": 0
        },
        {
            "id": "100077980504363",
            "count": 7
        }
    ],
    "week": [
        {
            "id": "61552623147589",
            "count": 0
        },
        {
            "id": "61553670189094",
            "count": 0
        },
        {
            "id": "100077980504363",
            "count": 7
        }
    ],
    "day": [
        {
            "id": "61552623147589",
            "count": 0
        },
        {
            "id": "61553670189094",
            "count": 0
        },
        {
            "id": "100077980504363",
            "count": 7
        }
    ],
    "time": 0,
    "last": {
        "time": 0,
        "day": [
            {
                "id": "61552623147589",
                "count": 0
            },
            {
                "id": "61553670189094",
                "count": 0
            },
            {
                "id": "100077980504363",
                "count": 0
            }
        ],
        "week": [
            {
                "id": "61552623147589",
                "count": 0
            },
            {
                "id": "61553670189094",
                "count": 0
            },
            {
                "id": "100077980504363",
                "count": 0
            }
        ]
    }
}