{
    "total": [
        {
            "id": "61550926724374",
            "count": 1
        },
        {
            "id": "61551779831282",
            "count": 0
        },
        {
            "id": "100077774382583",
            "count": 2
        }
    ],
    "week": [
        {
            "id": "61550926724374",
            "count": 1
        },
        {
            "id": "61551779831282",
            "count": 0
        },
        {
            "id": "100077774382583",
            "count": 2
        }
    ],
    "day": [
        {
            "id": "61550926724374",
            "count": 1
        },
        {
            "id": "61551779831282",
            "count": 0
        },
        {
            "id": "100077774382583",
            "count": 2
        }
    ],
    "time": 0,
    "last": {
        "time": 6,
        "day": [
            {
                "id": "61550926724374",
                "count": 0
            },
            {
                "id": "61551779831282",
                "count": 0
            },
            {
                "id": "100077774382583",
                "count": 0
            }
        ],
        "week": [
            {
                "id": "61550926724374",
                "count": 0
            },
            {
                "id": "61551779831282",
                "count": 0
            },
            {
                "id": "100077774382583",
                "count": 0
            }
        ]
    }
}