{
    "total": [
        {
            "id": "1511167863",
            "count": 0
        },
        {
            "id": "61550043721647",
            "count": 0
        },
        {
            "id": "61550209870672",
            "count": 0
        },
        {
            "id": "61550246624361",
            "count": 0
        },
        {
            "id": "61550252789115",
            "count": 0
        },
        {
            "id": "61550297234862",
            "count": 0
        },
        {
            "id": "61550619277079",
            "count": 0
        },
        {
            "id": "61551039489919",
            "count": 0
        },
        {
            "id": "61551062556470",
            "count": 0
        },
        {
            "id": "61551220228320",
            "count": 0
        },
        {
            "id": "61551467086334",
            "count": 0
        },
        {
            "id": "61551585200995",
            "count": 0
        },
        {
            "id": "61551883833189",
            "count": 0
        },
        {
            "id": "61552064516051",
            "count": 0
        },
        {
            "id": "100023730263661",
            "count": 0
        },
        {
            "id": "100031977465576",
            "count": 0
        },
        {
            "id": "100033393711762",
            "count": 0
        },
        {
            "id": "100034159273128",
            "count": 0
        },
        {
            "id": "100037211391552",
            "count": 0
        },
        {
            "id": "100044270684052",
            "count": 0
        },
        {
            "id": "100045140994215",
            "count": 0
        },
        {
            "id": "100052920373418",
            "count": 0
        },
        {
            "id": "100054599881643",
            "count": 3
        },
        {
            "id": "100058434475064",
            "count": 0
        },
        {
            "id": "100062982240216",
            "count": 0
        },
        {
            "id": "100063034067873",
            "count": 0
        },
        {
            "id": "100063578711518",
            "count": 0
        },
        {
            "id": "100064229816201",
            "count": 0
        },
        {
            "id": "100068186684484",
            "count": 0
        },
        {
            "id": "100069564232541",
            "count": 0
        },
        {
            "id": "100071744522524",
            "count": 0
        },
        {
            "id": "100072470636039",
            "count": 0
        },
        {
            "id": "100072986224992",
            "count": 0
        },
        {
            "id": "100073230585976",
            "count": 0
        },
        {
            "id": "100073394929862",
            "count": 0
        },
        {
            "id": "100073413367079",
            "count": 0
        },
        {
            "id": "100073436527630",
            "count": 0
        },
        {
            "id": "100073889231532",
            "count": 0
        },
        {
            "id": "100075016885466",
            "count": 0
        },
        {
            "id": "100075163443622",
            "count": 0
        },
        {
            "id": "100075189017810",
            "count": 0
        },
        {
            "id": "100075363294890",
            "count": 0
        },
        {
            "id": "100075663233574",
            "count": 0
        },
        {
            "id": "100076320291209",
            "count": 0
        },
        {
            "id": "100078898644563",
            "count": 0
        },
        {
            "id": "100079162735409",
            "count": 0
        },
        {
            "id": "100079844267860",
            "count": 0
        },
        {
            "id": "100080015192801",
            "count": 0
        },
        {
            "id": "100080346921975",
            "count": 0
        },
        {
            "id": "100081283022148",
            "count": 0
        },
        {
            "id": "100081314427660",
            "count": 0
        },
        {
            "id": "100082009936904",
            "count": 0
        },
        {
            "id": "100082110654215",
            "count": 0
        },
        {
            "id": "100083694974407",
            "count": 0
        },
        {
            "id": "100083984577382",
            "count": 0
        },
        {
            "id": "100084113946098",
            "count": 0
        },
        {
            "id": "100084402152485",
            "count": 0
        },
        {
            "id": "100084810314521",
            "count": 0
        },
        {
            "id": "100086060843845",
            "count": 0
        },
        {
            "id": "100086519104403",
            "count": 0
        },
        {
            "id": "100086785052264",
            "count": 0
        },
        {
            "id": "100087132950803",
            "count": 0
        },
        {
            "id": "100087785452310",
            "count": 0
        },
        {
            "id": "100089056548238",
            "count": 0
        },
        {
            "id": "100089171286957",
            "count": 0
        },
        {
            "id": "100089911965360",
            "count": 0
        },
        {
            "id": "100090000606495",
            "count": 0
        },
        {
            "id": "100090533292347",
            "count": 0
        },
        {
            "id": "100090589748986",
            "count": 0
        },
        {
            "id": "100090795434737",
            "count": 0
        },
        {
            "id": "100091331771729",
            "count": 0
        },
        {
            "id": "100092322214012",
            "count": 0
        },
        {
            "id": "100093258709962",
            "count": 0
        },
        {
            "id": "100093310883075",
            "count": 0
        },
        {
            "id": "100094075190038",
            "count": 0
        },
        {
            "id": "100094076438053",
            "count": 0
        },
        {
            "id": "100094383521841",
            "count": 0
        },
        {
            "id": "100094472912782",
            "count": 0
        },
        {
            "id": "100094692330420",
            "count": 0
        },
        {
            "id": "100094703204661",
            "count": 0
        },
        {
            "id": "100094709067955",
            "count": 0
        },
        {
            "id": "100095235769311",
            "count": 0
        },
        {
            "id": "100095364679882",
            "count": 0
        },
        {
            "id": "100095562811910",
            "count": 0
        },
        {
            "id": "100095701892891",
            "count": 0
        }
    ],
    "week": [
        {
            "id": "1511167863",
            "count": 0
        },
        {
            "id": "61550043721647",
            "count": 0
        },
        {
            "id": "61550209870672",
            "count": 0
        },
        {
            "id": "61550246624361",
            "count": 0
        },
        {
            "id": "61550252789115",
            "count": 0
        },
        {
            "id": "61550297234862",
            "count": 0
        },
        {
            "id": "61550619277079",
            "count": 0
        },
        {
            "id": "61551039489919",
            "count": 0
        },
        {
            "id": "61551062556470",
            "count": 0
        },
        {
            "id": "61551220228320",
            "count": 0
        },
        {
            "id": "61551467086334",
            "count": 0
        },
        {
            "id": "61551585200995",
            "count": 0
        },
        {
            "id": "61551883833189",
            "count": 0
        },
        {
            "id": "61552064516051",
            "count": 0
        },
        {
            "id": "100023730263661",
            "count": 0
        },
        {
            "id": "100031977465576",
            "count": 0
        },
        {
            "id": "100033393711762",
            "count": 0
        },
        {
            "id": "100034159273128",
            "count": 0
        },
        {
            "id": "100037211391552",
            "count": 0
        },
        {
            "id": "100044270684052",
            "count": 0
        },
        {
            "id": "100045140994215",
            "count": 0
        },
        {
            "id": "100052920373418",
            "count": 0
        },
        {
            "id": "100054599881643",
            "count": 3
        },
        {
            "id": "100058434475064",
            "count": 0
        },
        {
            "id": "100062982240216",
            "count": 0
        },
        {
            "id": "100063034067873",
            "count": 0
        },
        {
            "id": "100063578711518",
            "count": 0
        },
        {
            "id": "100064229816201",
            "count": 0
        },
        {
            "id": "100068186684484",
            "count": 0
        },
        {
            "id": "100069564232541",
            "count": 0
        },
        {
            "id": "100071744522524",
            "count": 0
        },
        {
            "id": "100072470636039",
            "count": 0
        },
        {
            "id": "100072986224992",
            "count": 0
        },
        {
            "id": "100073230585976",
            "count": 0
        },
        {
            "id": "100073394929862",
            "count": 0
        },
        {
            "id": "100073413367079",
            "count": 0
        },
        {
            "id": "100073436527630",
            "count": 0
        },
        {
            "id": "100073889231532",
            "count": 0
        },
        {
            "id": "100075016885466",
            "count": 0
        },
        {
            "id": "100075163443622",
            "count": 0
        },
        {
            "id": "100075189017810",
            "count": 0
        },
        {
            "id": "100075363294890",
            "count": 0
        },
        {
            "id": "100075663233574",
            "count": 0
        },
        {
            "id": "100076320291209",
            "count": 0
        },
        {
            "id": "100078898644563",
            "count": 0
        },
        {
            "id": "100079162735409",
            "count": 0
        },
        {
            "id": "100079844267860",
            "count": 0
        },
        {
            "id": "100080015192801",
            "count": 0
        },
        {
            "id": "100080346921975",
            "count": 0
        },
        {
            "id": "100081283022148",
            "count": 0
        },
        {
            "id": "100081314427660",
            "count": 0
        },
        {
            "id": "100082009936904",
            "count": 0
        },
        {
            "id": "100082110654215",
            "count": 0
        },
        {
            "id": "100083694974407",
            "count": 0
        },
        {
            "id": "100083984577382",
            "count": 0
        },
        {
            "id": "100084113946098",
            "count": 0
        },
        {
            "id": "100084402152485",
            "count": 0
        },
        {
            "id": "100084810314521",
            "count": 0
        },
        {
            "id": "100086060843845",
            "count": 0
        },
        {
            "id": "100086519104403",
            "count": 0
        },
        {
            "id": "100086785052264",
            "count": 0
        },
        {
            "id": "100087132950803",
            "count": 0
        },
        {
            "id": "100087785452310",
            "count": 0
        },
        {
            "id": "100089056548238",
            "count": 0
        },
        {
            "id": "100089171286957",
            "count": 0
        },
        {
            "id": "100089911965360",
            "count": 0
        },
        {
            "id": "100090000606495",
            "count": 0
        },
        {
            "id": "100090533292347",
            "count": 0
        },
        {
            "id": "100090589748986",
            "count": 0
        },
        {
            "id": "100090795434737",
            "count": 0
        },
        {
            "id": "100091331771729",
            "count": 0
        },
        {
            "id": "100092322214012",
            "count": 0
        },
        {
            "id": "100093258709962",
            "count": 0
        },
        {
            "id": "100093310883075",
            "count": 0
        },
        {
            "id": "100094075190038",
            "count": 0
        },
        {
            "id": "100094076438053",
            "count": 0
        },
        {
            "id": "100094383521841",
            "count": 0
        },
        {
            "id": "100094472912782",
            "count": 0
        },
        {
            "id": "100094692330420",
            "count": 0
        },
        {
            "id": "100094703204661",
            "count": 0
        },
        {
            "id": "100094709067955",
            "count": 0
        },
        {
            "id": "100095235769311",
            "count": 0
        },
        {
            "id": "100095364679882",
            "count": 0
        },
        {
            "id": "100095562811910",
            "count": 0
        },
        {
            "id": "100095701892891",
            "count": 0
        }
    ],
    "day": [
        {
            "id": "1511167863",
            "count": 0
        },
        {
            "id": "61550043721647",
            "count": 0
        },
        {
            "id": "61550209870672",
            "count": 0
        },
        {
            "id": "61550246624361",
            "count": 0
        },
        {
            "id": "61550252789115",
            "count": 0
        },
        {
            "id": "61550297234862",
            "count": 0
        },
        {
            "id": "61550619277079",
            "count": 0
        },
        {
            "id": "61551039489919",
            "count": 0
        },
        {
            "id": "61551062556470",
            "count": 0
        },
        {
            "id": "61551220228320",
            "count": 0
        },
        {
            "id": "61551467086334",
            "count": 0
        },
        {
            "id": "61551585200995",
            "count": 0
        },
        {
            "id": "61551883833189",
            "count": 0
        },
        {
            "id": "61552064516051",
            "count": 0
        },
        {
            "id": "100023730263661",
            "count": 0
        },
        {
            "id": "100031977465576",
            "count": 0
        },
        {
            "id": "100033393711762",
            "count": 0
        },
        {
            "id": "100034159273128",
            "count": 0
        },
        {
            "id": "100037211391552",
            "count": 0
        },
        {
            "id": "100044270684052",
            "count": 0
        },
        {
            "id": "100045140994215",
            "count": 0
        },
        {
            "id": "100052920373418",
            "count": 0
        },
        {
            "id": "100054599881643",
            "count": 3
        },
        {
            "id": "100058434475064",
            "count": 0
        },
        {
            "id": "100062982240216",
            "count": 0
        },
        {
            "id": "100063034067873",
            "count": 0
        },
        {
            "id": "100063578711518",
            "count": 0
        },
        {
            "id": "100064229816201",
            "count": 0
        },
        {
            "id": "100068186684484",
            "count": 0
        },
        {
            "id": "100069564232541",
            "count": 0
        },
        {
            "id": "100071744522524",
            "count": 0
        },
        {
            "id": "100072470636039",
            "count": 0
        },
        {
            "id": "100072986224992",
            "count": 0
        },
        {
            "id": "100073230585976",
            "count": 0
        },
        {
            "id": "100073394929862",
            "count": 0
        },
        {
            "id": "100073413367079",
            "count": 0
        },
        {
            "id": "100073436527630",
            "count": 0
        },
        {
            "id": "100073889231532",
            "count": 0
        },
        {
            "id": "100075016885466",
            "count": 0
        },
        {
            "id": "100075163443622",
            "count": 0
        },
        {
            "id": "100075189017810",
            "count": 0
        },
        {
            "id": "100075363294890",
            "count": 0
        },
        {
            "id": "100075663233574",
            "count": 0
        },
        {
            "id": "100076320291209",
            "count": 0
        },
        {
            "id": "100078898644563",
            "count": 0
        },
        {
            "id": "100079162735409",
            "count": 0
        },
        {
            "id": "100079844267860",
            "count": 0
        },
        {
            "id": "100080015192801",
            "count": 0
        },
        {
            "id": "100080346921975",
            "count": 0
        },
        {
            "id": "100081283022148",
            "count": 0
        },
        {
            "id": "100081314427660",
            "count": 0
        },
        {
            "id": "100082009936904",
            "count": 0
        },
        {
            "id": "100082110654215",
            "count": 0
        },
        {
            "id": "100083694974407",
            "count": 0
        },
        {
            "id": "100083984577382",
            "count": 0
        },
        {
            "id": "100084113946098",
            "count": 0
        },
        {
            "id": "100084402152485",
            "count": 0
        },
        {
            "id": "100084810314521",
            "count": 0
        },
        {
            "id": "100086060843845",
            "count": 0
        },
        {
            "id": "100086519104403",
            "count": 0
        },
        {
            "id": "100086785052264",
            "count": 0
        },
        {
            "id": "100087132950803",
            "count": 0
        },
        {
            "id": "100087785452310",
            "count": 0
        },
        {
            "id": "100089056548238",
            "count": 0
        },
        {
            "id": "100089171286957",
            "count": 0
        },
        {
            "id": "100089911965360",
            "count": 0
        },
        {
            "id": "100090000606495",
            "count": 0
        },
        {
            "id": "100090533292347",
            "count": 0
        },
        {
            "id": "100090589748986",
            "count": 0
        },
        {
            "id": "100090795434737",
            "count": 0
        },
        {
            "id": "100091331771729",
            "count": 0
        },
        {
            "id": "100092322214012",
            "count": 0
        },
        {
            "id": "100093258709962",
            "count": 0
        },
        {
            "id": "100093310883075",
            "count": 0
        },
        {
            "id": "100094075190038",
            "count": 0
        },
        {
            "id": "100094076438053",
            "count": 0
        },
        {
            "id": "100094383521841",
            "count": 0
        },
        {
            "id": "100094472912782",
            "count": 0
        },
        {
            "id": "100094692330420",
            "count": 0
        },
        {
            "id": "100094703204661",
            "count": 0
        },
        {
            "id": "100094709067955",
            "count": 0
        },
        {
            "id": "100095235769311",
            "count": 0
        },
        {
            "id": "100095364679882",
            "count": 0
        },
        {
            "id": "100095562811910",
            "count": 0
        },
        {
            "id": "100095701892891",
            "count": 0
        }
    ],
    "time": 0
}