{
    "total": [
        {
            "id": "100004001026261",
            "count": 1
        },
        {
            "id": "61551747333544",
            "count": 0
        },
        {
            "id": "61551120508642",
            "count": 18
        },
        {
            "id": "100072696458960",
            "count": 276
        },
        {
            "id": "100038791595043",
            "count": 340
        },
        {
            "id": "100018088576695",
            "count": 12
        },
        {
            "id": "100095105192124",
            "count": 84
        },
        {
            "id": "100091891485289",
            "count": 11
        },
        {
            "id": "100067655090795",
            "count": 48
        },
        {
            "id": "61550083044156",
            "count": 0
        },
        {
            "id": "100022448225417",
            "count": 302
        },
        {
            "id": "61553182838112",
            "count": 0
        },
        {
            "id": "61552215686270",
            "count": 115
        },
        {
            "id": "100029072903979",
            "count": 0
        },
        {
            "id": "100083244550129",
            "count": 0
        },
        {
            "id": "100044321752774",
            "count": 0
        },
        {
            "id": "100081797352234",
            "count": 71
        },
        {
            "id": "100084329895588",
            "count": 4
        },
        {
            "id": "61551548624034",
            "count": 0
        },
        {
            "id": "100094236391871",
            "count": 0
        },
        {
            "id": "100038678414010",
            "count": 0
        },
        {
            "id": "100094016695915",
            "count": 0
        },
        {
            "id": "100080476122191",
            "count": 0
        },
        {
            "id": "100035718671407",
            "count": 0
        },
        {
            "id": "100094301281835",
            "count": 253
        },
        {
            "id": "100051451965796",
            "count": 551
        },
        {
            "id": "100005235045663",
            "count": 0
        },
        {
            "id": "100094703701522",
            "count": 70
        },
        {
            "id": "100001986424154",
            "count": 0
        },
        {
            "id": "100080422647611",
            "count": 0
        },
        {
            "id": "61552123057620",
            "count": 334
        },
        {
            "id": "61550860808086",
            "count": 0
        },
        {
            "id": "61551788562933",
            "count": 271
        },
        {
            "id": "100091617204340",
            "count": 0
        },
        {
            "id": "100090458979503",
            "count": 239
        },
        {
            "id": "593577006",
            "count": 107
        },
        {
            "id": "100031845708228",
            "count": 1
        },
        {
            "id": "100077980504363",
            "count": 412
        },
        {
            "id": "100088737923043",
            "count": 10
        },
        {
            "id": "100090168070553",
            "count": 552
        },
        {
            "id": "61553670189094",
            "count": 0
        },
        {
            "id": "100000745531418",
            "count": 20
        },
        {
            "id": "100078168302063",
            "count": 12
        },
        {
            "id": "100074485740415",
            "count": 232
        },
        {
            "id": "100090260659479",
            "count": 147
        },
        {
            "id": "100026066957350",
            "count": 0
        },
        {
            "id": "61552948641641",
            "count": 0
        },
        {
            "id": "61552918438585",
            "count": 96
        },
        {
            "id": "100051225465219",
            "count": 3
        },
        {
            "id": "61554438130834",
            "count": 80
        },
        {
            "id": "61554330669793",
            "count": 554
        },
        {
            "id": "100074224563535",
            "count": 483
        },
        {
            "id": "100005529751371",
            "count": 18
        },
        {
            "id": "100000385494382",
            "count": 251
        },
        {
            "id": "61554380893904",
            "count": 187
        },
        {
            "id": "100001378940139",
            "count": 13
        },
        {
            "id": "100008225821165",
            "count": 93
        },
        {
            "id": "61554972591517",
            "count": 49
        },
        {
            "id": "100088805687330",
            "count": 0
        },
        {
            "id": "100003303916938",
            "count": 5
        },
        {
            "id": "61554848964926",
            "count": 0
        },
        {
            "id": "100050465257319",
            "count": 0
        },
        {
            "id": "100068832382948",
            "count": 45
        },
        {
            "id": "61554987294939",
            "count": 46
        },
        {
            "id": "61554672668571",
            "count": 0
        },
        {
            "id": "100076797473869",
            "count": 2
        },
        {
            "id": "61554676301184",
            "count": 0
        },
        {
            "id": "61550900025099",
            "count": 0
        },
        {
            "id": "100088828990792",
            "count": 0
        },
        {
            "id": "100033572564696",
            "count": 0
        },
        {
            "id": "61554832884350",
            "count": 38
        },
        {
            "id": "61554107373295",
            "count": 27
        },
        {
            "id": "100027187763993",
            "count": 296
        },
        {
            "id": "61552981521155",
            "count": 0
        },
        {
            "id": "100091271858806",
            "count": 75
        },
        {
            "id": "100000812303642",
            "count": 0
        },
        {
            "id": "100085073240621",
            "count": 64
        },
        {
            "id": "61554745177235",
            "count": 0
        },
        {
            "id": "100080647629698",
            "count": 27
        },
        {
            "id": "100089774139187",
            "count": 0
        },
        {
            "id": "61550826891708",
            "count": 0
        },
        {
            "id": "61553895095325",
            "count": 126
        },
        {
            "id": "61555291610806",
            "count": 8
        },
        {
            "id": "100092504626324",
            "count": 69
        },
        {
            "id": "61554727913900",
            "count": 64
        },
        {
            "id": "100038391126000",
            "count": 0
        },
        {
            "id": "100077645110355",
            "count": 10
        },
        {
            "id": "61554533647809",
            "count": 49
        },
        {
            "id": "61555065869306",
            "count": 2
        },
        {
            "id": "100034521728039",
            "count": 0
        },
        {
            "id": "100081500236829",
            "count": 90
        },
        {
            "id": "61551779831282",
            "count": 0
        },
        {
            "id": "100059953981036",
            "count": 0
        },
        {
            "id": "100093834681242",
            "count": 0
        },
        {
            "id": "61554288235211",
            "count": 0
        },
        {
            "id": "61554807098052",
            "count": 10
        }
    ],
    "week": [
        {
            "id": "100004001026261",
            "count": 1
        },
        {
            "id": "61551747333544",
            "count": 0
        },
        {
            "id": "61551120508642",
            "count": 18
        },
        {
            "id": "100072696458960",
            "count": 276
        },
        {
            "id": "100038791595043",
            "count": 340
        },
        {
            "id": "100018088576695",
            "count": 12
        },
        {
            "id": "100095105192124",
            "count": 84
        },
        {
            "id": "100091891485289",
            "count": 11
        },
        {
            "id": "100067655090795",
            "count": 48
        },
        {
            "id": "61550083044156",
            "count": 0
        },
        {
            "id": "100022448225417",
            "count": 302
        },
        {
            "id": "61553182838112",
            "count": 0
        },
        {
            "id": "61552215686270",
            "count": 115
        },
        {
            "id": "100029072903979",
            "count": 0
        },
        {
            "id": "100083244550129",
            "count": 0
        },
        {
            "id": "100044321752774",
            "count": 0
        },
        {
            "id": "100081797352234",
            "count": 71
        },
        {
            "id": "100084329895588",
            "count": 4
        },
        {
            "id": "61551548624034",
            "count": 0
        },
        {
            "id": "100094236391871",
            "count": 0
        },
        {
            "id": "100038678414010",
            "count": 0
        },
        {
            "id": "100094016695915",
            "count": 0
        },
        {
            "id": "100080476122191",
            "count": 0
        },
        {
            "id": "100035718671407",
            "count": 0
        },
        {
            "id": "100094301281835",
            "count": 253
        },
        {
            "id": "100051451965796",
            "count": 551
        },
        {
            "id": "100005235045663",
            "count": 0
        },
        {
            "id": "100094703701522",
            "count": 70
        },
        {
            "id": "100001986424154",
            "count": 0
        },
        {
            "id": "100080422647611",
            "count": 0
        },
        {
            "id": "61552123057620",
            "count": 334
        },
        {
            "id": "61550860808086",
            "count": 0
        },
        {
            "id": "61551788562933",
            "count": 271
        },
        {
            "id": "100091617204340",
            "count": 0
        },
        {
            "id": "100090458979503",
            "count": 239
        },
        {
            "id": "593577006",
            "count": 107
        },
        {
            "id": "100031845708228",
            "count": 1
        },
        {
            "id": "100077980504363",
            "count": 412
        },
        {
            "id": "100088737923043",
            "count": 10
        },
        {
            "id": "100090168070553",
            "count": 552
        },
        {
            "id": "61553670189094",
            "count": 0
        },
        {
            "id": "100000745531418",
            "count": 20
        },
        {
            "id": "100078168302063",
            "count": 12
        },
        {
            "id": "100074485740415",
            "count": 232
        },
        {
            "id": "100090260659479",
            "count": 147
        },
        {
            "id": "100026066957350",
            "count": 0
        },
        {
            "id": "61552948641641",
            "count": 0
        },
        {
            "id": "61552918438585",
            "count": 96
        },
        {
            "id": "100051225465219",
            "count": 3
        },
        {
            "id": "61554438130834",
            "count": 80
        },
        {
            "id": "61554330669793",
            "count": 554
        },
        {
            "id": "100074224563535",
            "count": 483
        },
        {
            "id": "100005529751371",
            "count": 18
        },
        {
            "id": "100000385494382",
            "count": 251
        },
        {
            "id": "61554380893904",
            "count": 187
        },
        {
            "id": "100001378940139",
            "count": 13
        },
        {
            "id": "100008225821165",
            "count": 93
        },
        {
            "id": "61554972591517",
            "count": 49
        },
        {
            "id": "100088805687330",
            "count": 0
        },
        {
            "id": "100003303916938",
            "count": 5
        },
        {
            "id": "61554848964926",
            "count": 0
        },
        {
            "id": "100050465257319",
            "count": 0
        },
        {
            "id": "100068832382948",
            "count": 45
        },
        {
            "id": "61554987294939",
            "count": 46
        },
        {
            "id": "61554672668571",
            "count": 0
        },
        {
            "id": "100076797473869",
            "count": 2
        },
        {
            "id": "61554676301184",
            "count": 0
        },
        {
            "id": "61550900025099",
            "count": 0
        },
        {
            "id": "100088828990792",
            "count": 0
        },
        {
            "id": "100033572564696",
            "count": 0
        },
        {
            "id": "61554832884350",
            "count": 38
        },
        {
            "id": "61554107373295",
            "count": 27
        },
        {
            "id": "100027187763993",
            "count": 296
        },
        {
            "id": "61552981521155",
            "count": 0
        },
        {
            "id": "100091271858806",
            "count": 75
        },
        {
            "id": "100000812303642",
            "count": 0
        },
        {
            "id": "100085073240621",
            "count": 64
        },
        {
            "id": "61554745177235",
            "count": 0
        },
        {
            "id": "100080647629698",
            "count": 27
        },
        {
            "id": "100089774139187",
            "count": 0
        },
        {
            "id": "61550826891708",
            "count": 0
        },
        {
            "id": "61553895095325",
            "count": 126
        },
        {
            "id": "61555291610806",
            "count": 8
        },
        {
            "id": "100092504626324",
            "count": 69
        },
        {
            "id": "61554727913900",
            "count": 64
        },
        {
            "id": "100038391126000",
            "count": 0
        },
        {
            "id": "100077645110355",
            "count": 10
        },
        {
            "id": "61554533647809",
            "count": 49
        },
        {
            "id": "61555065869306",
            "count": 2
        },
        {
            "id": "100034521728039",
            "count": 0
        },
        {
            "id": "100081500236829",
            "count": 90
        },
        {
            "id": "61551779831282",
            "count": 0
        },
        {
            "id": "100059953981036",
            "count": 0
        },
        {
            "id": "100093834681242",
            "count": 0
        },
        {
            "id": "61554288235211",
            "count": 0
        },
        {
            "id": "61554807098052",
            "count": 10
        }
    ],
    "day": [
        {
            "id": "100004001026261",
            "count": 1
        },
        {
            "id": "61551747333544",
            "count": 0
        },
        {
            "id": "61551120508642",
            "count": 18
        },
        {
            "id": "100072696458960",
            "count": 276
        },
        {
            "id": "100038791595043",
            "count": 340
        },
        {
            "id": "100018088576695",
            "count": 12
        },
        {
            "id": "100095105192124",
            "count": 84
        },
        {
            "id": "100091891485289",
            "count": 11
        },
        {
            "id": "100067655090795",
            "count": 48
        },
        {
            "id": "61550083044156",
            "count": 0
        },
        {
            "id": "100022448225417",
            "count": 302
        },
        {
            "id": "61553182838112",
            "count": 0
        },
        {
            "id": "61552215686270",
            "count": 115
        },
        {
            "id": "100029072903979",
            "count": 0
        },
        {
            "id": "100083244550129",
            "count": 0
        },
        {
            "id": "100044321752774",
            "count": 0
        },
        {
            "id": "100081797352234",
            "count": 71
        },
        {
            "id": "100084329895588",
            "count": 4
        },
        {
            "id": "61551548624034",
            "count": 0
        },
        {
            "id": "100094236391871",
            "count": 0
        },
        {
            "id": "100038678414010",
            "count": 0
        },
        {
            "id": "100094016695915",
            "count": 0
        },
        {
            "id": "100080476122191",
            "count": 0
        },
        {
            "id": "100035718671407",
            "count": 0
        },
        {
            "id": "100094301281835",
            "count": 253
        },
        {
            "id": "100051451965796",
            "count": 551
        },
        {
            "id": "100005235045663",
            "count": 0
        },
        {
            "id": "100094703701522",
            "count": 70
        },
        {
            "id": "100001986424154",
            "count": 0
        },
        {
            "id": "100080422647611",
            "count": 0
        },
        {
            "id": "61552123057620",
            "count": 334
        },
        {
            "id": "61550860808086",
            "count": 0
        },
        {
            "id": "61551788562933",
            "count": 271
        },
        {
            "id": "100091617204340",
            "count": 0
        },
        {
            "id": "100090458979503",
            "count": 239
        },
        {
            "id": "593577006",
            "count": 107
        },
        {
            "id": "100031845708228",
            "count": 1
        },
        {
            "id": "100077980504363",
            "count": 412
        },
        {
            "id": "100088737923043",
            "count": 10
        },
        {
            "id": "100090168070553",
            "count": 552
        },
        {
            "id": "61553670189094",
            "count": 0
        },
        {
            "id": "100000745531418",
            "count": 20
        },
        {
            "id": "100078168302063",
            "count": 12
        },
        {
            "id": "100074485740415",
            "count": 232
        },
        {
            "id": "100090260659479",
            "count": 147
        },
        {
            "id": "100026066957350",
            "count": 0
        },
        {
            "id": "61552948641641",
            "count": 0
        },
        {
            "id": "61552918438585",
            "count": 96
        },
        {
            "id": "100051225465219",
            "count": 3
        },
        {
            "id": "61554438130834",
            "count": 80
        },
        {
            "id": "61554330669793",
            "count": 554
        },
        {
            "id": "100074224563535",
            "count": 483
        },
        {
            "id": "100005529751371",
            "count": 18
        },
        {
            "id": "100000385494382",
            "count": 251
        },
        {
            "id": "61554380893904",
            "count": 187
        },
        {
            "id": "100001378940139",
            "count": 13
        },
        {
            "id": "100008225821165",
            "count": 93
        },
        {
            "id": "61554972591517",
            "count": 49
        },
        {
            "id": "100088805687330",
            "count": 0
        },
        {
            "id": "100003303916938",
            "count": 5
        },
        {
            "id": "61554848964926",
            "count": 0
        },
        {
            "id": "100050465257319",
            "count": 0
        },
        {
            "id": "100068832382948",
            "count": 45
        },
        {
            "id": "61554987294939",
            "count": 46
        },
        {
            "id": "61554672668571",
            "count": 0
        },
        {
            "id": "100076797473869",
            "count": 2
        },
        {
            "id": "61554676301184",
            "count": 0
        },
        {
            "id": "61550900025099",
            "count": 0
        },
        {
            "id": "100088828990792",
            "count": 0
        },
        {
            "id": "100033572564696",
            "count": 0
        },
        {
            "id": "61554832884350",
            "count": 38
        },
        {
            "id": "61554107373295",
            "count": 27
        },
        {
            "id": "100027187763993",
            "count": 296
        },
        {
            "id": "61552981521155",
            "count": 0
        },
        {
            "id": "100091271858806",
            "count": 75
        },
        {
            "id": "100000812303642",
            "count": 0
        },
        {
            "id": "100085073240621",
            "count": 64
        },
        {
            "id": "61554745177235",
            "count": 0
        },
        {
            "id": "100080647629698",
            "count": 27
        },
        {
            "id": "100089774139187",
            "count": 0
        },
        {
            "id": "61550826891708",
            "count": 0
        },
        {
            "id": "61553895095325",
            "count": 126
        },
        {
            "id": "61555291610806",
            "count": 8
        },
        {
            "id": "100092504626324",
            "count": 69
        },
        {
            "id": "61554727913900",
            "count": 64
        },
        {
            "id": "100038391126000",
            "count": 0
        },
        {
            "id": "100077645110355",
            "count": 10
        },
        {
            "id": "61554533647809",
            "count": 49
        },
        {
            "id": "61555065869306",
            "count": 2
        },
        {
            "id": "100034521728039",
            "count": 0
        },
        {
            "id": "100081500236829",
            "count": 90
        },
        {
            "id": "61551779831282",
            "count": 0
        },
        {
            "id": "100059953981036",
            "count": 0
        },
        {
            "id": "100093834681242",
            "count": 0
        },
        {
            "id": "61554288235211",
            "count": 0
        },
        {
            "id": "61554807098052",
            "count": 10
        }
    ],
    "time": 0,
    "last": {
        "time": 5,
        "day": [
            {
                "id": "100004001026261",
                "count": 0
            },
            {
                "id": "61551747333544",
                "count": 0
            },
            {
                "id": "61551120508642",
                "count": 0
            },
            {
                "id": "100072696458960",
                "count": 0
            },
            {
                "id": "100038791595043",
                "count": 0
            },
            {
                "id": "100018088576695",
                "count": 0
            },
            {
                "id": "100095105192124",
                "count": 0
            },
            {
                "id": "100091891485289",
                "count": 0
            },
            {
                "id": "100067655090795",
                "count": 0
            },
            {
                "id": "61550083044156",
                "count": 0
            },
            {
                "id": "100022448225417",
                "count": 0
            },
            {
                "id": "61553182838112",
                "count": 0
            },
            {
                "id": "61552215686270",
                "count": 0
            },
            {
                "id": "100001941475254",
                "count": 0
            },
            {
                "id": "100022448225418",
                "count": 0
            },
            {
                "id": "100029072903979",
                "count": 0
            },
            {
                "id": "100083244550129",
                "count": 0
            },
            {
                "id": "100044321752774",
                "count": 0
            },
            {
                "id": "100081797352234",
                "count": 0
            },
            {
                "id": "100084329895588",
                "count": 0
            },
            {
                "id": "100069121036934",
                "count": 0
            },
            {
                "id": "61551548624034",
                "count": 0
            },
            {
                "id": "100094236391871",
                "count": 0
            },
            {
                "id": "100038678414010",
                "count": 0
            },
            {
                "id": "100094016695915",
                "count": 0
            },
            {
                "id": "100080476122191",
                "count": 0
            },
            {
                "id": "100035718671407",
                "count": 0
            },
            {
                "id": "100094301281835",
                "count": 0
            },
            {
                "id": "100077645110355",
                "count": 0
            },
            {
                "id": "100051451965796",
                "count": 0
            },
            {
                "id": "100091271858806",
                "count": 0
            },
            {
                "id": "100005235045663",
                "count": 0
            },
            {
                "id": "100094703701522",
                "count": 0
            },
            {
                "id": "100001986424154",
                "count": 0
            },
            {
                "id": "100080422647611",
                "count": 0
            },
            {
                "id": "61552123057620",
                "count": 0
            },
            {
                "id": "61550860808086",
                "count": 0
            },
            {
                "id": "61551788562933",
                "count": 0
            },
            {
                "id": "100091617204340",
                "count": 0
            },
            {
                "id": "1701439311",
                "count": 0
            },
            {
                "id": "100090562700474",
                "count": 0
            },
            {
                "id": "1117110308",
                "count": 0
            },
            {
                "id": "100090458979503",
                "count": 0
            },
            {
                "id": "593577006",
                "count": 0
            },
            {
                "id": "100074485740415",
                "count": 0
            },
            {
                "id": "100086415765506",
                "count": 0
            },
            {
                "id": "100005529751371",
                "count": 0
            },
            {
                "id": "100031845708228",
                "count": 0
            },
            {
                "id": "100090345137878",
                "count": 0
            },
            {
                "id": "100050068740641",
                "count": 0
            },
            {
                "id": "100054403575923",
                "count": 0
            },
            {
                "id": "100091504856452",
                "count": 0
            },
            {
                "id": "100077980504363",
                "count": 0
            },
            {
                "id": "61550043721647",
                "count": 0
            },
            {
                "id": "100088737923043",
                "count": 0
            },
            {
                "id": "100090168070553",
                "count": 0
            },
            {
                "id": "61553670189094",
                "count": 0
            },
            {
                "id": "100066802922565",
                "count": 0
            },
            {
                "id": "100000745531418",
                "count": 0
            },
            {
                "id": "100078168302063",
                "count": 0
            },
            {
                "id": "100075493308135",
                "count": 0
            },
            {
                "id": "71700705",
                "count": 0
            },
            {
                "id": "100049061612415",
                "count": 0
            },
            {
                "id": "100062524885903",
                "count": 0
            },
            {
                "id": "100085088395095",
                "count": 0
            },
            {
                "id": "100035249705373",
                "count": 0
            },
            {
                "id": "100039210859120",
                "count": 0
            },
            {
                "id": "100059031196613",
                "count": 0
            },
            {
                "id": "100076618451443",
                "count": 0
            },
            {
                "id": "100040852953342",
                "count": 0
            },
            {
                "id": "100080334318968",
                "count": 0
            },
            {
                "id": "100006885186978",
                "count": 0
            },
            {
                "id": "100006593502100",
                "count": 0
            },
            {
                "id": "100077165841674",
                "count": 0
            },
            {
                "id": "100083772006179",
                "count": 0
            },
            {
                "id": "100029425688495",
                "count": 0
            },
            {
                "id": "100004044981824",
                "count": 0
            },
            {
                "id": "100048971381707",
                "count": 0
            },
            {
                "id": "100083845214035",
                "count": 0
            },
            {
                "id": "100004366982560",
                "count": 0
            },
            {
                "id": "100063496322861",
                "count": 0
            },
            {
                "id": "100024446043587",
                "count": 0
            },
            {
                "id": "100071768980176",
                "count": 0
            },
            {
                "id": "100070156916755",
                "count": 0
            },
            {
                "id": "100008094159393",
                "count": 0
            },
            {
                "id": "100095079545589",
                "count": 0
            },
            {
                "id": "100061770584370",
                "count": 0
            },
            {
                "id": "100057383260901",
                "count": 0
            },
            {
                "id": "100077699479996",
                "count": 0
            },
            {
                "id": "100042013055182",
                "count": 0
            },
            {
                "id": "100043586288250",
                "count": 0
            },
            {
                "id": "100080462824195",
                "count": 0
            },
            {
                "id": "100017817707601",
                "count": 0
            },
            {
                "id": "100080588154733",
                "count": 0
            },
            {
                "id": "100067482302097",
                "count": 0
            },
            {
                "id": "100078544540643",
                "count": 0
            },
            {
                "id": "3231477",
                "count": 0
            },
            {
                "id": "100027998948465",
                "count": 0
            },
            {
                "id": "100077667677278",
                "count": 0
            },
            {
                "id": "1369760930",
                "count": 0
            },
            {
                "id": "61550011732458",
                "count": 0
            },
            {
                "id": "100091669623362",
                "count": 0
            },
            {
                "id": "100028115436575",
                "count": 0
            },
            {
                "id": "100025019882859",
                "count": 0
            },
            {
                "id": "100055436857621",
                "count": 0
            },
            {
                "id": "100037033106039",
                "count": 0
            },
            {
                "id": "100062110196045",
                "count": 0
            },
            {
                "id": "100091864710801",
                "count": 0
            },
            {
                "id": "100023889488362",
                "count": 0
            },
            {
                "id": "100095195063480",
                "count": 0
            },
            {
                "id": "100048136609534",
                "count": 0
            },
            {
                "id": "100066710142930",
                "count": 0
            },
            {
                "id": "100003159781177",
                "count": 0
            },
            {
                "id": "100005500478966",
                "count": 0
            },
            {
                "id": "100050627421845",
                "count": 0
            },
            {
                "id": "100053792018017",
                "count": 0
            },
            {
                "id": "100054108541579",
                "count": 0
            },
            {
                "id": "100085073240621",
                "count": 0
            },
            {
                "id": "100067017815485",
                "count": 0
            },
            {
                "id": "100089660842790",
                "count": 0
            },
            {
                "id": "100006318588499",
                "count": 0
            },
            {
                "id": "512779661",
                "count": 0
            },
            {
                "id": "100023986450526",
                "count": 0
            },
            {
                "id": "100090260659479",
                "count": 0
            },
            {
                "id": "100026066957350",
                "count": 0
            },
            {
                "id": "61552948641641",
                "count": 0
            },
            {
                "id": "61552918438585",
                "count": 0
            },
            {
                "id": "100051225465219",
                "count": 0
            },
            {
                "id": "61554438130834",
                "count": 0
            },
            {
                "id": "61554330669793",
                "count": 0
            },
            {
                "id": "100000385494382",
                "count": 0
            },
            {
                "id": "100074224563535",
                "count": 0
            },
            {
                "id": "61554288235211",
                "count": 0
            },
            {
                "id": "61554380893904",
                "count": 0
            },
            {
                "id": "100001378940139",
                "count": 0
            },
            {
                "id": "100008225821165",
                "count": 0
            },
            {
                "id": "61554972591517",
                "count": 0
            },
            {
                "id": "100088805687330",
                "count": 0
            },
            {
                "id": "100003303916938",
                "count": 0
            },
            {
                "id": "61554848964926",
                "count": 0
            },
            {
                "id": "100050465257319",
                "count": 0
            },
            {
                "id": "100068832382948",
                "count": 0
            },
            {
                "id": "61554987294939",
                "count": 0
            },
            {
                "id": "61554672668571",
                "count": 0
            },
            {
                "id": "100076797473869",
                "count": 0
            },
            {
                "id": "61554676301184",
                "count": 0
            },
            {
                "id": "61550900025099",
                "count": 0
            },
            {
                "id": "100088828990792",
                "count": 0
            },
            {
                "id": "100033572564696",
                "count": 0
            },
            {
                "id": "61554832884350",
                "count": 0
            },
            {
                "id": "61554107373295",
                "count": 0
            },
            {
                "id": "100027187763993",
                "count": 0
            },
            {
                "id": "61554533647809",
                "count": 0
            },
            {
                "id": "61552981521155",
                "count": 0
            },
            {
                "id": "61553438323815",
                "count": 0
            },
            {
                "id": "100000812303642",
                "count": 0
            },
            {
                "id": "61554745177235",
                "count": 0
            },
            {
                "id": "100080647629698",
                "count": 0
            },
            {
                "id": "61554809280840",
                "count": 0
            },
            {
                "id": "100089774139187",
                "count": 0
            },
            {
                "id": "61550826891708",
                "count": 0
            },
            {
                "id": "61553895095325",
                "count": 0
            },
            {
                "id": "61555065869306",
                "count": 0
            },
            {
                "id": "61555291610806",
                "count": 0
            },
            {
                "id": "100088261501563",
                "count": 0
            },
            {
                "id": "100092504626324",
                "count": 0
            },
            {
                "id": "61554727913900",
                "count": 0
            },
            {
                "id": "100038391126000",
                "count": 0
            },
            {
                "id": "100034521728039",
                "count": 0
            },
            {
                "id": "100081500236829",
                "count": 0
            },
            {
                "id": "61551779831282",
                "count": 0
            },
            {
                "id": "100059953981036",
                "count": 0
            },
            {
                "id": "100093834681242",
                "count": 0
            },
            {
                "id": "61554807098052",
                "count": 0
            }
        ],
        "week": [
            {
                "id": "100004001026261",
                "count": 0
            },
            {
                "id": "61551747333544",
                "count": 0
            },
            {
                "id": "61551120508642",
                "count": 0
            },
            {
                "id": "100072696458960",
                "count": 0
            },
            {
                "id": "100038791595043",
                "count": 0
            },
            {
                "id": "100018088576695",
                "count": 0
            },
            {
                "id": "100095105192124",
                "count": 0
            },
            {
                "id": "100091891485289",
                "count": 0
            },
            {
                "id": "100067655090795",
                "count": 0
            },
            {
                "id": "61550083044156",
                "count": 0
            },
            {
                "id": "100022448225417",
                "count": 0
            },
            {
                "id": "61553182838112",
                "count": 0
            },
            {
                "id": "61552215686270",
                "count": 0
            },
            {
                "id": "100001941475254",
                "count": 0
            },
            {
                "id": "100022448225418",
                "count": 0
            },
            {
                "id": "100029072903979",
                "count": 0
            },
            {
                "id": "100083244550129",
                "count": 0
            },
            {
                "id": "100044321752774",
                "count": 0
            },
            {
                "id": "100081797352234",
                "count": 0
            },
            {
                "id": "100084329895588",
                "count": 0
            },
            {
                "id": "100069121036934",
                "count": 0
            },
            {
                "id": "61551548624034",
                "count": 0
            },
            {
                "id": "100094236391871",
                "count": 0
            },
            {
                "id": "100038678414010",
                "count": 0
            },
            {
                "id": "100094016695915",
                "count": 0
            },
            {
                "id": "100080476122191",
                "count": 0
            },
            {
                "id": "100035718671407",
                "count": 0
            },
            {
                "id": "100094301281835",
                "count": 0
            },
            {
                "id": "100077645110355",
                "count": 0
            },
            {
                "id": "100051451965796",
                "count": 0
            },
            {
                "id": "100091271858806",
                "count": 0
            },
            {
                "id": "100005235045663",
                "count": 0
            },
            {
                "id": "100094703701522",
                "count": 0
            },
            {
                "id": "100001986424154",
                "count": 0
            },
            {
                "id": "100080422647611",
                "count": 0
            },
            {
                "id": "61552123057620",
                "count": 0
            },
            {
                "id": "61550860808086",
                "count": 0
            },
            {
                "id": "61551788562933",
                "count": 0
            },
            {
                "id": "100091617204340",
                "count": 0
            },
            {
                "id": "1701439311",
                "count": 0
            },
            {
                "id": "100090562700474",
                "count": 0
            },
            {
                "id": "1117110308",
                "count": 0
            },
            {
                "id": "100090458979503",
                "count": 0
            },
            {
                "id": "593577006",
                "count": 0
            },
            {
                "id": "100074485740415",
                "count": 0
            },
            {
                "id": "100086415765506",
                "count": 0
            },
            {
                "id": "100005529751371",
                "count": 0
            },
            {
                "id": "100031845708228",
                "count": 0
            },
            {
                "id": "100090345137878",
                "count": 0
            },
            {
                "id": "100050068740641",
                "count": 0
            },
            {
                "id": "100054403575923",
                "count": 0
            },
            {
                "id": "100091504856452",
                "count": 0
            },
            {
                "id": "100077980504363",
                "count": 0
            },
            {
                "id": "61550043721647",
                "count": 0
            },
            {
                "id": "100088737923043",
                "count": 0
            },
            {
                "id": "100090168070553",
                "count": 0
            },
            {
                "id": "61553670189094",
                "count": 0
            },
            {
                "id": "100066802922565",
                "count": 0
            },
            {
                "id": "100000745531418",
                "count": 0
            },
            {
                "id": "100078168302063",
                "count": 0
            },
            {
                "id": "100075493308135",
                "count": 0
            },
            {
                "id": "71700705",
                "count": 0
            },
            {
                "id": "100049061612415",
                "count": 0
            },
            {
                "id": "100062524885903",
                "count": 0
            },
            {
                "id": "100085088395095",
                "count": 0
            },
            {
                "id": "100035249705373",
                "count": 0
            },
            {
                "id": "100039210859120",
                "count": 0
            },
            {
                "id": "100059031196613",
                "count": 0
            },
            {
                "id": "100076618451443",
                "count": 0
            },
            {
                "id": "100040852953342",
                "count": 0
            },
            {
                "id": "100080334318968",
                "count": 0
            },
            {
                "id": "100006885186978",
                "count": 0
            },
            {
                "id": "100006593502100",
                "count": 0
            },
            {
                "id": "100077165841674",
                "count": 0
            },
            {
                "id": "100083772006179",
                "count": 0
            },
            {
                "id": "100029425688495",
                "count": 0
            },
            {
                "id": "100004044981824",
                "count": 0
            },
            {
                "id": "100048971381707",
                "count": 0
            },
            {
                "id": "100083845214035",
                "count": 0
            },
            {
                "id": "100004366982560",
                "count": 0
            },
            {
                "id": "100063496322861",
                "count": 0
            },
            {
                "id": "100024446043587",
                "count": 0
            },
            {
                "id": "100071768980176",
                "count": 0
            },
            {
                "id": "100070156916755",
                "count": 0
            },
            {
                "id": "100008094159393",
                "count": 0
            },
            {
                "id": "100095079545589",
                "count": 0
            },
            {
                "id": "100061770584370",
                "count": 0
            },
            {
                "id": "100057383260901",
                "count": 0
            },
            {
                "id": "100077699479996",
                "count": 0
            },
            {
                "id": "100042013055182",
                "count": 0
            },
            {
                "id": "100043586288250",
                "count": 0
            },
            {
                "id": "100080462824195",
                "count": 0
            },
            {
                "id": "100017817707601",
                "count": 0
            },
            {
                "id": "100080588154733",
                "count": 0
            },
            {
                "id": "100067482302097",
                "count": 0
            },
            {
                "id": "100078544540643",
                "count": 0
            },
            {
                "id": "3231477",
                "count": 0
            },
            {
                "id": "100027998948465",
                "count": 0
            },
            {
                "id": "100077667677278",
                "count": 0
            },
            {
                "id": "1369760930",
                "count": 0
            },
            {
                "id": "61550011732458",
                "count": 0
            },
            {
                "id": "100091669623362",
                "count": 0
            },
            {
                "id": "100028115436575",
                "count": 0
            },
            {
                "id": "100025019882859",
                "count": 0
            },
            {
                "id": "100055436857621",
                "count": 0
            },
            {
                "id": "100037033106039",
                "count": 0
            },
            {
                "id": "100062110196045",
                "count": 0
            },
            {
                "id": "100091864710801",
                "count": 0
            },
            {
                "id": "100023889488362",
                "count": 0
            },
            {
                "id": "100095195063480",
                "count": 0
            },
            {
                "id": "100048136609534",
                "count": 0
            },
            {
                "id": "100066710142930",
                "count": 0
            },
            {
                "id": "100003159781177",
                "count": 0
            },
            {
                "id": "100005500478966",
                "count": 0
            },
            {
                "id": "100050627421845",
                "count": 0
            },
            {
                "id": "100053792018017",
                "count": 0
            },
            {
                "id": "100054108541579",
                "count": 0
            },
            {
                "id": "100085073240621",
                "count": 0
            },
            {
                "id": "100067017815485",
                "count": 0
            },
            {
                "id": "100089660842790",
                "count": 0
            },
            {
                "id": "100006318588499",
                "count": 0
            },
            {
                "id": "512779661",
                "count": 0
            },
            {
                "id": "100023986450526",
                "count": 0
            },
            {
                "id": "100090260659479",
                "count": 0
            },
            {
                "id": "100026066957350",
                "count": 0
            },
            {
                "id": "61552948641641",
                "count": 0
            },
            {
                "id": "61552918438585",
                "count": 0
            },
            {
                "id": "100051225465219",
                "count": 0
            },
            {
                "id": "61554438130834",
                "count": 0
            },
            {
                "id": "61554330669793",
                "count": 0
            },
            {
                "id": "100000385494382",
                "count": 0
            },
            {
                "id": "100074224563535",
                "count": 0
            },
            {
                "id": "61554288235211",
                "count": 0
            },
            {
                "id": "61554380893904",
                "count": 0
            },
            {
                "id": "100001378940139",
                "count": 0
            },
            {
                "id": "100008225821165",
                "count": 0
            },
            {
                "id": "61554972591517",
                "count": 0
            },
            {
                "id": "100088805687330",
                "count": 0
            },
            {
                "id": "100003303916938",
                "count": 0
            },
            {
                "id": "61554848964926",
                "count": 0
            },
            {
                "id": "100050465257319",
                "count": 0
            },
            {
                "id": "100068832382948",
                "count": 0
            },
            {
                "id": "61554987294939",
                "count": 0
            },
            {
                "id": "61554672668571",
                "count": 0
            },
            {
                "id": "100076797473869",
                "count": 0
            },
            {
                "id": "61554676301184",
                "count": 0
            },
            {
                "id": "61550900025099",
                "count": 0
            },
            {
                "id": "100088828990792",
                "count": 0
            },
            {
                "id": "100033572564696",
                "count": 0
            },
            {
                "id": "61554832884350",
                "count": 0
            },
            {
                "id": "61554107373295",
                "count": 0
            },
            {
                "id": "100027187763993",
                "count": 0
            },
            {
                "id": "61554533647809",
                "count": 0
            },
            {
                "id": "61552981521155",
                "count": 0
            },
            {
                "id": "61553438323815",
                "count": 0
            },
            {
                "id": "100000812303642",
                "count": 0
            },
            {
                "id": "61554745177235",
                "count": 0
            },
            {
                "id": "100080647629698",
                "count": 0
            },
            {
                "id": "61554809280840",
                "count": 0
            },
            {
                "id": "100089774139187",
                "count": 0
            },
            {
                "id": "61550826891708",
                "count": 0
            },
            {
                "id": "61553895095325",
                "count": 0
            },
            {
                "id": "61555065869306",
                "count": 0
            },
            {
                "id": "61555291610806",
                "count": 0
            },
            {
                "id": "100088261501563",
                "count": 0
            },
            {
                "id": "100092504626324",
                "count": 0
            },
            {
                "id": "61554727913900",
                "count": 0
            },
            {
                "id": "100038391126000",
                "count": 0
            },
            {
                "id": "100034521728039",
                "count": 0
            },
            {
                "id": "100081500236829",
                "count": 0
            },
            {
                "id": "61551779831282",
                "count": 0
            },
            {
                "id": "100059953981036",
                "count": 0
            },
            {
                "id": "100093834681242",
                "count": 0
            },
            {
                "id": "61554807098052",
                "count": 0
            }
        ]
    }
}