{
    "total": [
        {
            "id": "100091617204340",
            "count": 473
        },
        {
            "id": "100080949890526",
            "count": 165
        },
        {
            "id": "100077980504363",
            "count": 216
        },
        {
            "id": "100084329895588",
            "count": 422
        },
        {
            "id": "100004458484369",
            "count": 46
        },
        {
            "id": "100041471332999",
            "count": 0
        },
        {
            "id": "100088840031388",
            "count": 952
        },
        {
            "id": "61554322071648",
            "count": 0
        },
        {
            "id": "100089369394530",
            "count": 56
        },
        {
            "id": "100031187958162",
            "count": 254
        },
        {
            "id": "100083174347639",
            "count": 4
        },
        {
            "id": "100049943223966",
            "count": 0
        },
        {
            "id": "100076388661987",
            "count": 12
        },
        {
            "id": "100005527420577",
            "count": 5
        },
        {
            "id": "100073633500368",
            "count": 1
        },
        {
            "id": "100053488064454",
            "count": 0
        },
        {
            "id": "100092876220585",
            "count": 12
        },
        {
            "id": "100028867464047",
            "count": 26
        },
        {
            "id": "100004131041279",
            "count": 16
        },
        {
            "id": "100003187768385",
            "count": 41
        },
        {
            "id": "100029595967282",
            "count": 0
        },
        {
            "id": "100000661272401",
            "count": 754
        },
        {
            "id": "557378754",
            "count": 0
        },
        {
            "id": "1119150038",
            "count": 36
        },
        {
            "id": "999",
            "count": 0
        },
        {
            "id": "100063470889361",
            "count": 15
        },
        {
            "id": "100070536697790",
            "count": 0
        },
        {
            "id": "61552623147589",
            "count": 0
        },
        {
            "id": "61553840323997",
            "count": 683
        },
        {
            "id": "100079079190751",
            "count": 19
        },
        {
            "id": "100073618681507",
            "count": 0
        },
        {
            "id": "100041600164073",
            "count": 325
        },
        {
            "id": "61554102537426",
            "count": 66
        },
        {
            "id": "100004163821846",
            "count": 55
        },
        {
            "id": "100089560755228",
            "count": 98
        },
        {
            "id": "61550190401046",
            "count": 45
        },
        {
            "id": "100094149682574",
            "count": 80
        },
        {
            "id": "100092996132773",
            "count": 2
        },
        {
            "id": "1117110308",
            "count": 0
        },
        {
            "id": "593577006",
            "count": 0
        },
        {
            "id": "100023986450526",
            "count": 0
        },
        {
            "id": "100088737923043",
            "count": 39
        },
        {
            "id": "100081220271591",
            "count": 11
        },
        {
            "id": "100007662766055",
            "count": 4
        },
        {
            "id": "100094764781809",
            "count": 43
        },
        {
            "id": "100051451965796",
            "count": 44
        },
        {
            "id": "100094703701522",
            "count": 15
        },
        {
            "id": "100072696458960",
            "count": 42
        },
        {
            "id": "100090168070553",
            "count": 36
        },
        {
            "id": "61550860808086",
            "count": 29
        },
        {
            "id": "100077645110355",
            "count": 8
        },
        {
            "id": "100001378940139",
            "count": 0
        },
        {
            "id": "100079557714787",
            "count": 7
        },
        {
            "id": "61551747333544",
            "count": 30
        },
        {
            "id": "100001819685971",
            "count": 0
        },
        {
            "id": "100008326355184",
            "count": 3
        },
        {
            "id": "100092513251139",
            "count": 4
        },
        {
            "id": "1366897441",
            "count": 39
        },
        {
            "id": "100082537914709",
            "count": 39
        },
        {
            "id": "100018088576695",
            "count": 0
        },
        {
            "id": "61551120508642",
            "count": 0
        },
        {
            "id": "61551788562933",
            "count": 0
        },
        {
            "id": "61550488677295",
            "count": 0
        },
        {
            "id": "100086973325481",
            "count": 0
        },
        {
            "id": "61554380893904",
            "count": 7
        },
        {
            "id": "100066802922565",
            "count": 0
        },
        {
            "id": "100015708247902",
            "count": 3
        },
        {
            "id": "1417149937",
            "count": 1
        },
        {
            "id": "61553708321915",
            "count": 4
        },
        {
            "id": "100082177253476",
            "count": 0
        },
        {
            "id": "100092724412686",
            "count": 0
        },
        {
            "id": "61554731000526",
            "count": 6
        }
    ],
    "week": [
        {
            "id": "100091617204340",
            "count": 473
        },
        {
            "id": "100080949890526",
            "count": 165
        },
        {
            "id": "100077980504363",
            "count": 216
        },
        {
            "id": "100084329895588",
            "count": 422
        },
        {
            "id": "100004458484369",
            "count": 46
        },
        {
            "id": "100041471332999",
            "count": 0
        },
        {
            "id": "100088840031388",
            "count": 952
        },
        {
            "id": "61554322071648",
            "count": 0
        },
        {
            "id": "100089369394530",
            "count": 56
        },
        {
            "id": "100031187958162",
            "count": 254
        },
        {
            "id": "100083174347639",
            "count": 4
        },
        {
            "id": "100049943223966",
            "count": 0
        },
        {
            "id": "100076388661987",
            "count": 12
        },
        {
            "id": "100005527420577",
            "count": 5
        },
        {
            "id": "100073633500368",
            "count": 1
        },
        {
            "id": "100053488064454",
            "count": 0
        },
        {
            "id": "100092876220585",
            "count": 12
        },
        {
            "id": "100028867464047",
            "count": 26
        },
        {
            "id": "100004131041279",
            "count": 16
        },
        {
            "id": "100003187768385",
            "count": 41
        },
        {
            "id": "100029595967282",
            "count": 0
        },
        {
            "id": "100000661272401",
            "count": 754
        },
        {
            "id": "557378754",
            "count": 0
        },
        {
            "id": "1119150038",
            "count": 36
        },
        {
            "id": "999",
            "count": 0
        },
        {
            "id": "100063470889361",
            "count": 15
        },
        {
            "id": "100070536697790",
            "count": 0
        },
        {
            "id": "61552623147589",
            "count": 0
        },
        {
            "id": "61553840323997",
            "count": 683
        },
        {
            "id": "100079079190751",
            "count": 19
        },
        {
            "id": "100073618681507",
            "count": 0
        },
        {
            "id": "100041600164073",
            "count": 325
        },
        {
            "id": "61554102537426",
            "count": 66
        },
        {
            "id": "100004163821846",
            "count": 55
        },
        {
            "id": "100089560755228",
            "count": 98
        },
        {
            "id": "61550190401046",
            "count": 45
        },
        {
            "id": "100094149682574",
            "count": 80
        },
        {
            "id": "100092996132773",
            "count": 2
        },
        {
            "id": "1117110308",
            "count": 0
        },
        {
            "id": "593577006",
            "count": 0
        },
        {
            "id": "100023986450526",
            "count": 0
        },
        {
            "id": "100088737923043",
            "count": 39
        },
        {
            "id": "100081220271591",
            "count": 11
        },
        {
            "id": "100007662766055",
            "count": 4
        },
        {
            "id": "100094764781809",
            "count": 43
        },
        {
            "id": "100051451965796",
            "count": 44
        },
        {
            "id": "100094703701522",
            "count": 15
        },
        {
            "id": "100072696458960",
            "count": 42
        },
        {
            "id": "100090168070553",
            "count": 36
        },
        {
            "id": "61550860808086",
            "count": 29
        },
        {
            "id": "100077645110355",
            "count": 8
        },
        {
            "id": "100001378940139",
            "count": 0
        },
        {
            "id": "100079557714787",
            "count": 7
        },
        {
            "id": "61551747333544",
            "count": 30
        },
        {
            "id": "100001819685971",
            "count": 0
        },
        {
            "id": "100008326355184",
            "count": 3
        },
        {
            "id": "100092513251139",
            "count": 4
        },
        {
            "id": "1366897441",
            "count": 39
        },
        {
            "id": "100082537914709",
            "count": 39
        },
        {
            "id": "100018088576695",
            "count": 0
        },
        {
            "id": "61551120508642",
            "count": 0
        },
        {
            "id": "61551788562933",
            "count": 0
        },
        {
            "id": "61550488677295",
            "count": 0
        },
        {
            "id": "100086973325481",
            "count": 0
        },
        {
            "id": "61554380893904",
            "count": 7
        },
        {
            "id": "100066802922565",
            "count": 0
        },
        {
            "id": "100015708247902",
            "count": 3
        },
        {
            "id": "1417149937",
            "count": 1
        },
        {
            "id": "61553708321915",
            "count": 4
        },
        {
            "id": "100082177253476",
            "count": 0
        },
        {
            "id": "100092724412686",
            "count": 0
        },
        {
            "id": "61554731000526",
            "count": 6
        }
    ],
    "day": [
        {
            "id": "100091617204340",
            "count": 473
        },
        {
            "id": "100080949890526",
            "count": 165
        },
        {
            "id": "100077980504363",
            "count": 216
        },
        {
            "id": "100084329895588",
            "count": 422
        },
        {
            "id": "100004458484369",
            "count": 46
        },
        {
            "id": "100041471332999",
            "count": 0
        },
        {
            "id": "100088840031388",
            "count": 952
        },
        {
            "id": "61554322071648",
            "count": 0
        },
        {
            "id": "100089369394530",
            "count": 56
        },
        {
            "id": "100031187958162",
            "count": 254
        },
        {
            "id": "100083174347639",
            "count": 4
        },
        {
            "id": "100049943223966",
            "count": 0
        },
        {
            "id": "100076388661987",
            "count": 12
        },
        {
            "id": "100005527420577",
            "count": 5
        },
        {
            "id": "100073633500368",
            "count": 1
        },
        {
            "id": "100053488064454",
            "count": 0
        },
        {
            "id": "100092876220585",
            "count": 12
        },
        {
            "id": "100028867464047",
            "count": 26
        },
        {
            "id": "100004131041279",
            "count": 16
        },
        {
            "id": "100003187768385",
            "count": 41
        },
        {
            "id": "100029595967282",
            "count": 0
        },
        {
            "id": "100000661272401",
            "count": 754
        },
        {
            "id": "557378754",
            "count": 0
        },
        {
            "id": "1119150038",
            "count": 36
        },
        {
            "id": "999",
            "count": 0
        },
        {
            "id": "100063470889361",
            "count": 15
        },
        {
            "id": "100070536697790",
            "count": 0
        },
        {
            "id": "61552623147589",
            "count": 0
        },
        {
            "id": "61553840323997",
            "count": 683
        },
        {
            "id": "100079079190751",
            "count": 19
        },
        {
            "id": "100073618681507",
            "count": 0
        },
        {
            "id": "100041600164073",
            "count": 325
        },
        {
            "id": "61554102537426",
            "count": 66
        },
        {
            "id": "100004163821846",
            "count": 55
        },
        {
            "id": "100089560755228",
            "count": 98
        },
        {
            "id": "61550190401046",
            "count": 45
        },
        {
            "id": "100094149682574",
            "count": 80
        },
        {
            "id": "100092996132773",
            "count": 2
        },
        {
            "id": "1117110308",
            "count": 0
        },
        {
            "id": "593577006",
            "count": 0
        },
        {
            "id": "100023986450526",
            "count": 0
        },
        {
            "id": "100088737923043",
            "count": 39
        },
        {
            "id": "100081220271591",
            "count": 11
        },
        {
            "id": "100007662766055",
            "count": 4
        },
        {
            "id": "100094764781809",
            "count": 43
        },
        {
            "id": "100051451965796",
            "count": 44
        },
        {
            "id": "100094703701522",
            "count": 15
        },
        {
            "id": "100072696458960",
            "count": 42
        },
        {
            "id": "100090168070553",
            "count": 36
        },
        {
            "id": "61550860808086",
            "count": 29
        },
        {
            "id": "100077645110355",
            "count": 8
        },
        {
            "id": "100001378940139",
            "count": 0
        },
        {
            "id": "100079557714787",
            "count": 7
        },
        {
            "id": "61551747333544",
            "count": 30
        },
        {
            "id": "100001819685971",
            "count": 0
        },
        {
            "id": "100008326355184",
            "count": 3
        },
        {
            "id": "100092513251139",
            "count": 4
        },
        {
            "id": "1366897441",
            "count": 39
        },
        {
            "id": "100082537914709",
            "count": 39
        },
        {
            "id": "100018088576695",
            "count": 0
        },
        {
            "id": "61551120508642",
            "count": 0
        },
        {
            "id": "61551788562933",
            "count": 0
        },
        {
            "id": "61550488677295",
            "count": 0
        },
        {
            "id": "100086973325481",
            "count": 0
        },
        {
            "id": "61554380893904",
            "count": 7
        },
        {
            "id": "100066802922565",
            "count": 0
        },
        {
            "id": "100015708247902",
            "count": 3
        },
        {
            "id": "1417149937",
            "count": 1
        },
        {
            "id": "61553708321915",
            "count": 4
        },
        {
            "id": "100082177253476",
            "count": 0
        },
        {
            "id": "100092724412686",
            "count": 0
        },
        {
            "id": "61554731000526",
            "count": 6
        }
    ],
    "time": 0,
    "last": {
        "time": 0,
        "day": [
            {
                "id": "100091617204340",
                "count": 0
            },
            {
                "id": "100080949890526",
                "count": 0
            },
            {
                "id": "100077980504363",
                "count": 0
            },
            {
                "id": "100084329895588",
                "count": 0
            },
            {
                "id": "100004458484369",
                "count": 0
            },
            {
                "id": "100041471332999",
                "count": 0
            },
            {
                "id": "61552297983583",
                "count": 0
            },
            {
                "id": "100073618681507",
                "count": 0
            },
            {
                "id": "100088840031388",
                "count": 0
            },
            {
                "id": "61554322071648",
                "count": 0
            },
            {
                "id": "100089369394530",
                "count": 0
            },
            {
                "id": "100031187958162",
                "count": 0
            },
            {
                "id": "100083174347639",
                "count": 0
            },
            {
                "id": "100049943223966",
                "count": 0
            },
            {
                "id": "100076388661987",
                "count": 0
            },
            {
                "id": "61551629024196",
                "count": 0
            },
            {
                "id": "100005527420577",
                "count": 0
            },
            {
                "id": "100075747892108",
                "count": 0
            },
            {
                "id": "100073633500368",
                "count": 0
            },
            {
                "id": "100053488064454",
                "count": 0
            },
            {
                "id": "100092876220585",
                "count": 0
            },
            {
                "id": "100028867464047",
                "count": 0
            },
            {
                "id": "100004131041279",
                "count": 0
            },
            {
                "id": "100079079190751",
                "count": 0
            },
            {
                "id": "100003187768385",
                "count": 0
            },
            {
                "id": "100029595967282",
                "count": 0
            },
            {
                "id": "100000661272401",
                "count": 0
            },
            {
                "id": "557378754",
                "count": 0
            },
            {
                "id": "100095191893606",
                "count": 0
            },
            {
                "id": "1119150038",
                "count": 0
            },
            {
                "id": "593577006",
                "count": 0
            },
            {
                "id": "100074485740415",
                "count": 0
            },
            {
                "id": "999",
                "count": 0
            },
            {
                "id": "100001378940139",
                "count": 0
            },
            {
                "id": "100004163821846",
                "count": 0
            },
            {
                "id": "100063470889361",
                "count": 0
            },
            {
                "id": "100063855025744",
                "count": 0
            },
            {
                "id": "100041600164073",
                "count": 0
            },
            {
                "id": "100070536697790",
                "count": 0
            },
            {
                "id": "100086973325481",
                "count": 0
            },
            {
                "id": "100017032924921",
                "count": 0
            },
            {
                "id": "100001677811174",
                "count": 0
            },
            {
                "id": "100094764781809",
                "count": 0
            },
            {
                "id": "61552623147589",
                "count": 0
            },
            {
                "id": "100088260339493",
                "count": 0
            },
            {
                "id": "61553840323997",
                "count": 0
            },
            {
                "id": "100046305405269",
                "count": 0
            },
            {
                "id": "61554102537426",
                "count": 0
            },
            {
                "id": "100089560755228",
                "count": 0
            },
            {
                "id": "100023986450526",
                "count": 0
            },
            {
                "id": "61550190401046",
                "count": 0
            },
            {
                "id": "100094149682574",
                "count": 0
            },
            {
                "id": "100092996132773",
                "count": 0
            },
            {
                "id": "1117110308",
                "count": 0
            },
            {
                "id": "100088737923043",
                "count": 0
            },
            {
                "id": "100081220271591",
                "count": 0
            },
            {
                "id": "100007662766055",
                "count": 0
            },
            {
                "id": "100051451965796",
                "count": 0
            },
            {
                "id": "100094703701522",
                "count": 0
            },
            {
                "id": "100072696458960",
                "count": 0
            },
            {
                "id": "100090168070553",
                "count": 0
            },
            {
                "id": "61550860808086",
                "count": 0
            },
            {
                "id": "100077645110355",
                "count": 0
            },
            {
                "id": "100079557714787",
                "count": 0
            },
            {
                "id": "61551747333544",
                "count": 0
            },
            {
                "id": "100001819685971",
                "count": 0
            },
            {
                "id": "100008326355184",
                "count": 0
            },
            {
                "id": "100092513251139",
                "count": 0
            },
            {
                "id": "1366897441",
                "count": 0
            },
            {
                "id": "100082537914709",
                "count": 0
            },
            {
                "id": "100018088576695",
                "count": 0
            },
            {
                "id": "61551120508642",
                "count": 0
            },
            {
                "id": "61551788562933",
                "count": 0
            },
            {
                "id": "61550488677295",
                "count": 0
            },
            {
                "id": "61554380893904",
                "count": 0
            },
            {
                "id": "100066802922565",
                "count": 0
            },
            {
                "id": "100015708247902",
                "count": 0
            },
            {
                "id": "1417149937",
                "count": 0
            },
            {
                "id": "61553708321915",
                "count": 0
            },
            {
                "id": "100082177253476",
                "count": 0
            },
            {
                "id": "100092724412686",
                "count": 0
            },
            {
                "id": "61554731000526",
                "count": 0
            }
        ],
        "week": [
            {
                "id": "100091617204340",
                "count": 0
            },
            {
                "id": "100080949890526",
                "count": 0
            },
            {
                "id": "100077980504363",
                "count": 0
            },
            {
                "id": "100084329895588",
                "count": 0
            },
            {
                "id": "100004458484369",
                "count": 0
            },
            {
                "id": "100041471332999",
                "count": 0
            },
            {
                "id": "61552297983583",
                "count": 0
            },
            {
                "id": "100073618681507",
                "count": 0
            },
            {
                "id": "100088840031388",
                "count": 0
            },
            {
                "id": "61554322071648",
                "count": 0
            },
            {
                "id": "100089369394530",
                "count": 0
            },
            {
                "id": "100031187958162",
                "count": 0
            },
            {
                "id": "100083174347639",
                "count": 0
            },
            {
                "id": "100049943223966",
                "count": 0
            },
            {
                "id": "100076388661987",
                "count": 0
            },
            {
                "id": "61551629024196",
                "count": 0
            },
            {
                "id": "100005527420577",
                "count": 0
            },
            {
                "id": "100075747892108",
                "count": 0
            },
            {
                "id": "100073633500368",
                "count": 0
            },
            {
                "id": "100053488064454",
                "count": 0
            },
            {
                "id": "100092876220585",
                "count": 0
            },
            {
                "id": "100028867464047",
                "count": 0
            },
            {
                "id": "100004131041279",
                "count": 0
            },
            {
                "id": "100079079190751",
                "count": 0
            },
            {
                "id": "100003187768385",
                "count": 0
            },
            {
                "id": "100029595967282",
                "count": 0
            },
            {
                "id": "100000661272401",
                "count": 0
            },
            {
                "id": "557378754",
                "count": 0
            },
            {
                "id": "100095191893606",
                "count": 0
            },
            {
                "id": "1119150038",
                "count": 0
            },
            {
                "id": "593577006",
                "count": 0
            },
            {
                "id": "100074485740415",
                "count": 0
            },
            {
                "id": "999",
                "count": 0
            },
            {
                "id": "100001378940139",
                "count": 0
            },
            {
                "id": "100004163821846",
                "count": 0
            },
            {
                "id": "100063470889361",
                "count": 0
            },
            {
                "id": "100063855025744",
                "count": 0
            },
            {
                "id": "100041600164073",
                "count": 0
            },
            {
                "id": "100070536697790",
                "count": 0
            },
            {
                "id": "100086973325481",
                "count": 0
            },
            {
                "id": "100017032924921",
                "count": 0
            },
            {
                "id": "100001677811174",
                "count": 0
            },
            {
                "id": "100094764781809",
                "count": 0
            },
            {
                "id": "61552623147589",
                "count": 0
            },
            {
                "id": "100088260339493",
                "count": 0
            },
            {
                "id": "61553840323997",
                "count": 0
            },
            {
                "id": "100046305405269",
                "count": 0
            },
            {
                "id": "61554102537426",
                "count": 0
            },
            {
                "id": "100089560755228",
                "count": 0
            },
            {
                "id": "100023986450526",
                "count": 0
            },
            {
                "id": "61550190401046",
                "count": 0
            },
            {
                "id": "100094149682574",
                "count": 0
            },
            {
                "id": "100092996132773",
                "count": 0
            },
            {
                "id": "1117110308",
                "count": 0
            },
            {
                "id": "100088737923043",
                "count": 0
            },
            {
                "id": "100081220271591",
                "count": 0
            },
            {
                "id": "100007662766055",
                "count": 0
            },
            {
                "id": "100051451965796",
                "count": 0
            },
            {
                "id": "100094703701522",
                "count": 0
            },
            {
                "id": "100072696458960",
                "count": 0
            },
            {
                "id": "100090168070553",
                "count": 0
            },
            {
                "id": "61550860808086",
                "count": 0
            },
            {
                "id": "100077645110355",
                "count": 0
            },
            {
                "id": "100079557714787",
                "count": 0
            },
            {
                "id": "61551747333544",
                "count": 0
            },
            {
                "id": "100001819685971",
                "count": 0
            },
            {
                "id": "100008326355184",
                "count": 0
            },
            {
                "id": "100092513251139",
                "count": 0
            },
            {
                "id": "1366897441",
                "count": 0
            },
            {
                "id": "100082537914709",
                "count": 0
            },
            {
                "id": "100018088576695",
                "count": 0
            },
            {
                "id": "61551120508642",
                "count": 0
            },
            {
                "id": "61551788562933",
                "count": 0
            },
            {
                "id": "61550488677295",
                "count": 0
            },
            {
                "id": "61554380893904",
                "count": 0
            },
            {
                "id": "100066802922565",
                "count": 0
            },
            {
                "id": "100015708247902",
                "count": 0
            },
            {
                "id": "1417149937",
                "count": 0
            },
            {
                "id": "61553708321915",
                "count": 0
            },
            {
                "id": "100082177253476",
                "count": 0
            },
            {
                "id": "100092724412686",
                "count": 0
            },
            {
                "id": "61554731000526",
                "count": 0
            }
        ]
    }
}