{
    "total": [
        {
            "id": "618105512",
            "count": 85
        },
        {
            "id": "1106749203",
            "count": 38
        },
        {
            "id": "1317161054",
            "count": 0
        },
        {
            "id": "1511167863",
            "count": 406
        },
        {
            "id": "1544359429",
            "count": 0
        },
        {
            "id": "1551310958",
            "count": 922
        },
        {
            "id": "1824145471",
            "count": 0
        },
        {
            "id": "100000125779408",
            "count": 3
        },
        {
            "id": "100000225673860",
            "count": 13
        },
        {
            "id": "100000457759839",
            "count": 145
        },
        {
            "id": "100000494622375",
            "count": 68
        },
        {
            "id": "100000592077711",
            "count": 0
        },
        {
            "id": "100000749440372",
            "count": 3
        },
        {
            "id": "100001666021675",
            "count": 0
        },
        {
            "id": "100001761237574",
            "count": 0
        },
        {
            "id": "100002958699342",
            "count": 0
        },
        {
            "id": "100003897548166",
            "count": 172
        },
        {
            "id": "100004253741257",
            "count": 189
        },
        {
            "id": "100004451353302",
            "count": 0
        },
        {
            "id": "100004458484369",
            "count": 26
        },
        {
            "id": "100005574079148",
            "count": 0
        },
        {
            "id": "100005921221831",
            "count": 14
        },
        {
            "id": "100007704346822",
            "count": 24
        },
        {
            "id": "100009246109065",
            "count": 0
        },
        {
            "id": "100011299752732",
            "count": 0
        },
        {
            "id": "100012199992153",
            "count": 0
        },
        {
            "id": "100013942628281",
            "count": 35
        },
        {
            "id": "100015647791389",
            "count": 0
        },
        {
            "id": "100022263186510",
            "count": 0
        },
        {
            "id": "100022869127293",
            "count": 0
        },
        {
            "id": "100023487002181",
            "count": 0
        },
        {
            "id": "100025248341928",
            "count": 175
        },
        {
            "id": "100025536690946",
            "count": 77
        },
        {
            "id": "100026039134645",
            "count": 459
        },
        {
            "id": "100026059477387",
            "count": 0
        },
        {
            "id": "100026348631060",
            "count": 1
        },
        {
            "id": "100029330253015",
            "count": 0
        },
        {
            "id": "100033478361032",
            "count": 0
        },
        {
            "id": "100035071344137",
            "count": 265
        },
        {
            "id": "100035338401736",
            "count": 0
        },
        {
            "id": "100035731083424",
            "count": 136
        },
        {
            "id": "100036947774673",
            "count": 0
        },
        {
            "id": "100037140780211",
            "count": 0
        },
        {
            "id": "100037211391552",
            "count": 859
        },
        {
            "id": "100038379006171",
            "count": 75
        },
        {
            "id": "100040255552361",
            "count": 0
        },
        {
            "id": "100040461800609",
            "count": 25
        },
        {
            "id": "100040761302134",
            "count": 37
        },
        {
            "id": "100041184706360",
            "count": 0
        },
        {
            "id": "100041465832703",
            "count": 3
        },
        {
            "id": "100043671784094",
            "count": 67
        },
        {
            "id": "100043758020966",
            "count": 0
        },
        {
            "id": "100045679356501",
            "count": 11
        },
        {
            "id": "100046175535164",
            "count": 0
        },
        {
            "id": "100047606443295",
            "count": 1
        },
        {
            "id": "100047874375055",
            "count": 208
        },
        {
            "id": "100048121433546",
            "count": 0
        },
        {
            "id": "100048593391564",
            "count": 46
        },
        {
            "id": "100048750373629",
            "count": 36
        },
        {
            "id": "100049162717191",
            "count": 61
        },
        {
            "id": "100051277189546",
            "count": 1
        },
        {
            "id": "100051867972150",
            "count": 0
        },
        {
            "id": "100052255523812",
            "count": 2
        },
        {
            "id": "100056611602699",
            "count": 60
        },
        {
            "id": "100056992160405",
            "count": 59
        },
        {
            "id": "100058209862693",
            "count": 115
        },
        {
            "id": "100058543508714",
            "count": 2
        },
        {
            "id": "100058548293549",
            "count": 0
        },
        {
            "id": "100059525499035",
            "count": 0
        },
        {
            "id": "100059953981036",
            "count": 0
        },
        {
            "id": "100060894693968",
            "count": 1222
        },
        {
            "id": "100061077017569",
            "count": 2
        },
        {
            "id": "100063050334248",
            "count": 836
        },
        {
            "id": "100063918255502",
            "count": 0
        },
        {
            "id": "100064094970279",
            "count": 0
        },
        {
            "id": "100065586904588",
            "count": 361
        },
        {
            "id": "100066990987283",
            "count": 0
        },
        {
            "id": "100067731976878",
            "count": 0
        },
        {
            "id": "100068154438111",
            "count": 1
        },
        {
            "id": "100068940754681",
            "count": 0
        },
        {
            "id": "100069223796800",
            "count": 0
        },
        {
            "id": "100069541999011",
            "count": 0
        },
        {
            "id": "100070796494583",
            "count": 0
        },
        {
            "id": "100071030600195",
            "count": 0
        },
        {
            "id": "100071132537313",
            "count": 0
        },
        {
            "id": "100072211710891",
            "count": 0
        },
        {
            "id": "100072447776739",
            "count": 1
        },
        {
            "id": "100073280626414",
            "count": 1095
        },
        {
            "id": "100073562825082",
            "count": 52
        },
        {
            "id": "100074402145251",
            "count": 20
        },
        {
            "id": "100074791645367",
            "count": 0
        },
        {
            "id": "100074865020599",
            "count": 0
        },
        {
            "id": "100075247913226",
            "count": 0
        },
        {
            "id": "100075355876941",
            "count": 20
        },
        {
            "id": "100075401250019",
            "count": 317
        },
        {
            "id": "100075407324222",
            "count": 0
        },
        {
            "id": "100075687743707",
            "count": 0
        },
        {
            "id": "100075724372191",
            "count": 6
        },
        {
            "id": "100076362501502",
            "count": 0
        },
        {
            "id": "100077106194307",
            "count": 1
        },
        {
            "id": "100077328529731",
            "count": 0
        },
        {
            "id": "100077758538396",
            "count": 177
        },
        {
            "id": "100078004367335",
            "count": 2
        },
        {
            "id": "100078739216185",
            "count": 215
        },
        {
            "id": "100079086835283",
            "count": 0
        },
        {
            "id": "100079136841577",
            "count": 0
        },
        {
            "id": "100079715251584",
            "count": 0
        },
        {
            "id": "100081047411040",
            "count": 0
        },
        {
            "id": "100081059557545",
            "count": 0
        },
        {
            "id": "100081220271591",
            "count": 0
        },
        {
            "id": "100082104586323",
            "count": 54
        },
        {
            "id": "100082668132301",
            "count": 645
        },
        {
            "id": "100083186343710",
            "count": 50
        },
        {
            "id": "100084657540140",
            "count": 8
        },
        {
            "id": "100085176890437",
            "count": 0
        },
        {
            "id": "100085553731585",
            "count": 0
        },
        {
            "id": "100085592956745",
            "count": 21
        },
        {
            "id": "100086063221253",
            "count": 74
        },
        {
            "id": "100086340468533",
            "count": 249
        },
        {
            "id": "100086936080076",
            "count": 0
        },
        {
            "id": "100087321961455",
            "count": 0
        },
        {
            "id": "100087474352085",
            "count": 4
        },
        {
            "id": "100087657436899",
            "count": 4
        },
        {
            "id": "100088221702617",
            "count": 25
        },
        {
            "id": "100088286371303",
            "count": 122
        },
        {
            "id": "100088403045484",
            "count": 0
        },
        {
            "id": "100088527799355",
            "count": 0
        },
        {
            "id": "100088822705742",
            "count": 0
        },
        {
            "id": "100089037614484",
            "count": 0
        },
        {
            "id": "100089340331608",
            "count": 0
        },
        {
            "id": "100089440931613",
            "count": 0
        },
        {
            "id": "100090402365112",
            "count": 4
        },
        {
            "id": "100090202309588",
            "count": 11
        }
    ],
    "week": [
        {
            "id": "618105512",
            "count": 85
        },
        {
            "id": "1106749203",
            "count": 38
        },
        {
            "id": "1317161054",
            "count": 0
        },
        {
            "id": "1511167863",
            "count": 406
        },
        {
            "id": "1544359429",
            "count": 0
        },
        {
            "id": "1551310958",
            "count": 922
        },
        {
            "id": "1824145471",
            "count": 0
        },
        {
            "id": "100000125779408",
            "count": 3
        },
        {
            "id": "100000225673860",
            "count": 13
        },
        {
            "id": "100000457759839",
            "count": 145
        },
        {
            "id": "100000494622375",
            "count": 68
        },
        {
            "id": "100000592077711",
            "count": 0
        },
        {
            "id": "100000749440372",
            "count": 3
        },
        {
            "id": "100001666021675",
            "count": 0
        },
        {
            "id": "100001761237574",
            "count": 0
        },
        {
            "id": "100002958699342",
            "count": 0
        },
        {
            "id": "100003897548166",
            "count": 172
        },
        {
            "id": "100004253741257",
            "count": 189
        },
        {
            "id": "100004451353302",
            "count": 0
        },
        {
            "id": "100004458484369",
            "count": 26
        },
        {
            "id": "100005574079148",
            "count": 0
        },
        {
            "id": "100005921221831",
            "count": 14
        },
        {
            "id": "100007704346822",
            "count": 24
        },
        {
            "id": "100009246109065",
            "count": 0
        },
        {
            "id": "100011299752732",
            "count": 0
        },
        {
            "id": "100012199992153",
            "count": 0
        },
        {
            "id": "100013942628281",
            "count": 35
        },
        {
            "id": "100015647791389",
            "count": 0
        },
        {
            "id": "100022263186510",
            "count": 0
        },
        {
            "id": "100022869127293",
            "count": 0
        },
        {
            "id": "100023487002181",
            "count": 0
        },
        {
            "id": "100025248341928",
            "count": 175
        },
        {
            "id": "100025536690946",
            "count": 77
        },
        {
            "id": "100026039134645",
            "count": 459
        },
        {
            "id": "100026059477387",
            "count": 0
        },
        {
            "id": "100026348631060",
            "count": 1
        },
        {
            "id": "100029330253015",
            "count": 0
        },
        {
            "id": "100033478361032",
            "count": 0
        },
        {
            "id": "100035071344137",
            "count": 265
        },
        {
            "id": "100035338401736",
            "count": 0
        },
        {
            "id": "100035731083424",
            "count": 136
        },
        {
            "id": "100036947774673",
            "count": 0
        },
        {
            "id": "100037140780211",
            "count": 0
        },
        {
            "id": "100037211391552",
            "count": 859
        },
        {
            "id": "100038379006171",
            "count": 75
        },
        {
            "id": "100040255552361",
            "count": 0
        },
        {
            "id": "100040461800609",
            "count": 25
        },
        {
            "id": "100040761302134",
            "count": 37
        },
        {
            "id": "100041184706360",
            "count": 0
        },
        {
            "id": "100041465832703",
            "count": 3
        },
        {
            "id": "100043671784094",
            "count": 67
        },
        {
            "id": "100043758020966",
            "count": 0
        },
        {
            "id": "100045679356501",
            "count": 11
        },
        {
            "id": "100046175535164",
            "count": 0
        },
        {
            "id": "100047606443295",
            "count": 1
        },
        {
            "id": "100047874375055",
            "count": 208
        },
        {
            "id": "100048121433546",
            "count": 0
        },
        {
            "id": "100048593391564",
            "count": 46
        },
        {
            "id": "100048750373629",
            "count": 36
        },
        {
            "id": "100049162717191",
            "count": 61
        },
        {
            "id": "100051277189546",
            "count": 1
        },
        {
            "id": "100051867972150",
            "count": 0
        },
        {
            "id": "100052255523812",
            "count": 2
        },
        {
            "id": "100056611602699",
            "count": 60
        },
        {
            "id": "100056992160405",
            "count": 59
        },
        {
            "id": "100058209862693",
            "count": 115
        },
        {
            "id": "100058543508714",
            "count": 2
        },
        {
            "id": "100058548293549",
            "count": 0
        },
        {
            "id": "100059525499035",
            "count": 0
        },
        {
            "id": "100059953981036",
            "count": 0
        },
        {
            "id": "100060894693968",
            "count": 1222
        },
        {
            "id": "100061077017569",
            "count": 2
        },
        {
            "id": "100063050334248",
            "count": 836
        },
        {
            "id": "100063918255502",
            "count": 0
        },
        {
            "id": "100064094970279",
            "count": 0
        },
        {
            "id": "100065586904588",
            "count": 361
        },
        {
            "id": "100066990987283",
            "count": 0
        },
        {
            "id": "100067731976878",
            "count": 0
        },
        {
            "id": "100068154438111",
            "count": 1
        },
        {
            "id": "100068940754681",
            "count": 0
        },
        {
            "id": "100069223796800",
            "count": 0
        },
        {
            "id": "100069541999011",
            "count": 0
        },
        {
            "id": "100070796494583",
            "count": 0
        },
        {
            "id": "100071030600195",
            "count": 0
        },
        {
            "id": "100071132537313",
            "count": 0
        },
        {
            "id": "100072211710891",
            "count": 0
        },
        {
            "id": "100072447776739",
            "count": 1
        },
        {
            "id": "100073280626414",
            "count": 1095
        },
        {
            "id": "100073562825082",
            "count": 52
        },
        {
            "id": "100074402145251",
            "count": 20
        },
        {
            "id": "100074791645367",
            "count": 0
        },
        {
            "id": "100074865020599",
            "count": 0
        },
        {
            "id": "100075247913226",
            "count": 0
        },
        {
            "id": "100075355876941",
            "count": 20
        },
        {
            "id": "100075401250019",
            "count": 317
        },
        {
            "id": "100075407324222",
            "count": 0
        },
        {
            "id": "100075687743707",
            "count": 0
        },
        {
            "id": "100075724372191",
            "count": 6
        },
        {
            "id": "100076362501502",
            "count": 0
        },
        {
            "id": "100077106194307",
            "count": 1
        },
        {
            "id": "100077328529731",
            "count": 0
        },
        {
            "id": "100077758538396",
            "count": 177
        },
        {
            "id": "100078004367335",
            "count": 2
        },
        {
            "id": "100078739216185",
            "count": 215
        },
        {
            "id": "100079086835283",
            "count": 0
        },
        {
            "id": "100079136841577",
            "count": 0
        },
        {
            "id": "100079715251584",
            "count": 0
        },
        {
            "id": "100081047411040",
            "count": 0
        },
        {
            "id": "100081059557545",
            "count": 0
        },
        {
            "id": "100081220271591",
            "count": 0
        },
        {
            "id": "100082104586323",
            "count": 54
        },
        {
            "id": "100082668132301",
            "count": 645
        },
        {
            "id": "100083186343710",
            "count": 50
        },
        {
            "id": "100084657540140",
            "count": 8
        },
        {
            "id": "100085176890437",
            "count": 0
        },
        {
            "id": "100085553731585",
            "count": 0
        },
        {
            "id": "100085592956745",
            "count": 21
        },
        {
            "id": "100086063221253",
            "count": 74
        },
        {
            "id": "100086340468533",
            "count": 249
        },
        {
            "id": "100086936080076",
            "count": 0
        },
        {
            "id": "100087321961455",
            "count": 0
        },
        {
            "id": "100087474352085",
            "count": 4
        },
        {
            "id": "100087657436899",
            "count": 4
        },
        {
            "id": "100088221702617",
            "count": 25
        },
        {
            "id": "100088286371303",
            "count": 122
        },
        {
            "id": "100088403045484",
            "count": 0
        },
        {
            "id": "100088527799355",
            "count": 0
        },
        {
            "id": "100088822705742",
            "count": 0
        },
        {
            "id": "100089037614484",
            "count": 0
        },
        {
            "id": "100089340331608",
            "count": 0
        },
        {
            "id": "100089440931613",
            "count": 0
        },
        {
            "id": "100090402365112",
            "count": 4
        },
        {
            "id": "100090202309588",
            "count": 11
        }
    ],
    "day": [
        {
            "id": "618105512",
            "count": 85
        },
        {
            "id": "1106749203",
            "count": 38
        },
        {
            "id": "1317161054",
            "count": 0
        },
        {
            "id": "1511167863",
            "count": 406
        },
        {
            "id": "1544359429",
            "count": 0
        },
        {
            "id": "1551310958",
            "count": 922
        },
        {
            "id": "1824145471",
            "count": 0
        },
        {
            "id": "100000125779408",
            "count": 3
        },
        {
            "id": "100000225673860",
            "count": 13
        },
        {
            "id": "100000457759839",
            "count": 145
        },
        {
            "id": "100000494622375",
            "count": 68
        },
        {
            "id": "100000592077711",
            "count": 0
        },
        {
            "id": "100000749440372",
            "count": 3
        },
        {
            "id": "100001666021675",
            "count": 0
        },
        {
            "id": "100001761237574",
            "count": 0
        },
        {
            "id": "100002958699342",
            "count": 0
        },
        {
            "id": "100003897548166",
            "count": 172
        },
        {
            "id": "100004253741257",
            "count": 189
        },
        {
            "id": "100004451353302",
            "count": 0
        },
        {
            "id": "100004458484369",
            "count": 26
        },
        {
            "id": "100005574079148",
            "count": 0
        },
        {
            "id": "100005921221831",
            "count": 14
        },
        {
            "id": "100007704346822",
            "count": 24
        },
        {
            "id": "100009246109065",
            "count": 0
        },
        {
            "id": "100011299752732",
            "count": 0
        },
        {
            "id": "100012199992153",
            "count": 0
        },
        {
            "id": "100013942628281",
            "count": 35
        },
        {
            "id": "100015647791389",
            "count": 0
        },
        {
            "id": "100022263186510",
            "count": 0
        },
        {
            "id": "100022869127293",
            "count": 0
        },
        {
            "id": "100023487002181",
            "count": 0
        },
        {
            "id": "100025248341928",
            "count": 175
        },
        {
            "id": "100025536690946",
            "count": 77
        },
        {
            "id": "100026039134645",
            "count": 459
        },
        {
            "id": "100026059477387",
            "count": 0
        },
        {
            "id": "100026348631060",
            "count": 1
        },
        {
            "id": "100029330253015",
            "count": 0
        },
        {
            "id": "100033478361032",
            "count": 0
        },
        {
            "id": "100035071344137",
            "count": 265
        },
        {
            "id": "100035338401736",
            "count": 0
        },
        {
            "id": "100035731083424",
            "count": 136
        },
        {
            "id": "100036947774673",
            "count": 0
        },
        {
            "id": "100037140780211",
            "count": 0
        },
        {
            "id": "100037211391552",
            "count": 859
        },
        {
            "id": "100038379006171",
            "count": 75
        },
        {
            "id": "100040255552361",
            "count": 0
        },
        {
            "id": "100040461800609",
            "count": 25
        },
        {
            "id": "100040761302134",
            "count": 37
        },
        {
            "id": "100041184706360",
            "count": 0
        },
        {
            "id": "100041465832703",
            "count": 3
        },
        {
            "id": "100043671784094",
            "count": 67
        },
        {
            "id": "100043758020966",
            "count": 0
        },
        {
            "id": "100045679356501",
            "count": 11
        },
        {
            "id": "100046175535164",
            "count": 0
        },
        {
            "id": "100047606443295",
            "count": 1
        },
        {
            "id": "100047874375055",
            "count": 208
        },
        {
            "id": "100048121433546",
            "count": 0
        },
        {
            "id": "100048593391564",
            "count": 46
        },
        {
            "id": "100048750373629",
            "count": 36
        },
        {
            "id": "100049162717191",
            "count": 61
        },
        {
            "id": "100051277189546",
            "count": 1
        },
        {
            "id": "100051867972150",
            "count": 0
        },
        {
            "id": "100052255523812",
            "count": 2
        },
        {
            "id": "100056611602699",
            "count": 60
        },
        {
            "id": "100056992160405",
            "count": 59
        },
        {
            "id": "100058209862693",
            "count": 115
        },
        {
            "id": "100058543508714",
            "count": 2
        },
        {
            "id": "100058548293549",
            "count": 0
        },
        {
            "id": "100059525499035",
            "count": 0
        },
        {
            "id": "100059953981036",
            "count": 0
        },
        {
            "id": "100060894693968",
            "count": 1222
        },
        {
            "id": "100061077017569",
            "count": 2
        },
        {
            "id": "100063050334248",
            "count": 836
        },
        {
            "id": "100063918255502",
            "count": 0
        },
        {
            "id": "100064094970279",
            "count": 0
        },
        {
            "id": "100065586904588",
            "count": 361
        },
        {
            "id": "100066990987283",
            "count": 0
        },
        {
            "id": "100067731976878",
            "count": 0
        },
        {
            "id": "100068154438111",
            "count": 1
        },
        {
            "id": "100068940754681",
            "count": 0
        },
        {
            "id": "100069223796800",
            "count": 0
        },
        {
            "id": "100069541999011",
            "count": 0
        },
        {
            "id": "100070796494583",
            "count": 0
        },
        {
            "id": "100071030600195",
            "count": 0
        },
        {
            "id": "100071132537313",
            "count": 0
        },
        {
            "id": "100072211710891",
            "count": 0
        },
        {
            "id": "100072447776739",
            "count": 1
        },
        {
            "id": "100073280626414",
            "count": 1095
        },
        {
            "id": "100073562825082",
            "count": 52
        },
        {
            "id": "100074402145251",
            "count": 20
        },
        {
            "id": "100074791645367",
            "count": 0
        },
        {
            "id": "100074865020599",
            "count": 0
        },
        {
            "id": "100075247913226",
            "count": 0
        },
        {
            "id": "100075355876941",
            "count": 20
        },
        {
            "id": "100075401250019",
            "count": 317
        },
        {
            "id": "100075407324222",
            "count": 0
        },
        {
            "id": "100075687743707",
            "count": 0
        },
        {
            "id": "100075724372191",
            "count": 6
        },
        {
            "id": "100076362501502",
            "count": 0
        },
        {
            "id": "100077106194307",
            "count": 1
        },
        {
            "id": "100077328529731",
            "count": 0
        },
        {
            "id": "100077758538396",
            "count": 177
        },
        {
            "id": "100078004367335",
            "count": 2
        },
        {
            "id": "100078739216185",
            "count": 215
        },
        {
            "id": "100079086835283",
            "count": 0
        },
        {
            "id": "100079136841577",
            "count": 0
        },
        {
            "id": "100079715251584",
            "count": 0
        },
        {
            "id": "100081047411040",
            "count": 0
        },
        {
            "id": "100081059557545",
            "count": 0
        },
        {
            "id": "100081220271591",
            "count": 0
        },
        {
            "id": "100082104586323",
            "count": 54
        },
        {
            "id": "100082668132301",
            "count": 645
        },
        {
            "id": "100083186343710",
            "count": 50
        },
        {
            "id": "100084657540140",
            "count": 8
        },
        {
            "id": "100085176890437",
            "count": 0
        },
        {
            "id": "100085553731585",
            "count": 0
        },
        {
            "id": "100085592956745",
            "count": 21
        },
        {
            "id": "100086063221253",
            "count": 74
        },
        {
            "id": "100086340468533",
            "count": 249
        },
        {
            "id": "100086936080076",
            "count": 0
        },
        {
            "id": "100087321961455",
            "count": 0
        },
        {
            "id": "100087474352085",
            "count": 4
        },
        {
            "id": "100087657436899",
            "count": 4
        },
        {
            "id": "100088221702617",
            "count": 25
        },
        {
            "id": "100088286371303",
            "count": 122
        },
        {
            "id": "100088403045484",
            "count": 0
        },
        {
            "id": "100088527799355",
            "count": 0
        },
        {
            "id": "100088822705742",
            "count": 0
        },
        {
            "id": "100089037614484",
            "count": 0
        },
        {
            "id": "100089340331608",
            "count": 0
        },
        {
            "id": "100089440931613",
            "count": 0
        },
        {
            "id": "100090402365112",
            "count": 4
        },
        {
            "id": "100090202309588",
            "count": 11
        }
    ],
    "time": 0
}