{
    "total": [
        {
            "id": "100002832745446",
            "count": 78
        },
        {
            "id": "100009699570585",
            "count": 6
        },
        {
            "id": "100013814031227",
            "count": 4
        },
        {
            "id": "100017245838571",
            "count": 2
        },
        {
            "id": "100017889469013",
            "count": 0
        },
        {
            "id": "100018867618465",
            "count": 0
        },
        {
            "id": "100026639985297",
            "count": 0
        },
        {
            "id": "100029640931489",
            "count": 0
        },
        {
            "id": "100036546094115",
            "count": 0
        },
        {
            "id": "100037211391552",
            "count": 75
        },
        {
            "id": "100040248519302",
            "count": 18
        },
        {
            "id": "100041637795218",
            "count": 0
        },
        {
            "id": "100046805985158",
            "count": 2
        },
        {
            "id": "100049339876149",
            "count": 0
        },
        {
            "id": "100051084155753",
            "count": 9
        },
        {
            "id": "100053858794796",
            "count": 0
        },
        {
            "id": "100054338683140",
            "count": 0
        },
        {
            "id": "100054576279720",
            "count": 43
        },
        {
            "id": "100054807069985",
            "count": 12
        },
        {
            "id": "100055530836292",
            "count": 2
        },
        {
            "id": "100056714602728",
            "count": 40
        },
        {
            "id": "100056869358952",
            "count": 5
        },
        {
            "id": "100061309842400",
            "count": 0
        },
        {
            "id": "100061396351195",
            "count": 1
        },
        {
            "id": "100062500485427",
            "count": 1
        },
        {
            "id": "100063910163096",
            "count": 7
        },
        {
            "id": "100064972456304",
            "count": 8
        },
        {
            "id": "100068308449090",
            "count": 1
        },
        {
            "id": "100068515797204",
            "count": 0
        },
        {
            "id": "100068655981624",
            "count": 0
        },
        {
            "id": "100068976768300",
            "count": 2
        },
        {
            "id": "100069582506177",
            "count": 0
        },
        {
            "id": "100069667720567",
            "count": 1
        },
        {
            "id": "100069797168918",
            "count": 8
        },
        {
            "id": "100071499393726",
            "count": 26
        },
        {
            "id": "100071890625007",
            "count": 0
        },
        {
            "id": "100073506871426",
            "count": 0
        },
        {
            "id": "100074261012331",
            "count": 0
        },
        {
            "id": "100074395980964",
            "count": 1
        },
        {
            "id": "100074675783710",
            "count": 0
        },
        {
            "id": "100075355876941",
            "count": 28
        },
        {
            "id": "100075787510739",
            "count": 30
        },
        {
            "id": "100078625748689",
            "count": 20
        },
        {
            "id": "100079543146105",
            "count": 15
        },
        {
            "id": "100080385092135",
            "count": 2
        },
        {
            "id": "100080640591431",
            "count": 36
        },
        {
            "id": "100081638707285",
            "count": 0
        },
        {
            "id": "100081795090883",
            "count": 0
        },
        {
            "id": "100082028012671",
            "count": 5
        },
        {
            "id": "100083236507967",
            "count": 17
        },
        {
            "id": "100083297077278",
            "count": 1
        },
        {
            "id": "100087532672246",
            "count": 51
        },
        {
            "id": "100066541821147",
            "count": 22
        },
        {
            "id": "100066788509184",
            "count": 14
        }
    ],
    "week": [
        {
            "id": "100002832745446",
            "count": 78
        },
        {
            "id": "100009699570585",
            "count": 6
        },
        {
            "id": "100013814031227",
            "count": 4
        },
        {
            "id": "100017245838571",
            "count": 2
        },
        {
            "id": "100017889469013",
            "count": 0
        },
        {
            "id": "100018867618465",
            "count": 0
        },
        {
            "id": "100026639985297",
            "count": 0
        },
        {
            "id": "100029640931489",
            "count": 0
        },
        {
            "id": "100036546094115",
            "count": 0
        },
        {
            "id": "100037211391552",
            "count": 75
        },
        {
            "id": "100040248519302",
            "count": 18
        },
        {
            "id": "100041637795218",
            "count": 0
        },
        {
            "id": "100046805985158",
            "count": 2
        },
        {
            "id": "100049339876149",
            "count": 0
        },
        {
            "id": "100051084155753",
            "count": 9
        },
        {
            "id": "100053858794796",
            "count": 0
        },
        {
            "id": "100054338683140",
            "count": 0
        },
        {
            "id": "100054576279720",
            "count": 43
        },
        {
            "id": "100054807069985",
            "count": 12
        },
        {
            "id": "100055530836292",
            "count": 2
        },
        {
            "id": "100056714602728",
            "count": 40
        },
        {
            "id": "100056869358952",
            "count": 5
        },
        {
            "id": "100061309842400",
            "count": 0
        },
        {
            "id": "100061396351195",
            "count": 1
        },
        {
            "id": "100062500485427",
            "count": 1
        },
        {
            "id": "100063910163096",
            "count": 7
        },
        {
            "id": "100064972456304",
            "count": 8
        },
        {
            "id": "100068308449090",
            "count": 1
        },
        {
            "id": "100068515797204",
            "count": 0
        },
        {
            "id": "100068655981624",
            "count": 0
        },
        {
            "id": "100068976768300",
            "count": 2
        },
        {
            "id": "100069582506177",
            "count": 0
        },
        {
            "id": "100069667720567",
            "count": 1
        },
        {
            "id": "100069797168918",
            "count": 8
        },
        {
            "id": "100071499393726",
            "count": 26
        },
        {
            "id": "100071890625007",
            "count": 0
        },
        {
            "id": "100073506871426",
            "count": 0
        },
        {
            "id": "100074261012331",
            "count": 0
        },
        {
            "id": "100074395980964",
            "count": 1
        },
        {
            "id": "100074675783710",
            "count": 0
        },
        {
            "id": "100075355876941",
            "count": 28
        },
        {
            "id": "100075787510739",
            "count": 30
        },
        {
            "id": "100078625748689",
            "count": 20
        },
        {
            "id": "100079543146105",
            "count": 15
        },
        {
            "id": "100080385092135",
            "count": 2
        },
        {
            "id": "100080640591431",
            "count": 36
        },
        {
            "id": "100081638707285",
            "count": 0
        },
        {
            "id": "100081795090883",
            "count": 0
        },
        {
            "id": "100082028012671",
            "count": 5
        },
        {
            "id": "100083236507967",
            "count": 17
        },
        {
            "id": "100083297077278",
            "count": 1
        },
        {
            "id": "100087532672246",
            "count": 51
        },
        {
            "id": "100066541821147",
            "count": 22
        },
        {
            "id": "100066788509184",
            "count": 14
        }
    ],
    "day": [
        {
            "id": "100002832745446",
            "count": 78
        },
        {
            "id": "100009699570585",
            "count": 6
        },
        {
            "id": "100013814031227",
            "count": 4
        },
        {
            "id": "100017245838571",
            "count": 2
        },
        {
            "id": "100017889469013",
            "count": 0
        },
        {
            "id": "100018867618465",
            "count": 0
        },
        {
            "id": "100026639985297",
            "count": 0
        },
        {
            "id": "100029640931489",
            "count": 0
        },
        {
            "id": "100036546094115",
            "count": 0
        },
        {
            "id": "100037211391552",
            "count": 75
        },
        {
            "id": "100040248519302",
            "count": 18
        },
        {
            "id": "100041637795218",
            "count": 0
        },
        {
            "id": "100046805985158",
            "count": 2
        },
        {
            "id": "100049339876149",
            "count": 0
        },
        {
            "id": "100051084155753",
            "count": 9
        },
        {
            "id": "100053858794796",
            "count": 0
        },
        {
            "id": "100054338683140",
            "count": 0
        },
        {
            "id": "100054576279720",
            "count": 43
        },
        {
            "id": "100054807069985",
            "count": 12
        },
        {
            "id": "100055530836292",
            "count": 2
        },
        {
            "id": "100056714602728",
            "count": 40
        },
        {
            "id": "100056869358952",
            "count": 5
        },
        {
            "id": "100061309842400",
            "count": 0
        },
        {
            "id": "100061396351195",
            "count": 1
        },
        {
            "id": "100062500485427",
            "count": 1
        },
        {
            "id": "100063910163096",
            "count": 7
        },
        {
            "id": "100064972456304",
            "count": 8
        },
        {
            "id": "100068308449090",
            "count": 1
        },
        {
            "id": "100068515797204",
            "count": 0
        },
        {
            "id": "100068655981624",
            "count": 0
        },
        {
            "id": "100068976768300",
            "count": 2
        },
        {
            "id": "100069582506177",
            "count": 0
        },
        {
            "id": "100069667720567",
            "count": 1
        },
        {
            "id": "100069797168918",
            "count": 8
        },
        {
            "id": "100071499393726",
            "count": 26
        },
        {
            "id": "100071890625007",
            "count": 0
        },
        {
            "id": "100073506871426",
            "count": 0
        },
        {
            "id": "100074261012331",
            "count": 0
        },
        {
            "id": "100074395980964",
            "count": 1
        },
        {
            "id": "100074675783710",
            "count": 0
        },
        {
            "id": "100075355876941",
            "count": 28
        },
        {
            "id": "100075787510739",
            "count": 30
        },
        {
            "id": "100078625748689",
            "count": 20
        },
        {
            "id": "100079543146105",
            "count": 15
        },
        {
            "id": "100080385092135",
            "count": 2
        },
        {
            "id": "100080640591431",
            "count": 36
        },
        {
            "id": "100081638707285",
            "count": 0
        },
        {
            "id": "100081795090883",
            "count": 0
        },
        {
            "id": "100082028012671",
            "count": 5
        },
        {
            "id": "100083236507967",
            "count": 17
        },
        {
            "id": "100083297077278",
            "count": 1
        },
        {
            "id": "100087532672246",
            "count": 51
        },
        {
            "id": "100066541821147",
            "count": 22
        },
        {
            "id": "100066788509184",
            "count": 14
        }
    ],
    "time": 0
}