{
    "total": [
        {
            "id": "100015247452937",
            "count": 0
        },
        {
            "id": "100017494272651",
            "count": 1875
        },
        {
            "id": "100025722840384",
            "count": 6
        },
        {
            "id": "100026056128983",
            "count": 0
        },
        {
            "id": "100027594754579",
            "count": 4
        },
        {
            "id": "100037211391552",
            "count": 1428
        },
        {
            "id": "100040031534344",
            "count": 0
        },
        {
            "id": "100041354865168",
            "count": 0
        },
        {
            "id": "100041484526817",
            "count": 78
        },
        {
            "id": "100043680221475",
            "count": 188
        },
        {
            "id": "100045777140732",
            "count": 0
        },
        {
            "id": "100046655507937",
            "count": 765
        },
        {
            "id": "100049862662356",
            "count": 27
        },
        {
            "id": "100051466863704",
            "count": 34
        },
        {
            "id": "100056395001224",
            "count": 1922
        },
        {
            "id": "100056608932474",
            "count": 492
        },
        {
            "id": "100058659190653",
            "count": 7
        },
        {
            "id": "100061826793004",
            "count": 0
        },
        {
            "id": "100062121322274",
            "count": 0
        },
        {
            "id": "100066341906384",
            "count": 0
        },
        {
            "id": "100067830994465",
            "count": 0
        },
        {
            "id": "100067951664268",
            "count": 89
        },
        {
            "id": "100068184314406",
            "count": 0
        },
        {
            "id": "100069805008592",
            "count": 0
        },
        {
            "id": "100071115441511",
            "count": 20
        },
        {
            "id": "100071778753587",
            "count": 0
        },
        {
            "id": "100073098831738",
            "count": 94
        },
        {
            "id": "100073853310988",
            "count": 0
        },
        {
            "id": "100075190831493",
            "count": 2
        },
        {
            "id": "100075268951000",
            "count": 4273
        },
        {
            "id": "100075330682585",
            "count": 21
        },
        {
            "id": "100075355876941",
            "count": 461
        },
        {
            "id": "100075374142991",
            "count": 0
        },
        {
            "id": "100075474176155",
            "count": 13
        },
        {
            "id": "100076020597961",
            "count": 0
        },
        {
            "id": "100076348830515",
            "count": 57
        },
        {
            "id": "100076613111037",
            "count": 98
        },
        {
            "id": "100077508143557",
            "count": 0
        },
        {
            "id": "100077598536769",
            "count": 586
        },
        {
            "id": "100077716950461",
            "count": 8
        },
        {
            "id": "100077720961791",
            "count": 1
        },
        {
            "id": "100078011095836",
            "count": 0
        },
        {
            "id": "100079796110268",
            "count": 59
        },
        {
            "id": "100080112802389",
            "count": 747
        },
        {
            "id": "100080834834728",
            "count": 136
        },
        {
            "id": "100082131564737",
            "count": 46
        },
        {
            "id": "100084186662673",
            "count": 463
        },
        {
            "id": "100084809910332",
            "count": 0
        },
        {
            "id": "100085740395515",
            "count": 90
        },
        {
            "id": "100085971632545",
            "count": 0
        },
        {
            "id": "100087986496441",
            "count": 0
        },
        {
            "id": "100088384296739",
            "count": 608
        },
        {
            "id": "100089356458615",
            "count": 0
        },
        {
            "id": "100089855060222",
            "count": 6
        },
        {
            "id": "100090377351383",
            "count": 290
        },
        {
            "id": "100090471999304",
            "count": 0
        },
        {
            "id": "100090610212531",
            "count": 7
        },
        {
            "id": "100014519136567",
            "count": 13
        },
        {
            "id": "100080916331955",
            "count": 1
        },
        {
            "id": "100085482662842",
            "count": 76
        },
        {
            "id": "100073408560915",
            "count": 385
        },
        {
            "id": "100090299673622",
            "count": 139
        },
        {
            "id": "100084490311630",
            "count": 208
        },
        {
            "id": "100074116907436",
            "count": 62
        },
        {
            "id": "100050862694447",
            "count": 144
        },
        {
            "id": "100089923770108",
            "count": 19
        }
    ],
    "week": [
        {
            "id": "100015247452937",
            "count": 0
        },
        {
            "id": "100017494272651",
            "count": 1875
        },
        {
            "id": "100025722840384",
            "count": 6
        },
        {
            "id": "100026056128983",
            "count": 0
        },
        {
            "id": "100027594754579",
            "count": 4
        },
        {
            "id": "100037211391552",
            "count": 1428
        },
        {
            "id": "100040031534344",
            "count": 0
        },
        {
            "id": "100041354865168",
            "count": 0
        },
        {
            "id": "100041484526817",
            "count": 78
        },
        {
            "id": "100043680221475",
            "count": 188
        },
        {
            "id": "100045777140732",
            "count": 0
        },
        {
            "id": "100046655507937",
            "count": 765
        },
        {
            "id": "100049862662356",
            "count": 27
        },
        {
            "id": "100051466863704",
            "count": 34
        },
        {
            "id": "100056395001224",
            "count": 1922
        },
        {
            "id": "100056608932474",
            "count": 492
        },
        {
            "id": "100058659190653",
            "count": 7
        },
        {
            "id": "100061826793004",
            "count": 0
        },
        {
            "id": "100062121322274",
            "count": 0
        },
        {
            "id": "100066341906384",
            "count": 0
        },
        {
            "id": "100067830994465",
            "count": 0
        },
        {
            "id": "100067951664268",
            "count": 89
        },
        {
            "id": "100068184314406",
            "count": 0
        },
        {
            "id": "100069805008592",
            "count": 0
        },
        {
            "id": "100071115441511",
            "count": 20
        },
        {
            "id": "100071778753587",
            "count": 0
        },
        {
            "id": "100073098831738",
            "count": 94
        },
        {
            "id": "100073853310988",
            "count": 0
        },
        {
            "id": "100075190831493",
            "count": 2
        },
        {
            "id": "100075268951000",
            "count": 4273
        },
        {
            "id": "100075330682585",
            "count": 21
        },
        {
            "id": "100075355876941",
            "count": 461
        },
        {
            "id": "100075374142991",
            "count": 0
        },
        {
            "id": "100075474176155",
            "count": 13
        },
        {
            "id": "100076020597961",
            "count": 0
        },
        {
            "id": "100076348830515",
            "count": 57
        },
        {
            "id": "100076613111037",
            "count": 98
        },
        {
            "id": "100077508143557",
            "count": 0
        },
        {
            "id": "100077598536769",
            "count": 586
        },
        {
            "id": "100077716950461",
            "count": 8
        },
        {
            "id": "100077720961791",
            "count": 1
        },
        {
            "id": "100078011095836",
            "count": 0
        },
        {
            "id": "100079796110268",
            "count": 59
        },
        {
            "id": "100080112802389",
            "count": 747
        },
        {
            "id": "100080834834728",
            "count": 136
        },
        {
            "id": "100082131564737",
            "count": 46
        },
        {
            "id": "100084186662673",
            "count": 463
        },
        {
            "id": "100084809910332",
            "count": 0
        },
        {
            "id": "100085740395515",
            "count": 90
        },
        {
            "id": "100085971632545",
            "count": 0
        },
        {
            "id": "100087986496441",
            "count": 0
        },
        {
            "id": "100088384296739",
            "count": 608
        },
        {
            "id": "100089356458615",
            "count": 0
        },
        {
            "id": "100089855060222",
            "count": 6
        },
        {
            "id": "100090377351383",
            "count": 290
        },
        {
            "id": "100090471999304",
            "count": 0
        },
        {
            "id": "100090610212531",
            "count": 7
        },
        {
            "id": "100014519136567",
            "count": 13
        },
        {
            "id": "100080916331955",
            "count": 1
        },
        {
            "id": "100085482662842",
            "count": 76
        },
        {
            "id": "100073408560915",
            "count": 385
        },
        {
            "id": "100090299673622",
            "count": 139
        },
        {
            "id": "100084490311630",
            "count": 208
        },
        {
            "id": "100074116907436",
            "count": 62
        },
        {
            "id": "100050862694447",
            "count": 144
        },
        {
            "id": "100089923770108",
            "count": 19
        }
    ],
    "day": [
        {
            "id": "100015247452937",
            "count": 0
        },
        {
            "id": "100017494272651",
            "count": 1875
        },
        {
            "id": "100025722840384",
            "count": 6
        },
        {
            "id": "100026056128983",
            "count": 0
        },
        {
            "id": "100027594754579",
            "count": 4
        },
        {
            "id": "100037211391552",
            "count": 1428
        },
        {
            "id": "100040031534344",
            "count": 0
        },
        {
            "id": "100041354865168",
            "count": 0
        },
        {
            "id": "100041484526817",
            "count": 78
        },
        {
            "id": "100043680221475",
            "count": 188
        },
        {
            "id": "100045777140732",
            "count": 0
        },
        {
            "id": "100046655507937",
            "count": 765
        },
        {
            "id": "100049862662356",
            "count": 27
        },
        {
            "id": "100051466863704",
            "count": 34
        },
        {
            "id": "100056395001224",
            "count": 1922
        },
        {
            "id": "100056608932474",
            "count": 492
        },
        {
            "id": "100058659190653",
            "count": 7
        },
        {
            "id": "100061826793004",
            "count": 0
        },
        {
            "id": "100062121322274",
            "count": 0
        },
        {
            "id": "100066341906384",
            "count": 0
        },
        {
            "id": "100067830994465",
            "count": 0
        },
        {
            "id": "100067951664268",
            "count": 89
        },
        {
            "id": "100068184314406",
            "count": 0
        },
        {
            "id": "100069805008592",
            "count": 0
        },
        {
            "id": "100071115441511",
            "count": 20
        },
        {
            "id": "100071778753587",
            "count": 0
        },
        {
            "id": "100073098831738",
            "count": 94
        },
        {
            "id": "100073853310988",
            "count": 0
        },
        {
            "id": "100075190831493",
            "count": 2
        },
        {
            "id": "100075268951000",
            "count": 4273
        },
        {
            "id": "100075330682585",
            "count": 21
        },
        {
            "id": "100075355876941",
            "count": 461
        },
        {
            "id": "100075374142991",
            "count": 0
        },
        {
            "id": "100075474176155",
            "count": 13
        },
        {
            "id": "100076020597961",
            "count": 0
        },
        {
            "id": "100076348830515",
            "count": 57
        },
        {
            "id": "100076613111037",
            "count": 98
        },
        {
            "id": "100077508143557",
            "count": 0
        },
        {
            "id": "100077598536769",
            "count": 586
        },
        {
            "id": "100077716950461",
            "count": 8
        },
        {
            "id": "100077720961791",
            "count": 1
        },
        {
            "id": "100078011095836",
            "count": 0
        },
        {
            "id": "100079796110268",
            "count": 59
        },
        {
            "id": "100080112802389",
            "count": 747
        },
        {
            "id": "100080834834728",
            "count": 136
        },
        {
            "id": "100082131564737",
            "count": 46
        },
        {
            "id": "100084186662673",
            "count": 463
        },
        {
            "id": "100084809910332",
            "count": 0
        },
        {
            "id": "100085740395515",
            "count": 90
        },
        {
            "id": "100085971632545",
            "count": 0
        },
        {
            "id": "100087986496441",
            "count": 0
        },
        {
            "id": "100088384296739",
            "count": 608
        },
        {
            "id": "100089356458615",
            "count": 0
        },
        {
            "id": "100089855060222",
            "count": 6
        },
        {
            "id": "100090377351383",
            "count": 290
        },
        {
            "id": "100090471999304",
            "count": 0
        },
        {
            "id": "100090610212531",
            "count": 7
        },
        {
            "id": "100014519136567",
            "count": 13
        },
        {
            "id": "100080916331955",
            "count": 1
        },
        {
            "id": "100085482662842",
            "count": 76
        },
        {
            "id": "100073408560915",
            "count": 385
        },
        {
            "id": "100090299673622",
            "count": 139
        },
        {
            "id": "100084490311630",
            "count": 208
        },
        {
            "id": "100074116907436",
            "count": 62
        },
        {
            "id": "100050862694447",
            "count": 144
        },
        {
            "id": "100089923770108",
            "count": 19
        }
    ],
    "time": 0
}